stage6_pair_key,stage6_event_key,order_id,case_number,case_title,order_date,event_date,relative_day,event_type,document_symbol,event_text_metadata,same_icj_case_confirmed,specific_order_reference,reference_actor,institutional_action_type,page_or_paragraph,central_evidence_note,fulltext_source,archive_pdf_filename,document_sha256,official_pdf_hash_verified,final_link_code,confidence,adjudication_status,analysis_release_status,final_coding_basis,primary_coder,primary_coding_mode,automated_screening_role
ICJ-140-2008-10-15||SC_FORMAL_VOTE::SCV|1166,SC_FORMAL_VOTE::SCV|1166,ICJ-140-2008-10-15,140,Application of the International Convention on the Elimination of All Forms of Racial Discrimination (Georgia v. Russian Federation),2008-10-15,2009-02-13,121,SC_FORMAL_VOTE,S/PV.6082,Georgia | The situation in Georgia | S/2009/88 | 1866 (2009),1,0,MEMBER_STATE_OR_GENERAL_COUNCIL_DISCUSSION,DISCUSSION_OR_STATE_CALL,,,https://documents.un.org/api/symbol/access?s=S%2FPV.6082&l=en&t=pdf,S_PV.6082.pdf,991aa55b51db33a2158e0c1efead29abb1d8addd158b8c5534450da5ce093714,1,2,MODERATE,AUTHOR_MANUALLY_VERIFIED_AGAINST_OFFICIAL_SOURCE,RELEASED,SAME_CASE_OR_CRISIS_WITHOUT_PROVEN_COLLECTIVE_ORDER_SPECIFIC_OUTPUT,Suraya Bazarova,HUMAN_MANUAL,CANDIDATE_GENERATION_AND_DIAGNOSTIC_SUPPORT_ONLY
ICJ-140-2008-10-15||SC_MEETING::SCM|S/PV.6082,SC_MEETING::SCM|S/PV.6082,ICJ-140-2008-10-15,140,Application of the International Convention on the Elimination of All Forms of Racial Discrimination (Georgia v. Russian Federation),2008-10-15,2009-02-13,121,SC_MEETING,S/PV.6082,The situation in Georgia,1,0,MEMBER_STATE_OR_GENERAL_COUNCIL_DISCUSSION,DISCUSSION_OR_STATE_CALL,,,https://documents.un.org/api/symbol/access?s=S%2FPV.6082&l=en&t=pdf,S_PV.6082.pdf,991aa55b51db33a2158e0c1efead29abb1d8addd158b8c5534450da5ce093714,1,2,MODERATE,AUTHOR_MANUALLY_VERIFIED_AGAINST_OFFICIAL_SOURCE,RELEASED,SAME_CASE_OR_CRISIS_WITHOUT_PROVEN_COLLECTIVE_ORDER_SPECIFIC_OUTPUT,Suraya Bazarova,HUMAN_MANUAL,CANDIDATE_GENERATION_AND_DIAGNOSTIC_SUPPORT_ONLY
ICJ-171-2023-12-01||SC_MEETING::SCM|S/PV.9525,SC_MEETING::SCM|S/PV.9525,ICJ-171-2023-12-01,171,Arbitral Award of 3 October 1899 (Guyana v. Venezuela),2023-12-01,2024-01-03,33,SC_MEETING,S/PV.9525,Maintenance of international peace and security,0,0,UNRESOLVED_OR_GENERAL,NONE,,,https://documents.un.org/api/symbol/access?s=S%2FPV.9525&l=en&t=pdf,S_PV.9525.pdf,c6af3fb3aff8fa4906dab9c9b133d17353767844b5b14ee589952e3571353ef7,1,1,MODERATE,AUTHOR_MANUALLY_VERIFIED_AGAINST_OFFICIAL_SOURCE,RELEASED,GENERAL_LEGAL_OR_HUMANITARIAN_THEME_ONLY,Suraya Bazarova,HUMAN_MANUAL,CANDIDATE_GENERATION_AND_DIAGNOSTIC_SUPPORT_ONLY
ICJ-171-2023-12-01||SC_FORMAL_VOTE::SCV|2083,SC_FORMAL_VOTE::SCV|2083,ICJ-171-2023-12-01,171,Arbitral Award of 3 October 1899 (Guyana v. Venezuela),2023-12-01,2024-01-10,40,SC_FORMAL_VOTE,S/PV.9527,Maintenance of international peace and security | Maintenance of international peace and security | S/2024/37 | 2722 (2024),0,0,UNRESOLVED_OR_GENERAL,NONE,,,https://documents.un.org/api/symbol/access?s=S%2FPV.9527&l=en&t=pdf,S_PV.9527.pdf,887d1dcb8821de13e6a197d6621ea208e3bfa06cbdcae7cca9aa861d828f9c05,1,1,MODERATE,AUTHOR_MANUALLY_VERIFIED_AGAINST_OFFICIAL_SOURCE,RELEASED,GENERAL_LEGAL_OR_HUMANITARIAN_THEME_ONLY,Suraya Bazarova,HUMAN_MANUAL,CANDIDATE_GENERATION_AND_DIAGNOSTIC_SUPPORT_ONLY
ICJ-171-2023-12-01||SC_MEETING::SCM|S/PV.9527,SC_MEETING::SCM|S/PV.9527,ICJ-171-2023-12-01,171,Arbitral Award of 3 October 1899 (Guyana v. Venezuela),2023-12-01,2024-01-10,40,SC_MEETING,S/PV.9527,Maintenance of international peace and security,0,0,UNRESOLVED_OR_GENERAL,NONE,,,https://documents.un.org/api/symbol/access?s=S%2FPV.9527&l=en&t=pdf,S_PV.9527.pdf,887d1dcb8821de13e6a197d6621ea208e3bfa06cbdcae7cca9aa861d828f9c05,1,1,MODERATE,AUTHOR_MANUALLY_VERIFIED_AGAINST_OFFICIAL_SOURCE,RELEASED,GENERAL_LEGAL_OR_HUMANITARIAN_THEME_ONLY,Suraya Bazarova,HUMAN_MANUAL,CANDIDATE_GENERATION_AND_DIAGNOSTIC_SUPPORT_ONLY
ICJ-171-2023-12-01||SC_MEETING::SCM|S/PV.9532,SC_MEETING::SCM|S/PV.9532,ICJ-171-2023-12-01,171,Arbitral Award of 3 October 1899 (Guyana v. Venezuela),2023-12-01,2024-01-12,42,SC_MEETING,S/PV.9532,Maintenance of international peace and security,0,0,MEMBER_STATE_OR_GENERAL_REFERENCE,NONE_FOR_MATCHED_ORDER,,,https://documents.un.org/api/symbol/access?s=S%2FPV.9532&l=en&t=pdf,S_PV.9532.pdf,98f7a946aea7bcc1bab5633a7cc1a61fdfc739b4eaf9bb365dd6437f9eeb8830,1,0,HIGH,AUTHOR_MANUALLY_VERIFIED_AGAINST_OFFICIAL_SOURCE,RELEASED,DIFFERENT_ICJ_CASE_OR_UNRELATED_ICJ_REFERENCE,Suraya Bazarova,HUMAN_MANUAL,CANDIDATE_GENERATION_AND_DIAGNOSTIC_SUPPORT_ONLY
ICJ-171-2023-12-01||SC_MEETING::SCM|S/PV.9542,SC_MEETING::SCM|S/PV.9542,ICJ-171-2023-12-01,171,Arbitral Award of 3 October 1899 (Guyana v. Venezuela),2023-12-01,2024-02-05,66,SC_MEETING,S/PV.9542,Maintenance of international peace and security,0,0,NONE,NONE,,,https://documents.un.org/api/symbol/access?s=S%2FPV.9542&l=en&t=pdf,S_PV.9542.pdf,019947b235b420a8f2428a63ee5b141ae8efce06f2f92ad4f19c49f25338ab1a,1,0,HIGH,AUTHOR_MANUALLY_VERIFIED_AGAINST_OFFICIAL_SOURCE,RELEASED,NO_MATCHED_CASE_NEXUS,Suraya Bazarova,HUMAN_MANUAL,CANDIDATE_GENERATION_AND_DIAGNOSTIC_SUPPORT_ONLY
ICJ-171-2023-12-01||SC_MEETING::SCM|S/PV.9547,SC_MEETING::SCM|S/PV.9547,ICJ-171-2023-12-01,171,Arbitral Award of 3 October 1899 (Guyana v. Venezuela),2023-12-01,2024-02-13,74,SC_MEETING,S/PV.9547,Maintenance of international peace and security,0,0,UNRESOLVED_OR_GENERAL,NONE,,,https://documents.un.org/api/symbol/access?s=S%2FPV.9547&l=en&t=pdf,S_PV.9547.pdf,1c6be28461ea419c1dc59ce9f0e55a9668959758f5c5f0f82e451a9ddc1e7cbf,1,1,MODERATE,AUTHOR_MANUALLY_VERIFIED_AGAINST_OFFICIAL_SOURCE,RELEASED,GENERAL_LEGAL_OR_HUMANITARIAN_THEME_ONLY,Suraya Bazarova,HUMAN_MANUAL,CANDIDATE_GENERATION_AND_DIAGNOSTIC_SUPPORT_ONLY
ICJ-171-2023-12-01||SC_MEETING::SCM|S/PV.9547 (Resumption 1),SC_MEETING::SCM|S/PV.9547 (Resumption 1),ICJ-171-2023-12-01,171,Arbitral Award of 3 October 1899 (Guyana v. Venezuela),2023-12-01,2024-02-13,74,SC_MEETING,S/PV.9547 (RESUMPTION 1),Maintenance of international peace and security,0,0,MEMBER_STATE_OR_GENERAL_REFERENCE,NONE_FOR_MATCHED_ORDER,,,https://documents.un.org/api/symbol/access?s=S%2FPV.9547%20%28RESUMPTION%201%29&l=en&t=pdf,S_PV.9547_RESUMPTION_1.pdf,8ffaf023af32bb439220220d499886d84e38e060fb101c0e257cda7e968e6ddd,1,0,HIGH,AUTHOR_MANUALLY_VERIFIED_AGAINST_OFFICIAL_SOURCE,RELEASED,DIFFERENT_ICJ_CASE_OR_UNRELATED_ICJ_REFERENCE,Suraya Bazarova,HUMAN_MANUAL,CANDIDATE_GENERATION_AND_DIAGNOSTIC_SUPPORT_ONLY
ICJ-171-2023-12-01||SC_MEETING::SCM|S/PV.9547 (Resumption 2),SC_MEETING::SCM|S/PV.9547 (Resumption 2),ICJ-171-2023-12-01,171,Arbitral Award of 3 October 1899 (Guyana v. Venezuela),2023-12-01,2024-02-14,75,SC_MEETING,S/PV.9547 (RESUMPTION 2),Maintenance of international peace and security,0,0,MEMBER_STATE_OR_GENERAL_REFERENCE,NONE_FOR_MATCHED_ORDER,,,https://documents.un.org/api/symbol/access?s=S%2FPV.9547%20%28RESUMPTION%202%29&l=en&t=pdf,S_PV.9547_RESUMPTION_2.pdf,46667a7dc34d690d05fad164f1401c00072c7ddfb19c10367a3c6f13da7a50f3,1,0,HIGH,AUTHOR_MANUALLY_VERIFIED_AGAINST_OFFICIAL_SOURCE,RELEASED,DIFFERENT_ICJ_CASE_OR_UNRELATED_ICJ_REFERENCE,Suraya Bazarova,HUMAN_MANUAL,CANDIDATE_GENERATION_AND_DIAGNOSTIC_SUPPORT_ONLY
ICJ-171-2023-12-01||SC_MEETING::SCM|S/PV.9579,SC_MEETING::SCM|S/PV.9579,ICJ-171-2023-12-01,171,Arbitral Award of 3 October 1899 (Guyana v. Venezuela),2023-12-01,2024-03-18,108,SC_MEETING,S/PV.9579,Maintenance of international peace and security,0,0,UNRESOLVED_OR_GENERAL,NONE,,,https://documents.un.org/api/symbol/access?s=S%2FPV.9579&l=en&t=pdf,S_PV.9579.pdf,2173786c4a968186adc9f5262557949d5b54e56739115ca9a1a9c7ee7befdc3e,1,1,MODERATE,AUTHOR_MANUALLY_VERIFIED_AGAINST_OFFICIAL_SOURCE,RELEASED,GENERAL_LEGAL_OR_HUMANITARIAN_THEME_ONLY,Suraya Bazarova,HUMAN_MANUAL,CANDIDATE_GENERATION_AND_DIAGNOSTIC_SUPPORT_ONLY
ICJ-171-2023-12-01||SC_MEETING::SCM|S/PV.9592,SC_MEETING::SCM|S/PV.9592,ICJ-171-2023-12-01,171,Arbitral Award of 3 October 1899 (Guyana v. Venezuela),2023-12-01,2024-03-28,118,SC_MEETING,S/PV.9592,Maintenance of international peace and security,0,0,UNRESOLVED_OR_GENERAL,NONE,,,https://documents.un.org/api/symbol/access?s=S%2FPV.9592&l=en&t=pdf,S_PV.9592.pdf,d1bbbda4595e70c1c8ecdf2dfefbfd22058bc86b9007b6a1abff8e6a000fb472,1,1,MODERATE,AUTHOR_MANUALLY_VERIFIED_AGAINST_OFFICIAL_SOURCE,RELEASED,GENERAL_LEGAL_OR_HUMANITARIAN_THEME_ONLY,Suraya Bazarova,HUMAN_MANUAL,CANDIDATE_GENERATION_AND_DIAGNOSTIC_SUPPORT_ONLY
ICJ-171-2023-12-01||SC_MEETING::SCM|S/PV.9606,SC_MEETING::SCM|S/PV.9606,ICJ-171-2023-12-01,171,Arbitral Award of 3 October 1899 (Guyana v. Venezuela),2023-12-01,2024-04-17,138,SC_MEETING,S/PV.9606,Maintenance of international peace and security,0,0,UNRESOLVED_OR_GENERAL,NONE,,,https://documents.un.org/api/symbol/access?s=S%2FPV.9606&l=en&t=pdf,S_PV.9606.pdf,6155d587844edd44947e8ce2c715daa9ddf22a6f05649f596aaa9402b7582d1d,1,1,MODERATE,AUTHOR_MANUALLY_VERIFIED_AGAINST_OFFICIAL_SOURCE,RELEASED,GENERAL_LEGAL_OR_HUMANITARIAN_THEME_ONLY,Suraya Bazarova,HUMAN_MANUAL,CANDIDATE_GENERATION_AND_DIAGNOSTIC_SUPPORT_ONLY
ICJ-171-2023-12-01||SC_MEETING::SCM|S/PV.9606 (Resumption 1),SC_MEETING::SCM|S/PV.9606 (Resumption 1),ICJ-171-2023-12-01,171,Arbitral Award of 3 October 1899 (Guyana v. Venezuela),2023-12-01,2024-04-26,147,SC_MEETING,S/PV.9606 (RESUMPTION 1),Maintenance of international peace and security,0,0,UNRESOLVED_OR_GENERAL,NONE,,,https://documents.un.org/api/symbol/access?s=S%2FPV.9606%20%28RESUMPTION%201%29&l=en&t=pdf,S_PV.9606_RESUMPTION_1.pdf,a87c5b242f8cb568d34b9d6e6a7ebb7d4cda7cea4d70ad835d5fed7ee0eaab52,1,1,MODERATE,AUTHOR_MANUALLY_VERIFIED_AGAINST_OFFICIAL_SOURCE,RELEASED,GENERAL_LEGAL_OR_HUMANITARIAN_THEME_ONLY,Suraya Bazarova,HUMAN_MANUAL,CANDIDATE_GENERATION_AND_DIAGNOSTIC_SUPPORT_ONLY
ICJ-171-2023-12-01||SC_MEETING::SCM|S/PV.9633,SC_MEETING::SCM|S/PV.9633,ICJ-171-2023-12-01,171,Arbitral Award of 3 October 1899 (Guyana v. Venezuela),2023-12-01,2024-05-23,174,SC_MEETING,S/PV.9633,Maintenance of international peace and security,0,0,UNRESOLVED_OR_GENERAL,NONE,,,https://documents.un.org/api/symbol/access?s=S%2FPV.9633&l=en&t=pdf,S_PV.9633.pdf,ae085f075958418db7426b7a8bda28e113e7d4234b422c9a2e478a9dacb82f72,1,1,MODERATE,AUTHOR_MANUALLY_VERIFIED_AGAINST_OFFICIAL_SOURCE,RELEASED,GENERAL_LEGAL_OR_HUMANITARIAN_THEME_ONLY,Suraya Bazarova,HUMAN_MANUAL,CANDIDATE_GENERATION_AND_DIAGNOSTIC_SUPPORT_ONLY
ICJ-171-2023-12-01||SC_MEETING::SCM|S/PV.9633 (Resumption 1),SC_MEETING::SCM|S/PV.9633 (Resumption 1),ICJ-171-2023-12-01,171,Arbitral Award of 3 October 1899 (Guyana v. Venezuela),2023-12-01,2024-05-23,174,SC_MEETING,S/PV.9633 (RESUMPTION 1),Maintenance of international peace and security,0,0,UNRESOLVED_OR_GENERAL,NONE,,,https://documents.un.org/api/symbol/access?s=S%2FPV.9633%20%28RESUMPTION%201%29&l=en&t=pdf,S_PV.9633_RESUMPTION_1.pdf,2dd02f45d756c6775d4a9cd05e54c1331f72cb5f528f4ed3df5800ec7f5ace73,1,1,MODERATE,AUTHOR_MANUALLY_VERIFIED_AGAINST_OFFICIAL_SOURCE,RELEASED,GENERAL_LEGAL_OR_HUMANITARIAN_THEME_ONLY,Suraya Bazarova,HUMAN_MANUAL,CANDIDATE_GENERATION_AND_DIAGNOSTIC_SUPPORT_ONLY
ICJ-171-2023-12-01||SC_MEETING::SCM|S/PV.9637,SC_MEETING::SCM|S/PV.9637,ICJ-171-2023-12-01,171,Arbitral Award of 3 October 1899 (Guyana v. Venezuela),2023-12-01,2024-05-28,179,SC_MEETING,S/PV.9637,Maintenance of international peace and security,0,0,UNRESOLVED_OR_GENERAL,NONE,,,https://documents.un.org/api/symbol/access?s=S%2FPV.9637&l=en&t=pdf,S_PV.9637.pdf,a6aa1bcce80cb57b10707b917541d9b2431f9e677538c68dc0d77e48802a1eba,1,1,MODERATE,AUTHOR_MANUALLY_VERIFIED_AGAINST_OFFICIAL_SOURCE,RELEASED,GENERAL_LEGAL_OR_HUMANITARIAN_THEME_ONLY,Suraya Bazarova,HUMAN_MANUAL,CANDIDATE_GENERATION_AND_DIAGNOSTIC_SUPPORT_ONLY
ICJ-171-2025-05-01||SC_MEETING::SCM|S/PV.9919,SC_MEETING::SCM|S/PV.9919,ICJ-171-2025-05-01,171,Arbitral Award of 3 October 1899 (Guyana v. Venezuela),2025-05-01,2025-05-20,19,SC_MEETING,S/PV.9919,Maintenance of international peace and security | SC/16065,0,0,NONE,NONE,,,https://documents.un.org/api/symbol/access?s=S%2FPV.9919&l=en&t=pdf,S_PV.9919.pdf,d42b57ebabecfb19a70fdd6e75680b10a1838e439d8150568b9b534962c4f0a0,1,0,HIGH,AUTHOR_MANUALLY_VERIFIED_AGAINST_OFFICIAL_SOURCE,RELEASED,NO_MATCHED_CASE_NEXUS,Suraya Bazarova,HUMAN_MANUAL,CANDIDATE_GENERATION_AND_DIAGNOSTIC_SUPPORT_ONLY
ICJ-171-2025-05-01||SC_MEETING::SCM|S/PV.9919 (Resumption 1),SC_MEETING::SCM|S/PV.9919 (Resumption 1),ICJ-171-2025-05-01,171,Arbitral Award of 3 October 1899 (Guyana v. Venezuela),2025-05-01,2025-05-20,19,SC_MEETING,S/PV.9919 (RESUMPTION 1),Maintenance of international peace and security | SC/16065,0,0,UNRESOLVED_OR_GENERAL,NONE,,,https://documents.un.org/api/symbol/access?s=S%2FPV.9919%20%28RESUMPTION%201%29&l=en&t=pdf,S_PV.9919_RESUMPTION_1.pdf,66385c6579a3f4ccd0f1cd509a1ebff2591050afe0c0ac54f6c4deeb28392fc5,1,1,MODERATE,AUTHOR_MANUALLY_VERIFIED_AGAINST_OFFICIAL_SOURCE,RELEASED,GENERAL_LEGAL_OR_HUMANITARIAN_THEME_ONLY,Suraya Bazarova,HUMAN_MANUAL,CANDIDATE_GENERATION_AND_DIAGNOSTIC_SUPPORT_ONLY
ICJ-171-2025-05-01||SC_MEETING::SCM|S/PV.9919 (Resumption 2),SC_MEETING::SCM|S/PV.9919 (Resumption 2),ICJ-171-2025-05-01,171,Arbitral Award of 3 October 1899 (Guyana v. Venezuela),2025-05-01,2025-05-21,20,SC_MEETING,S/PV.9919 (RESUMPTION 2),Maintenance of international peace and security | SC/16065,0,0,UNRESOLVED_OR_GENERAL,NONE,,,https://documents.un.org/api/symbol/access?s=S%2FPV.9919%20%28RESUMPTION%202%29&l=en&t=pdf,S_PV.9919_RESUMPTION_2.pdf,07f7915a6341ffadd308c11067b5227a008b29fad837641b0e3da41dbc3ca2cc,1,1,MODERATE,AUTHOR_MANUALLY_VERIFIED_AGAINST_OFFICIAL_SOURCE,RELEASED,GENERAL_LEGAL_OR_HUMANITARIAN_THEME_ONLY,Suraya Bazarova,HUMAN_MANUAL,CANDIDATE_GENERATION_AND_DIAGNOSTIC_SUPPORT_ONLY
ICJ-171-2025-05-01||SC_MEETING::SCM|S/PV.9938,SC_MEETING::SCM|S/PV.9938,ICJ-171-2025-05-01,171,Arbitral Award of 3 October 1899 (Guyana v. Venezuela),2025-05-01,2025-06-19,49,SC_MEETING,S/PV.9938,Maintenance of international peace and security | SC/16091,0,0,NONE,NONE,,,https://documents.un.org/api/symbol/access?s=S%2FPV.9938&l=en&t=pdf,S_PV.9938.pdf,dde08d55caf15bf3b1f95cb68e82f29c882972088a62ddd464520d2807ae7331,1,0,HIGH,AUTHOR_MANUALLY_VERIFIED_AGAINST_OFFICIAL_SOURCE,RELEASED,NO_MATCHED_CASE_NEXUS,Suraya Bazarova,HUMAN_MANUAL,CANDIDATE_GENERATION_AND_DIAGNOSTIC_SUPPORT_ONLY
ICJ-171-2025-05-01||SC_MEETING::SCM|S/PV.9938 (Resumption 1),SC_MEETING::SCM|S/PV.9938 (Resumption 1),ICJ-171-2025-05-01,171,Arbitral Award of 3 October 1899 (Guyana v. Venezuela),2025-05-01,2025-06-19,49,SC_MEETING,S/PV.9938 (RESUMPTION 1),Maintenance of international peace and security | SC/16091,0,0,NONE,NONE,,,https://documents.un.org/api/symbol/access?s=S%2FPV.9938%20%28RESUMPTION%201%29&l=en&t=pdf,S_PV.9938_RESUMPTION_1.pdf,eb639c597e0127c57de184306df722e448c4d7dd9259870555eda6c40680b42c,1,0,HIGH,AUTHOR_MANUALLY_VERIFIED_AGAINST_OFFICIAL_SOURCE,RELEASED,NO_MATCHED_CASE_NEXUS,Suraya Bazarova,HUMAN_MANUAL,CANDIDATE_GENERATION_AND_DIAGNOSTIC_SUPPORT_ONLY
ICJ-171-2025-05-01||SC_MEETING::SCM|S/PV.9938 (Resumption 2),SC_MEETING::SCM|S/PV.9938 (Resumption 2),ICJ-171-2025-05-01,171,Arbitral Award of 3 October 1899 (Guyana v. Venezuela),2025-05-01,2025-06-23,53,SC_MEETING,S/PV.9938 (RESUMPTION 2),Maintenance of international peace and security | SC/16091,0,0,NONE,NONE,,,https://documents.un.org/api/symbol/access?s=S%2FPV.9938%20%28RESUMPTION%202%29&l=en&t=pdf,S_PV.9938_RESUMPTION_2.pdf,53865be0c0ff504c6bc05fafb3d51528a0b405f9246ce24c34949629d62626a4,1,0,HIGH,AUTHOR_MANUALLY_VERIFIED_AGAINST_OFFICIAL_SOURCE,RELEASED,NO_MATCHED_CASE_NEXUS,Suraya Bazarova,HUMAN_MANUAL,CANDIDATE_GENERATION_AND_DIAGNOSTIC_SUPPORT_ONLY
ICJ-171-2025-05-01||SC_FORMAL_VOTE::SCV|2156,SC_FORMAL_VOTE::SCV|2156,ICJ-171-2025-05-01,171,Arbitral Award of 3 October 1899 (Guyana v. Venezuela),2025-05-01,2025-07-15,75,SC_FORMAL_VOTE,S/PV.9958,Maintenance of international peace and security | Maintenance of international peace and security | S/2025/462 | 2787 (2025),0,0,UNRESOLVED_OR_GENERAL,NONE,,,https://documents.un.org/api/symbol/access?s=S%2FPV.9958&l=en&t=pdf,S_PV.9958.pdf,476e8d293e402cd04c22710361a219fd4488e324617e1971cf9fd265d00d70d8,1,1,MODERATE,AUTHOR_MANUALLY_VERIFIED_AGAINST_OFFICIAL_SOURCE,RELEASED,GENERAL_LEGAL_OR_HUMANITARIAN_THEME_ONLY,Suraya Bazarova,HUMAN_MANUAL,CANDIDATE_GENERATION_AND_DIAGNOSTIC_SUPPORT_ONLY
ICJ-171-2025-05-01||SC_MEETING::SCM|S/PV.9958,SC_MEETING::SCM|S/PV.9958,ICJ-171-2025-05-01,171,Arbitral Award of 3 October 1899 (Guyana v. Venezuela),2025-05-01,2025-07-15,75,SC_MEETING,S/PV.9958,Maintenance of international peace and security | SC/16120,0,0,UNRESOLVED_OR_GENERAL,NONE,,,https://documents.un.org/api/symbol/access?s=S%2FPV.9958&l=en&t=pdf,S_PV.9958.pdf,476e8d293e402cd04c22710361a219fd4488e324617e1971cf9fd265d00d70d8,1,1,MODERATE,AUTHOR_MANUALLY_VERIFIED_AGAINST_OFFICIAL_SOURCE,RELEASED,GENERAL_LEGAL_OR_HUMANITARIAN_THEME_ONLY,Suraya Bazarova,HUMAN_MANUAL,CANDIDATE_GENERATION_AND_DIAGNOSTIC_SUPPORT_ONLY
ICJ-171-2025-05-01||SC_FORMAL_VOTE::SCV|2157,SC_FORMAL_VOTE::SCV|2157,ICJ-171-2025-05-01,171,Arbitral Award of 3 October 1899 (Guyana v. Venezuela),2025-05-01,2025-07-22,82,SC_FORMAL_VOTE,S/PV.9962,Maintenance of international peace and security | Maintenance of international peace and security | S/2025/443 | 2788 (2025),0,0,MEMBER_STATE_OR_GENERAL_REFERENCE,NONE_FOR_MATCHED_ORDER,,,https://documents.un.org/api/symbol/access?s=S%2FPV.9962&l=en&t=pdf,S_PV.9962.pdf,91beae86c3675213b089fbc55c5c63cfe125551b0d9c86bba32dd3162f474e66,1,0,HIGH,AUTHOR_MANUALLY_VERIFIED_AGAINST_OFFICIAL_SOURCE,RELEASED,DIFFERENT_ICJ_CASE_OR_UNRELATED_ICJ_REFERENCE,Suraya Bazarova,HUMAN_MANUAL,CANDIDATE_GENERATION_AND_DIAGNOSTIC_SUPPORT_ONLY
ICJ-171-2025-05-01||SC_MEETING::SCM|S/PV.9962,SC_MEETING::SCM|S/PV.9962,ICJ-171-2025-05-01,171,Arbitral Award of 3 October 1899 (Guyana v. Venezuela),2025-05-01,2025-07-22,82,SC_MEETING,S/PV.9962,Maintenance of international peace and security | SC/16125,0,0,MEMBER_STATE_OR_GENERAL_REFERENCE,NONE_FOR_MATCHED_ORDER,,,https://documents.un.org/api/symbol/access?s=S%2FPV.9962&l=en&t=pdf,S_PV.9962.pdf,91beae86c3675213b089fbc55c5c63cfe125551b0d9c86bba32dd3162f474e66,1,0,HIGH,AUTHOR_MANUALLY_VERIFIED_AGAINST_OFFICIAL_SOURCE,RELEASED,DIFFERENT_ICJ_CASE_OR_UNRELATED_ICJ_REFERENCE,Suraya Bazarova,HUMAN_MANUAL,CANDIDATE_GENERATION_AND_DIAGNOSTIC_SUPPORT_ONLY
ICJ-171-2025-05-01||SC_MEETING::SCM|S/PV.9962 (Resumption 1),SC_MEETING::SCM|S/PV.9962 (Resumption 1),ICJ-171-2025-05-01,171,Arbitral Award of 3 October 1899 (Guyana v. Venezuela),2025-05-01,2025-07-22,82,SC_MEETING,S/PV.9962 (RESUMPTION 1),Maintenance of international peace and security | SC/16125,0,0,MEMBER_STATE_OR_GENERAL_REFERENCE,NONE_FOR_MATCHED_ORDER,,,https://documents.un.org/api/symbol/access?s=S%2FPV.9962%20%28RESUMPTION%201%29&l=en&t=pdf,S_PV.9962_RESUMPTION_1.pdf,edae826968542945ef141ddd3f8af274b0c6e683aba5e8a96c8980bf65ccc5a6,1,0,HIGH,AUTHOR_MANUALLY_VERIFIED_AGAINST_OFFICIAL_SOURCE,RELEASED,DIFFERENT_ICJ_CASE_OR_UNRELATED_ICJ_REFERENCE,Suraya Bazarova,HUMAN_MANUAL,CANDIDATE_GENERATION_AND_DIAGNOSTIC_SUPPORT_ONLY
ICJ-171-2025-05-01||SC_MEETING::SCM|S/PV.9962 (Resumption 2),SC_MEETING::SCM|S/PV.9962 (Resumption 2),ICJ-171-2025-05-01,171,Arbitral Award of 3 October 1899 (Guyana v. Venezuela),2025-05-01,2025-07-24,84,SC_MEETING,S/PV.9962 (RESUMPTION 2),Maintenance of international peace and security | SC/16125,0,0,UNRESOLVED_OR_GENERAL,NONE,,,https://documents.un.org/api/symbol/access?s=S%2FPV.9962%20%28RESUMPTION%202%29&l=en&t=pdf,S_PV.9962_RESUMPTION_2.pdf,7f8a657383e5670c76ee90dc4336650cd97a04cdd8448e6139de8dd57e30466c,1,1,MODERATE,AUTHOR_MANUALLY_VERIFIED_AGAINST_OFFICIAL_SOURCE,RELEASED,GENERAL_LEGAL_OR_HUMANITARIAN_THEME_ONLY,Suraya Bazarova,HUMAN_MANUAL,CANDIDATE_GENERATION_AND_DIAGNOSTIC_SUPPORT_ONLY
ICJ-171-2025-05-01||SC_MEETING::SCM|S/PV.9969,SC_MEETING::SCM|S/PV.9969,ICJ-171-2025-05-01,171,Arbitral Award of 3 October 1899 (Guyana v. Venezuela),2025-05-01,2025-07-29,89,SC_MEETING,S/PV.9969,Maintenance of international peace and security | SC/16132,0,0,UNRESOLVED_OR_GENERAL,NONE,,,https://documents.un.org/api/symbol/access?s=S%2FPV.9969&l=en&t=pdf,S_PV.9969.pdf,2639873fd4224eea913cc4364db119ecd915717e93c4ced365cfb79ea319d558,1,1,MODERATE,AUTHOR_MANUALLY_VERIFIED_AGAINST_OFFICIAL_SOURCE,RELEASED,GENERAL_LEGAL_OR_HUMANITARIAN_THEME_ONLY,Suraya Bazarova,HUMAN_MANUAL,CANDIDATE_GENERATION_AND_DIAGNOSTIC_SUPPORT_ONLY
ICJ-171-2025-05-01||SC_MEETING::SCM|S/PV.9977,SC_MEETING::SCM|S/PV.9977,ICJ-171-2025-05-01,171,Arbitral Award of 3 October 1899 (Guyana v. Venezuela),2025-05-01,2025-08-11,102,SC_MEETING,S/PV.9977,Maintenance of international peace and security | SC/16142,0,0,MEMBER_STATE_OR_GENERAL_REFERENCE,NONE_FOR_MATCHED_ORDER,,,https://documents.un.org/api/symbol/access?s=S%2FPV.9977&l=en&t=pdf,S_PV.9977.pdf,33957964668d6fd39e1fdce334dc4f69c0febf2bd9b6cb10ceaa34a53c9b480d,1,0,HIGH,AUTHOR_MANUALLY_VERIFIED_AGAINST_OFFICIAL_SOURCE,RELEASED,DIFFERENT_ICJ_CASE_OR_UNRELATED_ICJ_REFERENCE,Suraya Bazarova,HUMAN_MANUAL,CANDIDATE_GENERATION_AND_DIAGNOSTIC_SUPPORT_ONLY
ICJ-171-2025-05-01||SC_MEETING::SCM|S/PV.9977 (Resumption 1),SC_MEETING::SCM|S/PV.9977 (Resumption 1),ICJ-171-2025-05-01,171,Arbitral Award of 3 October 1899 (Guyana v. Venezuela),2025-05-01,2025-08-12,103,SC_MEETING,S/PV.9977 (RESUMPTION 1),Maintenance of international peace and security | SC/16142,0,0,MEMBER_STATE_OR_GENERAL_REFERENCE,NONE_FOR_MATCHED_ORDER,,,https://documents.un.org/api/symbol/access?s=S%2FPV.9977%20%28RESUMPTION%201%29&l=en&t=pdf,S_PV.9977_RESUMPTION_1.pdf,d2fb4934d88cf5844de5a488207d6dc493a41e39765bbf830d0f2d4986e7cc5a,1,0,HIGH,AUTHOR_MANUALLY_VERIFIED_AGAINST_OFFICIAL_SOURCE,RELEASED,DIFFERENT_ICJ_CASE_OR_UNRELATED_ICJ_REFERENCE,Suraya Bazarova,HUMAN_MANUAL,CANDIDATE_GENERATION_AND_DIAGNOSTIC_SUPPORT_ONLY
ICJ-171-2025-05-01||SC_MEETING::SCM|S/PV.9977 (Resumption 2),SC_MEETING::SCM|S/PV.9977 (Resumption 2),ICJ-171-2025-05-01,171,Arbitral Award of 3 October 1899 (Guyana v. Venezuela),2025-05-01,2025-08-12,103,SC_MEETING,S/PV.9977 (RESUMPTION 2),Maintenance of international peace and security | SC/16142,0,0,UNRESOLVED_OR_GENERAL,NONE,,,https://documents.un.org/api/symbol/access?s=S%2FPV.9977%20%28RESUMPTION%202%29&l=en&t=pdf,S_PV.9977_RESUMPTION_2.pdf,abe92d0f70853dff0965e497a67078ef3d7e00fe03fee782f115e49266e6142c,1,1,MODERATE,AUTHOR_MANUALLY_VERIFIED_AGAINST_OFFICIAL_SOURCE,RELEASED,GENERAL_LEGAL_OR_HUMANITARIAN_THEME_ONLY,Suraya Bazarova,HUMAN_MANUAL,CANDIDATE_GENERATION_AND_DIAGNOSTIC_SUPPORT_ONLY
ICJ-171-2025-05-01||SC_MEETING::SCM|S/PV.9991,SC_MEETING::SCM|S/PV.9991,ICJ-171-2025-05-01,171,Arbitral Award of 3 October 1899 (Guyana v. Venezuela),2025-05-01,2025-09-09,131,SC_MEETING,S/PV.9991,Maintenance of international peace and security | SC/16162,0,0,UNRESOLVED_OR_GENERAL,NONE,,,https://documents.un.org/api/symbol/access?s=S%2FPV.9991&l=en&t=pdf,S_PV.9991.pdf,d4eff85cd0f6565009c3115bad842da4efe763248a2176e5fe88512d55d8fc51,1,1,MODERATE,AUTHOR_MANUALLY_VERIFIED_AGAINST_OFFICIAL_SOURCE,RELEASED,GENERAL_LEGAL_OR_HUMANITARIAN_THEME_ONLY,Suraya Bazarova,HUMAN_MANUAL,CANDIDATE_GENERATION_AND_DIAGNOSTIC_SUPPORT_ONLY
ICJ-171-2025-05-01||SC_MEETING::SCM|S/PV.9991 (Resumption 1),SC_MEETING::SCM|S/PV.9991 (Resumption 1),ICJ-171-2025-05-01,171,Arbitral Award of 3 October 1899 (Guyana v. Venezuela),2025-05-01,2025-09-09,131,SC_MEETING,S/PV.9991 (RESUMPTION 1),Maintenance of international peace and security | SC/16162,0,0,UNRESOLVED_OR_GENERAL,NONE,,,https://documents.un.org/api/symbol/access?s=S%2FPV.9991%20%28RESUMPTION%201%29&l=en&t=pdf,S_PV.9991_RESUMPTION_1.pdf,669425064bdf092f0c7d37e5bfd958bf288a0ec938835d8a2ec4a4d01c6cce3f,1,1,MODERATE,AUTHOR_MANUALLY_VERIFIED_AGAINST_OFFICIAL_SOURCE,RELEASED,GENERAL_LEGAL_OR_HUMANITARIAN_THEME_ONLY,Suraya Bazarova,HUMAN_MANUAL,CANDIDATE_GENERATION_AND_DIAGNOSTIC_SUPPORT_ONLY
ICJ-171-2025-05-01||SC_MEETING::SCM|S/PV.9991 (Resumption 2),SC_MEETING::SCM|S/PV.9991 (Resumption 2),ICJ-171-2025-05-01,171,Arbitral Award of 3 October 1899 (Guyana v. Venezuela),2025-05-01,2025-09-10,132,SC_MEETING,S/PV.9991 (RESUMPTION 2),Maintenance of international peace and security | SC/16162,0,0,UNRESOLVED_OR_GENERAL,NONE,,,https://documents.un.org/api/symbol/access?s=S%2FPV.9991%20%28RESUMPTION%202%29&l=en&t=pdf,S_PV.9991_RESUMPTION_2.pdf,5e014cccc6a800f58324793d5afd7ccd9e509d00528620acca2727ee1b251f9d,1,1,MODERATE,AUTHOR_MANUALLY_VERIFIED_AGAINST_OFFICIAL_SOURCE,RELEASED,GENERAL_LEGAL_OR_HUMANITARIAN_THEME_ONLY,Suraya Bazarova,HUMAN_MANUAL,CANDIDATE_GENERATION_AND_DIAGNOSTIC_SUPPORT_ONLY
ICJ-171-2025-05-01||SC_MEETING::SCM|S/PV.10005,SC_MEETING::SCM|S/PV.10005,ICJ-171-2025-05-01,171,Arbitral Award of 3 October 1899 (Guyana v. Venezuela),2025-05-01,2025-09-24,146,SC_MEETING,S/PV.10005,Maintenance of international peace and security | SC/16180,0,0,UNRESOLVED_OR_GENERAL,NONE,,,https://documents.un.org/api/symbol/access?s=S%2FPV.10005&l=en&t=pdf,S_PV.10005.pdf,52b8fde091598f5536f7575906685a295ca36d2c49d6635fbaee4d01ebd16d95,1,1,MODERATE,AUTHOR_MANUALLY_VERIFIED_AGAINST_OFFICIAL_SOURCE,RELEASED,GENERAL_LEGAL_OR_HUMANITARIAN_THEME_ONLY,Suraya Bazarova,HUMAN_MANUAL,CANDIDATE_GENERATION_AND_DIAGNOSTIC_SUPPORT_ONLY
ICJ-171-2025-05-01||SC_MEETING::SCM|S/PV.10005 (Resumption 1),SC_MEETING::SCM|S/PV.10005 (Resumption 1),ICJ-171-2025-05-01,171,Arbitral Award of 3 October 1899 (Guyana v. Venezuela),2025-05-01,2025-09-25,147,SC_MEETING,S/PV.10005 (RESUMPTION 1),Maintenance of international peace and security | SC/16180,0,0,NONE,NONE,,,https://documents.un.org/api/symbol/access?s=S%2FPV.10005%20%28RESUMPTION%201%29&l=en&t=pdf,S_PV.10005_RESUMPTION_1.pdf,8a0df11e725c1fc6942ff4282fa11fdd27cb84da0cbaeef7fe1516b1cba51a07,1,0,HIGH,AUTHOR_MANUALLY_VERIFIED_AGAINST_OFFICIAL_SOURCE,RELEASED,NO_MATCHED_CASE_NEXUS,Suraya Bazarova,HUMAN_MANUAL,CANDIDATE_GENERATION_AND_DIAGNOSTIC_SUPPORT_ONLY
ICJ-171-2025-05-01||SC_MEETING::SCM|S/PV.10005 (Resumption 2),SC_MEETING::SCM|S/PV.10005 (Resumption 2),ICJ-171-2025-05-01,171,Arbitral Award of 3 October 1899 (Guyana v. Venezuela),2025-05-01,2025-09-26,148,SC_MEETING,S/PV.10005 (RESUMPTION 2),Maintenance of international peace and security | SC/16180,0,0,UNRESOLVED_OR_GENERAL,NONE,,,https://documents.un.org/api/symbol/access?s=S%2FPV.10005%20%28RESUMPTION%202%29&l=en&t=pdf,S_PV.10005_RESUMPTION_2.pdf,c822eab9774e29fb8ec2f9db82cd083a96352ec5c968d3dc86715b62e74ceae0,1,1,MODERATE,AUTHOR_MANUALLY_VERIFIED_AGAINST_OFFICIAL_SOURCE,RELEASED,GENERAL_LEGAL_OR_HUMANITARIAN_THEME_ONLY,Suraya Bazarova,HUMAN_MANUAL,CANDIDATE_GENERATION_AND_DIAGNOSTIC_SUPPORT_ONLY
ICJ-171-2025-05-01||SC_MEETING::SCM|S/PV.10024,SC_MEETING::SCM|S/PV.10024,ICJ-171-2025-05-01,171,Arbitral Award of 3 October 1899 (Guyana v. Venezuela),2025-05-01,2025-10-24,176,SC_MEETING,S/PV.10024,Maintenance of international peace and security,0,0,MEMBER_STATE_OR_GENERAL_REFERENCE,NONE_FOR_MATCHED_ORDER,,,https://documents.un.org/api/symbol/access?s=S%2FPV.10024&l=en&t=pdf,S_PV.10024.pdf,a6d384b9e6242f0792e879743ad1572e2e8440742308ea15d7540a6015885e98,1,0,HIGH,AUTHOR_MANUALLY_VERIFIED_AGAINST_OFFICIAL_SOURCE,RELEASED,DIFFERENT_ICJ_CASE_OR_UNRELATED_ICJ_REFERENCE,Suraya Bazarova,HUMAN_MANUAL,CANDIDATE_GENERATION_AND_DIAGNOSTIC_SUPPORT_ONLY
ICJ-171-2025-05-01||SC_MEETING::SCM|S/PV.10024 (Resumption 1),SC_MEETING::SCM|S/PV.10024 (Resumption 1),ICJ-171-2025-05-01,171,Arbitral Award of 3 October 1899 (Guyana v. Venezuela),2025-05-01,2025-10-24,176,SC_MEETING,S/PV.10024 (RESUMPTION 1),Maintenance of international peace and security | SC/16201,0,0,MEMBER_STATE_OR_GENERAL_REFERENCE,NONE_FOR_MATCHED_ORDER,,,https://documents.un.org/api/symbol/access?s=S%2FPV.10024%20%28RESUMPTION%201%29&l=en&t=pdf,S_PV.10024_RESUMPTION_1.pdf,2a973c20b5b1b235d871552e8a63429741475c89aceed54feda36cd5d9f19706,1,0,HIGH,AUTHOR_MANUALLY_VERIFIED_AGAINST_OFFICIAL_SOURCE,RELEASED,DIFFERENT_ICJ_CASE_OR_UNRELATED_ICJ_REFERENCE,Suraya Bazarova,HUMAN_MANUAL,CANDIDATE_GENERATION_AND_DIAGNOSTIC_SUPPORT_ONLY
ICJ-180-2021-12-07||SC_MEETING::SCM|S/PV.8923,SC_MEETING::SCM|S/PV.8923,ICJ-180-2021-12-07,180,Application of the International Convention on the Elimination of All Forms of Racial Discrimination (Armenia v. Azerbaijan),2021-12-07,2021-12-09,2,SC_MEETING,S/PV.8923,Maintenance of international peace and security,0,0,NONE,NONE,,,https://documents.un.org/api/symbol/access?s=S%2FPV.8923&l=en&t=pdf,S_PV.8923.pdf,7714d361642b047e184a06cd742bcc9ec896565c7d2e06902a06863e398bd31d,1,0,HIGH,AUTHOR_MANUALLY_VERIFIED_AGAINST_OFFICIAL_SOURCE,RELEASED,NO_MATCHED_CASE_NEXUS,Suraya Bazarova,HUMAN_MANUAL,CANDIDATE_GENERATION_AND_DIAGNOSTIC_SUPPORT_ONLY
ICJ-180-2021-12-07||SC_MEETING::SCM|S/PV.8923 (Resumption 1),SC_MEETING::SCM|S/PV.8923 (Resumption 1),ICJ-180-2021-12-07,180,Application of the International Convention on the Elimination of All Forms of Racial Discrimination (Armenia v. Azerbaijan),2021-12-07,2021-12-09,2,SC_MEETING,S/PV.8923 (RESUMPTION 1),Maintenance of international peace and security,0,0,NONE,NONE,,,https://documents.un.org/api/symbol/access?s=S%2FPV.8923%20%28RESUMPTION%201%29&l=en&t=pdf,S_PV.8923_RESUMPTION_1.pdf,5084bc473ce3661fb78392b88690514b3e029d99a372b44c6a6814474ce6baeb,1,0,HIGH,AUTHOR_MANUALLY_VERIFIED_AGAINST_OFFICIAL_SOURCE,RELEASED,NO_MATCHED_CASE_NEXUS,Suraya Bazarova,HUMAN_MANUAL,CANDIDATE_GENERATION_AND_DIAGNOSTIC_SUPPORT_ONLY
ICJ-180-2021-12-07||SC_FORMAL_VOTE::SCV|1952,SC_FORMAL_VOTE::SCV|1952,ICJ-180-2021-12-07,180,Application of the International Convention on the Elimination of All Forms of Racial Discrimination (Armenia v. Azerbaijan),2021-12-07,2021-12-13,6,SC_FORMAL_VOTE,S/PV.8926,Maintenance of international peace and security | Maintenance of international peace and security | S/2021/990,0,0,UNRESOLVED_OR_GENERAL,NONE,,,https://documents.un.org/api/symbol/access?s=S%2FPV.8926&l=en&t=pdf,S_PV.8926.pdf,ab7ab3ec83b1eaf218dde7818b3c0752bbaa608ccf97a6bc1ec33ab9524f1684,1,1,MODERATE,AUTHOR_MANUALLY_VERIFIED_AGAINST_OFFICIAL_SOURCE,RELEASED,GENERAL_LEGAL_OR_HUMANITARIAN_THEME_ONLY,Suraya Bazarova,HUMAN_MANUAL,CANDIDATE_GENERATION_AND_DIAGNOSTIC_SUPPORT_ONLY
ICJ-180-2021-12-07||SC_MEETING::SCM|S/PV.8926,SC_MEETING::SCM|S/PV.8926,ICJ-180-2021-12-07,180,Application of the International Convention on the Elimination of All Forms of Racial Discrimination (Armenia v. Azerbaijan),2021-12-07,2021-12-13,6,SC_MEETING,S/PV.8926,Maintenance of international peace and security,0,0,UNRESOLVED_OR_GENERAL,NONE,,,https://documents.un.org/api/symbol/access?s=S%2FPV.8926&l=en&t=pdf,S_PV.8926.pdf,ab7ab3ec83b1eaf218dde7818b3c0752bbaa608ccf97a6bc1ec33ab9524f1684,1,1,MODERATE,AUTHOR_MANUALLY_VERIFIED_AGAINST_OFFICIAL_SOURCE,RELEASED,GENERAL_LEGAL_OR_HUMANITARIAN_THEME_ONLY,Suraya Bazarova,HUMAN_MANUAL,CANDIDATE_GENERATION_AND_DIAGNOSTIC_SUPPORT_ONLY
ICJ-180-2021-12-07||SC_FORMAL_VOTE::SCV|1960,SC_FORMAL_VOTE::SCV|1960,ICJ-180-2021-12-07,180,Application of the International Convention on the Elimination of All Forms of Racial Discrimination (Armenia v. Azerbaijan),2021-12-07,2021-12-22,15,SC_FORMAL_VOTE,S/PV.8942,Maintenance of international peace and security | Maintenance of international peace and security | S/2021/1075 | 2616 (2021),0,0,NONE,NONE,,,https://documents.un.org/api/symbol/access?s=S%2FPV.8942&l=en&t=pdf,S_PV.8942.pdf,f5f1c37f447f52036bec756cc81a9c66ee96b8810c9ec76247d98483ae15f5ef,1,0,HIGH,AUTHOR_MANUALLY_VERIFIED_AGAINST_OFFICIAL_SOURCE,RELEASED,NO_MATCHED_CASE_NEXUS,Suraya Bazarova,HUMAN_MANUAL,CANDIDATE_GENERATION_AND_DIAGNOSTIC_SUPPORT_ONLY
ICJ-180-2021-12-07||SC_MEETING::SCM|S/PV.8942,SC_MEETING::SCM|S/PV.8942,ICJ-180-2021-12-07,180,Application of the International Convention on the Elimination of All Forms of Racial Discrimination (Armenia v. Azerbaijan),2021-12-07,2021-12-22,15,SC_MEETING,S/PV.8942,Maintenance of international peace and security,0,0,NONE,NONE,,,https://documents.un.org/api/symbol/access?s=S%2FPV.8942&l=en&t=pdf,S_PV.8942.pdf,f5f1c37f447f52036bec756cc81a9c66ee96b8810c9ec76247d98483ae15f5ef,1,0,HIGH,AUTHOR_MANUALLY_VERIFIED_AGAINST_OFFICIAL_SOURCE,RELEASED,NO_MATCHED_CASE_NEXUS,Suraya Bazarova,HUMAN_MANUAL,CANDIDATE_GENERATION_AND_DIAGNOSTIC_SUPPORT_ONLY
ICJ-180-2021-12-07||SC_MEETING::SCM|S/PV.9014,SC_MEETING::SCM|S/PV.9014,ICJ-180-2021-12-07,180,Application of the International Convention on the Elimination of All Forms of Racial Discrimination (Armenia v. Azerbaijan),2021-12-07,2022-04-11,125,SC_MEETING,S/PV.9014,Maintenance of international peace and security,0,0,NONE,NONE,,,https://documents.un.org/api/symbol/access?s=S%2FPV.9014&l=en&t=pdf,S_PV.9014.pdf,603f1c16ec80a23eb572e5ae64273283ca7e77abfe68993a296c541a0a96e39f,1,0,HIGH,AUTHOR_MANUALLY_VERIFIED_AGAINST_OFFICIAL_SOURCE,RELEASED,NO_MATCHED_CASE_NEXUS,Suraya Bazarova,HUMAN_MANUAL,CANDIDATE_GENERATION_AND_DIAGNOSTIC_SUPPORT_ONLY
ICJ-180-2021-12-07||SC_MEETING::SCM|S/PV.9036,SC_MEETING::SCM|S/PV.9036,ICJ-180-2021-12-07,180,Application of the International Convention on the Elimination of All Forms of Racial Discrimination (Armenia v. Azerbaijan),2021-12-07,2022-05-19,163,SC_MEETING,S/PV.9036,Maintenance of international peace and security,0,0,UNRESOLVED_OR_GENERAL,NONE,,,https://documents.un.org/api/symbol/access?s=S%2FPV.9036&l=en&t=pdf,S_PV.9036.pdf,c6324cd2a3ce11085cdcf87694fbc282aa8f070bfb94f997573f1e96a60be9f6,1,1,MODERATE,AUTHOR_MANUALLY_VERIFIED_AGAINST_OFFICIAL_SOURCE,RELEASED,GENERAL_LEGAL_OR_HUMANITARIAN_THEME_ONLY,Suraya Bazarova,HUMAN_MANUAL,CANDIDATE_GENERATION_AND_DIAGNOSTIC_SUPPORT_ONLY
ICJ-180-2021-12-07||SC_MEETING::SCM|S/PV.9036 (Resumption 1),SC_MEETING::SCM|S/PV.9036 (Resumption 1),ICJ-180-2021-12-07,180,Application of the International Convention on the Elimination of All Forms of Racial Discrimination (Armenia v. Azerbaijan),2021-12-07,2022-05-19,163,SC_MEETING,S/PV.9036 (RESUMPTION 1),Maintenance of international peace and security,0,0,NONE,NONE,,,https://documents.un.org/api/symbol/access?s=S%2FPV.9036%20%28RESUMPTION%201%29&l=en&t=pdf,S_PV.9036_RESUMPTION_1.pdf,105287513719a8addb611d76f4fc291ddfe5a5842d7b183df1615f3dd0ed5f49,1,0,HIGH,AUTHOR_MANUALLY_VERIFIED_AGAINST_OFFICIAL_SOURCE,RELEASED,NO_MATCHED_CASE_NEXUS,Suraya Bazarova,HUMAN_MANUAL,CANDIDATE_GENERATION_AND_DIAGNOSTIC_SUPPORT_ONLY
ICJ-180-2021-12-07||SC_MEETING::SCM|S/PV.9039,SC_MEETING::SCM|S/PV.9039,ICJ-180-2021-12-07,180,Application of the International Convention on the Elimination of All Forms of Racial Discrimination (Armenia v. Azerbaijan),2021-12-07,2022-05-23,167,SC_MEETING,S/PV.9039,Maintenance of international peace and security,0,0,NONE,NONE,,,https://documents.un.org/api/symbol/access?s=S%2FPV.9039&l=en&t=pdf,S_PV.9039.pdf,3a95ddf8cf024f2223c635e60a3f5440b4d8ccdf14b069e388ff95199647a341,1,0,HIGH,AUTHOR_MANUALLY_VERIFIED_AGAINST_OFFICIAL_SOURCE,RELEASED,NO_MATCHED_CASE_NEXUS,Suraya Bazarova,HUMAN_MANUAL,CANDIDATE_GENERATION_AND_DIAGNOSTIC_SUPPORT_ONLY
ICJ-180-2021-12-07||SC_MEETING::SCM|S/PV.9052,SC_MEETING::SCM|S/PV.9052,ICJ-180-2021-12-07,180,Application of the International Convention on the Elimination of All Forms of Racial Discrimination (Armenia v. Azerbaijan),2021-12-07,2022-06-02,177,SC_MEETING,S/PV.9052,Maintenance of international peace and security,1,0,MEMBER_STATE_OR_GENERAL_COUNCIL_DISCUSSION,DISCUSSION_OR_STATE_CALL,,,https://documents.un.org/api/symbol/access?s=S%2FPV.9052&l=en&t=pdf,S_PV.9052.pdf,d17d518f622f5063dc1598e161972869fc945001b78eccd459ffd8e82e20fa76,1,2,MODERATE,AUTHOR_MANUALLY_VERIFIED_AGAINST_OFFICIAL_SOURCE,RELEASED,SAME_CASE_OR_CRISIS_WITHOUT_PROVEN_COLLECTIVE_ORDER_SPECIFIC_OUTPUT,Suraya Bazarova,HUMAN_MANUAL,CANDIDATE_GENERATION_AND_DIAGNOSTIC_SUPPORT_ONLY
ICJ-180-2021-12-07||SC_MEETING::SCM|S/PV.9052 (Resumption 1),SC_MEETING::SCM|S/PV.9052 (Resumption 1),ICJ-180-2021-12-07,180,Application of the International Convention on the Elimination of All Forms of Racial Discrimination (Armenia v. Azerbaijan),2021-12-07,2022-06-02,177,SC_MEETING,S/PV.9052 (RESUMPTION 1),Maintenance of international peace and security,1,0,MEMBER_STATE_OR_GENERAL_COUNCIL_DISCUSSION,DISCUSSION_OR_STATE_CALL,,,https://documents.un.org/api/symbol/access?s=S%2FPV.9052%20%28RESUMPTION%201%29&l=en&t=pdf,S_PV.9052_RESUMPTION_1.pdf,2628b726e727396cb3ecedb59f1578d9fe89b426063b1637711f8549532c1e3a,1,2,MODERATE,AUTHOR_MANUALLY_VERIFIED_AGAINST_OFFICIAL_SOURCE,RELEASED,SAME_CASE_OR_CRISIS_WITHOUT_PROVEN_COLLECTIVE_ORDER_SPECIFIC_OUTPUT,Suraya Bazarova,HUMAN_MANUAL,CANDIDATE_GENERATION_AND_DIAGNOSTIC_SUPPORT_ONLY
ICJ-180-2022-10-12||SC_MEETING::SCM|S/PV.9167,SC_MEETING::SCM|S/PV.9167,ICJ-180-2022-10-12,180,Application of the International Convention on the Elimination of All Forms of Racial Discrimination (Armenia v. Azerbaijan),2022-10-12,2022-10-26,14,SC_MEETING,S/PV.9167,Maintenance of international peace and security,0,0,NONE,NONE,,,https://documents.un.org/api/symbol/access?s=S%2FPV.9167&l=en&t=pdf,S_PV.9167.pdf,855d443cf0c76237aa01c6e217b9f885fc481ae4e48fa1e8a633857c145ff77e,1,0,HIGH,AUTHOR_MANUALLY_VERIFIED_AGAINST_OFFICIAL_SOURCE,RELEASED,NO_MATCHED_CASE_NEXUS,Suraya Bazarova,HUMAN_MANUAL,CANDIDATE_GENERATION_AND_DIAGNOSTIC_SUPPORT_ONLY
ICJ-180-2022-10-12||SC_MEETING::SCM|S/PV.9220,SC_MEETING::SCM|S/PV.9220,ICJ-180-2022-10-12,180,Application of the International Convention on the Elimination of All Forms of Racial Discrimination (Armenia v. Azerbaijan),2022-10-12,2022-12-14,63,SC_MEETING,S/PV.9220,Maintenance of international peace and security,1,0,MEMBER_STATE_OR_GENERAL_COUNCIL_DISCUSSION,DISCUSSION_OR_STATE_CALL,,,https://documents.un.org/api/symbol/access?s=S%2FPV.9220&l=en&t=pdf,S_PV.9220.pdf,056ce0f5061394208212b102c186e660a838f15c88634d1c2b9e36ed6c7274bf,1,2,MODERATE,AUTHOR_MANUALLY_VERIFIED_AGAINST_OFFICIAL_SOURCE,RELEASED,SAME_CASE_OR_CRISIS_WITHOUT_PROVEN_COLLECTIVE_ORDER_SPECIFIC_OUTPUT,Suraya Bazarova,HUMAN_MANUAL,CANDIDATE_GENERATION_AND_DIAGNOSTIC_SUPPORT_ONLY
ICJ-180-2022-10-12||SC_MEETING::SCM|S/PV.9220 (Resumption 1),SC_MEETING::SCM|S/PV.9220 (Resumption 1),ICJ-180-2022-10-12,180,Application of the International Convention on the Elimination of All Forms of Racial Discrimination (Armenia v. Azerbaijan),2022-10-12,2022-12-14,63,SC_MEETING,S/PV.9220 (RESUMPTION 1),Maintenance of international peace and security,0,0,MEMBER_STATE_OR_GENERAL_REFERENCE,NONE_FOR_MATCHED_ORDER,,,https://documents.un.org/api/symbol/access?s=S%2FPV.9220%20%28RESUMPTION%201%29&l=en&t=pdf,S_PV.9220_RESUMPTION_1.pdf,b4ea1f5d4a4d9996d978cf6a9d1a67eae570709b9ac65dc7e0a7769444194b4f,1,0,HIGH,AUTHOR_MANUALLY_VERIFIED_AGAINST_OFFICIAL_SOURCE,RELEASED,DIFFERENT_ICJ_CASE_OR_UNRELATED_ICJ_REFERENCE,Suraya Bazarova,HUMAN_MANUAL,CANDIDATE_GENERATION_AND_DIAGNOSTIC_SUPPORT_ONLY
ICJ-180-2022-10-12||SC_MEETING::SCM|S/PV.9228,SC_MEETING::SCM|S/PV.9228,ICJ-180-2022-10-12,180,Application of the International Convention on the Elimination of All Forms of Racial Discrimination (Armenia v. Azerbaijan),2022-10-12,2022-12-20,69,SC_MEETING,S/PV.9228,Letter dated 13 September 2022 from the Permanent Representative of Armenia to the United Nations addressed to the President of the Security Council (S/2022/688),1,0,MEMBER_STATE_OR_GENERAL_COUNCIL_DISCUSSION,DISCUSSION_OR_STATE_CALL,,,https://documents.un.org/api/symbol/access?s=S%2FPV.9228&l=en&t=pdf,S_PV.9228.pdf,19d8e020690e990e51389cb496951115dd46497fdc00cd01abd81e67dce048c8,1,2,MODERATE,AUTHOR_MANUALLY_VERIFIED_AGAINST_OFFICIAL_SOURCE,RELEASED,SAME_CASE_OR_CRISIS_WITHOUT_PROVEN_COLLECTIVE_ORDER_SPECIFIC_OUTPUT,Suraya Bazarova,HUMAN_MANUAL,CANDIDATE_GENERATION_AND_DIAGNOSTIC_SUPPORT_ONLY
ICJ-180-2022-10-12||SC_MEETING::SCM|S/PV.9241,SC_MEETING::SCM|S/PV.9241,ICJ-180-2022-10-12,180,Application of the International Convention on the Elimination of All Forms of Racial Discrimination (Armenia v. Azerbaijan),2022-10-12,2023-01-12,92,SC_MEETING,S/PV.9241,The promotion and strengthening of the rule of law in the maintenance of international peace and security,1,0,MEMBER_STATE_OR_GENERAL_COUNCIL_DISCUSSION,DISCUSSION_OR_STATE_CALL,,,https://documents.un.org/api/symbol/access?s=S%2FPV.9241&l=en&t=pdf,S_PV.9241.pdf,a582e6ebdcb747e6e9ef68e0cf99086b229f9f930132441ee493d1c8a830cb79,1,2,MODERATE,AUTHOR_MANUALLY_VERIFIED_AGAINST_OFFICIAL_SOURCE,RELEASED,SAME_CASE_OR_CRISIS_WITHOUT_PROVEN_COLLECTIVE_ORDER_SPECIFIC_OUTPUT,Suraya Bazarova,HUMAN_MANUAL,CANDIDATE_GENERATION_AND_DIAGNOSTIC_SUPPORT_ONLY
ICJ-180-2022-10-12||SC_MEETING::SCM|S/PV.9241 (Resumption 1),SC_MEETING::SCM|S/PV.9241 (Resumption 1),ICJ-180-2022-10-12,180,Application of the International Convention on the Elimination of All Forms of Racial Discrimination (Armenia v. Azerbaijan),2022-10-12,2023-01-12,92,SC_MEETING,S/PV.9241 (RESUMPTION 1),The promotion and strengthening of the rule of law in the maintenance of international peace and security,1,0,MEMBER_STATE_OR_GENERAL_COUNCIL_DISCUSSION,DISCUSSION_OR_STATE_CALL,,,https://documents.un.org/api/symbol/access?s=S%2FPV.9241%20%28RESUMPTION%201%29&l=en&t=pdf,S_PV.9241_RESUMPTION_1.pdf,eefe5838064c7c79a8958044b1bb238935c75fa08a0fe4a214450ac77f141869,1,2,MODERATE,AUTHOR_MANUALLY_VERIFIED_AGAINST_OFFICIAL_SOURCE,RELEASED,SAME_CASE_OR_CRISIS_WITHOUT_PROVEN_COLLECTIVE_ORDER_SPECIFIC_OUTPUT,Suraya Bazarova,HUMAN_MANUAL,CANDIDATE_GENERATION_AND_DIAGNOSTIC_SUPPORT_ONLY
ICJ-180-2022-10-12||SC_MEETING::SCM|S/PV.9285,SC_MEETING::SCM|S/PV.9285,ICJ-180-2022-10-12,180,Application of the International Convention on the Elimination of All Forms of Racial Discrimination (Armenia v. Azerbaijan),2022-10-12,2023-03-16,155,SC_MEETING,S/PV.9285,Maintenance of international peace and security,0,0,NONE,NONE,,,https://documents.un.org/api/symbol/access?s=S%2FPV.9285&l=en&t=pdf,S_PV.9285.pdf,ce16e9f97c3774315efb0c7ae55734b17f6b7544f627e83d13729dd5dd37ce78,1,0,HIGH,AUTHOR_MANUALLY_VERIFIED_AGAINST_OFFICIAL_SOURCE,RELEASED,NO_MATCHED_CASE_NEXUS,Suraya Bazarova,HUMAN_MANUAL,CANDIDATE_GENERATION_AND_DIAGNOSTIC_SUPPORT_ONLY
ICJ-180-2023-02-22||SC_MEETING::SCM|S/PV.9285,SC_MEETING::SCM|S/PV.9285,ICJ-180-2023-02-22,180,Application of the International Convention on the Elimination of All Forms of Racial Discrimination (Armenia v. Azerbaijan),2023-02-22,2023-03-16,22,SC_MEETING,S/PV.9285,Maintenance of international peace and security,0,0,NONE,NONE,,,https://documents.un.org/api/symbol/access?s=S%2FPV.9285&l=en&t=pdf,S_PV.9285.pdf,ce16e9f97c3774315efb0c7ae55734b17f6b7544f627e83d13729dd5dd37ce78,1,0,HIGH,AUTHOR_MANUALLY_VERIFIED_AGAINST_OFFICIAL_SOURCE,RELEASED,NO_MATCHED_CASE_NEXUS,Suraya Bazarova,HUMAN_MANUAL,CANDIDATE_GENERATION_AND_DIAGNOSTIC_SUPPORT_ONLY
ICJ-180-2023-02-22||SC_MEETING::SCM|S/PV.9308,SC_MEETING::SCM|S/PV.9308,ICJ-180-2023-02-22,180,Application of the International Convention on the Elimination of All Forms of Racial Discrimination (Armenia v. Azerbaijan),2023-02-22,2023-04-24,61,SC_MEETING,S/PV.9308,Maintenance of international peace and security,1,0,MEMBER_STATE_OR_GENERAL_COUNCIL_DISCUSSION,DISCUSSION_OR_STATE_CALL,,,https://documents.un.org/api/symbol/access?s=S%2FPV.9308&l=en&t=pdf,S_PV.9308.pdf,4a7ec09652b5fbcff9e7b27099cdb256cee7225b3f236c78427a39c89607ce1d,1,2,MODERATE,AUTHOR_MANUALLY_VERIFIED_AGAINST_OFFICIAL_SOURCE,RELEASED,SAME_CASE_OR_CRISIS_WITHOUT_PROVEN_COLLECTIVE_ORDER_SPECIFIC_OUTPUT,Suraya Bazarova,HUMAN_MANUAL,CANDIDATE_GENERATION_AND_DIAGNOSTIC_SUPPORT_ONLY
ICJ-180-2023-02-22||SC_MEETING::SCM|S/PV.9308 (Resumption 1),SC_MEETING::SCM|S/PV.9308 (Resumption 1),ICJ-180-2023-02-22,180,Application of the International Convention on the Elimination of All Forms of Racial Discrimination (Armenia v. Azerbaijan),2023-02-22,2023-04-24,61,SC_MEETING,S/PV.9308 (RESUMPTION 1),Maintenance of international peace and security,1,0,MEMBER_STATE_OR_GENERAL_COUNCIL_DISCUSSION,DISCUSSION_OR_STATE_CALL,,,https://documents.un.org/api/symbol/access?s=S%2FPV.9308%20%28RESUMPTION%201%29&l=en&t=pdf,S_PV.9308_RESUMPTION_1.pdf,e8e42711e3c35189449ba2c53d472c7f65831b06295841a4d90a26c35e8ecc89,1,2,MODERATE,AUTHOR_MANUALLY_VERIFIED_AGAINST_OFFICIAL_SOURCE,RELEASED,SAME_CASE_OR_CRISIS_WITHOUT_PROVEN_COLLECTIVE_ORDER_SPECIFIC_OUTPUT,Suraya Bazarova,HUMAN_MANUAL,CANDIDATE_GENERATION_AND_DIAGNOSTIC_SUPPORT_ONLY
ICJ-180-2023-02-22||SC_FORMAL_VOTE::SCV|2038,SC_FORMAL_VOTE::SCV|2038,ICJ-180-2023-02-22,180,Application of the International Convention on the Elimination of All Forms of Racial Discrimination (Armenia v. Azerbaijan),2023-02-22,2023-06-14,112,SC_FORMAL_VOTE,S/PV.9347,Maintenance of international peace and security | Maintenance of international peace and security | S/2023/427 | 2686 (2023),0,0,NONE,NONE,,,https://documents.un.org/api/symbol/access?s=S%2FPV.9347&l=en&t=pdf,S_PV.9347.pdf,ee5665bb730f6aaa0d1a137107390513fdda89ad17220be85e2cd42834d45b75,1,0,HIGH,AUTHOR_MANUALLY_VERIFIED_AGAINST_OFFICIAL_SOURCE,RELEASED,NO_MATCHED_CASE_NEXUS,Suraya Bazarova,HUMAN_MANUAL,CANDIDATE_GENERATION_AND_DIAGNOSTIC_SUPPORT_ONLY
ICJ-180-2023-02-22||SC_MEETING::SCM|S/PV.9346,SC_MEETING::SCM|S/PV.9346,ICJ-180-2023-02-22,180,Application of the International Convention on the Elimination of All Forms of Racial Discrimination (Armenia v. Azerbaijan),2023-02-22,2023-06-14,112,SC_MEETING,S/PV.9346,Maintenance of international peace and security,0,0,NONE,NONE,,,https://documents.un.org/api/symbol/access?s=S%2FPV.9346&l=en&t=pdf,S_PV.9346.pdf,a70b6ae6a20dc0fe919587d42462b96ae4102f389c96e7f2592575f25502c77a,1,0,HIGH,AUTHOR_MANUALLY_VERIFIED_AGAINST_OFFICIAL_SOURCE,RELEASED,NO_MATCHED_CASE_NEXUS,Suraya Bazarova,HUMAN_MANUAL,CANDIDATE_GENERATION_AND_DIAGNOSTIC_SUPPORT_ONLY
ICJ-180-2023-02-22||SC_MEETING::SCM|S/PV.9347,SC_MEETING::SCM|S/PV.9347,ICJ-180-2023-02-22,180,Application of the International Convention on the Elimination of All Forms of Racial Discrimination (Armenia v. Azerbaijan),2023-02-22,2023-06-14,112,SC_MEETING,S/PV.9347,Maintenance of international peace and security,0,0,NONE,NONE,,,https://documents.un.org/api/symbol/access?s=S%2FPV.9347&l=en&t=pdf,S_PV.9347.pdf,ee5665bb730f6aaa0d1a137107390513fdda89ad17220be85e2cd42834d45b75,1,0,HIGH,AUTHOR_MANUALLY_VERIFIED_AGAINST_OFFICIAL_SOURCE,RELEASED,NO_MATCHED_CASE_NEXUS,Suraya Bazarova,HUMAN_MANUAL,CANDIDATE_GENERATION_AND_DIAGNOSTIC_SUPPORT_ONLY
ICJ-180-2023-02-22||SC_MEETING::SCM|S/PV.9381,SC_MEETING::SCM|S/PV.9381,ICJ-180-2023-02-22,180,Application of the International Convention on the Elimination of All Forms of Racial Discrimination (Armenia v. Azerbaijan),2023-02-22,2023-07-18,146,SC_MEETING,S/PV.9381,Maintenance of international peace and security,0,0,NONE,NONE,,,https://documents.un.org/api/symbol/access?s=S%2FPV.9381&l=en&t=pdf,S_PV.9381.pdf,fff60666adfd80591e050989409b09930452a03e8845128e03b076116dac610f,1,0,HIGH,AUTHOR_MANUALLY_VERIFIED_AGAINST_OFFICIAL_SOURCE,RELEASED,NO_MATCHED_CASE_NEXUS,Suraya Bazarova,HUMAN_MANUAL,CANDIDATE_GENERATION_AND_DIAGNOSTIC_SUPPORT_ONLY
ICJ-180-2023-02-22||SC_MEETING::SCM|S/PV.9392,SC_MEETING::SCM|S/PV.9392,ICJ-180-2023-02-22,180,Application of the International Convention on the Elimination of All Forms of Racial Discrimination (Armenia v. Azerbaijan),2023-02-22,2023-08-03,162,SC_MEETING,S/PV.9392,Maintenance of international peace and security,1,0,MEMBER_STATE_OR_GENERAL_COUNCIL_DISCUSSION,DISCUSSION_OR_STATE_CALL,,,https://documents.un.org/api/symbol/access?s=S%2FPV.9392&l=en&t=pdf,S_PV.9392.pdf,921611b0c66c072ef9efe98dcc7184d28cb6cf1cfa8d153ae5911bf3c7bc024d,1,2,MODERATE,AUTHOR_MANUALLY_VERIFIED_AGAINST_OFFICIAL_SOURCE,RELEASED,SAME_CASE_OR_CRISIS_WITHOUT_PROVEN_COLLECTIVE_ORDER_SPECIFIC_OUTPUT,Suraya Bazarova,HUMAN_MANUAL,CANDIDATE_GENERATION_AND_DIAGNOSTIC_SUPPORT_ONLY
ICJ-180-2023-02-22||SC_MEETING::SCM|S/PV.9392 (Resumption 1),SC_MEETING::SCM|S/PV.9392 (Resumption 1),ICJ-180-2023-02-22,180,Application of the International Convention on the Elimination of All Forms of Racial Discrimination (Armenia v. Azerbaijan),2023-02-22,2023-08-03,162,SC_MEETING,S/PV.9392 (RESUMPTION 1),Maintenance of international peace and security,1,0,MEMBER_STATE_OR_GENERAL_COUNCIL_DISCUSSION,DISCUSSION_OR_STATE_CALL,,,https://documents.un.org/api/symbol/access?s=S%2FPV.9392%20%28RESUMPTION%201%29&l=en&t=pdf,S_PV.9392_RESUMPTION_1.pdf,dfec274c9a5f30f85ddaaa89da9f7cb16286f016a79cc1ac7976136e91d9849c,1,2,MODERATE,AUTHOR_MANUALLY_VERIFIED_AGAINST_OFFICIAL_SOURCE,RELEASED,SAME_CASE_OR_CRISIS_WITHOUT_PROVEN_COLLECTIVE_ORDER_SPECIFIC_OUTPUT,Suraya Bazarova,HUMAN_MANUAL,CANDIDATE_GENERATION_AND_DIAGNOSTIC_SUPPORT_ONLY
ICJ-180-2023-02-22||SC_MEETING::SCM|S/PV.9397,SC_MEETING::SCM|S/PV.9397,ICJ-180-2023-02-22,180,Application of the International Convention on the Elimination of All Forms of Racial Discrimination (Armenia v. Azerbaijan),2023-02-22,2023-08-16,175,SC_MEETING,S/PV.9397,Letter dated 13 September 2022 from the Permanent Representative of Armenia to the United Nations addressed to the President of the Security Council (S/2022/688),1,0,MEMBER_STATE_OR_GENERAL_COUNCIL_DISCUSSION,DISCUSSION_OR_STATE_CALL,,,https://documents.un.org/api/symbol/access?s=S%2FPV.9397&l=en&t=pdf,S_PV.9397.pdf,49352b431d6c17a283cbc8b7e4ff146c1ab052291d84ea3f2b92123a65de45a8,1,2,MODERATE,AUTHOR_MANUALLY_VERIFIED_AGAINST_OFFICIAL_SOURCE,RELEASED,SAME_CASE_OR_CRISIS_WITHOUT_PROVEN_COLLECTIVE_ORDER_SPECIFIC_OUTPUT,Suraya Bazarova,HUMAN_MANUAL,CANDIDATE_GENERATION_AND_DIAGNOSTIC_SUPPORT_ONLY
ICJ-180-2023-07-06||SC_MEETING::SCM|S/PV.9381,SC_MEETING::SCM|S/PV.9381,ICJ-180-2023-07-06,180,Application of the International Convention on the Elimination of All Forms of Racial Discrimination (Armenia v. Azerbaijan),2023-07-06,2023-07-18,12,SC_MEETING,S/PV.9381,Maintenance of international peace and security,0,0,NONE,NONE,,,https://documents.un.org/api/symbol/access?s=S%2FPV.9381&l=en&t=pdf,S_PV.9381.pdf,fff60666adfd80591e050989409b09930452a03e8845128e03b076116dac610f,1,0,HIGH,AUTHOR_MANUALLY_VERIFIED_AGAINST_OFFICIAL_SOURCE,RELEASED,NO_MATCHED_CASE_NEXUS,Suraya Bazarova,HUMAN_MANUAL,CANDIDATE_GENERATION_AND_DIAGNOSTIC_SUPPORT_ONLY
ICJ-180-2023-07-06||SC_MEETING::SCM|S/PV.9392,SC_MEETING::SCM|S/PV.9392,ICJ-180-2023-07-06,180,Application of the International Convention on the Elimination of All Forms of Racial Discrimination (Armenia v. Azerbaijan),2023-07-06,2023-08-03,28,SC_MEETING,S/PV.9392,Maintenance of international peace and security,1,0,MEMBER_STATE_OR_GENERAL_COUNCIL_DISCUSSION,DISCUSSION_OR_STATE_CALL,,,https://documents.un.org/api/symbol/access?s=S%2FPV.9392&l=en&t=pdf,S_PV.9392.pdf,921611b0c66c072ef9efe98dcc7184d28cb6cf1cfa8d153ae5911bf3c7bc024d,1,2,MODERATE,AUTHOR_MANUALLY_VERIFIED_AGAINST_OFFICIAL_SOURCE,RELEASED,SAME_CASE_OR_CRISIS_WITHOUT_PROVEN_COLLECTIVE_ORDER_SPECIFIC_OUTPUT,Suraya Bazarova,HUMAN_MANUAL,CANDIDATE_GENERATION_AND_DIAGNOSTIC_SUPPORT_ONLY
ICJ-180-2023-07-06||SC_MEETING::SCM|S/PV.9392 (Resumption 1),SC_MEETING::SCM|S/PV.9392 (Resumption 1),ICJ-180-2023-07-06,180,Application of the International Convention on the Elimination of All Forms of Racial Discrimination (Armenia v. Azerbaijan),2023-07-06,2023-08-03,28,SC_MEETING,S/PV.9392 (RESUMPTION 1),Maintenance of international peace and security,1,0,MEMBER_STATE_OR_GENERAL_COUNCIL_DISCUSSION,DISCUSSION_OR_STATE_CALL,,,https://documents.un.org/api/symbol/access?s=S%2FPV.9392%20%28RESUMPTION%201%29&l=en&t=pdf,S_PV.9392_RESUMPTION_1.pdf,dfec274c9a5f30f85ddaaa89da9f7cb16286f016a79cc1ac7976136e91d9849c,1,2,MODERATE,AUTHOR_MANUALLY_VERIFIED_AGAINST_OFFICIAL_SOURCE,RELEASED,SAME_CASE_OR_CRISIS_WITHOUT_PROVEN_COLLECTIVE_ORDER_SPECIFIC_OUTPUT,Suraya Bazarova,HUMAN_MANUAL,CANDIDATE_GENERATION_AND_DIAGNOSTIC_SUPPORT_ONLY
ICJ-180-2023-07-06||SC_MEETING::SCM|S/PV.9397,SC_MEETING::SCM|S/PV.9397,ICJ-180-2023-07-06,180,Application of the International Convention on the Elimination of All Forms of Racial Discrimination (Armenia v. Azerbaijan),2023-07-06,2023-08-16,41,SC_MEETING,S/PV.9397,Letter dated 13 September 2022 from the Permanent Representative of Armenia to the United Nations addressed to the President of the Security Council (S/2022/688),1,0,MEMBER_STATE_OR_GENERAL_COUNCIL_DISCUSSION,DISCUSSION_OR_STATE_CALL,,,https://documents.un.org/api/symbol/access?s=S%2FPV.9397&l=en&t=pdf,S_PV.9397.pdf,49352b431d6c17a283cbc8b7e4ff146c1ab052291d84ea3f2b92123a65de45a8,1,2,MODERATE,AUTHOR_MANUALLY_VERIFIED_AGAINST_OFFICIAL_SOURCE,RELEASED,SAME_CASE_OR_CRISIS_WITHOUT_PROVEN_COLLECTIVE_ORDER_SPECIFIC_OUTPUT,Suraya Bazarova,HUMAN_MANUAL,CANDIDATE_GENERATION_AND_DIAGNOSTIC_SUPPORT_ONLY
ICJ-180-2023-07-06||SC_MEETING::SCM|S/PV.9418,SC_MEETING::SCM|S/PV.9418,ICJ-180-2023-07-06,180,Application of the International Convention on the Elimination of All Forms of Racial Discrimination (Armenia v. Azerbaijan),2023-07-06,2023-09-14,70,SC_MEETING,S/PV.9418,Maintenance of international peace and security,0,0,NONE,NONE,,,https://documents.un.org/api/symbol/access?s=S%2FPV.9418&l=en&t=pdf,S_PV.9418.pdf,29236aa169adb120b9beeec5c1444a7ede3253925cf167f1c757411f6d0ed3ce,1,0,HIGH,AUTHOR_MANUALLY_VERIFIED_AGAINST_OFFICIAL_SOURCE,RELEASED,NO_MATCHED_CASE_NEXUS,Suraya Bazarova,HUMAN_MANUAL,CANDIDATE_GENERATION_AND_DIAGNOSTIC_SUPPORT_ONLY
ICJ-180-2023-07-06||SC_MEETING::SCM|S/PV.9418 (Resumption 1),SC_MEETING::SCM|S/PV.9418 (Resumption 1),ICJ-180-2023-07-06,180,Application of the International Convention on the Elimination of All Forms of Racial Discrimination (Armenia v. Azerbaijan),2023-07-06,2023-09-14,70,SC_MEETING,S/PV.9418 (RESUMPTION 1),Maintenance of international peace and security,0,0,NONE,NONE,,,https://documents.un.org/api/symbol/access?s=S%2FPV.9418%20%28RESUMPTION%201%29&l=en&t=pdf,S_PV.9418_RESUMPTION_1.pdf,d6bccbf8ca9367879d84b665728224da17bacc230c4d95e5d1899d5c2f8ff736,1,0,HIGH,AUTHOR_MANUALLY_VERIFIED_AGAINST_OFFICIAL_SOURCE,RELEASED,NO_MATCHED_CASE_NEXUS,Suraya Bazarova,HUMAN_MANUAL,CANDIDATE_GENERATION_AND_DIAGNOSTIC_SUPPORT_ONLY
ICJ-180-2023-07-06||SC_MEETING::SCM|S/PV.9421,SC_MEETING::SCM|S/PV.9421,ICJ-180-2023-07-06,180,Application of the International Convention on the Elimination of All Forms of Racial Discrimination (Armenia v. Azerbaijan),2023-07-06,2023-09-20,76,SC_MEETING,S/PV.9421,Maintenance of international peace and security,0,0,MEMBER_STATE_OR_GENERAL_REFERENCE,NONE_FOR_MATCHED_ORDER,,,https://documents.un.org/api/symbol/access?s=S%2FPV.9421&l=en&t=pdf,S_PV.9421.pdf,0f47de6c7facedd1476fc97379facf8138d6ce718d17e164de0d37085583e29b,1,0,HIGH,AUTHOR_MANUALLY_VERIFIED_AGAINST_OFFICIAL_SOURCE,RELEASED,DIFFERENT_ICJ_CASE_OR_UNRELATED_ICJ_REFERENCE,Suraya Bazarova,HUMAN_MANUAL,CANDIDATE_GENERATION_AND_DIAGNOSTIC_SUPPORT_ONLY
ICJ-180-2023-07-06||SC_MEETING::SCM|S/PV.9421 (Resumption 1),SC_MEETING::SCM|S/PV.9421 (Resumption 1),ICJ-180-2023-07-06,180,Application of the International Convention on the Elimination of All Forms of Racial Discrimination (Armenia v. Azerbaijan),2023-07-06,2023-09-20,76,SC_MEETING,S/PV.9421 (RESUMPTION 1),Maintenance of international peace and security,1,0,MEMBER_STATE_OR_GENERAL_COUNCIL_DISCUSSION,DISCUSSION_OR_STATE_CALL,,,https://documents.un.org/api/symbol/access?s=S%2FPV.9421%20%28RESUMPTION%201%29&l=en&t=pdf,S_PV.9421_RESUMPTION_1.pdf,8dd6e3336bbba59fe8f20449c23d5d71fbd59faa6728dfe4604eae479b1b1ca9,1,2,MODERATE,AUTHOR_MANUALLY_VERIFIED_AGAINST_OFFICIAL_SOURCE,RELEASED,SAME_CASE_OR_CRISIS_WITHOUT_PROVEN_COLLECTIVE_ORDER_SPECIFIC_OUTPUT,Suraya Bazarova,HUMAN_MANUAL,CANDIDATE_GENERATION_AND_DIAGNOSTIC_SUPPORT_ONLY
ICJ-180-2023-07-06||SC_MEETING::SCM|S/PV.9421 (Resumption 2),SC_MEETING::SCM|S/PV.9421 (Resumption 2),ICJ-180-2023-07-06,180,Application of the International Convention on the Elimination of All Forms of Racial Discrimination (Armenia v. Azerbaijan),2023-07-06,2023-09-21,77,SC_MEETING,S/PV.9421 (RESUMPTION 2),Maintenance of international peace and security,0,0,NONE,NONE,,,https://documents.un.org/api/symbol/access?s=S%2FPV.9421%20%28RESUMPTION%202%29&l=en&t=pdf,S_PV.9421_RESUMPTION_2.pdf,27128619829a1ca0b260e148a25e0768aa78305f3bd3572e741272cbf4ac8e7a,1,0,HIGH,AUTHOR_MANUALLY_VERIFIED_AGAINST_OFFICIAL_SOURCE,RELEASED,NO_MATCHED_CASE_NEXUS,Suraya Bazarova,HUMAN_MANUAL,CANDIDATE_GENERATION_AND_DIAGNOSTIC_SUPPORT_ONLY
ICJ-180-2023-07-06||SC_MEETING::SCM|S/PV.9422,SC_MEETING::SCM|S/PV.9422,ICJ-180-2023-07-06,180,Application of the International Convention on the Elimination of All Forms of Racial Discrimination (Armenia v. Azerbaijan),2023-07-06,2023-09-21,77,SC_MEETING,S/PV.9422,Letter dated 13 September 2022 from the Permanent Representative of Armenia to the United Nations addressed to the President of the Security Council (S/2022/688),1,0,MEMBER_STATE_OR_GENERAL_COUNCIL_DISCUSSION,DISCUSSION_OR_STATE_CALL,,,https://documents.un.org/api/symbol/access?s=S%2FPV.9422&l=en&t=pdf,S_PV.9422.pdf,06cb1639594e526510352a0bcca28970638420d17ee05229816853b1f743bcd6,1,2,MODERATE,AUTHOR_MANUALLY_VERIFIED_AGAINST_OFFICIAL_SOURCE,RELEASED,SAME_CASE_OR_CRISIS_WITHOUT_PROVEN_COLLECTIVE_ORDER_SPECIFIC_OUTPUT,Suraya Bazarova,HUMAN_MANUAL,CANDIDATE_GENERATION_AND_DIAGNOSTIC_SUPPORT_ONLY
ICJ-180-2023-07-06||SC_MEETING::SCM|S/PV.9428,SC_MEETING::SCM|S/PV.9428,ICJ-180-2023-07-06,180,Application of the International Convention on the Elimination of All Forms of Racial Discrimination (Armenia v. Azerbaijan),2023-07-06,2023-09-28,84,SC_MEETING,S/PV.9428,Maintenance of international peace and security,0,0,NONE,NONE,,,https://documents.un.org/api/symbol/access?s=S%2FPV.9428&l=en&t=pdf,S_PV.9428.pdf,5e282b82c7f0f847f528da01452410d5bb6cc6e5781bc1f3f831b5583adc9dbe,1,0,HIGH,AUTHOR_MANUALLY_VERIFIED_AGAINST_OFFICIAL_SOURCE,RELEASED,NO_MATCHED_CASE_NEXUS,Suraya Bazarova,HUMAN_MANUAL,CANDIDATE_GENERATION_AND_DIAGNOSTIC_SUPPORT_ONLY
ICJ-180-2023-07-06||SC_FORMAL_VOTE::SCV|2054,SC_FORMAL_VOTE::SCV|2054,ICJ-180-2023-07-06,180,Application of the International Convention on the Elimination of All Forms of Racial Discrimination (Armenia v. Azerbaijan),2023-07-06,2023-09-29,85,SC_FORMAL_VOTE,S/PV.9429,Maintenance of international peace and security | Maintenance of international peace and security | S/2023/708 | 2698 (2023),0,0,NONE,NONE,,,https://documents.un.org/api/symbol/access?s=S%2FPV.9429&l=en&t=pdf,S_PV.9429.pdf,f6b007982f0b109946ae239720d1202b6cb09c6aeadf921d25025e9bc5e213e4,1,0,HIGH,AUTHOR_MANUALLY_VERIFIED_AGAINST_OFFICIAL_SOURCE,RELEASED,NO_MATCHED_CASE_NEXUS,Suraya Bazarova,HUMAN_MANUAL,CANDIDATE_GENERATION_AND_DIAGNOSTIC_SUPPORT_ONLY
ICJ-180-2023-07-06||SC_MEETING::SCM|S/PV.9429,SC_MEETING::SCM|S/PV.9429,ICJ-180-2023-07-06,180,Application of the International Convention on the Elimination of All Forms of Racial Discrimination (Armenia v. Azerbaijan),2023-07-06,2023-09-29,85,SC_MEETING,S/PV.9429,Maintenance of international peace and security,0,0,NONE,NONE,,,https://documents.un.org/api/symbol/access?s=S%2FPV.9429&l=en&t=pdf,S_PV.9429.pdf,f6b007982f0b109946ae239720d1202b6cb09c6aeadf921d25025e9bc5e213e4,1,0,HIGH,AUTHOR_MANUALLY_VERIFIED_AGAINST_OFFICIAL_SOURCE,RELEASED,NO_MATCHED_CASE_NEXUS,Suraya Bazarova,HUMAN_MANUAL,CANDIDATE_GENERATION_AND_DIAGNOSTIC_SUPPORT_ONLY
ICJ-180-2023-07-06||SC_MEETING::SCM|S/PV.9448,SC_MEETING::SCM|S/PV.9448,ICJ-180-2023-07-06,180,Application of the International Convention on the Elimination of All Forms of Racial Discrimination (Armenia v. Azerbaijan),2023-07-06,2023-10-20,106,SC_MEETING,S/PV.9448,Maintenance of international peace and security,1,0,MEMBER_STATE_OR_GENERAL_COUNCIL_DISCUSSION,DISCUSSION_OR_STATE_CALL,,,https://documents.un.org/api/symbol/access?s=S%2FPV.9448&l=en&t=pdf,S_PV.9448.pdf,3a011ff02e22594bbd7352c5494a4dd306c82b9bb794156c3a99f0b6bb0a44fa,1,2,MODERATE,AUTHOR_MANUALLY_VERIFIED_AGAINST_OFFICIAL_SOURCE,RELEASED,SAME_CASE_OR_CRISIS_WITHOUT_PROVEN_COLLECTIVE_ORDER_SPECIFIC_OUTPUT,Suraya Bazarova,HUMAN_MANUAL,CANDIDATE_GENERATION_AND_DIAGNOSTIC_SUPPORT_ONLY
ICJ-180-2023-07-06||SC_MEETING::SCM|S/PV.9448 (Resumption 1),SC_MEETING::SCM|S/PV.9448 (Resumption 1),ICJ-180-2023-07-06,180,Application of the International Convention on the Elimination of All Forms of Racial Discrimination (Armenia v. Azerbaijan),2023-07-06,2023-10-20,106,SC_MEETING,S/PV.9448 (RESUMPTION 1),Maintenance of international peace and security,1,0,MEMBER_STATE_OR_GENERAL_COUNCIL_DISCUSSION,DISCUSSION_OR_STATE_CALL,,,https://documents.un.org/api/symbol/access?s=S%2FPV.9448%20%28RESUMPTION%201%29&l=en&t=pdf,S_PV.9448_RESUMPTION_1.pdf,fe0f5c62e1c9d17d820262d742cabca1d206eed9c19d20e7bfb0815b720dad31,1,2,MODERATE,AUTHOR_MANUALLY_VERIFIED_AGAINST_OFFICIAL_SOURCE,RELEASED,SAME_CASE_OR_CRISIS_WITHOUT_PROVEN_COLLECTIVE_ORDER_SPECIFIC_OUTPUT,Suraya Bazarova,HUMAN_MANUAL,CANDIDATE_GENERATION_AND_DIAGNOSTIC_SUPPORT_ONLY
ICJ-180-2023-07-06||SC_MEETING::SCM|S/PV.9482,SC_MEETING::SCM|S/PV.9482,ICJ-180-2023-07-06,180,Application of the International Convention on the Elimination of All Forms of Racial Discrimination (Armenia v. Azerbaijan),2023-07-06,2023-11-20,137,SC_MEETING,S/PV.9482,Maintenance of international peace and security,0,0,UNRESOLVED_OR_GENERAL,NONE,,,https://documents.un.org/api/symbol/access?s=S%2FPV.9482&l=en&t=pdf,S_PV.9482.pdf,df8deccb4ed33653db0d4667145b89ed886d5cdcef1779ab118e6f2229663689,1,1,MODERATE,AUTHOR_MANUALLY_VERIFIED_AGAINST_OFFICIAL_SOURCE,RELEASED,GENERAL_LEGAL_OR_HUMANITARIAN_THEME_ONLY,Suraya Bazarova,HUMAN_MANUAL,CANDIDATE_GENERATION_AND_DIAGNOSTIC_SUPPORT_ONLY
ICJ-180-2023-07-06||SC_MEETING::SCM|S/PV.9482 (Resumption 1),SC_MEETING::SCM|S/PV.9482 (Resumption 1),ICJ-180-2023-07-06,180,Application of the International Convention on the Elimination of All Forms of Racial Discrimination (Armenia v. Azerbaijan),2023-07-06,2023-11-20,137,SC_MEETING,S/PV.9482 (RESUMPTION 1),Maintenance of international peace and security,1,0,MEMBER_STATE_OR_GENERAL_COUNCIL_DISCUSSION,DISCUSSION_OR_STATE_CALL,,,https://documents.un.org/api/symbol/access?s=S%2FPV.9482%20%28RESUMPTION%201%29&l=en&t=pdf,S_PV.9482_RESUMPTION_1.pdf,97d4004acbf860676d60ad52cda370f3d7abb67932eaa08e555ef420388d2d5a,1,2,MODERATE,AUTHOR_MANUALLY_VERIFIED_AGAINST_OFFICIAL_SOURCE,RELEASED,SAME_CASE_OR_CRISIS_WITHOUT_PROVEN_COLLECTIVE_ORDER_SPECIFIC_OUTPUT,Suraya Bazarova,HUMAN_MANUAL,CANDIDATE_GENERATION_AND_DIAGNOSTIC_SUPPORT_ONLY
ICJ-180-2023-11-17||SC_MEETING::SCM|S/PV.9482,SC_MEETING::SCM|S/PV.9482,ICJ-180-2023-11-17,180,Application of the International Convention on the Elimination of All Forms of Racial Discrimination (Armenia v. Azerbaijan),2023-11-17,2023-11-20,3,SC_MEETING,S/PV.9482,Maintenance of international peace and security,0,0,UNRESOLVED_OR_GENERAL,NONE,,,https://documents.un.org/api/symbol/access?s=S%2FPV.9482&l=en&t=pdf,S_PV.9482.pdf,df8deccb4ed33653db0d4667145b89ed886d5cdcef1779ab118e6f2229663689,1,1,MODERATE,AUTHOR_MANUALLY_VERIFIED_AGAINST_OFFICIAL_SOURCE,RELEASED,GENERAL_LEGAL_OR_HUMANITARIAN_THEME_ONLY,Suraya Bazarova,HUMAN_MANUAL,CANDIDATE_GENERATION_AND_DIAGNOSTIC_SUPPORT_ONLY
ICJ-180-2023-11-17||SC_MEETING::SCM|S/PV.9482 (Resumption 1),SC_MEETING::SCM|S/PV.9482 (Resumption 1),ICJ-180-2023-11-17,180,Application of the International Convention on the Elimination of All Forms of Racial Discrimination (Armenia v. Azerbaijan),2023-11-17,2023-11-20,3,SC_MEETING,S/PV.9482 (RESUMPTION 1),Maintenance of international peace and security,1,0,MEMBER_STATE_OR_GENERAL_COUNCIL_DISCUSSION,DISCUSSION_OR_STATE_CALL,,,https://documents.un.org/api/symbol/access?s=S%2FPV.9482%20%28RESUMPTION%201%29&l=en&t=pdf,S_PV.9482_RESUMPTION_1.pdf,97d4004acbf860676d60ad52cda370f3d7abb67932eaa08e555ef420388d2d5a,1,2,MODERATE,AUTHOR_MANUALLY_VERIFIED_AGAINST_OFFICIAL_SOURCE,RELEASED,SAME_CASE_OR_CRISIS_WITHOUT_PROVEN_COLLECTIVE_ORDER_SPECIFIC_OUTPUT,Suraya Bazarova,HUMAN_MANUAL,CANDIDATE_GENERATION_AND_DIAGNOSTIC_SUPPORT_ONLY
ICJ-180-2023-11-17||SC_MEETING::SCM|S/PV.9525,SC_MEETING::SCM|S/PV.9525,ICJ-180-2023-11-17,180,Application of the International Convention on the Elimination of All Forms of Racial Discrimination (Armenia v. Azerbaijan),2023-11-17,2024-01-03,47,SC_MEETING,S/PV.9525,Maintenance of international peace and security,0,0,NONE,NONE,,,https://documents.un.org/api/symbol/access?s=S%2FPV.9525&l=en&t=pdf,S_PV.9525.pdf,c6af3fb3aff8fa4906dab9c9b133d17353767844b5b14ee589952e3571353ef7,1,0,HIGH,AUTHOR_MANUALLY_VERIFIED_AGAINST_OFFICIAL_SOURCE,RELEASED,NO_MATCHED_CASE_NEXUS,Suraya Bazarova,HUMAN_MANUAL,CANDIDATE_GENERATION_AND_DIAGNOSTIC_SUPPORT_ONLY
ICJ-180-2023-11-17||SC_FORMAL_VOTE::SCV|2083,SC_FORMAL_VOTE::SCV|2083,ICJ-180-2023-11-17,180,Application of the International Convention on the Elimination of All Forms of Racial Discrimination (Armenia v. Azerbaijan),2023-11-17,2024-01-10,54,SC_FORMAL_VOTE,S/PV.9527,Maintenance of international peace and security | Maintenance of international peace and security | S/2024/37 | 2722 (2024),0,0,NONE,NONE,,,https://documents.un.org/api/symbol/access?s=S%2FPV.9527&l=en&t=pdf,S_PV.9527.pdf,887d1dcb8821de13e6a197d6621ea208e3bfa06cbdcae7cca9aa861d828f9c05,1,0,HIGH,AUTHOR_MANUALLY_VERIFIED_AGAINST_OFFICIAL_SOURCE,RELEASED,NO_MATCHED_CASE_NEXUS,Suraya Bazarova,HUMAN_MANUAL,CANDIDATE_GENERATION_AND_DIAGNOSTIC_SUPPORT_ONLY
ICJ-180-2023-11-17||SC_MEETING::SCM|S/PV.9527,SC_MEETING::SCM|S/PV.9527,ICJ-180-2023-11-17,180,Application of the International Convention on the Elimination of All Forms of Racial Discrimination (Armenia v. Azerbaijan),2023-11-17,2024-01-10,54,SC_MEETING,S/PV.9527,Maintenance of international peace and security,0,0,NONE,NONE,,,https://documents.un.org/api/symbol/access?s=S%2FPV.9527&l=en&t=pdf,S_PV.9527.pdf,887d1dcb8821de13e6a197d6621ea208e3bfa06cbdcae7cca9aa861d828f9c05,1,0,HIGH,AUTHOR_MANUALLY_VERIFIED_AGAINST_OFFICIAL_SOURCE,RELEASED,NO_MATCHED_CASE_NEXUS,Suraya Bazarova,HUMAN_MANUAL,CANDIDATE_GENERATION_AND_DIAGNOSTIC_SUPPORT_ONLY
ICJ-180-2023-11-17||SC_MEETING::SCM|S/PV.9532,SC_MEETING::SCM|S/PV.9532,ICJ-180-2023-11-17,180,Application of the International Convention on the Elimination of All Forms of Racial Discrimination (Armenia v. Azerbaijan),2023-11-17,2024-01-12,56,SC_MEETING,S/PV.9532,Maintenance of international peace and security,0,0,MEMBER_STATE_OR_GENERAL_REFERENCE,NONE_FOR_MATCHED_ORDER,,,https://documents.un.org/api/symbol/access?s=S%2FPV.9532&l=en&t=pdf,S_PV.9532.pdf,98f7a946aea7bcc1bab5633a7cc1a61fdfc739b4eaf9bb365dd6437f9eeb8830,1,0,HIGH,AUTHOR_MANUALLY_VERIFIED_AGAINST_OFFICIAL_SOURCE,RELEASED,DIFFERENT_ICJ_CASE_OR_UNRELATED_ICJ_REFERENCE,Suraya Bazarova,HUMAN_MANUAL,CANDIDATE_GENERATION_AND_DIAGNOSTIC_SUPPORT_ONLY
ICJ-180-2023-11-17||SC_MEETING::SCM|S/PV.9542,SC_MEETING::SCM|S/PV.9542,ICJ-180-2023-11-17,180,Application of the International Convention on the Elimination of All Forms of Racial Discrimination (Armenia v. Azerbaijan),2023-11-17,2024-02-05,80,SC_MEETING,S/PV.9542,Maintenance of international peace and security,0,0,NONE,NONE,,,https://documents.un.org/api/symbol/access?s=S%2FPV.9542&l=en&t=pdf,S_PV.9542.pdf,019947b235b420a8f2428a63ee5b141ae8efce06f2f92ad4f19c49f25338ab1a,1,0,HIGH,AUTHOR_MANUALLY_VERIFIED_AGAINST_OFFICIAL_SOURCE,RELEASED,NO_MATCHED_CASE_NEXUS,Suraya Bazarova,HUMAN_MANUAL,CANDIDATE_GENERATION_AND_DIAGNOSTIC_SUPPORT_ONLY
ICJ-180-2023-11-17||SC_MEETING::SCM|S/PV.9547,SC_MEETING::SCM|S/PV.9547,ICJ-180-2023-11-17,180,Application of the International Convention on the Elimination of All Forms of Racial Discrimination (Armenia v. Azerbaijan),2023-11-17,2024-02-13,88,SC_MEETING,S/PV.9547,Maintenance of international peace and security,1,0,MEMBER_STATE_OR_GENERAL_COUNCIL_DISCUSSION,DISCUSSION_OR_STATE_CALL,,,https://documents.un.org/api/symbol/access?s=S%2FPV.9547&l=en&t=pdf,S_PV.9547.pdf,1c6be28461ea419c1dc59ce9f0e55a9668959758f5c5f0f82e451a9ddc1e7cbf,1,2,MODERATE,AUTHOR_MANUALLY_VERIFIED_AGAINST_OFFICIAL_SOURCE,RELEASED,SAME_CASE_OR_CRISIS_WITHOUT_PROVEN_COLLECTIVE_ORDER_SPECIFIC_OUTPUT,Suraya Bazarova,HUMAN_MANUAL,CANDIDATE_GENERATION_AND_DIAGNOSTIC_SUPPORT_ONLY
ICJ-180-2023-11-17||SC_MEETING::SCM|S/PV.9547 (Resumption 1),SC_MEETING::SCM|S/PV.9547 (Resumption 1),ICJ-180-2023-11-17,180,Application of the International Convention on the Elimination of All Forms of Racial Discrimination (Armenia v. Azerbaijan),2023-11-17,2024-02-13,88,SC_MEETING,S/PV.9547 (RESUMPTION 1),Maintenance of international peace and security,0,0,MEMBER_STATE_OR_GENERAL_REFERENCE,NONE_FOR_MATCHED_ORDER,,,https://documents.un.org/api/symbol/access?s=S%2FPV.9547%20%28RESUMPTION%201%29&l=en&t=pdf,S_PV.9547_RESUMPTION_1.pdf,8ffaf023af32bb439220220d499886d84e38e060fb101c0e257cda7e968e6ddd,1,0,HIGH,AUTHOR_MANUALLY_VERIFIED_AGAINST_OFFICIAL_SOURCE,RELEASED,DIFFERENT_ICJ_CASE_OR_UNRELATED_ICJ_REFERENCE,Suraya Bazarova,HUMAN_MANUAL,CANDIDATE_GENERATION_AND_DIAGNOSTIC_SUPPORT_ONLY
ICJ-180-2023-11-17||SC_MEETING::SCM|S/PV.9547 (Resumption 2),SC_MEETING::SCM|S/PV.9547 (Resumption 2),ICJ-180-2023-11-17,180,Application of the International Convention on the Elimination of All Forms of Racial Discrimination (Armenia v. Azerbaijan),2023-11-17,2024-02-14,89,SC_MEETING,S/PV.9547 (RESUMPTION 2),Maintenance of international peace and security,1,0,MEMBER_STATE_OR_GENERAL_COUNCIL_DISCUSSION,DISCUSSION_OR_STATE_CALL,,,https://documents.un.org/api/symbol/access?s=S%2FPV.9547%20%28RESUMPTION%202%29&l=en&t=pdf,S_PV.9547_RESUMPTION_2.pdf,46667a7dc34d690d05fad164f1401c00072c7ddfb19c10367a3c6f13da7a50f3,1,2,MODERATE,AUTHOR_MANUALLY_VERIFIED_AGAINST_OFFICIAL_SOURCE,RELEASED,SAME_CASE_OR_CRISIS_WITHOUT_PROVEN_COLLECTIVE_ORDER_SPECIFIC_OUTPUT,Suraya Bazarova,HUMAN_MANUAL,CANDIDATE_GENERATION_AND_DIAGNOSTIC_SUPPORT_ONLY
ICJ-180-2023-11-17||SC_MEETING::SCM|S/PV.9579,SC_MEETING::SCM|S/PV.9579,ICJ-180-2023-11-17,180,Application of the International Convention on the Elimination of All Forms of Racial Discrimination (Armenia v. Azerbaijan),2023-11-17,2024-03-18,122,SC_MEETING,S/PV.9579,Maintenance of international peace and security,0,0,NONE,NONE,,,https://documents.un.org/api/symbol/access?s=S%2FPV.9579&l=en&t=pdf,S_PV.9579.pdf,2173786c4a968186adc9f5262557949d5b54e56739115ca9a1a9c7ee7befdc3e,1,0,HIGH,AUTHOR_MANUALLY_VERIFIED_AGAINST_OFFICIAL_SOURCE,RELEASED,NO_MATCHED_CASE_NEXUS,Suraya Bazarova,HUMAN_MANUAL,CANDIDATE_GENERATION_AND_DIAGNOSTIC_SUPPORT_ONLY
ICJ-180-2023-11-17||SC_MEETING::SCM|S/PV.9592,SC_MEETING::SCM|S/PV.9592,ICJ-180-2023-11-17,180,Application of the International Convention on the Elimination of All Forms of Racial Discrimination (Armenia v. Azerbaijan),2023-11-17,2024-03-28,132,SC_MEETING,S/PV.9592,Maintenance of international peace and security,0,0,NONE,NONE,,,https://documents.un.org/api/symbol/access?s=S%2FPV.9592&l=en&t=pdf,S_PV.9592.pdf,d1bbbda4595e70c1c8ecdf2dfefbfd22058bc86b9007b6a1abff8e6a000fb472,1,0,HIGH,AUTHOR_MANUALLY_VERIFIED_AGAINST_OFFICIAL_SOURCE,RELEASED,NO_MATCHED_CASE_NEXUS,Suraya Bazarova,HUMAN_MANUAL,CANDIDATE_GENERATION_AND_DIAGNOSTIC_SUPPORT_ONLY
ICJ-180-2023-11-17||SC_MEETING::SCM|S/PV.9606,SC_MEETING::SCM|S/PV.9606,ICJ-180-2023-11-17,180,Application of the International Convention on the Elimination of All Forms of Racial Discrimination (Armenia v. Azerbaijan),2023-11-17,2024-04-17,152,SC_MEETING,S/PV.9606,Maintenance of international peace and security,0,0,NONE,NONE,,,https://documents.un.org/api/symbol/access?s=S%2FPV.9606&l=en&t=pdf,S_PV.9606.pdf,6155d587844edd44947e8ce2c715daa9ddf22a6f05649f596aaa9402b7582d1d,1,0,HIGH,AUTHOR_MANUALLY_VERIFIED_AGAINST_OFFICIAL_SOURCE,RELEASED,NO_MATCHED_CASE_NEXUS,Suraya Bazarova,HUMAN_MANUAL,CANDIDATE_GENERATION_AND_DIAGNOSTIC_SUPPORT_ONLY
ICJ-180-2023-11-17||SC_MEETING::SCM|S/PV.9606 (Resumption 1),SC_MEETING::SCM|S/PV.9606 (Resumption 1),ICJ-180-2023-11-17,180,Application of the International Convention on the Elimination of All Forms of Racial Discrimination (Armenia v. Azerbaijan),2023-11-17,2024-04-26,161,SC_MEETING,S/PV.9606 (RESUMPTION 1),Maintenance of international peace and security,0,0,NONE,NONE,,,https://documents.un.org/api/symbol/access?s=S%2FPV.9606%20%28RESUMPTION%201%29&l=en&t=pdf,S_PV.9606_RESUMPTION_1.pdf,a87c5b242f8cb568d34b9d6e6a7ebb7d4cda7cea4d70ad835d5fed7ee0eaab52,1,0,HIGH,AUTHOR_MANUALLY_VERIFIED_AGAINST_OFFICIAL_SOURCE,RELEASED,NO_MATCHED_CASE_NEXUS,Suraya Bazarova,HUMAN_MANUAL,CANDIDATE_GENERATION_AND_DIAGNOSTIC_SUPPORT_ONLY
ICJ-181-2021-12-07||SC_MEETING::SCM|S/PV.8923,SC_MEETING::SCM|S/PV.8923,ICJ-181-2021-12-07,181,Application of the International Convention on the Elimination of All Forms of Racial Discrimination (Azerbaijan v. Armenia),2021-12-07,2021-12-09,2,SC_MEETING,S/PV.8923,Maintenance of international peace and security,0,0,NONE,NONE,,,https://documents.un.org/api/symbol/access?s=S%2FPV.8923&l=en&t=pdf,S_PV.8923.pdf,7714d361642b047e184a06cd742bcc9ec896565c7d2e06902a06863e398bd31d,1,0,HIGH,AUTHOR_MANUALLY_VERIFIED_AGAINST_OFFICIAL_SOURCE,RELEASED,NO_MATCHED_CASE_NEXUS,Suraya Bazarova,HUMAN_MANUAL,CANDIDATE_GENERATION_AND_DIAGNOSTIC_SUPPORT_ONLY
ICJ-181-2021-12-07||SC_MEETING::SCM|S/PV.8923 (Resumption 1),SC_MEETING::SCM|S/PV.8923 (Resumption 1),ICJ-181-2021-12-07,181,Application of the International Convention on the Elimination of All Forms of Racial Discrimination (Azerbaijan v. Armenia),2021-12-07,2021-12-09,2,SC_MEETING,S/PV.8923 (RESUMPTION 1),Maintenance of international peace and security,0,0,NONE,NONE,,,https://documents.un.org/api/symbol/access?s=S%2FPV.8923%20%28RESUMPTION%201%29&l=en&t=pdf,S_PV.8923_RESUMPTION_1.pdf,5084bc473ce3661fb78392b88690514b3e029d99a372b44c6a6814474ce6baeb,1,0,HIGH,AUTHOR_MANUALLY_VERIFIED_AGAINST_OFFICIAL_SOURCE,RELEASED,NO_MATCHED_CASE_NEXUS,Suraya Bazarova,HUMAN_MANUAL,CANDIDATE_GENERATION_AND_DIAGNOSTIC_SUPPORT_ONLY
ICJ-181-2021-12-07||SC_FORMAL_VOTE::SCV|1952,SC_FORMAL_VOTE::SCV|1952,ICJ-181-2021-12-07,181,Application of the International Convention on the Elimination of All Forms of Racial Discrimination (Azerbaijan v. Armenia),2021-12-07,2021-12-13,6,SC_FORMAL_VOTE,S/PV.8926,Maintenance of international peace and security | Maintenance of international peace and security | S/2021/990,0,0,UNRESOLVED_OR_GENERAL,NONE,,,https://documents.un.org/api/symbol/access?s=S%2FPV.8926&l=en&t=pdf,S_PV.8926.pdf,ab7ab3ec83b1eaf218dde7818b3c0752bbaa608ccf97a6bc1ec33ab9524f1684,1,1,MODERATE,AUTHOR_MANUALLY_VERIFIED_AGAINST_OFFICIAL_SOURCE,RELEASED,GENERAL_LEGAL_OR_HUMANITARIAN_THEME_ONLY,Suraya Bazarova,HUMAN_MANUAL,CANDIDATE_GENERATION_AND_DIAGNOSTIC_SUPPORT_ONLY
ICJ-181-2021-12-07||SC_MEETING::SCM|S/PV.8926,SC_MEETING::SCM|S/PV.8926,ICJ-181-2021-12-07,181,Application of the International Convention on the Elimination of All Forms of Racial Discrimination (Azerbaijan v. Armenia),2021-12-07,2021-12-13,6,SC_MEETING,S/PV.8926,Maintenance of international peace and security,0,0,UNRESOLVED_OR_GENERAL,NONE,,,https://documents.un.org/api/symbol/access?s=S%2FPV.8926&l=en&t=pdf,S_PV.8926.pdf,ab7ab3ec83b1eaf218dde7818b3c0752bbaa608ccf97a6bc1ec33ab9524f1684,1,1,MODERATE,AUTHOR_MANUALLY_VERIFIED_AGAINST_OFFICIAL_SOURCE,RELEASED,GENERAL_LEGAL_OR_HUMANITARIAN_THEME_ONLY,Suraya Bazarova,HUMAN_MANUAL,CANDIDATE_GENERATION_AND_DIAGNOSTIC_SUPPORT_ONLY
ICJ-181-2021-12-07||SC_FORMAL_VOTE::SCV|1960,SC_FORMAL_VOTE::SCV|1960,ICJ-181-2021-12-07,181,Application of the International Convention on the Elimination of All Forms of Racial Discrimination (Azerbaijan v. Armenia),2021-12-07,2021-12-22,15,SC_FORMAL_VOTE,S/PV.8942,Maintenance of international peace and security | Maintenance of international peace and security | S/2021/1075 | 2616 (2021),0,0,NONE,NONE,,,https://documents.un.org/api/symbol/access?s=S%2FPV.8942&l=en&t=pdf,S_PV.8942.pdf,f5f1c37f447f52036bec756cc81a9c66ee96b8810c9ec76247d98483ae15f5ef,1,0,HIGH,AUTHOR_MANUALLY_VERIFIED_AGAINST_OFFICIAL_SOURCE,RELEASED,NO_MATCHED_CASE_NEXUS,Suraya Bazarova,HUMAN_MANUAL,CANDIDATE_GENERATION_AND_DIAGNOSTIC_SUPPORT_ONLY
ICJ-181-2021-12-07||SC_MEETING::SCM|S/PV.8942,SC_MEETING::SCM|S/PV.8942,ICJ-181-2021-12-07,181,Application of the International Convention on the Elimination of All Forms of Racial Discrimination (Azerbaijan v. Armenia),2021-12-07,2021-12-22,15,SC_MEETING,S/PV.8942,Maintenance of international peace and security,0,0,NONE,NONE,,,https://documents.un.org/api/symbol/access?s=S%2FPV.8942&l=en&t=pdf,S_PV.8942.pdf,f5f1c37f447f52036bec756cc81a9c66ee96b8810c9ec76247d98483ae15f5ef,1,0,HIGH,AUTHOR_MANUALLY_VERIFIED_AGAINST_OFFICIAL_SOURCE,RELEASED,NO_MATCHED_CASE_NEXUS,Suraya Bazarova,HUMAN_MANUAL,CANDIDATE_GENERATION_AND_DIAGNOSTIC_SUPPORT_ONLY
ICJ-181-2021-12-07||SC_MEETING::SCM|S/PV.9014,SC_MEETING::SCM|S/PV.9014,ICJ-181-2021-12-07,181,Application of the International Convention on the Elimination of All Forms of Racial Discrimination (Azerbaijan v. Armenia),2021-12-07,2022-04-11,125,SC_MEETING,S/PV.9014,Maintenance of international peace and security,0,0,NONE,NONE,,,https://documents.un.org/api/symbol/access?s=S%2FPV.9014&l=en&t=pdf,S_PV.9014.pdf,603f1c16ec80a23eb572e5ae64273283ca7e77abfe68993a296c541a0a96e39f,1,0,HIGH,AUTHOR_MANUALLY_VERIFIED_AGAINST_OFFICIAL_SOURCE,RELEASED,NO_MATCHED_CASE_NEXUS,Suraya Bazarova,HUMAN_MANUAL,CANDIDATE_GENERATION_AND_DIAGNOSTIC_SUPPORT_ONLY
ICJ-181-2021-12-07||SC_MEETING::SCM|S/PV.9036,SC_MEETING::SCM|S/PV.9036,ICJ-181-2021-12-07,181,Application of the International Convention on the Elimination of All Forms of Racial Discrimination (Azerbaijan v. Armenia),2021-12-07,2022-05-19,163,SC_MEETING,S/PV.9036,Maintenance of international peace and security,0,0,UNRESOLVED_OR_GENERAL,NONE,,,https://documents.un.org/api/symbol/access?s=S%2FPV.9036&l=en&t=pdf,S_PV.9036.pdf,c6324cd2a3ce11085cdcf87694fbc282aa8f070bfb94f997573f1e96a60be9f6,1,1,MODERATE,AUTHOR_MANUALLY_VERIFIED_AGAINST_OFFICIAL_SOURCE,RELEASED,GENERAL_LEGAL_OR_HUMANITARIAN_THEME_ONLY,Suraya Bazarova,HUMAN_MANUAL,CANDIDATE_GENERATION_AND_DIAGNOSTIC_SUPPORT_ONLY
ICJ-181-2021-12-07||SC_MEETING::SCM|S/PV.9036 (Resumption 1),SC_MEETING::SCM|S/PV.9036 (Resumption 1),ICJ-181-2021-12-07,181,Application of the International Convention on the Elimination of All Forms of Racial Discrimination (Azerbaijan v. Armenia),2021-12-07,2022-05-19,163,SC_MEETING,S/PV.9036 (RESUMPTION 1),Maintenance of international peace and security,0,0,NONE,NONE,,,https://documents.un.org/api/symbol/access?s=S%2FPV.9036%20%28RESUMPTION%201%29&l=en&t=pdf,S_PV.9036_RESUMPTION_1.pdf,105287513719a8addb611d76f4fc291ddfe5a5842d7b183df1615f3dd0ed5f49,1,0,HIGH,AUTHOR_MANUALLY_VERIFIED_AGAINST_OFFICIAL_SOURCE,RELEASED,NO_MATCHED_CASE_NEXUS,Suraya Bazarova,HUMAN_MANUAL,CANDIDATE_GENERATION_AND_DIAGNOSTIC_SUPPORT_ONLY
ICJ-181-2021-12-07||SC_MEETING::SCM|S/PV.9039,SC_MEETING::SCM|S/PV.9039,ICJ-181-2021-12-07,181,Application of the International Convention on the Elimination of All Forms of Racial Discrimination (Azerbaijan v. Armenia),2021-12-07,2022-05-23,167,SC_MEETING,S/PV.9039,Maintenance of international peace and security,0,0,NONE,NONE,,,https://documents.un.org/api/symbol/access?s=S%2FPV.9039&l=en&t=pdf,S_PV.9039.pdf,3a95ddf8cf024f2223c635e60a3f5440b4d8ccdf14b069e388ff95199647a341,1,0,HIGH,AUTHOR_MANUALLY_VERIFIED_AGAINST_OFFICIAL_SOURCE,RELEASED,NO_MATCHED_CASE_NEXUS,Suraya Bazarova,HUMAN_MANUAL,CANDIDATE_GENERATION_AND_DIAGNOSTIC_SUPPORT_ONLY
ICJ-181-2021-12-07||SC_MEETING::SCM|S/PV.9052,SC_MEETING::SCM|S/PV.9052,ICJ-181-2021-12-07,181,Application of the International Convention on the Elimination of All Forms of Racial Discrimination (Azerbaijan v. Armenia),2021-12-07,2022-06-02,177,SC_MEETING,S/PV.9052,Maintenance of international peace and security,1,0,MEMBER_STATE_OR_GENERAL_COUNCIL_DISCUSSION,DISCUSSION_OR_STATE_CALL,,,https://documents.un.org/api/symbol/access?s=S%2FPV.9052&l=en&t=pdf,S_PV.9052.pdf,d17d518f622f5063dc1598e161972869fc945001b78eccd459ffd8e82e20fa76,1,2,MODERATE,AUTHOR_MANUALLY_VERIFIED_AGAINST_OFFICIAL_SOURCE,RELEASED,SAME_CASE_OR_CRISIS_WITHOUT_PROVEN_COLLECTIVE_ORDER_SPECIFIC_OUTPUT,Suraya Bazarova,HUMAN_MANUAL,CANDIDATE_GENERATION_AND_DIAGNOSTIC_SUPPORT_ONLY
ICJ-181-2021-12-07||SC_MEETING::SCM|S/PV.9052 (Resumption 1),SC_MEETING::SCM|S/PV.9052 (Resumption 1),ICJ-181-2021-12-07,181,Application of the International Convention on the Elimination of All Forms of Racial Discrimination (Azerbaijan v. Armenia),2021-12-07,2022-06-02,177,SC_MEETING,S/PV.9052 (RESUMPTION 1),Maintenance of international peace and security,1,0,MEMBER_STATE_OR_GENERAL_COUNCIL_DISCUSSION,DISCUSSION_OR_STATE_CALL,,,https://documents.un.org/api/symbol/access?s=S%2FPV.9052%20%28RESUMPTION%201%29&l=en&t=pdf,S_PV.9052_RESUMPTION_1.pdf,2628b726e727396cb3ecedb59f1578d9fe89b426063b1637711f8549532c1e3a,1,2,MODERATE,AUTHOR_MANUALLY_VERIFIED_AGAINST_OFFICIAL_SOURCE,RELEASED,SAME_CASE_OR_CRISIS_WITHOUT_PROVEN_COLLECTIVE_ORDER_SPECIFIC_OUTPUT,Suraya Bazarova,HUMAN_MANUAL,CANDIDATE_GENERATION_AND_DIAGNOSTIC_SUPPORT_ONLY
ICJ-182-2022-03-16||GA_FORMAL_VOTE::GAV|3967778,GA_FORMAL_VOTE::GAV|3967778,ICJ-182-2022-03-16,182,Allegations of Genocide under the Convention on the Prevention and Punishment of the Crime of Genocide (Ukraine v. Russian Federation),2022-03-16,2022-04-07,22,GA_FORMAL_VOTE,A/ES-11/PV.10,Suspension of the rights of membership of the Russian Federation in the Human Rights Council : resolution / adopted by the General Assembly | Letter dated 28 February 2014 from the Permanent Representative of Ukraine to the United Nations addressed to the President of the Security Council (S/2014/136). | UKRAINE--POLITICAL CONDITIONS,1,0,MEMBER_STATE_OR_GENERAL_COUNCIL_DISCUSSION,DISCUSSION_OR_STATE_CALL,,,https://documents.un.org/api/symbol/access?s=A%2FES-11%2FPV.10&l=en&t=pdf,A_ES-11_PV.10.pdf,43115703ce44c99e36cc6fed2e5463f7866c8603abc1725de065c6f38a179e5f,1,2,MODERATE,AUTHOR_MANUALLY_VERIFIED_AGAINST_OFFICIAL_SOURCE,RELEASED,SAME_CASE_OR_CRISIS_WITHOUT_PROVEN_COLLECTIVE_ORDER_SPECIFIC_OUTPUT,Suraya Bazarova,HUMAN_MANUAL,CANDIDATE_GENERATION_AND_DIAGNOSTIC_SUPPORT_ONLY
ICJ-188-2023-11-16||SC_MEETING::SCM|S/PV.9484,SC_MEETING::SCM|S/PV.9484,ICJ-188-2023-11-16,188,"Application of the Convention against Torture and Other Cruel, Inhuman or Degrading Treatment or Punishment (Canada and Netherlands v. Syrian Arab Republic)",2023-11-16,2023-11-22,6,SC_MEETING,S/PV.9484,"The situation in the Middle East, including the Palestinian question",1,0,MEMBER_STATE_OR_GENERAL_COUNCIL_DISCUSSION,DISCUSSION_OR_STATE_CALL,,,https://documents.un.org/api/symbol/access?s=S%2FPV.9484&l=en&t=pdf,S_PV.9484.pdf,7fe2a1b4fa2c6d8498e87d2a83bc316de4b8d85b15b44a4fea37fa6b68bd03eb,1,2,MODERATE,AUTHOR_MANUALLY_VERIFIED_AGAINST_OFFICIAL_SOURCE,RELEASED,SAME_CASE_OR_CRISIS_WITHOUT_PROVEN_COLLECTIVE_ORDER_SPECIFIC_OUTPUT,Suraya Bazarova,HUMAN_MANUAL,CANDIDATE_GENERATION_AND_DIAGNOSTIC_SUPPORT_ONLY
ICJ-188-2023-11-16||SC_MEETING::SCM|S/PV.9486,SC_MEETING::SCM|S/PV.9486,ICJ-188-2023-11-16,188,"Application of the Convention against Torture and Other Cruel, Inhuman or Degrading Treatment or Punishment (Canada and Netherlands v. Syrian Arab Republic)",2023-11-16,2023-11-27,11,SC_MEETING,S/PV.9486,"The situation in the Middle East, including the Palestinian question",0,0,NONE,NONE,,,https://documents.un.org/api/symbol/access?s=S%2FPV.9486&l=en&t=pdf,S_PV.9486.pdf,a5d3700226576692736753fa720f0397769d1715297fed242939b6199ac92767,1,0,HIGH,AUTHOR_MANUALLY_VERIFIED_AGAINST_OFFICIAL_SOURCE,RELEASED,NO_MATCHED_CASE_NEXUS,Suraya Bazarova,HUMAN_MANUAL,CANDIDATE_GENERATION_AND_DIAGNOSTIC_SUPPORT_ONLY
ICJ-188-2023-11-16||GA_FORMAL_VOTE::GAV|4028491,GA_FORMAL_VOTE::GAV|4028491,ICJ-188-2023-11-16,188,"Application of the Convention against Torture and Other Cruel, Inhuman or Degrading Treatment or Punishment (Canada and Netherlands v. Syrian Arab Republic)",2023-11-16,2023-11-28,12,GA_FORMAL_VOTE,A/78/PV.40,The Syrian Golan : resolution / adopted by the General Assembly | The situation in the Middle East. | MIDDLE EAST SITUATION,1,0,MEMBER_STATE_OR_GENERAL_COUNCIL_DISCUSSION,DISCUSSION_OR_STATE_CALL,,,https://documents.un.org/api/symbol/access?s=A%2F78%2FPV.40&l=en&t=pdf,A_78_PV.40.pdf,ed155679111842cc51051514e3adff2ed442262326182626f2c5b82f74d79f57,1,2,MODERATE,AUTHOR_MANUALLY_VERIFIED_AGAINST_OFFICIAL_SOURCE,RELEASED,SAME_CASE_OR_CRISIS_WITHOUT_PROVEN_COLLECTIVE_ORDER_SPECIFIC_OUTPUT,Suraya Bazarova,HUMAN_MANUAL,CANDIDATE_GENERATION_AND_DIAGNOSTIC_SUPPORT_ONLY
ICJ-188-2023-11-16||SC_MEETING::SCM|S/PV.9487,SC_MEETING::SCM|S/PV.9487,ICJ-188-2023-11-16,188,"Application of the Convention against Torture and Other Cruel, Inhuman or Degrading Treatment or Punishment (Canada and Netherlands v. Syrian Arab Republic)",2023-11-16,2023-11-28,12,SC_MEETING,S/PV.9487,The situation in the Middle East,1,0,MEMBER_STATE_OR_GENERAL_COUNCIL_DISCUSSION,DISCUSSION_OR_STATE_CALL,,,https://documents.un.org/api/symbol/access?s=S%2FPV.9487&l=en&t=pdf,S_PV.9487.pdf,da57ae42a7b8d06e232f97b90520ea9685145319c4eddabe91cd8721a051d0e7,1,2,MODERATE,AUTHOR_MANUALLY_VERIFIED_AGAINST_OFFICIAL_SOURCE,RELEASED,SAME_CASE_OR_CRISIS_WITHOUT_PROVEN_COLLECTIVE_ORDER_SPECIFIC_OUTPUT,Suraya Bazarova,HUMAN_MANUAL,CANDIDATE_GENERATION_AND_DIAGNOSTIC_SUPPORT_ONLY
ICJ-188-2023-11-16||SC_MEETING::SCM|S/PV.9489,SC_MEETING::SCM|S/PV.9489,ICJ-188-2023-11-16,188,"Application of the Convention against Torture and Other Cruel, Inhuman or Degrading Treatment or Punishment (Canada and Netherlands v. Syrian Arab Republic)",2023-11-16,2023-11-29,13,SC_MEETING,S/PV.9489,"The situation in the Middle East, including the Palestinian question",1,0,MEMBER_STATE_OR_GENERAL_COUNCIL_DISCUSSION,DISCUSSION_OR_STATE_CALL,,,https://documents.un.org/api/symbol/access?s=S%2FPV.9489&l=en&t=pdf,S_PV.9489.pdf,bbf43872744870ea588671193f359b336f86b2f85e4ad6d708ce33a9e3e6ac2d,1,2,MODERATE,AUTHOR_MANUALLY_VERIFIED_AGAINST_OFFICIAL_SOURCE,RELEASED,SAME_CASE_OR_CRISIS_WITHOUT_PROVEN_COLLECTIVE_ORDER_SPECIFIC_OUTPUT,Suraya Bazarova,HUMAN_MANUAL,CANDIDATE_GENERATION_AND_DIAGNOSTIC_SUPPORT_ONLY
ICJ-188-2023-11-16||SC_FORMAL_VOTE::SCV|2076,SC_FORMAL_VOTE::SCV|2076,ICJ-188-2023-11-16,188,"Application of the Convention against Torture and Other Cruel, Inhuman or Degrading Treatment or Punishment (Canada and Netherlands v. Syrian Arab Republic)",2023-11-16,2023-12-08,22,SC_FORMAL_VOTE,S/PV.9499,"Middle East, incl. the Palestinian question | The situation in the Middle East, including the Palestinian question | S/2023/970",0,0,NONE,NONE,,,https://documents.un.org/api/symbol/access?s=S%2FPV.9499&l=en&t=pdf,S_PV.9499.pdf,0575967053afc398fa946fa282366ab4c56a8f44244d415bf261b8576d0742b9,1,0,HIGH,AUTHOR_MANUALLY_VERIFIED_AGAINST_OFFICIAL_SOURCE,RELEASED,NO_MATCHED_CASE_NEXUS,Suraya Bazarova,HUMAN_MANUAL,CANDIDATE_GENERATION_AND_DIAGNOSTIC_SUPPORT_ONLY
ICJ-188-2023-11-16||SC_MEETING::SCM|S/PV.9498,SC_MEETING::SCM|S/PV.9498,ICJ-188-2023-11-16,188,"Application of the Convention against Torture and Other Cruel, Inhuman or Degrading Treatment or Punishment (Canada and Netherlands v. Syrian Arab Republic)",2023-11-16,2023-12-08,22,SC_MEETING,S/PV.9498,"The situation in the Middle East, including the Palestinian question",1,0,MEMBER_STATE_OR_GENERAL_COUNCIL_DISCUSSION,DISCUSSION_OR_STATE_CALL,,,https://documents.un.org/api/symbol/access?s=S%2FPV.9498&l=en&t=pdf,S_PV.9498.pdf,9d5b308118be6f091e047f9c072df0653c9e58e9f37af3071be41babc5289c7a,1,2,MODERATE,AUTHOR_MANUALLY_VERIFIED_AGAINST_OFFICIAL_SOURCE,RELEASED,SAME_CASE_OR_CRISIS_WITHOUT_PROVEN_COLLECTIVE_ORDER_SPECIFIC_OUTPUT,Suraya Bazarova,HUMAN_MANUAL,CANDIDATE_GENERATION_AND_DIAGNOSTIC_SUPPORT_ONLY
ICJ-188-2023-11-16||SC_MEETING::SCM|S/PV.9499,SC_MEETING::SCM|S/PV.9499,ICJ-188-2023-11-16,188,"Application of the Convention against Torture and Other Cruel, Inhuman or Degrading Treatment or Punishment (Canada and Netherlands v. Syrian Arab Republic)",2023-11-16,2023-12-08,22,SC_MEETING,S/PV.9499,"The situation in the Middle East, including the Palestinian question",0,0,NONE,NONE,,,https://documents.un.org/api/symbol/access?s=S%2FPV.9499&l=en&t=pdf,S_PV.9499.pdf,0575967053afc398fa946fa282366ab4c56a8f44244d415bf261b8576d0742b9,1,0,HIGH,AUTHOR_MANUALLY_VERIFIED_AGAINST_OFFICIAL_SOURCE,RELEASED,NO_MATCHED_CASE_NEXUS,Suraya Bazarova,HUMAN_MANUAL,CANDIDATE_GENERATION_AND_DIAGNOSTIC_SUPPORT_ONLY
ICJ-188-2023-11-16||SC_MEETING::SCM|S/PV.9513,SC_MEETING::SCM|S/PV.9513,ICJ-188-2023-11-16,188,"Application of the Convention against Torture and Other Cruel, Inhuman or Degrading Treatment or Punishment (Canada and Netherlands v. Syrian Arab Republic)",2023-11-16,2023-12-19,33,SC_MEETING,S/PV.9513,"The situation in the Middle East, including the Palestinian question",1,0,MEMBER_STATE_OR_GENERAL_COUNCIL_DISCUSSION,DISCUSSION_OR_STATE_CALL,,,https://documents.un.org/api/symbol/access?s=S%2FPV.9513&l=en&t=pdf,S_PV.9513.pdf,987b09509d10b35e7187dc9677120ea2dea380d7154c4ab4dffd13522dd21867,1,2,MODERATE,AUTHOR_MANUALLY_VERIFIED_AGAINST_OFFICIAL_SOURCE,RELEASED,SAME_CASE_OR_CRISIS_WITHOUT_PROVEN_COLLECTIVE_ORDER_SPECIFIC_OUTPUT,Suraya Bazarova,HUMAN_MANUAL,CANDIDATE_GENERATION_AND_DIAGNOSTIC_SUPPORT_ONLY
ICJ-188-2023-11-16||SC_FORMAL_VOTE::SCV|2079,SC_FORMAL_VOTE::SCV|2079,ICJ-188-2023-11-16,188,"Application of the Convention against Torture and Other Cruel, Inhuman or Degrading Treatment or Punishment (Canada and Netherlands v. Syrian Arab Republic)",2023-11-16,2023-12-21,35,SC_FORMAL_VOTE,S/PV.9516,Middle East (UNDOF) | The situation in the Middle East | S/2023/1001 | 2718 (2023),0,0,NONE,NONE,,,https://documents.un.org/api/symbol/access?s=S%2FPV.9516&l=en&t=pdf,S_PV.9516.pdf,f2bb7449cc0086b9b961eb686f23b62f736672e110dca343b7236c4138a53c28,1,0,HIGH,AUTHOR_MANUALLY_VERIFIED_AGAINST_OFFICIAL_SOURCE,RELEASED,NO_MATCHED_CASE_NEXUS,Suraya Bazarova,HUMAN_MANUAL,CANDIDATE_GENERATION_AND_DIAGNOSTIC_SUPPORT_ONLY
ICJ-188-2023-11-16||SC_MEETING::SCM|S/PV.9516,SC_MEETING::SCM|S/PV.9516,ICJ-188-2023-11-16,188,"Application of the Convention against Torture and Other Cruel, Inhuman or Degrading Treatment or Punishment (Canada and Netherlands v. Syrian Arab Republic)",2023-11-16,2023-12-21,35,SC_MEETING,S/PV.9516,The situation in the Middle East,0,0,NONE,NONE,,,https://documents.un.org/api/symbol/access?s=S%2FPV.9516&l=en&t=pdf,S_PV.9516.pdf,f2bb7449cc0086b9b961eb686f23b62f736672e110dca343b7236c4138a53c28,1,0,HIGH,AUTHOR_MANUALLY_VERIFIED_AGAINST_OFFICIAL_SOURCE,RELEASED,NO_MATCHED_CASE_NEXUS,Suraya Bazarova,HUMAN_MANUAL,CANDIDATE_GENERATION_AND_DIAGNOSTIC_SUPPORT_ONLY
ICJ-188-2023-11-16||SC_MEETING::SCM|S/PV.9517,SC_MEETING::SCM|S/PV.9517,ICJ-188-2023-11-16,188,"Application of the Convention against Torture and Other Cruel, Inhuman or Degrading Treatment or Punishment (Canada and Netherlands v. Syrian Arab Republic)",2023-11-16,2023-12-21,35,SC_MEETING,S/PV.9517,The situation in the Middle East,1,0,MEMBER_STATE_OR_GENERAL_COUNCIL_DISCUSSION,DISCUSSION_OR_STATE_CALL,,,https://documents.un.org/api/symbol/access?s=S%2FPV.9517&l=en&t=pdf,S_PV.9517.pdf,aeb7498ec7657e1bf81596aa98783ec5eeb5f143b4b4999666fa3d5929611731,1,2,MODERATE,AUTHOR_MANUALLY_VERIFIED_AGAINST_OFFICIAL_SOURCE,RELEASED,SAME_CASE_OR_CRISIS_WITHOUT_PROVEN_COLLECTIVE_ORDER_SPECIFIC_OUTPUT,Suraya Bazarova,HUMAN_MANUAL,CANDIDATE_GENERATION_AND_DIAGNOSTIC_SUPPORT_ONLY
ICJ-188-2023-11-16||SC_FORMAL_VOTE::SCV|2081,SC_FORMAL_VOTE::SCV|2081,ICJ-188-2023-11-16,188,"Application of the Convention against Torture and Other Cruel, Inhuman or Degrading Treatment or Punishment (Canada and Netherlands v. Syrian Arab Republic)",2023-11-16,2023-12-22,36,SC_FORMAL_VOTE,S/PV.9520,"Middle East, incl. the Palestinian question | The situation in the Middle East, including the Palestinian question | S/2023/1029 | 2720 (2023)",0,0,NONE,NONE,,,https://documents.un.org/api/symbol/access?s=S%2FPV.9520&l=en&t=pdf,S_PV.9520.pdf,6c1eb64c34821cda15ae892b995c9538dc474b447f3503fa576de87eb09bcd94,1,0,HIGH,AUTHOR_MANUALLY_VERIFIED_AGAINST_OFFICIAL_SOURCE,RELEASED,NO_MATCHED_CASE_NEXUS,Suraya Bazarova,HUMAN_MANUAL,CANDIDATE_GENERATION_AND_DIAGNOSTIC_SUPPORT_ONLY
ICJ-188-2023-11-16||SC_MEETING::SCM|S/PV.9519,SC_MEETING::SCM|S/PV.9519,ICJ-188-2023-11-16,188,"Application of the Convention against Torture and Other Cruel, Inhuman or Degrading Treatment or Punishment (Canada and Netherlands v. Syrian Arab Republic)",2023-11-16,2023-12-22,36,SC_MEETING,S/PV.9519,The situation in the Middle East,1,0,MEMBER_STATE_OR_GENERAL_COUNCIL_DISCUSSION,DISCUSSION_OR_STATE_CALL,,,https://documents.un.org/api/symbol/access?s=S%2FPV.9519&l=en&t=pdf,S_PV.9519.pdf,af7b317b635a8f3d232c7fd1a2902b1a3fc45a0c4c528648358cbf4328a7b2f0,1,2,MODERATE,AUTHOR_MANUALLY_VERIFIED_AGAINST_OFFICIAL_SOURCE,RELEASED,SAME_CASE_OR_CRISIS_WITHOUT_PROVEN_COLLECTIVE_ORDER_SPECIFIC_OUTPUT,Suraya Bazarova,HUMAN_MANUAL,CANDIDATE_GENERATION_AND_DIAGNOSTIC_SUPPORT_ONLY
ICJ-188-2023-11-16||SC_MEETING::SCM|S/PV.9520,SC_MEETING::SCM|S/PV.9520,ICJ-188-2023-11-16,188,"Application of the Convention against Torture and Other Cruel, Inhuman or Degrading Treatment or Punishment (Canada and Netherlands v. Syrian Arab Republic)",2023-11-16,2023-12-22,36,SC_MEETING,S/PV.9520,"The situation in the Middle East, including the Palestinian question",0,0,NONE,NONE,,,https://documents.un.org/api/symbol/access?s=S%2FPV.9520&l=en&t=pdf,S_PV.9520.pdf,6c1eb64c34821cda15ae892b995c9538dc474b447f3503fa576de87eb09bcd94,1,0,HIGH,AUTHOR_MANUALLY_VERIFIED_AGAINST_OFFICIAL_SOURCE,RELEASED,NO_MATCHED_CASE_NEXUS,Suraya Bazarova,HUMAN_MANUAL,CANDIDATE_GENERATION_AND_DIAGNOSTIC_SUPPORT_ONLY
ICJ-188-2023-11-16||SC_SPECIAL_VETO::SCX|13,SC_SPECIAL_VETO::SCX|13,ICJ-188-2023-11-16,188,"Application of the Convention against Torture and Other Cruel, Inhuman or Degrading Treatment or Punishment (Canada and Netherlands v. Syrian Arab Republic)",2023-11-16,2023-12-22,36,SC_SPECIAL_VETO,S/PV.9520,"The situation in the Middle East, including the Palestinian question | Middle East, including Palestinian question | Oral amendment",0,0,NONE,NONE,,,https://documents.un.org/api/symbol/access?s=S%2FPV.9520&l=en&t=pdf,S_PV.9520.pdf,6c1eb64c34821cda15ae892b995c9538dc474b447f3503fa576de87eb09bcd94,1,0,HIGH,AUTHOR_MANUALLY_VERIFIED_AGAINST_OFFICIAL_SOURCE,RELEASED,NO_MATCHED_CASE_NEXUS,Suraya Bazarova,HUMAN_MANUAL,CANDIDATE_GENERATION_AND_DIAGNOSTIC_SUPPORT_ONLY
ICJ-188-2023-11-16||SC_MEETING::SCM|S/PV.9522,SC_MEETING::SCM|S/PV.9522,ICJ-188-2023-11-16,188,"Application of the Convention against Torture and Other Cruel, Inhuman or Degrading Treatment or Punishment (Canada and Netherlands v. Syrian Arab Republic)",2023-11-16,2023-12-29,43,SC_MEETING,S/PV.9522,"The situation in the Middle East, including the Palestinian question",1,0,MEMBER_STATE_OR_GENERAL_COUNCIL_DISCUSSION,DISCUSSION_OR_STATE_CALL,,,https://documents.un.org/api/symbol/access?s=S%2FPV.9522&l=en&t=pdf,S_PV.9522.pdf,91b2f5cea5f404be7f47c6568d4f7fa50996c9d9d2e498c0e83dc24c72d999b5,1,2,MODERATE,AUTHOR_MANUALLY_VERIFIED_AGAINST_OFFICIAL_SOURCE,RELEASED,SAME_CASE_OR_CRISIS_WITHOUT_PROVEN_COLLECTIVE_ORDER_SPECIFIC_OUTPUT,Suraya Bazarova,HUMAN_MANUAL,CANDIDATE_GENERATION_AND_DIAGNOSTIC_SUPPORT_ONLY
ICJ-188-2023-11-16||SC_MEETING::SCM|S/PV.9531,SC_MEETING::SCM|S/PV.9531,ICJ-188-2023-11-16,188,"Application of the Convention against Torture and Other Cruel, Inhuman or Degrading Treatment or Punishment (Canada and Netherlands v. Syrian Arab Republic)",2023-11-16,2024-01-12,57,SC_MEETING,S/PV.9531,"The situation in the Middle East, including the Palestinian question",1,0,MEMBER_STATE_OR_GENERAL_COUNCIL_DISCUSSION,DISCUSSION_OR_STATE_CALL,,,https://documents.un.org/api/symbol/access?s=S%2FPV.9531&l=en&t=pdf,S_PV.9531.pdf,32389913d9d8836096f3f704e45127a57b66a71038f8a049b9ca0525dd878900,1,2,MODERATE,AUTHOR_MANUALLY_VERIFIED_AGAINST_OFFICIAL_SOURCE,RELEASED,SAME_CASE_OR_CRISIS_WITHOUT_PROVEN_COLLECTIVE_ORDER_SPECIFIC_OUTPUT,Suraya Bazarova,HUMAN_MANUAL,CANDIDATE_GENERATION_AND_DIAGNOSTIC_SUPPORT_ONLY
ICJ-188-2023-11-16||SC_MEETING::SCM|S/PV.9534,SC_MEETING::SCM|S/PV.9534,ICJ-188-2023-11-16,188,"Application of the Convention against Torture and Other Cruel, Inhuman or Degrading Treatment or Punishment (Canada and Netherlands v. Syrian Arab Republic)",2023-11-16,2024-01-23,68,SC_MEETING,S/PV.9534,"The situation in the Middle East, including the Palestinian question",1,0,MEMBER_STATE_OR_GENERAL_COUNCIL_DISCUSSION,DISCUSSION_OR_STATE_CALL,,,https://documents.un.org/api/symbol/access?s=S%2FPV.9534&l=en&t=pdf,S_PV.9534.pdf,dbc425bf5baa87f6a9a4d70dabe3c823fcf1774cea2bfaa5fe5e84a910cb8a4f,1,2,MODERATE,AUTHOR_MANUALLY_VERIFIED_AGAINST_OFFICIAL_SOURCE,RELEASED,SAME_CASE_OR_CRISIS_WITHOUT_PROVEN_COLLECTIVE_ORDER_SPECIFIC_OUTPUT,Suraya Bazarova,HUMAN_MANUAL,CANDIDATE_GENERATION_AND_DIAGNOSTIC_SUPPORT_ONLY
ICJ-188-2023-11-16||SC_MEETING::SCM|S/PV.9534 (Resumption 1),SC_MEETING::SCM|S/PV.9534 (Resumption 1),ICJ-188-2023-11-16,188,"Application of the Convention against Torture and Other Cruel, Inhuman or Degrading Treatment or Punishment (Canada and Netherlands v. Syrian Arab Republic)",2023-11-16,2024-01-24,69,SC_MEETING,S/PV.9534 (RESUMPTION 1),"The situation in the Middle East, including the Palestinian question",1,0,MEMBER_STATE_OR_GENERAL_COUNCIL_DISCUSSION,DISCUSSION_OR_STATE_CALL,,,https://documents.un.org/api/symbol/access?s=S%2FPV.9534%20%28RESUMPTION%201%29&l=en&t=pdf,S_PV.9534_RESUMPTION_1.pdf,89082dd074156ebe5ed9bbd74748014913c7ecdcdeb4f5c2f7cde5db88a8d12d,1,2,MODERATE,AUTHOR_MANUALLY_VERIFIED_AGAINST_OFFICIAL_SOURCE,RELEASED,SAME_CASE_OR_CRISIS_WITHOUT_PROVEN_COLLECTIVE_ORDER_SPECIFIC_OUTPUT,Suraya Bazarova,HUMAN_MANUAL,CANDIDATE_GENERATION_AND_DIAGNOSTIC_SUPPORT_ONLY
ICJ-188-2023-11-16||SC_MEETING::SCM|S/PV.9540,SC_MEETING::SCM|S/PV.9540,ICJ-188-2023-11-16,188,"Application of the Convention against Torture and Other Cruel, Inhuman or Degrading Treatment or Punishment (Canada and Netherlands v. Syrian Arab Republic)",2023-11-16,2024-01-31,76,SC_MEETING,S/PV.9540,"The situation in the Middle East, including the Palestinian question",1,0,MEMBER_STATE_OR_GENERAL_COUNCIL_DISCUSSION,DISCUSSION_OR_STATE_CALL,,,https://documents.un.org/api/symbol/access?s=S%2FPV.9540&l=en&t=pdf,S_PV.9540.pdf,6e4b5c904b9cea06320eac023d208979b8582e822ce8806457166c53f5a0df37,1,2,MODERATE,AUTHOR_MANUALLY_VERIFIED_AGAINST_OFFICIAL_SOURCE,RELEASED,SAME_CASE_OR_CRISIS_WITHOUT_PROVEN_COLLECTIVE_ORDER_SPECIFIC_OUTPUT,Suraya Bazarova,HUMAN_MANUAL,CANDIDATE_GENERATION_AND_DIAGNOSTIC_SUPPORT_ONLY
ICJ-188-2023-11-16||SC_MEETING::SCM|S/PV.9548,SC_MEETING::SCM|S/PV.9548,ICJ-188-2023-11-16,188,"Application of the Convention against Torture and Other Cruel, Inhuman or Degrading Treatment or Punishment (Canada and Netherlands v. Syrian Arab Republic)",2023-11-16,2024-02-14,90,SC_MEETING,S/PV.9548,The situation in the Middle East,1,0,MEMBER_STATE_OR_GENERAL_COUNCIL_DISCUSSION,DISCUSSION_OR_STATE_CALL,,,https://documents.un.org/api/symbol/access?s=S%2FPV.9548&l=en&t=pdf,S_PV.9548.pdf,3a8aee47ed97a38a385c12aee0f521a9ea9fb92199aeb6169576f9d68813c417,1,2,MODERATE,AUTHOR_MANUALLY_VERIFIED_AGAINST_OFFICIAL_SOURCE,RELEASED,SAME_CASE_OR_CRISIS_WITHOUT_PROVEN_COLLECTIVE_ORDER_SPECIFIC_OUTPUT,Suraya Bazarova,HUMAN_MANUAL,CANDIDATE_GENERATION_AND_DIAGNOSTIC_SUPPORT_ONLY
ICJ-188-2023-11-16||SC_FORMAL_VOTE::SCV|2085,SC_FORMAL_VOTE::SCV|2085,ICJ-188-2023-11-16,188,"Application of the Convention against Torture and Other Cruel, Inhuman or Degrading Treatment or Punishment (Canada and Netherlands v. Syrian Arab Republic)",2023-11-16,2024-02-20,96,SC_FORMAL_VOTE,S/PV.9552,"Middle East, incl. the Palestinian question | The situation in the Middle East, including the Palestinian question | S/2024/173",1,0,MEMBER_STATE_OR_GENERAL_COUNCIL_DISCUSSION,DISCUSSION_OR_STATE_CALL,,,https://documents.un.org/api/symbol/access?s=S%2FPV.9552&l=en&t=pdf,S_PV.9552.pdf,dab293907b79e67e59e44d4d0db4b3abd2db0609a91426ca5c97c0f8333dfde4,1,2,MODERATE,AUTHOR_MANUALLY_VERIFIED_AGAINST_OFFICIAL_SOURCE,RELEASED,SAME_CASE_OR_CRISIS_WITHOUT_PROVEN_COLLECTIVE_ORDER_SPECIFIC_OUTPUT,Suraya Bazarova,HUMAN_MANUAL,CANDIDATE_GENERATION_AND_DIAGNOSTIC_SUPPORT_ONLY
ICJ-188-2023-11-16||SC_MEETING::SCM|S/PV.9552,SC_MEETING::SCM|S/PV.9552,ICJ-188-2023-11-16,188,"Application of the Convention against Torture and Other Cruel, Inhuman or Degrading Treatment or Punishment (Canada and Netherlands v. Syrian Arab Republic)",2023-11-16,2024-02-20,96,SC_MEETING,S/PV.9552,"The situation in the Middle East, including the Palestinian question",1,0,MEMBER_STATE_OR_GENERAL_COUNCIL_DISCUSSION,DISCUSSION_OR_STATE_CALL,,,https://documents.un.org/api/symbol/access?s=S%2FPV.9552&l=en&t=pdf,S_PV.9552.pdf,dab293907b79e67e59e44d4d0db4b3abd2db0609a91426ca5c97c0f8333dfde4,1,2,MODERATE,AUTHOR_MANUALLY_VERIFIED_AGAINST_OFFICIAL_SOURCE,RELEASED,SAME_CASE_OR_CRISIS_WITHOUT_PROVEN_COLLECTIVE_ORDER_SPECIFIC_OUTPUT,Suraya Bazarova,HUMAN_MANUAL,CANDIDATE_GENERATION_AND_DIAGNOSTIC_SUPPORT_ONLY
ICJ-188-2023-11-16||SC_MEETING::SCM|S/PV.9556,SC_MEETING::SCM|S/PV.9556,ICJ-188-2023-11-16,188,"Application of the Convention against Torture and Other Cruel, Inhuman or Degrading Treatment or Punishment (Canada and Netherlands v. Syrian Arab Republic)",2023-11-16,2024-02-22,98,SC_MEETING,S/PV.9556,"The situation in the Middle East, including the Palestinian question",1,0,MEMBER_STATE_OR_GENERAL_COUNCIL_DISCUSSION,DISCUSSION_OR_STATE_CALL,,,https://documents.un.org/api/symbol/access?s=S%2FPV.9556&l=en&t=pdf,S_PV.9556.pdf,d5f6085e1dd9fa00c3fad313394e0171aedc205d80aeee5f7595f0799033c70d,1,2,MODERATE,AUTHOR_MANUALLY_VERIFIED_AGAINST_OFFICIAL_SOURCE,RELEASED,SAME_CASE_OR_CRISIS_WITHOUT_PROVEN_COLLECTIVE_ORDER_SPECIFIC_OUTPUT,Suraya Bazarova,HUMAN_MANUAL,CANDIDATE_GENERATION_AND_DIAGNOSTIC_SUPPORT_ONLY
ICJ-188-2023-11-16||SC_MEETING::SCM|S/PV.9559,SC_MEETING::SCM|S/PV.9559,ICJ-188-2023-11-16,188,"Application of the Convention against Torture and Other Cruel, Inhuman or Degrading Treatment or Punishment (Canada and Netherlands v. Syrian Arab Republic)",2023-11-16,2024-02-27,103,SC_MEETING,S/PV.9559,The situation in the Middle East,1,0,MEMBER_STATE_OR_GENERAL_COUNCIL_DISCUSSION,DISCUSSION_OR_STATE_CALL,,,https://documents.un.org/api/symbol/access?s=S%2FPV.9559&l=en&t=pdf,S_PV.9559.pdf,7e86eceba35a1c37d5497ae109a0e7121993050a3ecbdd7dca21fb5138d45dfd,1,2,MODERATE,AUTHOR_MANUALLY_VERIFIED_AGAINST_OFFICIAL_SOURCE,RELEASED,SAME_CASE_OR_CRISIS_WITHOUT_PROVEN_COLLECTIVE_ORDER_SPECIFIC_OUTPUT,Suraya Bazarova,HUMAN_MANUAL,CANDIDATE_GENERATION_AND_DIAGNOSTIC_SUPPORT_ONLY
ICJ-188-2023-11-16||SC_MEETING::SCM|S/PV.9562,SC_MEETING::SCM|S/PV.9562,ICJ-188-2023-11-16,188,"Application of the Convention against Torture and Other Cruel, Inhuman or Degrading Treatment or Punishment (Canada and Netherlands v. Syrian Arab Republic)",2023-11-16,2024-03-04,109,SC_MEETING,S/PV.9562,The situation in the Middle East,1,0,MEMBER_STATE_OR_GENERAL_COUNCIL_DISCUSSION,DISCUSSION_OR_STATE_CALL,,,https://documents.un.org/api/symbol/access?s=S%2FPV.9562&l=en&t=pdf,S_PV.9562.pdf,48295df9e92b26a20e2f2a6327275823ac5a7b2c3f267c09ead912474d951a16,1,2,MODERATE,AUTHOR_MANUALLY_VERIFIED_AGAINST_OFFICIAL_SOURCE,RELEASED,SAME_CASE_OR_CRISIS_WITHOUT_PROVEN_COLLECTIVE_ORDER_SPECIFIC_OUTPUT,Suraya Bazarova,HUMAN_MANUAL,CANDIDATE_GENERATION_AND_DIAGNOSTIC_SUPPORT_ONLY
ICJ-188-2023-11-16||SC_MEETING::SCM|S/PV.9572,SC_MEETING::SCM|S/PV.9572,ICJ-188-2023-11-16,188,"Application of the Convention against Torture and Other Cruel, Inhuman or Degrading Treatment or Punishment (Canada and Netherlands v. Syrian Arab Republic)",2023-11-16,2024-03-11,116,SC_MEETING,S/PV.9572,"The situation in the Middle East, including the Palestinian question",0,0,MEMBER_STATE_OR_GENERAL_REFERENCE,NONE_FOR_MATCHED_ORDER,,,https://documents.un.org/api/symbol/access?s=S%2FPV.9572&l=en&t=pdf,S_PV.9572.pdf,088ee285308b0c3df4d21e98d97689d9b07fb5ee9130536e1aa5ae0ed605eb77,1,0,HIGH,AUTHOR_MANUALLY_VERIFIED_AGAINST_OFFICIAL_SOURCE,RELEASED,DIFFERENT_ICJ_CASE_OR_UNRELATED_ICJ_REFERENCE,Suraya Bazarova,HUMAN_MANUAL,CANDIDATE_GENERATION_AND_DIAGNOSTIC_SUPPORT_ONLY
ICJ-188-2023-11-16||SC_MEETING::SCM|S/PV.9576,SC_MEETING::SCM|S/PV.9576,ICJ-188-2023-11-16,188,"Application of the Convention against Torture and Other Cruel, Inhuman or Degrading Treatment or Punishment (Canada and Netherlands v. Syrian Arab Republic)",2023-11-16,2024-03-14,119,SC_MEETING,S/PV.9576,The situation in the Middle East,0,0,NONE,NONE,,,https://documents.un.org/api/symbol/access?s=S%2FPV.9576&l=en&t=pdf,S_PV.9576.pdf,1611e2e1fcccacd7d672bfcc03fdd52f357977c6accd38c904a40ad5d6a6aa56,1,0,HIGH,AUTHOR_MANUALLY_VERIFIED_AGAINST_OFFICIAL_SOURCE,RELEASED,NO_MATCHED_CASE_NEXUS,Suraya Bazarova,HUMAN_MANUAL,CANDIDATE_GENERATION_AND_DIAGNOSTIC_SUPPORT_ONLY
ICJ-188-2023-11-16||SC_MEETING::SCM|S/PV.9583,SC_MEETING::SCM|S/PV.9583,ICJ-188-2023-11-16,188,"Application of the Convention against Torture and Other Cruel, Inhuman or Degrading Treatment or Punishment (Canada and Netherlands v. Syrian Arab Republic)",2023-11-16,2024-03-21,126,SC_MEETING,S/PV.9583,The situation in the Middle East,1,0,MEMBER_STATE_OR_GENERAL_COUNCIL_DISCUSSION,DISCUSSION_OR_STATE_CALL,,,https://documents.un.org/api/symbol/access?s=S%2FPV.9583&l=en&t=pdf,S_PV.9583.pdf,086b54ba6cf4621059a1b28f108196b7b96d180780540bb54aff66848d3475e0,1,2,MODERATE,AUTHOR_MANUALLY_VERIFIED_AGAINST_OFFICIAL_SOURCE,RELEASED,SAME_CASE_OR_CRISIS_WITHOUT_PROVEN_COLLECTIVE_ORDER_SPECIFIC_OUTPUT,Suraya Bazarova,HUMAN_MANUAL,CANDIDATE_GENERATION_AND_DIAGNOSTIC_SUPPORT_ONLY
ICJ-188-2023-11-16||SC_FORMAL_VOTE::SCV|2090,SC_FORMAL_VOTE::SCV|2090,ICJ-188-2023-11-16,188,"Application of the Convention against Torture and Other Cruel, Inhuman or Degrading Treatment or Punishment (Canada and Netherlands v. Syrian Arab Republic)",2023-11-16,2024-03-22,127,SC_FORMAL_VOTE,S/PV.9584,"Middle East, incl. the Palestinian question | The situation in the Middle East, including the Palestinian question | S/2024/239",1,0,MEMBER_STATE_OR_GENERAL_COUNCIL_DISCUSSION,DISCUSSION_OR_STATE_CALL,,,https://documents.un.org/api/symbol/access?s=S%2FPV.9584&l=en&t=pdf,S_PV.9584.pdf,1340c04466678f084b49b3f2e9d218d77cc200c9973a7162a9f574cc27e456a2,1,2,MODERATE,AUTHOR_MANUALLY_VERIFIED_AGAINST_OFFICIAL_SOURCE,RELEASED,SAME_CASE_OR_CRISIS_WITHOUT_PROVEN_COLLECTIVE_ORDER_SPECIFIC_OUTPUT,Suraya Bazarova,HUMAN_MANUAL,CANDIDATE_GENERATION_AND_DIAGNOSTIC_SUPPORT_ONLY
ICJ-188-2023-11-16||SC_MEETING::SCM|S/PV.9584,SC_MEETING::SCM|S/PV.9584,ICJ-188-2023-11-16,188,"Application of the Convention against Torture and Other Cruel, Inhuman or Degrading Treatment or Punishment (Canada and Netherlands v. Syrian Arab Republic)",2023-11-16,2024-03-22,127,SC_MEETING,S/PV.9584,"The situation in the Middle East, including the Palestinian question",1,0,MEMBER_STATE_OR_GENERAL_COUNCIL_DISCUSSION,DISCUSSION_OR_STATE_CALL,,,https://documents.un.org/api/symbol/access?s=S%2FPV.9584&l=en&t=pdf,S_PV.9584.pdf,1340c04466678f084b49b3f2e9d218d77cc200c9973a7162a9f574cc27e456a2,1,2,MODERATE,AUTHOR_MANUALLY_VERIFIED_AGAINST_OFFICIAL_SOURCE,RELEASED,SAME_CASE_OR_CRISIS_WITHOUT_PROVEN_COLLECTIVE_ORDER_SPECIFIC_OUTPUT,Suraya Bazarova,HUMAN_MANUAL,CANDIDATE_GENERATION_AND_DIAGNOSTIC_SUPPORT_ONLY
ICJ-188-2023-11-16||SC_FORMAL_VOTE::SCV|2091,SC_FORMAL_VOTE::SCV|2091,ICJ-188-2023-11-16,188,"Application of the Convention against Torture and Other Cruel, Inhuman or Degrading Treatment or Punishment (Canada and Netherlands v. Syrian Arab Republic)",2023-11-16,2024-03-25,130,SC_FORMAL_VOTE,S/PV.9586,"Middle East, incl. the Palestinian question | The situation in the Middle East, including the Palestinian question | S/2024/254 | 2728 (2024)",0,0,MEMBER_STATE_OR_GENERAL_REFERENCE,NONE_FOR_MATCHED_ORDER,,,https://documents.un.org/api/symbol/access?s=S%2FPV.9586&l=en&t=pdf,S_PV.9586.pdf,d7d9762e51241a728837a6032eb7f877e89a96f71cfe661af1af155df704b430,1,0,HIGH,AUTHOR_MANUALLY_VERIFIED_AGAINST_OFFICIAL_SOURCE,RELEASED,DIFFERENT_ICJ_CASE_OR_UNRELATED_ICJ_REFERENCE,Suraya Bazarova,HUMAN_MANUAL,CANDIDATE_GENERATION_AND_DIAGNOSTIC_SUPPORT_ONLY
ICJ-188-2023-11-16||SC_MEETING::SCM|S/PV.9586,SC_MEETING::SCM|S/PV.9586,ICJ-188-2023-11-16,188,"Application of the Convention against Torture and Other Cruel, Inhuman or Degrading Treatment or Punishment (Canada and Netherlands v. Syrian Arab Republic)",2023-11-16,2024-03-25,130,SC_MEETING,S/PV.9586,"The situation in the Middle East, including the Palestinian question",0,0,MEMBER_STATE_OR_GENERAL_REFERENCE,NONE_FOR_MATCHED_ORDER,,,https://documents.un.org/api/symbol/access?s=S%2FPV.9586&l=en&t=pdf,S_PV.9586.pdf,d7d9762e51241a728837a6032eb7f877e89a96f71cfe661af1af155df704b430,1,0,HIGH,AUTHOR_MANUALLY_VERIFIED_AGAINST_OFFICIAL_SOURCE,RELEASED,DIFFERENT_ICJ_CASE_OR_UNRELATED_ICJ_REFERENCE,Suraya Bazarova,HUMAN_MANUAL,CANDIDATE_GENERATION_AND_DIAGNOSTIC_SUPPORT_ONLY
ICJ-188-2023-11-16||SC_MEETING::SCM|S/PV.9588,SC_MEETING::SCM|S/PV.9588,ICJ-188-2023-11-16,188,"Application of the Convention against Torture and Other Cruel, Inhuman or Degrading Treatment or Punishment (Canada and Netherlands v. Syrian Arab Republic)",2023-11-16,2024-03-26,131,SC_MEETING,S/PV.9588,"The situation in the Middle East, including the Palestinian question",0,0,MEMBER_STATE_OR_GENERAL_REFERENCE,NONE_FOR_MATCHED_ORDER,,,https://documents.un.org/api/symbol/access?s=S%2FPV.9588&l=en&t=pdf,S_PV.9588.pdf,d5102dbbd78ec9b3f448f6457146c5ea2941416586e0ff9d9898c73dd592e161,1,0,HIGH,AUTHOR_MANUALLY_VERIFIED_AGAINST_OFFICIAL_SOURCE,RELEASED,DIFFERENT_ICJ_CASE_OR_UNRELATED_ICJ_REFERENCE,Suraya Bazarova,HUMAN_MANUAL,CANDIDATE_GENERATION_AND_DIAGNOSTIC_SUPPORT_ONLY
ICJ-188-2023-11-16||SC_MEETING::SCM|S/PV.9596,SC_MEETING::SCM|S/PV.9596,ICJ-188-2023-11-16,188,"Application of the Convention against Torture and Other Cruel, Inhuman or Degrading Treatment or Punishment (Canada and Netherlands v. Syrian Arab Republic)",2023-11-16,2024-04-05,141,SC_MEETING,S/PV.9596,"The situation in the Middle East, including the Palestinian question",0,0,MEMBER_STATE_OR_GENERAL_REFERENCE,NONE_FOR_MATCHED_ORDER,,,https://documents.un.org/api/symbol/access?s=S%2FPV.9596&l=en&t=pdf,S_PV.9596.pdf,2a82634f9d39f0846599d9c81747cf94d0c74d28b0ffa5f5c86e1780a53d4372,1,0,HIGH,AUTHOR_MANUALLY_VERIFIED_AGAINST_OFFICIAL_SOURCE,RELEASED,DIFFERENT_ICJ_CASE_OR_UNRELATED_ICJ_REFERENCE,Suraya Bazarova,HUMAN_MANUAL,CANDIDATE_GENERATION_AND_DIAGNOSTIC_SUPPORT_ONLY
ICJ-188-2023-11-16||SC_MEETING::SCM|S/PV.9602,SC_MEETING::SCM|S/PV.9602,ICJ-188-2023-11-16,188,"Application of the Convention against Torture and Other Cruel, Inhuman or Degrading Treatment or Punishment (Canada and Netherlands v. Syrian Arab Republic)",2023-11-16,2024-04-14,150,SC_MEETING,S/PV.9602,The situation in the Middle East,1,0,MEMBER_STATE_OR_GENERAL_COUNCIL_DISCUSSION,DISCUSSION_OR_STATE_CALL,,,https://documents.un.org/api/symbol/access?s=S%2FPV.9602&l=en&t=pdf,S_PV.9602.pdf,b99387a615117094c7a20960abf40d83bff0d15afe87568e5ce726372839d2f7,1,2,MODERATE,AUTHOR_MANUALLY_VERIFIED_AGAINST_OFFICIAL_SOURCE,RELEASED,SAME_CASE_OR_CRISIS_WITHOUT_PROVEN_COLLECTIVE_ORDER_SPECIFIC_OUTPUT,Suraya Bazarova,HUMAN_MANUAL,CANDIDATE_GENERATION_AND_DIAGNOSTIC_SUPPORT_ONLY
ICJ-188-2023-11-16||SC_MEETING::SCM|S/PV.9603,SC_MEETING::SCM|S/PV.9603,ICJ-188-2023-11-16,188,"Application of the Convention against Torture and Other Cruel, Inhuman or Degrading Treatment or Punishment (Canada and Netherlands v. Syrian Arab Republic)",2023-11-16,2024-04-15,151,SC_MEETING,S/PV.9603,The situation in the Middle East,0,0,NONE,NONE,,,https://documents.un.org/api/symbol/access?s=S%2FPV.9603&l=en&t=pdf,S_PV.9603.pdf,d2aabfce1ae107e126a13a8c6547e70fc09355b52de7b6539ad7a7449a7c820e,1,0,HIGH,AUTHOR_MANUALLY_VERIFIED_AGAINST_OFFICIAL_SOURCE,RELEASED,NO_MATCHED_CASE_NEXUS,Suraya Bazarova,HUMAN_MANUAL,CANDIDATE_GENERATION_AND_DIAGNOSTIC_SUPPORT_ONLY
ICJ-188-2023-11-16||SC_MEETING::SCM|S/PV.9607,SC_MEETING::SCM|S/PV.9607,ICJ-188-2023-11-16,188,"Application of the Convention against Torture and Other Cruel, Inhuman or Degrading Treatment or Punishment (Canada and Netherlands v. Syrian Arab Republic)",2023-11-16,2024-04-17,153,SC_MEETING,S/PV.9607,"The situation in the Middle East, including the Palestinian question",1,0,MEMBER_STATE_OR_GENERAL_COUNCIL_DISCUSSION,DISCUSSION_OR_STATE_CALL,,,https://documents.un.org/api/symbol/access?s=S%2FPV.9607&l=en&t=pdf,S_PV.9607.pdf,2022d901289ca5ea8e6165f5d056c70a17239ae93c8b5c70fc19c48b1a84b3f1,1,2,MODERATE,AUTHOR_MANUALLY_VERIFIED_AGAINST_OFFICIAL_SOURCE,RELEASED,SAME_CASE_OR_CRISIS_WITHOUT_PROVEN_COLLECTIVE_ORDER_SPECIFIC_OUTPUT,Suraya Bazarova,HUMAN_MANUAL,CANDIDATE_GENERATION_AND_DIAGNOSTIC_SUPPORT_ONLY
ICJ-188-2023-11-16||SC_MEETING::SCM|S/PV.9608,SC_MEETING::SCM|S/PV.9608,ICJ-188-2023-11-16,188,"Application of the Convention against Torture and Other Cruel, Inhuman or Degrading Treatment or Punishment (Canada and Netherlands v. Syrian Arab Republic)",2023-11-16,2024-04-18,154,SC_MEETING,S/PV.9608,"The situation in the Middle East, including the Palestinian question",1,0,MEMBER_STATE_OR_GENERAL_COUNCIL_DISCUSSION,DISCUSSION_OR_STATE_CALL,,,https://documents.un.org/api/symbol/access?s=S%2FPV.9608&l=en&t=pdf,S_PV.9608.pdf,ea1894e2255a7df0127face5b7f0b46063f7c3860de33b9026bd087bb99a314e,1,2,MODERATE,AUTHOR_MANUALLY_VERIFIED_AGAINST_OFFICIAL_SOURCE,RELEASED,SAME_CASE_OR_CRISIS_WITHOUT_PROVEN_COLLECTIVE_ORDER_SPECIFIC_OUTPUT,Suraya Bazarova,HUMAN_MANUAL,CANDIDATE_GENERATION_AND_DIAGNOSTIC_SUPPORT_ONLY
ICJ-188-2023-11-16||SC_MEETING::SCM|S/PV.9608 (Resumption 1),SC_MEETING::SCM|S/PV.9608 (Resumption 1),ICJ-188-2023-11-16,188,"Application of the Convention against Torture and Other Cruel, Inhuman or Degrading Treatment or Punishment (Canada and Netherlands v. Syrian Arab Republic)",2023-11-16,2024-04-18,154,SC_MEETING,S/PV.9608 (RESUMPTION 1),"The situation in the Middle East, including the Palestinian question",1,0,MEMBER_STATE_OR_GENERAL_COUNCIL_DISCUSSION,DISCUSSION_OR_STATE_CALL,,,https://documents.un.org/api/symbol/access?s=S%2FPV.9608%20%28RESUMPTION%201%29&l=en&t=pdf,S_PV.9608_RESUMPTION_1.pdf,84302b62518abac04fe6a6da766cc903b518895d1fa7fd896291dcc4d8f3ec6e,1,2,MODERATE,AUTHOR_MANUALLY_VERIFIED_AGAINST_OFFICIAL_SOURCE,RELEASED,SAME_CASE_OR_CRISIS_WITHOUT_PROVEN_COLLECTIVE_ORDER_SPECIFIC_OUTPUT,Suraya Bazarova,HUMAN_MANUAL,CANDIDATE_GENERATION_AND_DIAGNOSTIC_SUPPORT_ONLY
ICJ-188-2023-11-16||SC_MEETING::SCM|S/PV.9617,SC_MEETING::SCM|S/PV.9617,ICJ-188-2023-11-16,188,"Application of the Convention against Torture and Other Cruel, Inhuman or Degrading Treatment or Punishment (Canada and Netherlands v. Syrian Arab Republic)",2023-11-16,2024-04-24,160,SC_MEETING,S/PV.9617,"The situation in the Middle East, including the Palestinian question",0,0,MEMBER_STATE_OR_GENERAL_REFERENCE,NONE_FOR_MATCHED_ORDER,,,https://documents.un.org/api/symbol/access?s=S%2FPV.9617&l=en&t=pdf,S_PV.9617.pdf,e13f17af845b16cfa188a602724a76820a1dbe9ed3f329b4b8876625f8915637,1,0,HIGH,AUTHOR_MANUALLY_VERIFIED_AGAINST_OFFICIAL_SOURCE,RELEASED,DIFFERENT_ICJ_CASE_OR_UNRELATED_ICJ_REFERENCE,Suraya Bazarova,HUMAN_MANUAL,CANDIDATE_GENERATION_AND_DIAGNOSTIC_SUPPORT_ONLY
ICJ-188-2023-11-16||SC_MEETING::SCM|S/PV.9608 (Resumption 2),SC_MEETING::SCM|S/PV.9608 (Resumption 2),ICJ-188-2023-11-16,188,"Application of the Convention against Torture and Other Cruel, Inhuman or Degrading Treatment or Punishment (Canada and Netherlands v. Syrian Arab Republic)",2023-11-16,2024-04-25,161,SC_MEETING,S/PV.9608 (RESUMPTION 2),"The situation in the Middle East, including the Palestinian question",1,0,MEMBER_STATE_OR_GENERAL_COUNCIL_DISCUSSION,DISCUSSION_OR_STATE_CALL,,,https://documents.un.org/api/symbol/access?s=S%2FPV.9608%20%28RESUMPTION%202%29&l=en&t=pdf,S_PV.9608_RESUMPTION_2.pdf,92f859ae523af4ca74163df501ce2ff0f5aa248d803a512596463de5af8bcb60,1,2,MODERATE,AUTHOR_MANUALLY_VERIFIED_AGAINST_OFFICIAL_SOURCE,RELEASED,SAME_CASE_OR_CRISIS_WITHOUT_PROVEN_COLLECTIVE_ORDER_SPECIFIC_OUTPUT,Suraya Bazarova,HUMAN_MANUAL,CANDIDATE_GENERATION_AND_DIAGNOSTIC_SUPPORT_ONLY
ICJ-188-2023-11-16||SC_MEETING::SCM|S/PV.9618,SC_MEETING::SCM|S/PV.9618,ICJ-188-2023-11-16,188,"Application of the Convention against Torture and Other Cruel, Inhuman or Degrading Treatment or Punishment (Canada and Netherlands v. Syrian Arab Republic)",2023-11-16,2024-04-25,161,SC_MEETING,S/PV.9618,The situation in the Middle East,1,0,MEMBER_STATE_OR_GENERAL_COUNCIL_DISCUSSION,DISCUSSION_OR_STATE_CALL,,,https://documents.un.org/api/symbol/access?s=S%2FPV.9618&l=en&t=pdf,S_PV.9618.pdf,31d81e04243367dd68e0f53c04b73e124bb3f8a2fafd8ff61070f6a8e3e4a152,1,2,MODERATE,AUTHOR_MANUALLY_VERIFIED_AGAINST_OFFICIAL_SOURCE,RELEASED,SAME_CASE_OR_CRISIS_WITHOUT_PROVEN_COLLECTIVE_ORDER_SPECIFIC_OUTPUT,Suraya Bazarova,HUMAN_MANUAL,CANDIDATE_GENERATION_AND_DIAGNOSTIC_SUPPORT_ONLY
ICJ-188-2023-11-16||SC_MEETING::SCM|S/PV.9623,SC_MEETING::SCM|S/PV.9623,ICJ-188-2023-11-16,188,"Application of the Convention against Torture and Other Cruel, Inhuman or Degrading Treatment or Punishment (Canada and Netherlands v. Syrian Arab Republic)",2023-11-16,2024-05-13,179,SC_MEETING,S/PV.9623,The situation in the Middle East,0,0,NONE,NONE,,,https://documents.un.org/api/symbol/access?s=S%2FPV.9623&l=en&t=pdf,S_PV.9623.pdf,1d26edd6ce026041b75aed27a381e5f4bb65bce4993faf4e284e95e122ae9e6c,1,0,HIGH,AUTHOR_MANUALLY_VERIFIED_AGAINST_OFFICIAL_SOURCE,RELEASED,NO_MATCHED_CASE_NEXUS,Suraya Bazarova,HUMAN_MANUAL,CANDIDATE_GENERATION_AND_DIAGNOSTIC_SUPPORT_ONLY
ICJ-192-2024-01-26||SC_MEETING::SCM|S/PV.9540,SC_MEETING::SCM|S/PV.9540,ICJ-192-2024-01-26,192,Application of the Convention on the Prevention and Punishment of the Crime of Genocide in the Gaza Strip (South Africa v. Israel),2024-01-26,2024-01-31,5,SC_MEETING,S/PV.9540,"The situation in the Middle East, including the Palestinian question",1,0,MEMBER_STATE_OR_GENERAL_COUNCIL_DISCUSSION,DISCUSSION_OR_STATE_CALL,,,https://documents.un.org/api/symbol/access?s=S%2FPV.9540&l=en&t=pdf,S_PV.9540.pdf,6e4b5c904b9cea06320eac023d208979b8582e822ce8806457166c53f5a0df37,1,2,MODERATE,AUTHOR_MANUALLY_VERIFIED_AGAINST_OFFICIAL_SOURCE,RELEASED,SAME_CASE_OR_CRISIS_WITHOUT_PROVEN_COLLECTIVE_ORDER_SPECIFIC_OUTPUT,Suraya Bazarova,HUMAN_MANUAL,CANDIDATE_GENERATION_AND_DIAGNOSTIC_SUPPORT_ONLY
ICJ-192-2024-01-26||SC_FORMAL_VOTE::SCV|2085,SC_FORMAL_VOTE::SCV|2085,ICJ-192-2024-01-26,192,Application of the Convention on the Prevention and Punishment of the Crime of Genocide in the Gaza Strip (South Africa v. Israel),2024-01-26,2024-02-20,25,SC_FORMAL_VOTE,S/PV.9552,"Middle East, incl. the Palestinian question | The situation in the Middle East, including the Palestinian question | S/2024/173",1,1,UN_ORGAN_OR_UN_BRIEFER,VOTE_OR_INSTITUTIONAL_BRIEFING,"pp. 2, 8",Official meeting record explicitly discusses compliance with the ICJ provisional measures of 26 January 2024 during the vote on S/2024/173.,https://documents.un.org/api/symbol/access?s=S%2FPV.9552&l=en&t=pdf,S_PV.9552.pdf,dab293907b79e67e59e44d4d0db4b3abd2db0609a91426ca5c97c0f8333dfde4,1,3,HIGH,AUTHOR_MANUALLY_VERIFIED_AGAINST_OFFICIAL_SOURCE,RELEASED,SECURITY_COUNCIL_DRAFT_VOTE_EXPLICITLY_LINKED_TO_26_JAN_ORDER,Suraya Bazarova,HUMAN_MANUAL,CANDIDATE_GENERATION_AND_DIAGNOSTIC_SUPPORT_ONLY
ICJ-192-2024-01-26||SC_MEETING::SCM|S/PV.9552,SC_MEETING::SCM|S/PV.9552,ICJ-192-2024-01-26,192,Application of the Convention on the Prevention and Punishment of the Crime of Genocide in the Gaza Strip (South Africa v. Israel),2024-01-26,2024-02-20,25,SC_MEETING,S/PV.9552,"The situation in the Middle East, including the Palestinian question",1,1,UN_ORGAN_OR_UN_BRIEFER,VOTE_OR_INSTITUTIONAL_BRIEFING,"pp. 2, 8",Official meeting record explicitly discusses the ICJ provisional measures of 26 January 2024.,https://documents.un.org/api/symbol/access?s=S%2FPV.9552&l=en&t=pdf,S_PV.9552.pdf,dab293907b79e67e59e44d4d0db4b3abd2db0609a91426ca5c97c0f8333dfde4,1,3,HIGH,AUTHOR_MANUALLY_VERIFIED_AGAINST_OFFICIAL_SOURCE,RELEASED,SECURITY_COUNCIL_MEETING_AND_DRAFT_PROCESS_EXPLICITLY_LINKED_TO_26_JAN_ORDER,Suraya Bazarova,HUMAN_MANUAL,CANDIDATE_GENERATION_AND_DIAGNOSTIC_SUPPORT_ONLY
ICJ-192-2024-01-26||SC_MEETING::SCM|S/PV.9556,SC_MEETING::SCM|S/PV.9556,ICJ-192-2024-01-26,192,Application of the Convention on the Prevention and Punishment of the Crime of Genocide in the Gaza Strip (South Africa v. Israel),2024-01-26,2024-02-22,27,SC_MEETING,S/PV.9556,"The situation in the Middle East, including the Palestinian question",1,0,MEMBER_STATE_OR_GENERAL_COUNCIL_DISCUSSION,DISCUSSION_OR_STATE_CALL,,,https://documents.un.org/api/symbol/access?s=S%2FPV.9556&l=en&t=pdf,S_PV.9556.pdf,d5f6085e1dd9fa00c3fad313394e0171aedc205d80aeee5f7595f0799033c70d,1,2,MODERATE,AUTHOR_MANUALLY_VERIFIED_AGAINST_OFFICIAL_SOURCE,RELEASED,SAME_CASE_OR_CRISIS_WITHOUT_PROVEN_COLLECTIVE_ORDER_SPECIFIC_OUTPUT,Suraya Bazarova,HUMAN_MANUAL,CANDIDATE_GENERATION_AND_DIAGNOSTIC_SUPPORT_ONLY
ICJ-192-2024-01-26||SC_MEETING::SCM|S/PV.9572,SC_MEETING::SCM|S/PV.9572,ICJ-192-2024-01-26,192,Application of the Convention on the Prevention and Punishment of the Crime of Genocide in the Gaza Strip (South Africa v. Israel),2024-01-26,2024-03-11,45,SC_MEETING,S/PV.9572,"The situation in the Middle East, including the Palestinian question",1,0,MEMBER_STATE_OR_GENERAL_COUNCIL_DISCUSSION,DISCUSSION_OR_STATE_CALL,,,https://documents.un.org/api/symbol/access?s=S%2FPV.9572&l=en&t=pdf,S_PV.9572.pdf,088ee285308b0c3df4d21e98d97689d9b07fb5ee9130536e1aa5ae0ed605eb77,1,2,MODERATE,AUTHOR_MANUALLY_VERIFIED_AGAINST_OFFICIAL_SOURCE,RELEASED,SAME_CASE_OR_CRISIS_WITHOUT_PROVEN_COLLECTIVE_ORDER_SPECIFIC_OUTPUT,Suraya Bazarova,HUMAN_MANUAL,CANDIDATE_GENERATION_AND_DIAGNOSTIC_SUPPORT_ONLY
ICJ-192-2024-01-26||SC_FORMAL_VOTE::SCV|2090,SC_FORMAL_VOTE::SCV|2090,ICJ-192-2024-01-26,192,Application of the Convention on the Prevention and Punishment of the Crime of Genocide in the Gaza Strip (South Africa v. Israel),2024-01-26,2024-03-22,56,SC_FORMAL_VOTE,S/PV.9584,"Middle East, incl. the Palestinian question | The situation in the Middle East, including the Palestinian question | S/2024/239",1,0,MEMBER_STATE_OR_GENERAL_COUNCIL_DISCUSSION,DISCUSSION_OR_STATE_CALL,,,https://documents.un.org/api/symbol/access?s=S%2FPV.9584&l=en&t=pdf,S_PV.9584.pdf,1340c04466678f084b49b3f2e9d218d77cc200c9973a7162a9f574cc27e456a2,1,2,MODERATE,AUTHOR_MANUALLY_VERIFIED_AGAINST_OFFICIAL_SOURCE,RELEASED,SAME_CASE_OR_CRISIS_WITHOUT_PROVEN_COLLECTIVE_ORDER_SPECIFIC_OUTPUT,Suraya Bazarova,HUMAN_MANUAL,CANDIDATE_GENERATION_AND_DIAGNOSTIC_SUPPORT_ONLY
ICJ-192-2024-01-26||SC_MEETING::SCM|S/PV.9584,SC_MEETING::SCM|S/PV.9584,ICJ-192-2024-01-26,192,Application of the Convention on the Prevention and Punishment of the Crime of Genocide in the Gaza Strip (South Africa v. Israel),2024-01-26,2024-03-22,56,SC_MEETING,S/PV.9584,"The situation in the Middle East, including the Palestinian question",1,0,MEMBER_STATE_OR_GENERAL_COUNCIL_DISCUSSION,DISCUSSION_OR_STATE_CALL,,,https://documents.un.org/api/symbol/access?s=S%2FPV.9584&l=en&t=pdf,S_PV.9584.pdf,1340c04466678f084b49b3f2e9d218d77cc200c9973a7162a9f574cc27e456a2,1,2,MODERATE,AUTHOR_MANUALLY_VERIFIED_AGAINST_OFFICIAL_SOURCE,RELEASED,SAME_CASE_OR_CRISIS_WITHOUT_PROVEN_COLLECTIVE_ORDER_SPECIFIC_OUTPUT,Suraya Bazarova,HUMAN_MANUAL,CANDIDATE_GENERATION_AND_DIAGNOSTIC_SUPPORT_ONLY
ICJ-192-2024-01-26||SC_FORMAL_VOTE::SCV|2091,SC_FORMAL_VOTE::SCV|2091,ICJ-192-2024-01-26,192,Application of the Convention on the Prevention and Punishment of the Crime of Genocide in the Gaza Strip (South Africa v. Israel),2024-01-26,2024-03-25,59,SC_FORMAL_VOTE,S/PV.9586,"Middle East, incl. the Palestinian question | The situation in the Middle East, including the Palestinian question | S/2024/254 | 2728 (2024)",1,0,MEMBER_STATE_OR_GENERAL_COUNCIL_DISCUSSION,DISCUSSION_OR_STATE_CALL,,,https://documents.un.org/api/symbol/access?s=S%2FPV.9586&l=en&t=pdf,S_PV.9586.pdf,d7d9762e51241a728837a6032eb7f877e89a96f71cfe661af1af155df704b430,1,2,MODERATE,AUTHOR_MANUALLY_VERIFIED_AGAINST_OFFICIAL_SOURCE,RELEASED,SAME_CASE_OR_CRISIS_WITHOUT_PROVEN_COLLECTIVE_ORDER_SPECIFIC_OUTPUT,Suraya Bazarova,HUMAN_MANUAL,CANDIDATE_GENERATION_AND_DIAGNOSTIC_SUPPORT_ONLY
ICJ-192-2024-01-26||SC_MEETING::SCM|S/PV.9586,SC_MEETING::SCM|S/PV.9586,ICJ-192-2024-01-26,192,Application of the Convention on the Prevention and Punishment of the Crime of Genocide in the Gaza Strip (South Africa v. Israel),2024-01-26,2024-03-25,59,SC_MEETING,S/PV.9586,"The situation in the Middle East, including the Palestinian question",1,0,MEMBER_STATE_OR_GENERAL_COUNCIL_DISCUSSION,DISCUSSION_OR_STATE_CALL,,,https://documents.un.org/api/symbol/access?s=S%2FPV.9586&l=en&t=pdf,S_PV.9586.pdf,d7d9762e51241a728837a6032eb7f877e89a96f71cfe661af1af155df704b430,1,2,MODERATE,AUTHOR_MANUALLY_VERIFIED_AGAINST_OFFICIAL_SOURCE,RELEASED,SAME_CASE_OR_CRISIS_WITHOUT_PROVEN_COLLECTIVE_ORDER_SPECIFIC_OUTPUT,Suraya Bazarova,HUMAN_MANUAL,CANDIDATE_GENERATION_AND_DIAGNOSTIC_SUPPORT_ONLY
ICJ-192-2024-01-26||SC_MEETING::SCM|S/PV.9588,SC_MEETING::SCM|S/PV.9588,ICJ-192-2024-01-26,192,Application of the Convention on the Prevention and Punishment of the Crime of Genocide in the Gaza Strip (South Africa v. Israel),2024-01-26,2024-03-26,60,SC_MEETING,S/PV.9588,"The situation in the Middle East, including the Palestinian question",1,0,MEMBER_STATE_OR_GENERAL_COUNCIL_DISCUSSION,DISCUSSION_OR_STATE_CALL,,,https://documents.un.org/api/symbol/access?s=S%2FPV.9588&l=en&t=pdf,S_PV.9588.pdf,d5102dbbd78ec9b3f448f6457146c5ea2941416586e0ff9d9898c73dd592e161,1,2,MODERATE,AUTHOR_MANUALLY_VERIFIED_AGAINST_OFFICIAL_SOURCE,RELEASED,SAME_CASE_OR_CRISIS_WITHOUT_PROVEN_COLLECTIVE_ORDER_SPECIFIC_OUTPUT,Suraya Bazarova,HUMAN_MANUAL,CANDIDATE_GENERATION_AND_DIAGNOSTIC_SUPPORT_ONLY
ICJ-192-2024-01-26||SC_MEETING::SCM|S/PV.9596,SC_MEETING::SCM|S/PV.9596,ICJ-192-2024-01-26,192,Application of the Convention on the Prevention and Punishment of the Crime of Genocide in the Gaza Strip (South Africa v. Israel),2024-01-26,2024-04-05,70,SC_MEETING,S/PV.9596,"The situation in the Middle East, including the Palestinian question",1,0,MEMBER_STATE_OR_GENERAL_COUNCIL_DISCUSSION,DISCUSSION_OR_STATE_CALL,,,https://documents.un.org/api/symbol/access?s=S%2FPV.9596&l=en&t=pdf,S_PV.9596.pdf,2a82634f9d39f0846599d9c81747cf94d0c74d28b0ffa5f5c86e1780a53d4372,1,2,MODERATE,AUTHOR_MANUALLY_VERIFIED_AGAINST_OFFICIAL_SOURCE,RELEASED,SAME_CASE_OR_CRISIS_WITHOUT_PROVEN_COLLECTIVE_ORDER_SPECIFIC_OUTPUT,Suraya Bazarova,HUMAN_MANUAL,CANDIDATE_GENERATION_AND_DIAGNOSTIC_SUPPORT_ONLY
ICJ-192-2024-01-26||SC_MEETING::SCM|S/PV.9607,SC_MEETING::SCM|S/PV.9607,ICJ-192-2024-01-26,192,Application of the Convention on the Prevention and Punishment of the Crime of Genocide in the Gaza Strip (South Africa v. Israel),2024-01-26,2024-04-17,82,SC_MEETING,S/PV.9607,"The situation in the Middle East, including the Palestinian question",1,0,MEMBER_STATE_OR_GENERAL_COUNCIL_DISCUSSION,DISCUSSION_OR_STATE_CALL,,,https://documents.un.org/api/symbol/access?s=S%2FPV.9607&l=en&t=pdf,S_PV.9607.pdf,2022d901289ca5ea8e6165f5d056c70a17239ae93c8b5c70fc19c48b1a84b3f1,1,2,MODERATE,AUTHOR_MANUALLY_VERIFIED_AGAINST_OFFICIAL_SOURCE,RELEASED,SAME_CASE_OR_CRISIS_WITHOUT_PROVEN_COLLECTIVE_ORDER_SPECIFIC_OUTPUT,Suraya Bazarova,HUMAN_MANUAL,CANDIDATE_GENERATION_AND_DIAGNOSTIC_SUPPORT_ONLY
ICJ-192-2024-01-26||SC_MEETING::SCM|S/PV.9608,SC_MEETING::SCM|S/PV.9608,ICJ-192-2024-01-26,192,Application of the Convention on the Prevention and Punishment of the Crime of Genocide in the Gaza Strip (South Africa v. Israel),2024-01-26,2024-04-18,83,SC_MEETING,S/PV.9608,"The situation in the Middle East, including the Palestinian question",1,0,MEMBER_STATE_OR_GENERAL_COUNCIL_DISCUSSION,DISCUSSION_OR_STATE_CALL,,,https://documents.un.org/api/symbol/access?s=S%2FPV.9608&l=en&t=pdf,S_PV.9608.pdf,ea1894e2255a7df0127face5b7f0b46063f7c3860de33b9026bd087bb99a314e,1,2,MODERATE,AUTHOR_MANUALLY_VERIFIED_AGAINST_OFFICIAL_SOURCE,RELEASED,SAME_CASE_OR_CRISIS_WITHOUT_PROVEN_COLLECTIVE_ORDER_SPECIFIC_OUTPUT,Suraya Bazarova,HUMAN_MANUAL,CANDIDATE_GENERATION_AND_DIAGNOSTIC_SUPPORT_ONLY
ICJ-192-2024-01-26||SC_MEETING::SCM|S/PV.9608 (Resumption 1),SC_MEETING::SCM|S/PV.9608 (Resumption 1),ICJ-192-2024-01-26,192,Application of the Convention on the Prevention and Punishment of the Crime of Genocide in the Gaza Strip (South Africa v. Israel),2024-01-26,2024-04-18,83,SC_MEETING,S/PV.9608 (RESUMPTION 1),"The situation in the Middle East, including the Palestinian question",1,0,MEMBER_STATE_OR_GENERAL_COUNCIL_DISCUSSION,DISCUSSION_OR_STATE_CALL,,,https://documents.un.org/api/symbol/access?s=S%2FPV.9608%20%28RESUMPTION%201%29&l=en&t=pdf,S_PV.9608_RESUMPTION_1.pdf,84302b62518abac04fe6a6da766cc903b518895d1fa7fd896291dcc4d8f3ec6e,1,2,MODERATE,AUTHOR_MANUALLY_VERIFIED_AGAINST_OFFICIAL_SOURCE,RELEASED,SAME_CASE_OR_CRISIS_WITHOUT_PROVEN_COLLECTIVE_ORDER_SPECIFIC_OUTPUT,Suraya Bazarova,HUMAN_MANUAL,CANDIDATE_GENERATION_AND_DIAGNOSTIC_SUPPORT_ONLY
ICJ-192-2024-01-26||SC_MEETING::SCM|S/PV.9617,SC_MEETING::SCM|S/PV.9617,ICJ-192-2024-01-26,192,Application of the Convention on the Prevention and Punishment of the Crime of Genocide in the Gaza Strip (South Africa v. Israel),2024-01-26,2024-04-24,89,SC_MEETING,S/PV.9617,"The situation in the Middle East, including the Palestinian question",1,0,MEMBER_STATE_OR_GENERAL_COUNCIL_DISCUSSION,DISCUSSION_OR_STATE_CALL,,,https://documents.un.org/api/symbol/access?s=S%2FPV.9617&l=en&t=pdf,S_PV.9617.pdf,e13f17af845b16cfa188a602724a76820a1dbe9ed3f329b4b8876625f8915637,1,2,MODERATE,AUTHOR_MANUALLY_VERIFIED_AGAINST_OFFICIAL_SOURCE,RELEASED,SAME_CASE_OR_CRISIS_WITHOUT_PROVEN_COLLECTIVE_ORDER_SPECIFIC_OUTPUT,Suraya Bazarova,HUMAN_MANUAL,CANDIDATE_GENERATION_AND_DIAGNOSTIC_SUPPORT_ONLY
ICJ-192-2024-01-26||SC_MEETING::SCM|S/PV.9608 (Resumption 2),SC_MEETING::SCM|S/PV.9608 (Resumption 2),ICJ-192-2024-01-26,192,Application of the Convention on the Prevention and Punishment of the Crime of Genocide in the Gaza Strip (South Africa v. Israel),2024-01-26,2024-04-25,90,SC_MEETING,S/PV.9608 (RESUMPTION 2),"The situation in the Middle East, including the Palestinian question",1,0,MEMBER_STATE_OR_GENERAL_COUNCIL_DISCUSSION,DISCUSSION_OR_STATE_CALL,,,https://documents.un.org/api/symbol/access?s=S%2FPV.9608%20%28RESUMPTION%202%29&l=en&t=pdf,S_PV.9608_RESUMPTION_2.pdf,92f859ae523af4ca74163df501ce2ff0f5aa248d803a512596463de5af8bcb60,1,2,MODERATE,AUTHOR_MANUALLY_VERIFIED_AGAINST_OFFICIAL_SOURCE,RELEASED,SAME_CASE_OR_CRISIS_WITHOUT_PROVEN_COLLECTIVE_ORDER_SPECIFIC_OUTPUT,Suraya Bazarova,HUMAN_MANUAL,CANDIDATE_GENERATION_AND_DIAGNOSTIC_SUPPORT_ONLY
ICJ-192-2024-01-26||SC_MEETING::SCM|S/PV.9631,SC_MEETING::SCM|S/PV.9631,ICJ-192-2024-01-26,192,Application of the Convention on the Prevention and Punishment of the Crime of Genocide in the Gaza Strip (South Africa v. Israel),2024-01-26,2024-05-20,115,SC_MEETING,S/PV.9631,"The situation in the Middle East, including the Palestinian question",1,0,MEMBER_STATE_OR_GENERAL_COUNCIL_DISCUSSION,DISCUSSION_OR_STATE_CALL,,,https://documents.un.org/api/symbol/access?s=S%2FPV.9631&l=en&t=pdf,S_PV.9631.pdf,f39b5b265d7899fefa7c2c0ac7ea303e8aad5b692516b0213a6ed36eae0be17d,1,2,MODERATE,AUTHOR_MANUALLY_VERIFIED_AGAINST_OFFICIAL_SOURCE,RELEASED,SAME_CASE_OR_CRISIS_WITHOUT_PROVEN_COLLECTIVE_ORDER_SPECIFIC_OUTPUT,Suraya Bazarova,HUMAN_MANUAL,CANDIDATE_GENERATION_AND_DIAGNOSTIC_SUPPORT_ONLY
ICJ-192-2024-01-26||SC_MEETING::SCM|S/PV.9638,SC_MEETING::SCM|S/PV.9638,ICJ-192-2024-01-26,192,Application of the Convention on the Prevention and Punishment of the Crime of Genocide in the Gaza Strip (South Africa v. Israel),2024-01-26,2024-05-29,124,SC_MEETING,S/PV.9638,"The situation in the Middle East, including the Palestinian question",1,0,MEMBER_STATE_OR_GENERAL_COUNCIL_DISCUSSION,DISCUSSION_OR_STATE_CALL,,,https://documents.un.org/api/symbol/access?s=S%2FPV.9638&l=en&t=pdf,S_PV.9638.pdf,3e24e94efa674f7999110831db3f4e9995e227df6968d625fb66df2e9a9002cd,1,2,MODERATE,AUTHOR_MANUALLY_VERIFIED_AGAINST_OFFICIAL_SOURCE,RELEASED,SAME_CASE_OR_CRISIS_WITHOUT_PROVEN_COLLECTIVE_ORDER_SPECIFIC_OUTPUT,Suraya Bazarova,HUMAN_MANUAL,CANDIDATE_GENERATION_AND_DIAGNOSTIC_SUPPORT_ONLY
ICJ-192-2024-01-26||SC_FORMAL_VOTE::SCV|2101,SC_FORMAL_VOTE::SCV|2101,ICJ-192-2024-01-26,192,Application of the Convention on the Prevention and Punishment of the Crime of Genocide in the Gaza Strip (South Africa v. Israel),2024-01-26,2024-06-10,136,SC_FORMAL_VOTE,S/PV.9650,"Middle East, incl. the Palestinian question | The situation in the Middle East, including the Palestinian question | S/2024/448 | 2735 (2024)",1,0,MEMBER_STATE_OR_GENERAL_COUNCIL_DISCUSSION,DISCUSSION_OR_STATE_CALL,,,https://documents.un.org/api/symbol/access?s=S%2FPV.9650&l=en&t=pdf,S_PV.9650.pdf,7ff6ec69a11bf2c4a5436e0d743618cb35ae83c4d4db720353e5677fdd831167,1,2,MODERATE,AUTHOR_MANUALLY_VERIFIED_AGAINST_OFFICIAL_SOURCE,RELEASED,SAME_CASE_OR_CRISIS_WITHOUT_PROVEN_COLLECTIVE_ORDER_SPECIFIC_OUTPUT,Suraya Bazarova,HUMAN_MANUAL,CANDIDATE_GENERATION_AND_DIAGNOSTIC_SUPPORT_ONLY
ICJ-192-2024-01-26||SC_MEETING::SCM|S/PV.9650,SC_MEETING::SCM|S/PV.9650,ICJ-192-2024-01-26,192,Application of the Convention on the Prevention and Punishment of the Crime of Genocide in the Gaza Strip (South Africa v. Israel),2024-01-26,2024-06-10,136,SC_MEETING,S/PV.9650,"The situation in the Middle East, including the Palestinian question",1,0,MEMBER_STATE_OR_GENERAL_COUNCIL_DISCUSSION,DISCUSSION_OR_STATE_CALL,,,https://documents.un.org/api/symbol/access?s=S%2FPV.9650&l=en&t=pdf,S_PV.9650.pdf,7ff6ec69a11bf2c4a5436e0d743618cb35ae83c4d4db720353e5677fdd831167,1,2,MODERATE,AUTHOR_MANUALLY_VERIFIED_AGAINST_OFFICIAL_SOURCE,RELEASED,SAME_CASE_OR_CRISIS_WITHOUT_PROVEN_COLLECTIVE_ORDER_SPECIFIC_OUTPUT,Suraya Bazarova,HUMAN_MANUAL,CANDIDATE_GENERATION_AND_DIAGNOSTIC_SUPPORT_ONLY
ICJ-192-2024-01-26||SC_MEETING::SCM|S/PV.9667,SC_MEETING::SCM|S/PV.9667,ICJ-192-2024-01-26,192,Application of the Convention on the Prevention and Punishment of the Crime of Genocide in the Gaza Strip (South Africa v. Israel),2024-01-26,2024-06-25,151,SC_MEETING,S/PV.9667,"The situation in the Middle East, including the Palestinian question",1,0,MEMBER_STATE_OR_GENERAL_COUNCIL_DISCUSSION,DISCUSSION_OR_STATE_CALL,,,https://documents.un.org/api/symbol/access?s=S%2FPV.9667&l=en&t=pdf,S_PV.9667.pdf,510c74a10e73e96275c8469c88f4d73782444440c207173df2a452c7211fc638,1,2,MODERATE,AUTHOR_MANUALLY_VERIFIED_AGAINST_OFFICIAL_SOURCE,RELEASED,SAME_CASE_OR_CRISIS_WITHOUT_PROVEN_COLLECTIVE_ORDER_SPECIFIC_OUTPUT,Suraya Bazarova,HUMAN_MANUAL,CANDIDATE_GENERATION_AND_DIAGNOSTIC_SUPPORT_ONLY
ICJ-192-2024-01-26||SC_MEETING::SCM|S/PV.9678,SC_MEETING::SCM|S/PV.9678,ICJ-192-2024-01-26,192,Application of the Convention on the Prevention and Punishment of the Crime of Genocide in the Gaza Strip (South Africa v. Israel),2024-01-26,2024-07-02,158,SC_MEETING,S/PV.9678,"The situation in the Middle East, including the Palestinian question",1,0,MEMBER_STATE_OR_GENERAL_COUNCIL_DISCUSSION,DISCUSSION_OR_STATE_CALL,,,https://documents.un.org/api/symbol/access?s=S%2FPV.9678&l=en&t=pdf,S_PV.9678.pdf,e4cd61868baa0c84bf87214a875a9a161fcd7f1b4cac656a511a0e58b8c7c199,1,2,MODERATE,AUTHOR_MANUALLY_VERIFIED_AGAINST_OFFICIAL_SOURCE,RELEASED,SAME_CASE_OR_CRISIS_WITHOUT_PROVEN_COLLECTIVE_ORDER_SPECIFIC_OUTPUT,Suraya Bazarova,HUMAN_MANUAL,CANDIDATE_GENERATION_AND_DIAGNOSTIC_SUPPORT_ONLY
ICJ-192-2024-01-26||SC_MEETING::SCM|S/PV.9687,SC_MEETING::SCM|S/PV.9687,ICJ-192-2024-01-26,192,Application of the Convention on the Prevention and Punishment of the Crime of Genocide in the Gaza Strip (South Africa v. Israel),2024-01-26,2024-07-17,173,SC_MEETING,S/PV.9687,"The situation in the Middle East, including the Palestinian question",1,0,MEMBER_STATE_OR_GENERAL_COUNCIL_DISCUSSION,DISCUSSION_OR_STATE_CALL,,,https://documents.un.org/api/symbol/access?s=S%2FPV.9687&l=en&t=pdf,S_PV.9687.pdf,cc9a9c0c5ee83b8da436bd7eea0a54447525ea93f4702c14dd69b68979dcd1bd,1,2,MODERATE,AUTHOR_MANUALLY_VERIFIED_AGAINST_OFFICIAL_SOURCE,RELEASED,SAME_CASE_OR_CRISIS_WITHOUT_PROVEN_COLLECTIVE_ORDER_SPECIFIC_OUTPUT,Suraya Bazarova,HUMAN_MANUAL,CANDIDATE_GENERATION_AND_DIAGNOSTIC_SUPPORT_ONLY
ICJ-192-2024-01-26||SC_MEETING::SCM|S/PV.9687 (Resumption 1),SC_MEETING::SCM|S/PV.9687 (Resumption 1),ICJ-192-2024-01-26,192,Application of the Convention on the Prevention and Punishment of the Crime of Genocide in the Gaza Strip (South Africa v. Israel),2024-01-26,2024-07-17,173,SC_MEETING,S/PV.9687 (RESUMPTION 1),"The situation in the Middle East, including the Palestinian question",1,0,MEMBER_STATE_OR_GENERAL_COUNCIL_DISCUSSION,DISCUSSION_OR_STATE_CALL,,,https://documents.un.org/api/symbol/access?s=S%2FPV.9687%20%28RESUMPTION%201%29&l=en&t=pdf,S_PV.9687_RESUMPTION_1.pdf,24643caf5c8e35cacb6bc10395505b45fe0748c8b4a14e05849072f32620da80,1,2,MODERATE,AUTHOR_MANUALLY_VERIFIED_AGAINST_OFFICIAL_SOURCE,RELEASED,SAME_CASE_OR_CRISIS_WITHOUT_PROVEN_COLLECTIVE_ORDER_SPECIFIC_OUTPUT,Suraya Bazarova,HUMAN_MANUAL,CANDIDATE_GENERATION_AND_DIAGNOSTIC_SUPPORT_ONLY
ICJ-192-2024-01-26||SC_MEETING::SCM|S/PV.9687 (Resumption 2),SC_MEETING::SCM|S/PV.9687 (Resumption 2),ICJ-192-2024-01-26,192,Application of the Convention on the Prevention and Punishment of the Crime of Genocide in the Gaza Strip (South Africa v. Israel),2024-01-26,2024-07-19,175,SC_MEETING,S/PV.9687 (RESUMPTION 2),"The situation in the Middle East, including the Palestinian question",1,0,MEMBER_STATE_OR_GENERAL_COUNCIL_DISCUSSION,DISCUSSION_OR_STATE_CALL,,,https://documents.un.org/api/symbol/access?s=S%2FPV.9687%20%28RESUMPTION%202%29&l=en&t=pdf,S_PV.9687_RESUMPTION_2.pdf,cfbed6d979c505f48d4a582fcc103543eae08898cbba80dfed2de6e176aba21a,1,2,MODERATE,AUTHOR_MANUALLY_VERIFIED_AGAINST_OFFICIAL_SOURCE,RELEASED,SAME_CASE_OR_CRISIS_WITHOUT_PROVEN_COLLECTIVE_ORDER_SPECIFIC_OUTPUT,Suraya Bazarova,HUMAN_MANUAL,CANDIDATE_GENERATION_AND_DIAGNOSTIC_SUPPORT_ONLY
ICJ-192-2024-03-28||SC_MEETING::SCM|S/PV.9596,SC_MEETING::SCM|S/PV.9596,ICJ-192-2024-03-28,192,Application of the Convention on the Prevention and Punishment of the Crime of Genocide in the Gaza Strip (South Africa v. Israel),2024-03-28,2024-04-05,8,SC_MEETING,S/PV.9596,"The situation in the Middle East, including the Palestinian question",1,0,MEMBER_STATE_OR_GENERAL_COUNCIL_DISCUSSION,DISCUSSION_OR_STATE_CALL,,,https://documents.un.org/api/symbol/access?s=S%2FPV.9596&l=en&t=pdf,S_PV.9596.pdf,2a82634f9d39f0846599d9c81747cf94d0c74d28b0ffa5f5c86e1780a53d4372,1,2,MODERATE,AUTHOR_MANUALLY_VERIFIED_AGAINST_OFFICIAL_SOURCE,RELEASED,SAME_CASE_OR_CRISIS_WITHOUT_PROVEN_COLLECTIVE_ORDER_SPECIFIC_OUTPUT,Suraya Bazarova,HUMAN_MANUAL,CANDIDATE_GENERATION_AND_DIAGNOSTIC_SUPPORT_ONLY
ICJ-192-2024-03-28||SC_MEETING::SCM|S/PV.9607,SC_MEETING::SCM|S/PV.9607,ICJ-192-2024-03-28,192,Application of the Convention on the Prevention and Punishment of the Crime of Genocide in the Gaza Strip (South Africa v. Israel),2024-03-28,2024-04-17,20,SC_MEETING,S/PV.9607,"The situation in the Middle East, including the Palestinian question",1,0,MEMBER_STATE_OR_GENERAL_COUNCIL_DISCUSSION,DISCUSSION_OR_STATE_CALL,,,https://documents.un.org/api/symbol/access?s=S%2FPV.9607&l=en&t=pdf,S_PV.9607.pdf,2022d901289ca5ea8e6165f5d056c70a17239ae93c8b5c70fc19c48b1a84b3f1,1,2,MODERATE,AUTHOR_MANUALLY_VERIFIED_AGAINST_OFFICIAL_SOURCE,RELEASED,SAME_CASE_OR_CRISIS_WITHOUT_PROVEN_COLLECTIVE_ORDER_SPECIFIC_OUTPUT,Suraya Bazarova,HUMAN_MANUAL,CANDIDATE_GENERATION_AND_DIAGNOSTIC_SUPPORT_ONLY
ICJ-192-2024-03-28||SC_MEETING::SCM|S/PV.9608,SC_MEETING::SCM|S/PV.9608,ICJ-192-2024-03-28,192,Application of the Convention on the Prevention and Punishment of the Crime of Genocide in the Gaza Strip (South Africa v. Israel),2024-03-28,2024-04-18,21,SC_MEETING,S/PV.9608,"The situation in the Middle East, including the Palestinian question",1,0,MEMBER_STATE_OR_GENERAL_COUNCIL_DISCUSSION,DISCUSSION_OR_STATE_CALL,,,https://documents.un.org/api/symbol/access?s=S%2FPV.9608&l=en&t=pdf,S_PV.9608.pdf,ea1894e2255a7df0127face5b7f0b46063f7c3860de33b9026bd087bb99a314e,1,2,MODERATE,AUTHOR_MANUALLY_VERIFIED_AGAINST_OFFICIAL_SOURCE,RELEASED,SAME_CASE_OR_CRISIS_WITHOUT_PROVEN_COLLECTIVE_ORDER_SPECIFIC_OUTPUT,Suraya Bazarova,HUMAN_MANUAL,CANDIDATE_GENERATION_AND_DIAGNOSTIC_SUPPORT_ONLY
ICJ-192-2024-03-28||SC_MEETING::SCM|S/PV.9608 (Resumption 1),SC_MEETING::SCM|S/PV.9608 (Resumption 1),ICJ-192-2024-03-28,192,Application of the Convention on the Prevention and Punishment of the Crime of Genocide in the Gaza Strip (South Africa v. Israel),2024-03-28,2024-04-18,21,SC_MEETING,S/PV.9608 (RESUMPTION 1),"The situation in the Middle East, including the Palestinian question",1,0,MEMBER_STATE_OR_GENERAL_COUNCIL_DISCUSSION,DISCUSSION_OR_STATE_CALL,,,https://documents.un.org/api/symbol/access?s=S%2FPV.9608%20%28RESUMPTION%201%29&l=en&t=pdf,S_PV.9608_RESUMPTION_1.pdf,84302b62518abac04fe6a6da766cc903b518895d1fa7fd896291dcc4d8f3ec6e,1,2,MODERATE,AUTHOR_MANUALLY_VERIFIED_AGAINST_OFFICIAL_SOURCE,RELEASED,SAME_CASE_OR_CRISIS_WITHOUT_PROVEN_COLLECTIVE_ORDER_SPECIFIC_OUTPUT,Suraya Bazarova,HUMAN_MANUAL,CANDIDATE_GENERATION_AND_DIAGNOSTIC_SUPPORT_ONLY
ICJ-192-2024-03-28||SC_MEETING::SCM|S/PV.9617,SC_MEETING::SCM|S/PV.9617,ICJ-192-2024-03-28,192,Application of the Convention on the Prevention and Punishment of the Crime of Genocide in the Gaza Strip (South Africa v. Israel),2024-03-28,2024-04-24,27,SC_MEETING,S/PV.9617,"The situation in the Middle East, including the Palestinian question",1,0,MEMBER_STATE_OR_GENERAL_COUNCIL_DISCUSSION,DISCUSSION_OR_STATE_CALL,,,https://documents.un.org/api/symbol/access?s=S%2FPV.9617&l=en&t=pdf,S_PV.9617.pdf,e13f17af845b16cfa188a602724a76820a1dbe9ed3f329b4b8876625f8915637,1,2,MODERATE,AUTHOR_MANUALLY_VERIFIED_AGAINST_OFFICIAL_SOURCE,RELEASED,SAME_CASE_OR_CRISIS_WITHOUT_PROVEN_COLLECTIVE_ORDER_SPECIFIC_OUTPUT,Suraya Bazarova,HUMAN_MANUAL,CANDIDATE_GENERATION_AND_DIAGNOSTIC_SUPPORT_ONLY
ICJ-192-2024-03-28||SC_MEETING::SCM|S/PV.9608 (Resumption 2),SC_MEETING::SCM|S/PV.9608 (Resumption 2),ICJ-192-2024-03-28,192,Application of the Convention on the Prevention and Punishment of the Crime of Genocide in the Gaza Strip (South Africa v. Israel),2024-03-28,2024-04-25,28,SC_MEETING,S/PV.9608 (RESUMPTION 2),"The situation in the Middle East, including the Palestinian question",1,0,MEMBER_STATE_OR_GENERAL_COUNCIL_DISCUSSION,DISCUSSION_OR_STATE_CALL,,,https://documents.un.org/api/symbol/access?s=S%2FPV.9608%20%28RESUMPTION%202%29&l=en&t=pdf,S_PV.9608_RESUMPTION_2.pdf,92f859ae523af4ca74163df501ce2ff0f5aa248d803a512596463de5af8bcb60,1,2,MODERATE,AUTHOR_MANUALLY_VERIFIED_AGAINST_OFFICIAL_SOURCE,RELEASED,SAME_CASE_OR_CRISIS_WITHOUT_PROVEN_COLLECTIVE_ORDER_SPECIFIC_OUTPUT,Suraya Bazarova,HUMAN_MANUAL,CANDIDATE_GENERATION_AND_DIAGNOSTIC_SUPPORT_ONLY
ICJ-192-2024-03-28||SC_MEETING::SCM|S/PV.9631,SC_MEETING::SCM|S/PV.9631,ICJ-192-2024-03-28,192,Application of the Convention on the Prevention and Punishment of the Crime of Genocide in the Gaza Strip (South Africa v. Israel),2024-03-28,2024-05-20,53,SC_MEETING,S/PV.9631,"The situation in the Middle East, including the Palestinian question",1,0,MEMBER_STATE_OR_GENERAL_COUNCIL_DISCUSSION,DISCUSSION_OR_STATE_CALL,,,https://documents.un.org/api/symbol/access?s=S%2FPV.9631&l=en&t=pdf,S_PV.9631.pdf,f39b5b265d7899fefa7c2c0ac7ea303e8aad5b692516b0213a6ed36eae0be17d,1,2,MODERATE,AUTHOR_MANUALLY_VERIFIED_AGAINST_OFFICIAL_SOURCE,RELEASED,SAME_CASE_OR_CRISIS_WITHOUT_PROVEN_COLLECTIVE_ORDER_SPECIFIC_OUTPUT,Suraya Bazarova,HUMAN_MANUAL,CANDIDATE_GENERATION_AND_DIAGNOSTIC_SUPPORT_ONLY
ICJ-192-2024-03-28||SC_MEETING::SCM|S/PV.9638,SC_MEETING::SCM|S/PV.9638,ICJ-192-2024-03-28,192,Application of the Convention on the Prevention and Punishment of the Crime of Genocide in the Gaza Strip (South Africa v. Israel),2024-03-28,2024-05-29,62,SC_MEETING,S/PV.9638,"The situation in the Middle East, including the Palestinian question",1,0,MEMBER_STATE_OR_GENERAL_COUNCIL_DISCUSSION,DISCUSSION_OR_STATE_CALL,,,https://documents.un.org/api/symbol/access?s=S%2FPV.9638&l=en&t=pdf,S_PV.9638.pdf,3e24e94efa674f7999110831db3f4e9995e227df6968d625fb66df2e9a9002cd,1,2,MODERATE,AUTHOR_MANUALLY_VERIFIED_AGAINST_OFFICIAL_SOURCE,RELEASED,SAME_CASE_OR_CRISIS_WITHOUT_PROVEN_COLLECTIVE_ORDER_SPECIFIC_OUTPUT,Suraya Bazarova,HUMAN_MANUAL,CANDIDATE_GENERATION_AND_DIAGNOSTIC_SUPPORT_ONLY
ICJ-192-2024-03-28||SC_FORMAL_VOTE::SCV|2101,SC_FORMAL_VOTE::SCV|2101,ICJ-192-2024-03-28,192,Application of the Convention on the Prevention and Punishment of the Crime of Genocide in the Gaza Strip (South Africa v. Israel),2024-03-28,2024-06-10,74,SC_FORMAL_VOTE,S/PV.9650,"Middle East, incl. the Palestinian question | The situation in the Middle East, including the Palestinian question | S/2024/448 | 2735 (2024)",1,0,MEMBER_STATE_OR_GENERAL_COUNCIL_DISCUSSION,DISCUSSION_OR_STATE_CALL,,,https://documents.un.org/api/symbol/access?s=S%2FPV.9650&l=en&t=pdf,S_PV.9650.pdf,7ff6ec69a11bf2c4a5436e0d743618cb35ae83c4d4db720353e5677fdd831167,1,2,MODERATE,AUTHOR_MANUALLY_VERIFIED_AGAINST_OFFICIAL_SOURCE,RELEASED,SAME_CASE_OR_CRISIS_WITHOUT_PROVEN_COLLECTIVE_ORDER_SPECIFIC_OUTPUT,Suraya Bazarova,HUMAN_MANUAL,CANDIDATE_GENERATION_AND_DIAGNOSTIC_SUPPORT_ONLY
ICJ-192-2024-03-28||SC_MEETING::SCM|S/PV.9650,SC_MEETING::SCM|S/PV.9650,ICJ-192-2024-03-28,192,Application of the Convention on the Prevention and Punishment of the Crime of Genocide in the Gaza Strip (South Africa v. Israel),2024-03-28,2024-06-10,74,SC_MEETING,S/PV.9650,"The situation in the Middle East, including the Palestinian question",1,0,MEMBER_STATE_OR_GENERAL_COUNCIL_DISCUSSION,DISCUSSION_OR_STATE_CALL,,,https://documents.un.org/api/symbol/access?s=S%2FPV.9650&l=en&t=pdf,S_PV.9650.pdf,7ff6ec69a11bf2c4a5436e0d743618cb35ae83c4d4db720353e5677fdd831167,1,2,MODERATE,AUTHOR_MANUALLY_VERIFIED_AGAINST_OFFICIAL_SOURCE,RELEASED,SAME_CASE_OR_CRISIS_WITHOUT_PROVEN_COLLECTIVE_ORDER_SPECIFIC_OUTPUT,Suraya Bazarova,HUMAN_MANUAL,CANDIDATE_GENERATION_AND_DIAGNOSTIC_SUPPORT_ONLY
ICJ-192-2024-03-28||SC_MEETING::SCM|S/PV.9667,SC_MEETING::SCM|S/PV.9667,ICJ-192-2024-03-28,192,Application of the Convention on the Prevention and Punishment of the Crime of Genocide in the Gaza Strip (South Africa v. Israel),2024-03-28,2024-06-25,89,SC_MEETING,S/PV.9667,"The situation in the Middle East, including the Palestinian question",1,0,MEMBER_STATE_OR_GENERAL_COUNCIL_DISCUSSION,DISCUSSION_OR_STATE_CALL,,,https://documents.un.org/api/symbol/access?s=S%2FPV.9667&l=en&t=pdf,S_PV.9667.pdf,510c74a10e73e96275c8469c88f4d73782444440c207173df2a452c7211fc638,1,2,MODERATE,AUTHOR_MANUALLY_VERIFIED_AGAINST_OFFICIAL_SOURCE,RELEASED,SAME_CASE_OR_CRISIS_WITHOUT_PROVEN_COLLECTIVE_ORDER_SPECIFIC_OUTPUT,Suraya Bazarova,HUMAN_MANUAL,CANDIDATE_GENERATION_AND_DIAGNOSTIC_SUPPORT_ONLY
ICJ-192-2024-03-28||SC_MEETING::SCM|S/PV.9678,SC_MEETING::SCM|S/PV.9678,ICJ-192-2024-03-28,192,Application of the Convention on the Prevention and Punishment of the Crime of Genocide in the Gaza Strip (South Africa v. Israel),2024-03-28,2024-07-02,96,SC_MEETING,S/PV.9678,"The situation in the Middle East, including the Palestinian question",1,0,MEMBER_STATE_OR_GENERAL_COUNCIL_DISCUSSION,DISCUSSION_OR_STATE_CALL,,,https://documents.un.org/api/symbol/access?s=S%2FPV.9678&l=en&t=pdf,S_PV.9678.pdf,e4cd61868baa0c84bf87214a875a9a161fcd7f1b4cac656a511a0e58b8c7c199,1,2,MODERATE,AUTHOR_MANUALLY_VERIFIED_AGAINST_OFFICIAL_SOURCE,RELEASED,SAME_CASE_OR_CRISIS_WITHOUT_PROVEN_COLLECTIVE_ORDER_SPECIFIC_OUTPUT,Suraya Bazarova,HUMAN_MANUAL,CANDIDATE_GENERATION_AND_DIAGNOSTIC_SUPPORT_ONLY
ICJ-192-2024-03-28||SC_MEETING::SCM|S/PV.9687,SC_MEETING::SCM|S/PV.9687,ICJ-192-2024-03-28,192,Application of the Convention on the Prevention and Punishment of the Crime of Genocide in the Gaza Strip (South Africa v. Israel),2024-03-28,2024-07-17,111,SC_MEETING,S/PV.9687,"The situation in the Middle East, including the Palestinian question",1,0,MEMBER_STATE_OR_GENERAL_COUNCIL_DISCUSSION,DISCUSSION_OR_STATE_CALL,,,https://documents.un.org/api/symbol/access?s=S%2FPV.9687&l=en&t=pdf,S_PV.9687.pdf,cc9a9c0c5ee83b8da436bd7eea0a54447525ea93f4702c14dd69b68979dcd1bd,1,2,MODERATE,AUTHOR_MANUALLY_VERIFIED_AGAINST_OFFICIAL_SOURCE,RELEASED,SAME_CASE_OR_CRISIS_WITHOUT_PROVEN_COLLECTIVE_ORDER_SPECIFIC_OUTPUT,Suraya Bazarova,HUMAN_MANUAL,CANDIDATE_GENERATION_AND_DIAGNOSTIC_SUPPORT_ONLY
ICJ-192-2024-03-28||SC_MEETING::SCM|S/PV.9687 (Resumption 1),SC_MEETING::SCM|S/PV.9687 (Resumption 1),ICJ-192-2024-03-28,192,Application of the Convention on the Prevention and Punishment of the Crime of Genocide in the Gaza Strip (South Africa v. Israel),2024-03-28,2024-07-17,111,SC_MEETING,S/PV.9687 (RESUMPTION 1),"The situation in the Middle East, including the Palestinian question",1,0,MEMBER_STATE_OR_GENERAL_COUNCIL_DISCUSSION,DISCUSSION_OR_STATE_CALL,,,https://documents.un.org/api/symbol/access?s=S%2FPV.9687%20%28RESUMPTION%201%29&l=en&t=pdf,S_PV.9687_RESUMPTION_1.pdf,24643caf5c8e35cacb6bc10395505b45fe0748c8b4a14e05849072f32620da80,1,2,MODERATE,AUTHOR_MANUALLY_VERIFIED_AGAINST_OFFICIAL_SOURCE,RELEASED,SAME_CASE_OR_CRISIS_WITHOUT_PROVEN_COLLECTIVE_ORDER_SPECIFIC_OUTPUT,Suraya Bazarova,HUMAN_MANUAL,CANDIDATE_GENERATION_AND_DIAGNOSTIC_SUPPORT_ONLY
ICJ-192-2024-03-28||SC_MEETING::SCM|S/PV.9687 (Resumption 2),SC_MEETING::SCM|S/PV.9687 (Resumption 2),ICJ-192-2024-03-28,192,Application of the Convention on the Prevention and Punishment of the Crime of Genocide in the Gaza Strip (South Africa v. Israel),2024-03-28,2024-07-19,113,SC_MEETING,S/PV.9687 (RESUMPTION 2),"The situation in the Middle East, including the Palestinian question",1,0,MEMBER_STATE_OR_GENERAL_COUNCIL_DISCUSSION,DISCUSSION_OR_STATE_CALL,,,https://documents.un.org/api/symbol/access?s=S%2FPV.9687%20%28RESUMPTION%202%29&l=en&t=pdf,S_PV.9687_RESUMPTION_2.pdf,cfbed6d979c505f48d4a582fcc103543eae08898cbba80dfed2de6e176aba21a,1,2,MODERATE,AUTHOR_MANUALLY_VERIFIED_AGAINST_OFFICIAL_SOURCE,RELEASED,SAME_CASE_OR_CRISIS_WITHOUT_PROVEN_COLLECTIVE_ORDER_SPECIFIC_OUTPUT,Suraya Bazarova,HUMAN_MANUAL,CANDIDATE_GENERATION_AND_DIAGNOSTIC_SUPPORT_ONLY
ICJ-192-2024-03-28||SC_MEETING::SCM|S/PV.9694,SC_MEETING::SCM|S/PV.9694,ICJ-192-2024-03-28,192,Application of the Convention on the Prevention and Punishment of the Crime of Genocide in the Gaza Strip (South Africa v. Israel),2024-03-28,2024-07-26,120,SC_MEETING,S/PV.9694,"The situation in the Middle East, including the Palestinian question",1,0,MEMBER_STATE_OR_GENERAL_COUNCIL_DISCUSSION,DISCUSSION_OR_STATE_CALL,,,https://documents.un.org/api/symbol/access?s=S%2FPV.9694&l=en&t=pdf,S_PV.9694.pdf,00a2dab197ac3278c60139fd5bc640f261cd6ac3b8f9a8ab7e6b45e903b4c4e0,1,2,MODERATE,AUTHOR_MANUALLY_VERIFIED_AGAINST_OFFICIAL_SOURCE,RELEASED,SAME_CASE_OR_CRISIS_WITHOUT_PROVEN_COLLECTIVE_ORDER_SPECIFIC_OUTPUT,Suraya Bazarova,HUMAN_MANUAL,CANDIDATE_GENERATION_AND_DIAGNOSTIC_SUPPORT_ONLY
ICJ-192-2024-03-28||SC_MEETING::SCM|S/PV.9696,SC_MEETING::SCM|S/PV.9696,ICJ-192-2024-03-28,192,Application of the Convention on the Prevention and Punishment of the Crime of Genocide in the Gaza Strip (South Africa v. Israel),2024-03-28,2024-07-31,125,SC_MEETING,S/PV.9696,"The situation in the Middle East, including the Palestinian question",1,0,MEMBER_STATE_OR_GENERAL_COUNCIL_DISCUSSION,DISCUSSION_OR_STATE_CALL,,,https://documents.un.org/api/symbol/access?s=S%2FPV.9696&l=en&t=pdf,S_PV.9696.pdf,bf7fab3feb0ff56fd1bf3a963cabbbc3f70ec87f2d0bd62d68f81098a1f5a0ec,1,2,MODERATE,AUTHOR_MANUALLY_VERIFIED_AGAINST_OFFICIAL_SOURCE,RELEASED,SAME_CASE_OR_CRISIS_WITHOUT_PROVEN_COLLECTIVE_ORDER_SPECIFIC_OUTPUT,Suraya Bazarova,HUMAN_MANUAL,CANDIDATE_GENERATION_AND_DIAGNOSTIC_SUPPORT_ONLY
ICJ-192-2024-03-28||SC_MEETING::SCM|S/PV.9704,SC_MEETING::SCM|S/PV.9704,ICJ-192-2024-03-28,192,Application of the Convention on the Prevention and Punishment of the Crime of Genocide in the Gaza Strip (South Africa v. Israel),2024-03-28,2024-08-13,138,SC_MEETING,S/PV.9704,"The situation in the Middle East, including the Palestinian question",1,0,MEMBER_STATE_OR_GENERAL_COUNCIL_DISCUSSION,DISCUSSION_OR_STATE_CALL,,,https://documents.un.org/api/symbol/access?s=S%2FPV.9704&l=en&t=pdf,S_PV.9704.pdf,5144f1328be7037afd17bed48a4b7a638beed986bd83490ee56fd81991cd2cbe,1,2,MODERATE,AUTHOR_MANUALLY_VERIFIED_AGAINST_OFFICIAL_SOURCE,RELEASED,SAME_CASE_OR_CRISIS_WITHOUT_PROVEN_COLLECTIVE_ORDER_SPECIFIC_OUTPUT,Suraya Bazarova,HUMAN_MANUAL,CANDIDATE_GENERATION_AND_DIAGNOSTIC_SUPPORT_ONLY
ICJ-192-2024-03-28||SC_MEETING::SCM|S/PV.9711,SC_MEETING::SCM|S/PV.9711,ICJ-192-2024-03-28,192,Application of the Convention on the Prevention and Punishment of the Crime of Genocide in the Gaza Strip (South Africa v. Israel),2024-03-28,2024-08-22,147,SC_MEETING,S/PV.9711,"The situation in the Middle East, including the Palestinian question",1,0,MEMBER_STATE_OR_GENERAL_COUNCIL_DISCUSSION,DISCUSSION_OR_STATE_CALL,,,https://documents.un.org/api/symbol/access?s=S%2FPV.9711&l=en&t=pdf,S_PV.9711.pdf,02c5d203eb442fd70e9009f9425272fedb41fab9e6586e017b6e406483707c1b,1,2,MODERATE,AUTHOR_MANUALLY_VERIFIED_AGAINST_OFFICIAL_SOURCE,RELEASED,SAME_CASE_OR_CRISIS_WITHOUT_PROVEN_COLLECTIVE_ORDER_SPECIFIC_OUTPUT,Suraya Bazarova,HUMAN_MANUAL,CANDIDATE_GENERATION_AND_DIAGNOSTIC_SUPPORT_ONLY
ICJ-192-2024-03-28||SC_MEETING::SCM|S/PV.9715,SC_MEETING::SCM|S/PV.9715,ICJ-192-2024-03-28,192,Application of the Convention on the Prevention and Punishment of the Crime of Genocide in the Gaza Strip (South Africa v. Israel),2024-03-28,2024-08-29,154,SC_MEETING,S/PV.9715,"The situation in the Middle East, including the Palestinian question",1,0,MEMBER_STATE_OR_GENERAL_COUNCIL_DISCUSSION,DISCUSSION_OR_STATE_CALL,,,https://documents.un.org/api/symbol/access?s=S%2FPV.9715&l=en&t=pdf,S_PV.9715.pdf,0c123d6bc3bca0d24f6c7311f0702acbf8724cccd5fcc51386f7a566e41d170b,1,2,MODERATE,AUTHOR_MANUALLY_VERIFIED_AGAINST_OFFICIAL_SOURCE,RELEASED,SAME_CASE_OR_CRISIS_WITHOUT_PROVEN_COLLECTIVE_ORDER_SPECIFIC_OUTPUT,Suraya Bazarova,HUMAN_MANUAL,CANDIDATE_GENERATION_AND_DIAGNOSTIC_SUPPORT_ONLY
ICJ-192-2024-03-28||SC_MEETING::SCM|S/PV.9717,SC_MEETING::SCM|S/PV.9717,ICJ-192-2024-03-28,192,Application of the Convention on the Prevention and Punishment of the Crime of Genocide in the Gaza Strip (South Africa v. Israel),2024-03-28,2024-09-04,160,SC_MEETING,S/PV.9717,"The situation in the Middle East, including the Palestinian question",1,0,MEMBER_STATE_OR_GENERAL_COUNCIL_DISCUSSION,DISCUSSION_OR_STATE_CALL,,,https://documents.un.org/api/symbol/access?s=S%2FPV.9717&l=en&t=pdf,S_PV.9717.pdf,5a51cacfd267ef395d7e82f2795aa6faea12567a495de310f36f23f4c86edd02,1,2,MODERATE,AUTHOR_MANUALLY_VERIFIED_AGAINST_OFFICIAL_SOURCE,RELEASED,SAME_CASE_OR_CRISIS_WITHOUT_PROVEN_COLLECTIVE_ORDER_SPECIFIC_OUTPUT,Suraya Bazarova,HUMAN_MANUAL,CANDIDATE_GENERATION_AND_DIAGNOSTIC_SUPPORT_ONLY
ICJ-192-2024-03-28||SC_MEETING::SCM|S/PV.9725,SC_MEETING::SCM|S/PV.9725,ICJ-192-2024-03-28,192,Application of the Convention on the Prevention and Punishment of the Crime of Genocide in the Gaza Strip (South Africa v. Israel),2024-03-28,2024-09-16,172,SC_MEETING,S/PV.9725,"The situation in the Middle East, including the Palestinian question",1,0,MEMBER_STATE_OR_GENERAL_COUNCIL_DISCUSSION,DISCUSSION_OR_STATE_CALL,,,https://documents.un.org/api/symbol/access?s=S%2FPV.9725&l=en&t=pdf,S_PV.9725.pdf,7b0743425e98ddd1c4ae6d96be5248f4a611567f12141e8a2a4f3f24c3d06ce8,1,2,MODERATE,AUTHOR_MANUALLY_VERIFIED_AGAINST_OFFICIAL_SOURCE,RELEASED,SAME_CASE_OR_CRISIS_WITHOUT_PROVEN_COLLECTIVE_ORDER_SPECIFIC_OUTPUT,Suraya Bazarova,HUMAN_MANUAL,CANDIDATE_GENERATION_AND_DIAGNOSTIC_SUPPORT_ONLY
ICJ-192-2024-03-28||SC_MEETING::SCM|S/PV.9728,SC_MEETING::SCM|S/PV.9728,ICJ-192-2024-03-28,192,Application of the Convention on the Prevention and Punishment of the Crime of Genocide in the Gaza Strip (South Africa v. Israel),2024-03-28,2024-09-19,175,SC_MEETING,S/PV.9728,"The situation in the Middle East, including the Palestinian question",1,0,MEMBER_STATE_OR_GENERAL_COUNCIL_DISCUSSION,DISCUSSION_OR_STATE_CALL,,,https://documents.un.org/api/symbol/access?s=S%2FPV.9728&l=en&t=pdf,S_PV.9728.pdf,5e9f66797f2016df2c27f0de812fc755f5a38dc146b7038eed11d3291ec16417,1,2,MODERATE,AUTHOR_MANUALLY_VERIFIED_AGAINST_OFFICIAL_SOURCE,RELEASED,SAME_CASE_OR_CRISIS_WITHOUT_PROVEN_COLLECTIVE_ORDER_SPECIFIC_OUTPUT,Suraya Bazarova,HUMAN_MANUAL,CANDIDATE_GENERATION_AND_DIAGNOSTIC_SUPPORT_ONLY
ICJ-192-2024-03-28||SC_MEETING::SCM|S/PV.9730,SC_MEETING::SCM|S/PV.9730,ICJ-192-2024-03-28,192,Application of the Convention on the Prevention and Punishment of the Crime of Genocide in the Gaza Strip (South Africa v. Israel),2024-03-28,2024-09-20,176,SC_MEETING,S/PV.9730,"The situation in the Middle East, including the Palestinian question",1,0,MEMBER_STATE_OR_GENERAL_COUNCIL_DISCUSSION,DISCUSSION_OR_STATE_CALL,,,https://documents.un.org/api/symbol/access?s=S%2FPV.9730&l=en&t=pdf,S_PV.9730.pdf,b935c642a595b943b957e67c5593e7bf556348c8ec4e854fba2510d7224b7f9e,1,2,MODERATE,AUTHOR_MANUALLY_VERIFIED_AGAINST_OFFICIAL_SOURCE,RELEASED,SAME_CASE_OR_CRISIS_WITHOUT_PROVEN_COLLECTIVE_ORDER_SPECIFIC_OUTPUT,Suraya Bazarova,HUMAN_MANUAL,CANDIDATE_GENERATION_AND_DIAGNOSTIC_SUPPORT_ONLY
ICJ-192-2024-05-24||SC_MEETING::SCM|S/PV.9638,SC_MEETING::SCM|S/PV.9638,ICJ-192-2024-05-24,192,Application of the Convention on the Prevention and Punishment of the Crime of Genocide in the Gaza Strip (South Africa v. Israel),2024-05-24,2024-05-29,5,SC_MEETING,S/PV.9638,"The situation in the Middle East, including the Palestinian question",1,1,UN_ORGAN_OR_UN_BRIEFER,VOTE_OR_INSTITUTIONAL_BRIEFING,p. 2,The UN Special Coordinator explicitly reports the ICJ order of 24 May 2024 to the Security Council; subsequent Council statements also engage the order.,https://documents.un.org/api/symbol/access?s=S%2FPV.9638&l=en&t=pdf,S_PV.9638.pdf,3e24e94efa674f7999110831db3f4e9995e227df6968d625fb66df2e9a9002cd,1,3,HIGH,AUTHOR_MANUALLY_VERIFIED_AGAINST_OFFICIAL_SOURCE,RELEASED,UN_BRIEFER_REPORTED_24_MAY_ORDER_IN_COUNCIL_MEETING_FIVE_DAYS_LATER,Suraya Bazarova,HUMAN_MANUAL,CANDIDATE_GENERATION_AND_DIAGNOSTIC_SUPPORT_ONLY
ICJ-192-2024-05-24||SC_FORMAL_VOTE::SCV|2101,SC_FORMAL_VOTE::SCV|2101,ICJ-192-2024-05-24,192,Application of the Convention on the Prevention and Punishment of the Crime of Genocide in the Gaza Strip (South Africa v. Israel),2024-05-24,2024-06-10,17,SC_FORMAL_VOTE,S/PV.9650,"Middle East, incl. the Palestinian question | The situation in the Middle East, including the Palestinian question | S/2024/448 | 2735 (2024)",1,0,MEMBER_STATE_OR_GENERAL_COUNCIL_DISCUSSION,DISCUSSION_OR_STATE_CALL,,,https://documents.un.org/api/symbol/access?s=S%2FPV.9650&l=en&t=pdf,S_PV.9650.pdf,7ff6ec69a11bf2c4a5436e0d743618cb35ae83c4d4db720353e5677fdd831167,1,2,MODERATE,AUTHOR_MANUALLY_VERIFIED_AGAINST_OFFICIAL_SOURCE,RELEASED,SAME_CASE_OR_CRISIS_WITHOUT_PROVEN_COLLECTIVE_ORDER_SPECIFIC_OUTPUT,Suraya Bazarova,HUMAN_MANUAL,CANDIDATE_GENERATION_AND_DIAGNOSTIC_SUPPORT_ONLY
ICJ-192-2024-05-24||SC_MEETING::SCM|S/PV.9650,SC_MEETING::SCM|S/PV.9650,ICJ-192-2024-05-24,192,Application of the Convention on the Prevention and Punishment of the Crime of Genocide in the Gaza Strip (South Africa v. Israel),2024-05-24,2024-06-10,17,SC_MEETING,S/PV.9650,"The situation in the Middle East, including the Palestinian question",1,0,MEMBER_STATE_OR_GENERAL_COUNCIL_DISCUSSION,DISCUSSION_OR_STATE_CALL,,,https://documents.un.org/api/symbol/access?s=S%2FPV.9650&l=en&t=pdf,S_PV.9650.pdf,7ff6ec69a11bf2c4a5436e0d743618cb35ae83c4d4db720353e5677fdd831167,1,2,MODERATE,AUTHOR_MANUALLY_VERIFIED_AGAINST_OFFICIAL_SOURCE,RELEASED,SAME_CASE_OR_CRISIS_WITHOUT_PROVEN_COLLECTIVE_ORDER_SPECIFIC_OUTPUT,Suraya Bazarova,HUMAN_MANUAL,CANDIDATE_GENERATION_AND_DIAGNOSTIC_SUPPORT_ONLY
ICJ-192-2024-05-24||SC_MEETING::SCM|S/PV.9667,SC_MEETING::SCM|S/PV.9667,ICJ-192-2024-05-24,192,Application of the Convention on the Prevention and Punishment of the Crime of Genocide in the Gaza Strip (South Africa v. Israel),2024-05-24,2024-06-25,32,SC_MEETING,S/PV.9667,"The situation in the Middle East, including the Palestinian question",1,0,MEMBER_STATE_OR_GENERAL_COUNCIL_DISCUSSION,DISCUSSION_OR_STATE_CALL,,,https://documents.un.org/api/symbol/access?s=S%2FPV.9667&l=en&t=pdf,S_PV.9667.pdf,510c74a10e73e96275c8469c88f4d73782444440c207173df2a452c7211fc638,1,2,MODERATE,AUTHOR_MANUALLY_VERIFIED_AGAINST_OFFICIAL_SOURCE,RELEASED,SAME_CASE_OR_CRISIS_WITHOUT_PROVEN_COLLECTIVE_ORDER_SPECIFIC_OUTPUT,Suraya Bazarova,HUMAN_MANUAL,CANDIDATE_GENERATION_AND_DIAGNOSTIC_SUPPORT_ONLY
ICJ-192-2024-05-24||SC_MEETING::SCM|S/PV.9678,SC_MEETING::SCM|S/PV.9678,ICJ-192-2024-05-24,192,Application of the Convention on the Prevention and Punishment of the Crime of Genocide in the Gaza Strip (South Africa v. Israel),2024-05-24,2024-07-02,39,SC_MEETING,S/PV.9678,"The situation in the Middle East, including the Palestinian question",1,0,MEMBER_STATE_OR_GENERAL_COUNCIL_DISCUSSION,DISCUSSION_OR_STATE_CALL,,,https://documents.un.org/api/symbol/access?s=S%2FPV.9678&l=en&t=pdf,S_PV.9678.pdf,e4cd61868baa0c84bf87214a875a9a161fcd7f1b4cac656a511a0e58b8c7c199,1,2,MODERATE,AUTHOR_MANUALLY_VERIFIED_AGAINST_OFFICIAL_SOURCE,RELEASED,SAME_CASE_OR_CRISIS_WITHOUT_PROVEN_COLLECTIVE_ORDER_SPECIFIC_OUTPUT,Suraya Bazarova,HUMAN_MANUAL,CANDIDATE_GENERATION_AND_DIAGNOSTIC_SUPPORT_ONLY
ICJ-192-2024-05-24||SC_MEETING::SCM|S/PV.9687,SC_MEETING::SCM|S/PV.9687,ICJ-192-2024-05-24,192,Application of the Convention on the Prevention and Punishment of the Crime of Genocide in the Gaza Strip (South Africa v. Israel),2024-05-24,2024-07-17,54,SC_MEETING,S/PV.9687,"The situation in the Middle East, including the Palestinian question",1,0,MEMBER_STATE_OR_GENERAL_COUNCIL_DISCUSSION,DISCUSSION_OR_STATE_CALL,,,https://documents.un.org/api/symbol/access?s=S%2FPV.9687&l=en&t=pdf,S_PV.9687.pdf,cc9a9c0c5ee83b8da436bd7eea0a54447525ea93f4702c14dd69b68979dcd1bd,1,2,MODERATE,AUTHOR_MANUALLY_VERIFIED_AGAINST_OFFICIAL_SOURCE,RELEASED,SAME_CASE_OR_CRISIS_WITHOUT_PROVEN_COLLECTIVE_ORDER_SPECIFIC_OUTPUT,Suraya Bazarova,HUMAN_MANUAL,CANDIDATE_GENERATION_AND_DIAGNOSTIC_SUPPORT_ONLY
ICJ-192-2024-05-24||SC_MEETING::SCM|S/PV.9687 (Resumption 1),SC_MEETING::SCM|S/PV.9687 (Resumption 1),ICJ-192-2024-05-24,192,Application of the Convention on the Prevention and Punishment of the Crime of Genocide in the Gaza Strip (South Africa v. Israel),2024-05-24,2024-07-17,54,SC_MEETING,S/PV.9687 (RESUMPTION 1),"The situation in the Middle East, including the Palestinian question",1,0,MEMBER_STATE_OR_GENERAL_COUNCIL_DISCUSSION,DISCUSSION_OR_STATE_CALL,,,https://documents.un.org/api/symbol/access?s=S%2FPV.9687%20%28RESUMPTION%201%29&l=en&t=pdf,S_PV.9687_RESUMPTION_1.pdf,24643caf5c8e35cacb6bc10395505b45fe0748c8b4a14e05849072f32620da80,1,2,MODERATE,AUTHOR_MANUALLY_VERIFIED_AGAINST_OFFICIAL_SOURCE,RELEASED,SAME_CASE_OR_CRISIS_WITHOUT_PROVEN_COLLECTIVE_ORDER_SPECIFIC_OUTPUT,Suraya Bazarova,HUMAN_MANUAL,CANDIDATE_GENERATION_AND_DIAGNOSTIC_SUPPORT_ONLY
ICJ-192-2024-05-24||SC_MEETING::SCM|S/PV.9687 (Resumption 2),SC_MEETING::SCM|S/PV.9687 (Resumption 2),ICJ-192-2024-05-24,192,Application of the Convention on the Prevention and Punishment of the Crime of Genocide in the Gaza Strip (South Africa v. Israel),2024-05-24,2024-07-19,56,SC_MEETING,S/PV.9687 (RESUMPTION 2),"The situation in the Middle East, including the Palestinian question",1,0,MEMBER_STATE_OR_GENERAL_COUNCIL_DISCUSSION,DISCUSSION_OR_STATE_CALL,,,https://documents.un.org/api/symbol/access?s=S%2FPV.9687%20%28RESUMPTION%202%29&l=en&t=pdf,S_PV.9687_RESUMPTION_2.pdf,cfbed6d979c505f48d4a582fcc103543eae08898cbba80dfed2de6e176aba21a,1,2,MODERATE,AUTHOR_MANUALLY_VERIFIED_AGAINST_OFFICIAL_SOURCE,RELEASED,SAME_CASE_OR_CRISIS_WITHOUT_PROVEN_COLLECTIVE_ORDER_SPECIFIC_OUTPUT,Suraya Bazarova,HUMAN_MANUAL,CANDIDATE_GENERATION_AND_DIAGNOSTIC_SUPPORT_ONLY
ICJ-192-2024-05-24||SC_MEETING::SCM|S/PV.9694,SC_MEETING::SCM|S/PV.9694,ICJ-192-2024-05-24,192,Application of the Convention on the Prevention and Punishment of the Crime of Genocide in the Gaza Strip (South Africa v. Israel),2024-05-24,2024-07-26,63,SC_MEETING,S/PV.9694,"The situation in the Middle East, including the Palestinian question",1,0,MEMBER_STATE_OR_GENERAL_COUNCIL_DISCUSSION,DISCUSSION_OR_STATE_CALL,,,https://documents.un.org/api/symbol/access?s=S%2FPV.9694&l=en&t=pdf,S_PV.9694.pdf,00a2dab197ac3278c60139fd5bc640f261cd6ac3b8f9a8ab7e6b45e903b4c4e0,1,2,MODERATE,AUTHOR_MANUALLY_VERIFIED_AGAINST_OFFICIAL_SOURCE,RELEASED,SAME_CASE_OR_CRISIS_WITHOUT_PROVEN_COLLECTIVE_ORDER_SPECIFIC_OUTPUT,Suraya Bazarova,HUMAN_MANUAL,CANDIDATE_GENERATION_AND_DIAGNOSTIC_SUPPORT_ONLY
ICJ-192-2024-05-24||SC_MEETING::SCM|S/PV.9696,SC_MEETING::SCM|S/PV.9696,ICJ-192-2024-05-24,192,Application of the Convention on the Prevention and Punishment of the Crime of Genocide in the Gaza Strip (South Africa v. Israel),2024-05-24,2024-07-31,68,SC_MEETING,S/PV.9696,"The situation in the Middle East, including the Palestinian question",1,0,MEMBER_STATE_OR_GENERAL_COUNCIL_DISCUSSION,DISCUSSION_OR_STATE_CALL,,,https://documents.un.org/api/symbol/access?s=S%2FPV.9696&l=en&t=pdf,S_PV.9696.pdf,bf7fab3feb0ff56fd1bf3a963cabbbc3f70ec87f2d0bd62d68f81098a1f5a0ec,1,2,MODERATE,AUTHOR_MANUALLY_VERIFIED_AGAINST_OFFICIAL_SOURCE,RELEASED,SAME_CASE_OR_CRISIS_WITHOUT_PROVEN_COLLECTIVE_ORDER_SPECIFIC_OUTPUT,Suraya Bazarova,HUMAN_MANUAL,CANDIDATE_GENERATION_AND_DIAGNOSTIC_SUPPORT_ONLY
ICJ-192-2024-05-24||SC_MEETING::SCM|S/PV.9704,SC_MEETING::SCM|S/PV.9704,ICJ-192-2024-05-24,192,Application of the Convention on the Prevention and Punishment of the Crime of Genocide in the Gaza Strip (South Africa v. Israel),2024-05-24,2024-08-13,81,SC_MEETING,S/PV.9704,"The situation in the Middle East, including the Palestinian question",1,0,MEMBER_STATE_OR_GENERAL_COUNCIL_DISCUSSION,DISCUSSION_OR_STATE_CALL,,,https://documents.un.org/api/symbol/access?s=S%2FPV.9704&l=en&t=pdf,S_PV.9704.pdf,5144f1328be7037afd17bed48a4b7a638beed986bd83490ee56fd81991cd2cbe,1,2,MODERATE,AUTHOR_MANUALLY_VERIFIED_AGAINST_OFFICIAL_SOURCE,RELEASED,SAME_CASE_OR_CRISIS_WITHOUT_PROVEN_COLLECTIVE_ORDER_SPECIFIC_OUTPUT,Suraya Bazarova,HUMAN_MANUAL,CANDIDATE_GENERATION_AND_DIAGNOSTIC_SUPPORT_ONLY
ICJ-192-2024-05-24||SC_MEETING::SCM|S/PV.9711,SC_MEETING::SCM|S/PV.9711,ICJ-192-2024-05-24,192,Application of the Convention on the Prevention and Punishment of the Crime of Genocide in the Gaza Strip (South Africa v. Israel),2024-05-24,2024-08-22,90,SC_MEETING,S/PV.9711,"The situation in the Middle East, including the Palestinian question",1,0,MEMBER_STATE_OR_GENERAL_COUNCIL_DISCUSSION,DISCUSSION_OR_STATE_CALL,,,https://documents.un.org/api/symbol/access?s=S%2FPV.9711&l=en&t=pdf,S_PV.9711.pdf,02c5d203eb442fd70e9009f9425272fedb41fab9e6586e017b6e406483707c1b,1,2,MODERATE,AUTHOR_MANUALLY_VERIFIED_AGAINST_OFFICIAL_SOURCE,RELEASED,SAME_CASE_OR_CRISIS_WITHOUT_PROVEN_COLLECTIVE_ORDER_SPECIFIC_OUTPUT,Suraya Bazarova,HUMAN_MANUAL,CANDIDATE_GENERATION_AND_DIAGNOSTIC_SUPPORT_ONLY
ICJ-192-2024-05-24||SC_MEETING::SCM|S/PV.9715,SC_MEETING::SCM|S/PV.9715,ICJ-192-2024-05-24,192,Application of the Convention on the Prevention and Punishment of the Crime of Genocide in the Gaza Strip (South Africa v. Israel),2024-05-24,2024-08-29,97,SC_MEETING,S/PV.9715,"The situation in the Middle East, including the Palestinian question",1,0,MEMBER_STATE_OR_GENERAL_COUNCIL_DISCUSSION,DISCUSSION_OR_STATE_CALL,,,https://documents.un.org/api/symbol/access?s=S%2FPV.9715&l=en&t=pdf,S_PV.9715.pdf,0c123d6bc3bca0d24f6c7311f0702acbf8724cccd5fcc51386f7a566e41d170b,1,2,MODERATE,AUTHOR_MANUALLY_VERIFIED_AGAINST_OFFICIAL_SOURCE,RELEASED,SAME_CASE_OR_CRISIS_WITHOUT_PROVEN_COLLECTIVE_ORDER_SPECIFIC_OUTPUT,Suraya Bazarova,HUMAN_MANUAL,CANDIDATE_GENERATION_AND_DIAGNOSTIC_SUPPORT_ONLY
ICJ-192-2024-05-24||SC_MEETING::SCM|S/PV.9717,SC_MEETING::SCM|S/PV.9717,ICJ-192-2024-05-24,192,Application of the Convention on the Prevention and Punishment of the Crime of Genocide in the Gaza Strip (South Africa v. Israel),2024-05-24,2024-09-04,103,SC_MEETING,S/PV.9717,"The situation in the Middle East, including the Palestinian question",1,0,MEMBER_STATE_OR_GENERAL_COUNCIL_DISCUSSION,DISCUSSION_OR_STATE_CALL,,,https://documents.un.org/api/symbol/access?s=S%2FPV.9717&l=en&t=pdf,S_PV.9717.pdf,5a51cacfd267ef395d7e82f2795aa6faea12567a495de310f36f23f4c86edd02,1,2,MODERATE,AUTHOR_MANUALLY_VERIFIED_AGAINST_OFFICIAL_SOURCE,RELEASED,SAME_CASE_OR_CRISIS_WITHOUT_PROVEN_COLLECTIVE_ORDER_SPECIFIC_OUTPUT,Suraya Bazarova,HUMAN_MANUAL,CANDIDATE_GENERATION_AND_DIAGNOSTIC_SUPPORT_ONLY
ICJ-192-2024-05-24||SC_MEETING::SCM|S/PV.9725,SC_MEETING::SCM|S/PV.9725,ICJ-192-2024-05-24,192,Application of the Convention on the Prevention and Punishment of the Crime of Genocide in the Gaza Strip (South Africa v. Israel),2024-05-24,2024-09-16,115,SC_MEETING,S/PV.9725,"The situation in the Middle East, including the Palestinian question",1,0,MEMBER_STATE_OR_GENERAL_COUNCIL_DISCUSSION,DISCUSSION_OR_STATE_CALL,,,https://documents.un.org/api/symbol/access?s=S%2FPV.9725&l=en&t=pdf,S_PV.9725.pdf,7b0743425e98ddd1c4ae6d96be5248f4a611567f12141e8a2a4f3f24c3d06ce8,1,2,MODERATE,AUTHOR_MANUALLY_VERIFIED_AGAINST_OFFICIAL_SOURCE,RELEASED,SAME_CASE_OR_CRISIS_WITHOUT_PROVEN_COLLECTIVE_ORDER_SPECIFIC_OUTPUT,Suraya Bazarova,HUMAN_MANUAL,CANDIDATE_GENERATION_AND_DIAGNOSTIC_SUPPORT_ONLY
ICJ-192-2024-05-24||SC_MEETING::SCM|S/PV.9728,SC_MEETING::SCM|S/PV.9728,ICJ-192-2024-05-24,192,Application of the Convention on the Prevention and Punishment of the Crime of Genocide in the Gaza Strip (South Africa v. Israel),2024-05-24,2024-09-19,118,SC_MEETING,S/PV.9728,"The situation in the Middle East, including the Palestinian question",1,0,MEMBER_STATE_OR_GENERAL_COUNCIL_DISCUSSION,DISCUSSION_OR_STATE_CALL,,,https://documents.un.org/api/symbol/access?s=S%2FPV.9728&l=en&t=pdf,S_PV.9728.pdf,5e9f66797f2016df2c27f0de812fc755f5a38dc146b7038eed11d3291ec16417,1,2,MODERATE,AUTHOR_MANUALLY_VERIFIED_AGAINST_OFFICIAL_SOURCE,RELEASED,SAME_CASE_OR_CRISIS_WITHOUT_PROVEN_COLLECTIVE_ORDER_SPECIFIC_OUTPUT,Suraya Bazarova,HUMAN_MANUAL,CANDIDATE_GENERATION_AND_DIAGNOSTIC_SUPPORT_ONLY
ICJ-192-2024-05-24||SC_MEETING::SCM|S/PV.9730,SC_MEETING::SCM|S/PV.9730,ICJ-192-2024-05-24,192,Application of the Convention on the Prevention and Punishment of the Crime of Genocide in the Gaza Strip (South Africa v. Israel),2024-05-24,2024-09-20,119,SC_MEETING,S/PV.9730,"The situation in the Middle East, including the Palestinian question",1,0,MEMBER_STATE_OR_GENERAL_COUNCIL_DISCUSSION,DISCUSSION_OR_STATE_CALL,,,https://documents.un.org/api/symbol/access?s=S%2FPV.9730&l=en&t=pdf,S_PV.9730.pdf,b935c642a595b943b957e67c5593e7bf556348c8ec4e854fba2510d7224b7f9e,1,2,MODERATE,AUTHOR_MANUALLY_VERIFIED_AGAINST_OFFICIAL_SOURCE,RELEASED,SAME_CASE_OR_CRISIS_WITHOUT_PROVEN_COLLECTIVE_ORDER_SPECIFIC_OUTPUT,Suraya Bazarova,HUMAN_MANUAL,CANDIDATE_GENERATION_AND_DIAGNOSTIC_SUPPORT_ONLY
ICJ-192-2024-05-24||SC_MEETING::SCM|S/PV.9734,SC_MEETING::SCM|S/PV.9734,ICJ-192-2024-05-24,192,Application of the Convention on the Prevention and Punishment of the Crime of Genocide in the Gaza Strip (South Africa v. Israel),2024-05-24,2024-09-27,126,SC_MEETING,S/PV.9734,"The situation in the Middle East, including the Palestinian question",1,0,MEMBER_STATE_OR_GENERAL_COUNCIL_DISCUSSION,DISCUSSION_OR_STATE_CALL,,,https://documents.un.org/api/symbol/access?s=S%2FPV.9734&l=en&t=pdf,S_PV.9734.pdf,c980bcba386673dd8f986a875a9e493bf6308c47becabd86347bbe118f88e852,1,2,MODERATE,AUTHOR_MANUALLY_VERIFIED_AGAINST_OFFICIAL_SOURCE,RELEASED,SAME_CASE_OR_CRISIS_WITHOUT_PROVEN_COLLECTIVE_ORDER_SPECIFIC_OUTPUT,Suraya Bazarova,HUMAN_MANUAL,CANDIDATE_GENERATION_AND_DIAGNOSTIC_SUPPORT_ONLY
ICJ-192-2024-05-24||SC_MEETING::SCM|S/PV.9744,SC_MEETING::SCM|S/PV.9744,ICJ-192-2024-05-24,192,Application of the Convention on the Prevention and Punishment of the Crime of Genocide in the Gaza Strip (South Africa v. Israel),2024-05-24,2024-10-09,138,SC_MEETING,S/PV.9744,"The situation in the Middle East, including the Palestinian question",1,0,MEMBER_STATE_OR_GENERAL_COUNCIL_DISCUSSION,DISCUSSION_OR_STATE_CALL,,,https://documents.un.org/api/symbol/access?s=S%2FPV.9744&l=en&t=pdf,S_PV.9744.pdf,4b2ce15b1e9223ee7c0cd89cde7f4ae5fcb1d00d86327abf5f596c04db4d7a37,1,2,MODERATE,AUTHOR_MANUALLY_VERIFIED_AGAINST_OFFICIAL_SOURCE,RELEASED,SAME_CASE_OR_CRISIS_WITHOUT_PROVEN_COLLECTIVE_ORDER_SPECIFIC_OUTPUT,Suraya Bazarova,HUMAN_MANUAL,CANDIDATE_GENERATION_AND_DIAGNOSTIC_SUPPORT_ONLY
ICJ-192-2024-05-24||SC_MEETING::SCM|S/PV.9750,SC_MEETING::SCM|S/PV.9750,ICJ-192-2024-05-24,192,Application of the Convention on the Prevention and Punishment of the Crime of Genocide in the Gaza Strip (South Africa v. Israel),2024-05-24,2024-10-16,145,SC_MEETING,S/PV.9750,"The situation in the Middle East, including the Palestinian question",1,0,MEMBER_STATE_OR_GENERAL_COUNCIL_DISCUSSION,DISCUSSION_OR_STATE_CALL,,,https://documents.un.org/api/symbol/access?s=S%2FPV.9750&l=en&t=pdf,S_PV.9750.pdf,8e9ea9a49fab502ad5fef680b5f59b3f2d792724147f196610146726a6ea7cc5,1,2,MODERATE,AUTHOR_MANUALLY_VERIFIED_AGAINST_OFFICIAL_SOURCE,RELEASED,SAME_CASE_OR_CRISIS_WITHOUT_PROVEN_COLLECTIVE_ORDER_SPECIFIC_OUTPUT,Suraya Bazarova,HUMAN_MANUAL,CANDIDATE_GENERATION_AND_DIAGNOSTIC_SUPPORT_ONLY
ICJ-192-2024-05-24||SC_MEETING::SCM|S/PV.9763,SC_MEETING::SCM|S/PV.9763,ICJ-192-2024-05-24,192,Application of the Convention on the Prevention and Punishment of the Crime of Genocide in the Gaza Strip (South Africa v. Israel),2024-05-24,2024-10-29,158,SC_MEETING,S/PV.9763,"The situation in the Middle East, including the Palestinian question",1,0,MEMBER_STATE_OR_GENERAL_COUNCIL_DISCUSSION,DISCUSSION_OR_STATE_CALL,,,https://documents.un.org/api/symbol/access?s=S%2FPV.9763&l=en&t=pdf,S_PV.9763.pdf,e6cbfa30782ed239368f2c09a1c5bf772dac888bf5fbe7ef5d83549834fe6323,1,2,MODERATE,AUTHOR_MANUALLY_VERIFIED_AGAINST_OFFICIAL_SOURCE,RELEASED,SAME_CASE_OR_CRISIS_WITHOUT_PROVEN_COLLECTIVE_ORDER_SPECIFIC_OUTPUT,Suraya Bazarova,HUMAN_MANUAL,CANDIDATE_GENERATION_AND_DIAGNOSTIC_SUPPORT_ONLY
ICJ-192-2024-05-24||SC_MEETING::SCM|S/PV.9763 (Resumption 1),SC_MEETING::SCM|S/PV.9763 (Resumption 1),ICJ-192-2024-05-24,192,Application of the Convention on the Prevention and Punishment of the Crime of Genocide in the Gaza Strip (South Africa v. Israel),2024-05-24,2024-10-29,158,SC_MEETING,S/PV.9763 (RESUMPTION 1),"The situation in the Middle East, including the Palestinian question",1,0,MEMBER_STATE_OR_GENERAL_COUNCIL_DISCUSSION,DISCUSSION_OR_STATE_CALL,,,https://documents.un.org/api/symbol/access?s=S%2FPV.9763%20%28RESUMPTION%201%29&l=en&t=pdf,S_PV.9763_RESUMPTION_1.pdf,ea8b972424a8caaa67950e00376bec964ff8f01c94b4a4cf71ef6b243d9fe27f,1,2,MODERATE,AUTHOR_MANUALLY_VERIFIED_AGAINST_OFFICIAL_SOURCE,RELEASED,SAME_CASE_OR_CRISIS_WITHOUT_PROVEN_COLLECTIVE_ORDER_SPECIFIC_OUTPUT,Suraya Bazarova,HUMAN_MANUAL,CANDIDATE_GENERATION_AND_DIAGNOSTIC_SUPPORT_ONLY
ICJ-192-2024-05-24||SC_MEETING::SCM|S/PV.9763 (Resumption 2),SC_MEETING::SCM|S/PV.9763 (Resumption 2),ICJ-192-2024-05-24,192,Application of the Convention on the Prevention and Punishment of the Crime of Genocide in the Gaza Strip (South Africa v. Israel),2024-05-24,2024-10-30,159,SC_MEETING,S/PV.9763 (RESUMPTION 2),"The situation in the Middle East, including the Palestinian question",1,0,MEMBER_STATE_OR_GENERAL_COUNCIL_DISCUSSION,DISCUSSION_OR_STATE_CALL,,,https://documents.un.org/api/symbol/access?s=S%2FPV.9763%20%28RESUMPTION%202%29&l=en&t=pdf,S_PV.9763_RESUMPTION_2.pdf,4712a60cf56bf2fcd37d25bb185b4762557c8e03fcb1bb9548dbd1c317584838,1,2,MODERATE,AUTHOR_MANUALLY_VERIFIED_AGAINST_OFFICIAL_SOURCE,RELEASED,SAME_CASE_OR_CRISIS_WITHOUT_PROVEN_COLLECTIVE_ORDER_SPECIFIC_OUTPUT,Suraya Bazarova,HUMAN_MANUAL,CANDIDATE_GENERATION_AND_DIAGNOSTIC_SUPPORT_ONLY
ICJ-192-2024-05-24||SC_FORMAL_VOTE::SCV|2128,SC_FORMAL_VOTE::SCV|2128,ICJ-192-2024-05-24,192,Application of the Convention on the Prevention and Punishment of the Crime of Genocide in the Gaza Strip (South Africa v. Israel),2024-05-24,2024-11-20,180,SC_FORMAL_VOTE,S/PV.9790,"Middle East, incl. the Palestinian question | The situation in the Middle East, including the Palestinian question | S/2024/835",1,0,MEMBER_STATE_OR_GENERAL_COUNCIL_DISCUSSION,DISCUSSION_OR_STATE_CALL,,,https://documents.un.org/api/symbol/access?s=S%2FPV.9790&l=en&t=pdf,S_PV.9790.pdf,8626e6cbb1e4c096a3ed0274c0880162f45151a49c991c3fdf380e839ecdeb66,1,2,MODERATE,AUTHOR_MANUALLY_VERIFIED_AGAINST_OFFICIAL_SOURCE,RELEASED,SAME_CASE_OR_CRISIS_WITHOUT_PROVEN_COLLECTIVE_ORDER_SPECIFIC_OUTPUT,Suraya Bazarova,HUMAN_MANUAL,CANDIDATE_GENERATION_AND_DIAGNOSTIC_SUPPORT_ONLY
ICJ-192-2024-05-24||SC_MEETING::SCM|S/PV.9790,SC_MEETING::SCM|S/PV.9790,ICJ-192-2024-05-24,192,Application of the Convention on the Prevention and Punishment of the Crime of Genocide in the Gaza Strip (South Africa v. Israel),2024-05-24,2024-11-20,180,SC_MEETING,S/PV.9790,"The situation in the Middle East, including the Palestinian question",1,0,MEMBER_STATE_OR_GENERAL_COUNCIL_DISCUSSION,DISCUSSION_OR_STATE_CALL,,,https://documents.un.org/api/symbol/access?s=S%2FPV.9790&l=en&t=pdf,S_PV.9790.pdf,8626e6cbb1e4c096a3ed0274c0880162f45151a49c991c3fdf380e839ecdeb66,1,2,MODERATE,AUTHOR_MANUALLY_VERIFIED_AGAINST_OFFICIAL_SOURCE,RELEASED,SAME_CASE_OR_CRISIS_WITHOUT_PROVEN_COLLECTIVE_ORDER_SPECIFIC_OUTPUT,Suraya Bazarova,HUMAN_MANUAL,CANDIDATE_GENERATION_AND_DIAGNOSTIC_SUPPORT_ONLY
