stage6_pair_key,document_symbol,final_link_code,machine_candidate_code_strict,machine_rule_strict,icj_reference_found,provisional_measure_reference_found,specific_order_language_found,matched_parties_strict,matched_case_terms_strict,machine_extracted_context,audit_warning
ICJ-140-2008-10-15||SC_FORMAL_VOTE::SCV|1166,S/PV.6082,2,2,SAME_CASE_OR_DISPUTE_NO_PROVEN_COLLECTIVE_FOLLOW_THROUGH,0,0,0,georgia|russia|russian|russian federation,abkhazia|georgia|russian federation,". Liu Zhenmin Costa Rica . . . . . . . . . . . . . . . . . . . . . . . . . . . . . . . . . . . . . . Mr. Urbina Croatia . . . . . . . . . . . . . . . . . . . . . . . . . . . . . . . . . . . . . . . . Mr. Jurica France . . . . . . . . . . . . . . . . . . . . . . . . . . . . . . . . . . . . . . . . . Mr. Lacroix Libyan Arab Jamahiriya . . . . . . . . . . . . . . . . . . . . . . . . . . . Mr. Dabbashi Mexico . . . . . . . . . . . . . . . . . . . . . . . . . . . . . . . . . . . . . . . . Mr. Heller Russian Federation . . . . . . . . . . . . . . . . . . . . . . . . . . . . . . . Mr. Churkin Turkey . . . . . . . . . . . . . . . . . . . . . . . . . . . . . . . . . . . . . . . . Mr. İlkin Uganda . . . . . . . . . . . . . . . . . . . . . . . . . . . . . . . . . . . . . . . . Mr. Rugunda United Kingdom of Great Britain and Northern Ireland . . . . Sir John Sawers United States of America . . . . . . . . . . . . . . . . . . . . . . . . . . . Ms. DiCarlo Viet Nam . . . . . . . . . . . . . . . . . . . .  || . Liu Zhenmin Costa Rica . . . . . . . . . . . . . . . . . . . . . . . . . . . . . . . . . . . . . . Mr. Urbina Croatia . . . . . . . . . . . . . . . . . . . . . . . . . . . . . . . . . . . . . . . . Mr. Jurica France . . . . . . . . . . . . . . . . . . . . . . . . . . . . . . . . . . . . . . . . . Mr. Lacroix Libyan Arab Jamahiriya . . . . . . . . . . . . . . . . . . . . . . . . . . . Mr. Dabbashi Mexico . . . . . . . . . . . . . . . . . . . . . . . . . . . . . . . . . . . . . . . . Mr. Heller Russian Federation . . . . . . . . . . . . . . . . . . . . . . . . . . . . . . . Mr. Churkin Turkey . . . . . . . . . . . . . . . . . . . . . . . . . . . . . . . . . . . . . . . . Mr. İlkin Uganda . . . . . . . . . . . . . . . . . . . . . . . . . . . . . . . . . . . . . . . . Mr. Rugunda United Kingdom of Great Britain and Northern Ireland . . . . Sir John Sawers United States of America . . . . . . . . . . . . . . . . . . . . . . . . . . . Ms. DiCarlo Viet Nam . . . . . . . . . . . . . . . . . . . . . || . Liu Zhenmin Costa Rica . . . . . . . . . . . . . . . . . . . . . . . . . . . . . . . . . . . . . . Mr. Urbina Croatia . . . . . . . . . . . . . . . . . . . . . . . . . . . . . . . . . . . . . . . . Mr. Jurica France . . . . . . . . . . . . . . . . . . . . . . . . . . . . . . . . . . . . . . . . . Mr. Lacroix Libyan Arab Jamahiriya . . . . . . . . . . . . . . . . . . . . . . . . . . . Mr. Dabbashi Mexico . . . . . . . . . . . . . . . . . . . . . . . . . . . . . . . . . . . . . . . . Mr. Heller Russian Federation . . . . . . . . . . . . . . . . . . . . . . . . . . . . . . . Mr. Churkin Turkey . . . . . . . . . . . . . . . . . . . . . . . . . . . . . . . . . . . . . . . . Mr. İlkin Uganda . . . . . . . . . . . . . . . . . . . . . . . . . . . . . . . . . . . . . . . . Mr. Rugunda United Kingdom of Great Britain and Northern Ireland . . . . Sir John Sawers United States of America . . . . . . . . . . . . . . . . . . . . . . . . . . . Ms. DiCarlo Viet Nam . . . . . . . . . . . . . . . . . . . . . . . . . .  || urkin Turkey . . . . . . . . . . . . . . . . . . . . . . . . . . . . . . . . . . . . . . . . Mr. İlkin Uganda . . . . . . . . . . . . . . . . . . . . . . . . . . . . . . . . . . . . . . . . Mr. Rugunda United Kingdom of Great Britain and Northern Ireland . . . . Sir John Sawers United States of America . . . . . . . . . . . . . . . . . . . . . . . . . . . Ms. DiCarlo Viet Nam . . . . . . . . . . . . . . . . . . . . . . . . . . . . . . . . . . . . . . . Mr. Le Luong Minh Agenda The situation in Georgia Report of the Secretary-General on the situation in Abkhazia, Georgia, pursuant to Security Council resolution 1839 (2008) (S/2009/69) This record contains the text of speeches delivered in English and of the interpretation of speeches delivered in the other languages. The final text will be printed in the Official Records of the Security Council. Corrections should be submitted to the original languages only. They should be incorporated in a copy of the record and sent under the signature of a  ||  . . . . . . . . . . . . . . . . Mr. İlkin Uganda . . . . . . . . . . . . . . . . . . . . . . . . . . . . . . . . . . . . . . . . Mr. Rugunda United Kingdom of Great Britain and Northern Ireland . . . . Sir John Sawers United States of America . . . . . . . . . . . . . . . . . . . . . . . . . . . Ms. DiCarlo Viet Nam . . . . . . . . . . . . . . . . . . . . . . . . . . . . . . . . . . . . . . . Mr. Le Luong Minh Agenda The situation in Georgia Report of the Secretary-General on the situation in Abkhazia, Georgia, pursuant to Security Council resolution 1839 (2008) (S/2009/69) This record contains the text of speeches delivered in English and of the interpretation of speeches delivered in the other languages. The final text will be printed in the Official Records of the Security Council. Corrections should be submitted to the original languages only. They should be incorporated in a copy of the record and sent under the signature of a member of the delegation concerned to the Chief of the Verbat",MACHINE_EXTRACTED_CONTEXT_NOT_HUMAN_CODING_EVIDENCE_OR_PIN_CITE
ICJ-140-2008-10-15||SC_MEETING::SCM|S/PV.6082,S/PV.6082,2,2,SAME_CASE_OR_DISPUTE_NO_PROVEN_COLLECTIVE_FOLLOW_THROUGH,0,0,0,georgia|russia|russian|russian federation,abkhazia|georgia|russian federation,". Liu Zhenmin Costa Rica . . . . . . . . . . . . . . . . . . . . . . . . . . . . . . . . . . . . . . Mr. Urbina Croatia . . . . . . . . . . . . . . . . . . . . . . . . . . . . . . . . . . . . . . . . Mr. Jurica France . . . . . . . . . . . . . . . . . . . . . . . . . . . . . . . . . . . . . . . . . Mr. Lacroix Libyan Arab Jamahiriya . . . . . . . . . . . . . . . . . . . . . . . . . . . Mr. Dabbashi Mexico . . . . . . . . . . . . . . . . . . . . . . . . . . . . . . . . . . . . . . . . Mr. Heller Russian Federation . . . . . . . . . . . . . . . . . . . . . . . . . . . . . . . Mr. Churkin Turkey . . . . . . . . . . . . . . . . . . . . . . . . . . . . . . . . . . . . . . . . Mr. İlkin Uganda . . . . . . . . . . . . . . . . . . . . . . . . . . . . . . . . . . . . . . . . Mr. Rugunda United Kingdom of Great Britain and Northern Ireland . . . . Sir John Sawers United States of America . . . . . . . . . . . . . . . . . . . . . . . . . . . Ms. DiCarlo Viet Nam . . . . . . . . . . . . . . . . . . . .  || . Liu Zhenmin Costa Rica . . . . . . . . . . . . . . . . . . . . . . . . . . . . . . . . . . . . . . Mr. Urbina Croatia . . . . . . . . . . . . . . . . . . . . . . . . . . . . . . . . . . . . . . . . Mr. Jurica France . . . . . . . . . . . . . . . . . . . . . . . . . . . . . . . . . . . . . . . . . Mr. Lacroix Libyan Arab Jamahiriya . . . . . . . . . . . . . . . . . . . . . . . . . . . Mr. Dabbashi Mexico . . . . . . . . . . . . . . . . . . . . . . . . . . . . . . . . . . . . . . . . Mr. Heller Russian Federation . . . . . . . . . . . . . . . . . . . . . . . . . . . . . . . Mr. Churkin Turkey . . . . . . . . . . . . . . . . . . . . . . . . . . . . . . . . . . . . . . . . Mr. İlkin Uganda . . . . . . . . . . . . . . . . . . . . . . . . . . . . . . . . . . . . . . . . Mr. Rugunda United Kingdom of Great Britain and Northern Ireland . . . . Sir John Sawers United States of America . . . . . . . . . . . . . . . . . . . . . . . . . . . Ms. DiCarlo Viet Nam . . . . . . . . . . . . . . . . . . . . . || . Liu Zhenmin Costa Rica . . . . . . . . . . . . . . . . . . . . . . . . . . . . . . . . . . . . . . Mr. Urbina Croatia . . . . . . . . . . . . . . . . . . . . . . . . . . . . . . . . . . . . . . . . Mr. Jurica France . . . . . . . . . . . . . . . . . . . . . . . . . . . . . . . . . . . . . . . . . Mr. Lacroix Libyan Arab Jamahiriya . . . . . . . . . . . . . . . . . . . . . . . . . . . Mr. Dabbashi Mexico . . . . . . . . . . . . . . . . . . . . . . . . . . . . . . . . . . . . . . . . Mr. Heller Russian Federation . . . . . . . . . . . . . . . . . . . . . . . . . . . . . . . Mr. Churkin Turkey . . . . . . . . . . . . . . . . . . . . . . . . . . . . . . . . . . . . . . . . Mr. İlkin Uganda . . . . . . . . . . . . . . . . . . . . . . . . . . . . . . . . . . . . . . . . Mr. Rugunda United Kingdom of Great Britain and Northern Ireland . . . . Sir John Sawers United States of America . . . . . . . . . . . . . . . . . . . . . . . . . . . Ms. DiCarlo Viet Nam . . . . . . . . . . . . . . . . . . . . . . . . . .  || urkin Turkey . . . . . . . . . . . . . . . . . . . . . . . . . . . . . . . . . . . . . . . . Mr. İlkin Uganda . . . . . . . . . . . . . . . . . . . . . . . . . . . . . . . . . . . . . . . . Mr. Rugunda United Kingdom of Great Britain and Northern Ireland . . . . Sir John Sawers United States of America . . . . . . . . . . . . . . . . . . . . . . . . . . . Ms. DiCarlo Viet Nam . . . . . . . . . . . . . . . . . . . . . . . . . . . . . . . . . . . . . . . Mr. Le Luong Minh Agenda The situation in Georgia Report of the Secretary-General on the situation in Abkhazia, Georgia, pursuant to Security Council resolution 1839 (2008) (S/2009/69) This record contains the text of speeches delivered in English and of the interpretation of speeches delivered in the other languages. The final text will be printed in the Official Records of the Security Council. Corrections should be submitted to the original languages only. They should be incorporated in a copy of the record and sent under the signature of a  ||  . . . . . . . . . . . . . . . . Mr. İlkin Uganda . . . . . . . . . . . . . . . . . . . . . . . . . . . . . . . . . . . . . . . . Mr. Rugunda United Kingdom of Great Britain and Northern Ireland . . . . Sir John Sawers United States of America . . . . . . . . . . . . . . . . . . . . . . . . . . . Ms. DiCarlo Viet Nam . . . . . . . . . . . . . . . . . . . . . . . . . . . . . . . . . . . . . . . Mr. Le Luong Minh Agenda The situation in Georgia Report of the Secretary-General on the situation in Abkhazia, Georgia, pursuant to Security Council resolution 1839 (2008) (S/2009/69) This record contains the text of speeches delivered in English and of the interpretation of speeches delivered in the other languages. The final text will be printed in the Official Records of the Security Council. Corrections should be submitted to the original languages only. They should be incorporated in a copy of the record and sent under the signature of a member of the delegation concerned to the Chief of the Verbat",MACHINE_EXTRACTED_CONTEXT_NOT_HUMAN_CODING_EVIDENCE_OR_PIN_CITE
ICJ-171-2023-12-01||SC_MEETING::SCM|S/PV.9525,S/PV.9525,1,1,GENERAL_OR_PARTIAL_NEXUS_ONLY,0,0,0,guyana,guyana,"ional Seventy-ninth year 9525th meeting Wednesday, 3 January 2024, 3 p.m. New York President: Mr. De Rivière. . . . . . . . . . . . . . . . . . . . . . . . . . . . . . . . . . . (France) Members: Algeria. . . . . . . . . . . . . . . . . . . . . . . . . . . . . . . . . . . . . . . . Mr. Bendjama China. . . . . . . . . . . . . . . . . . . . . . . . . . . . . . . . . . . . . . . . . Mr. Geng Shuang Ecuador. . . . . . . . . . . . . . . . . . . . . . . . . . . . . . . . . . . . . . . Mr. De La Gasca Guyana . . . . . . . . . . . . . . . . . . . . . . . . . . . . . . . . . . . . . . . Mrs. Rodrigues-Birkett Japan. . . . . . . . . . . . . . . . . . . . . . . . . . . . . . . . . . . . . . . . . Mr. Yamazaki Malta. . . . . . . . . . . . . . . . . . . . . . . . . . . . . . . . . . . . . . . . . Mrs. Frazier Mozambique . . . . . . . . . . . . . . . . . . . . . . . . . . . . . . . . . . . Mr. Fernandes Republic of Korea . . . . . . . . . . . . . . . . . . . . . . . . . . . . . . . Mr. Hwang Russian Feder",MACHINE_EXTRACTED_CONTEXT_NOT_HUMAN_CODING_EVIDENCE_OR_PIN_CITE
ICJ-171-2023-12-01||SC_FORMAL_VOTE::SCV|2083,S/PV.9527,1,1,GENERAL_OR_PARTIAL_NEXUS_ONLY,0,0,0,guyana,guyana,"l Seventy-ninth year 9527th meeting Wednesday, 10 January 2024, 5.10 p.m. New York President: Mr. De Rivière. . . . . . . . . . . . . . . . . . . . . . . . . . . . . . . . . . . (France) Members: Algeria. . . . . . . . . . . . . . . . . . . . . . . . . . . . . . . . . . . . . . . . Mr. Bendjama China. . . . . . . . . . . . . . . . . . . . . . . . . . . . . . . . . . . . . . . . . Mr. Zhang Jun Ecuador. . . . . . . . . . . . . . . . . . . . . . . . . . . . . . . . . . . . . . . Mr. Montalvo Sosa Guyana . . . . . . . . . . . . . . . . . . . . . . . . . . . . . . . . . . . . . . . Mrs. Rodrigues-Birkett Japan. . . . . . . . . . . . . . . . . . . . . . . . . . . . . . . . . . . . . . . . . Mr. Yamazaki Malta. . . . . . . . . . . . . . . . . . . . . . . . . . . . . . . . . . . . . . . . . Mrs. Frazier Mozambique . . . . . . . . . . . . . . . . . . . . . . . . . . . . . . . . . . . Mr. Fernandes Republic of Korea . . . . . . . . . . . . . . . . . . . . . . . . . . . . . . . Mr. Hwang Russian Feder",MACHINE_EXTRACTED_CONTEXT_NOT_HUMAN_CODING_EVIDENCE_OR_PIN_CITE
ICJ-171-2023-12-01||SC_MEETING::SCM|S/PV.9527,S/PV.9527,1,1,GENERAL_OR_PARTIAL_NEXUS_ONLY,0,0,0,guyana,guyana,"l Seventy-ninth year 9527th meeting Wednesday, 10 January 2024, 5.10 p.m. New York President: Mr. De Rivière. . . . . . . . . . . . . . . . . . . . . . . . . . . . . . . . . . . (France) Members: Algeria. . . . . . . . . . . . . . . . . . . . . . . . . . . . . . . . . . . . . . . . Mr. Bendjama China. . . . . . . . . . . . . . . . . . . . . . . . . . . . . . . . . . . . . . . . . Mr. Zhang Jun Ecuador. . . . . . . . . . . . . . . . . . . . . . . . . . . . . . . . . . . . . . . Mr. Montalvo Sosa Guyana . . . . . . . . . . . . . . . . . . . . . . . . . . . . . . . . . . . . . . . Mrs. Rodrigues-Birkett Japan. . . . . . . . . . . . . . . . . . . . . . . . . . . . . . . . . . . . . . . . . Mr. Yamazaki Malta. . . . . . . . . . . . . . . . . . . . . . . . . . . . . . . . . . . . . . . . . Mrs. Frazier Mozambique . . . . . . . . . . . . . . . . . . . . . . . . . . . . . . . . . . . Mr. Fernandes Republic of Korea . . . . . . . . . . . . . . . . . . . . . . . . . . . . . . . Mr. Hwang Russian Feder",MACHINE_EXTRACTED_CONTEXT_NOT_HUMAN_CODING_EVIDENCE_OR_PIN_CITE
ICJ-171-2023-12-01||SC_MEETING::SCM|S/PV.9532,S/PV.9532,0,2,SAME_CASE_OR_DISPUTE_NO_PROVEN_COLLECTIVE_FOLLOW_THROUGH,1,0,0,guyana,guyana,"onal Seventy-ninth year 9532nd meeting Friday, 12 January 2024, 5.35 p.m. New York President: Mr. De Rivière. . . . . . . . . . . . . . . . . . . . . . . . . . . . . . . . . . . (France) Members: Algeria. . . . . . . . . . . . . . . . . . . . . . . . . . . . . . . . . . . . . . . . Mr. Bendjama China. . . . . . . . . . . . . . . . . . . . . . . . . . . . . . . . . . . . . . . . . Mr. Zhang Jun Ecuador. . . . . . . . . . . . . . . . . . . . . . . . . . . . . . . . . . . . . . . Mr. Montalvo Sosa Guyana . . . . . . . . . . . . . . . . . . . . . . . . . . . . . . . . . . . . . . . Mrs. Rodrigues-Birkett Japan. . . . . . . . . . . . . . . . . . . . . . . . . . . . . . . . . . . . . . . . . Mr. Yamazaki Malta. . . . . . . . . . . . . . . . . . . . . . . . . . . . . . . . . . . . . . . . . Mrs. Frazier Mozambique . . . . . . . . . . . . . . . . . . . . . . . . . . . . . . . . . . . Mr. Fernandes Republic of Korea . . . . . . . . . . . . . . . . . . . . . . . . . . . . . . . Mr. Hwang Russian Feder || d deliberately to defence — alongside the United States and with the increase the number of civilian casualties, including non-operational support of the Netherlands, Canada, women and children. The United States and its Bahrain and Australia. The United Kingdom Royal sycophants also consistently call the slaughter that Air Force carried out targeted strikes against military Israel continues to carry out in Gaza self-defence. facilities used by Houthi rebels in Yemen. The operation Although the International Court of Justice, in its 2004 took particular care to minimize risks to civilians. advisory opinion (see A/ES-10/273), explicitly excluded Israel’s ability to invoke Article 51 in relation to its Since November, the Houthis have launched than actions in the occupied Palestinian territories, taking 100 drone and missile attacks against vessels from into account the peculiarities of the status of those a range of countries, putting innocent lives at risk, territories. Apparently, when it comes to Washington’s thr",MACHINE_EXTRACTED_CONTEXT_NOT_HUMAN_CODING_EVIDENCE_OR_PIN_CITE
ICJ-171-2023-12-01||SC_MEETING::SCM|S/PV.9542,S/PV.9542,0,2,SAME_CASE_OR_DISPUTE_NO_PROVEN_COLLECTIVE_FOLLOW_THROUGH,0,0,0,guyana|guyanese,guyana,"United Nations S/PV.9542 Security Council Provisional Seventy-ninth year 9542nd meeting Monday, 5 February 2024, 4 p.m. New York President: Mrs. Rodrigues-Birkett. . . . . . . . . . . . . . . . . . . . . . . . . . . . (Guyana) Members: Algeria. . . . . . . . . . . . . . . . . . . . . . . . . . . . . . . . . . . . . . . . Mr. Bendjama China. . . . . . . . . . . . . . . . . . . . . . . . . . . . . . . . . . . . . . . . . Mr. Zhang Jun Ecuador. . . . . . . . . . . . . . . . . . . . . . . . . . . . . . . . . . . . . . . Mr. Montalvo Sosa France . . . . . . . . . . . . . . . . . . . . . . . . . . . . . . . . . . . . . . . . Mr. De Rivière Japan. . . . . . . . . . . . . . . . . . . . . . . . . . . . . . . . . . . . . . .  || er 22, in north-east Jordan, close to United Nations offices on the ground. near the Al-Tanf base in Syria. On 2 February, the United States Central Command said it had carried out I reiterate the Secretary-General’s call on all 85 air strikes in Iraq and Syria against reported Iranian parties to step back from the brink and to consider the 2/15 24-03099 05/02/2024 Threats to international peace and security S/PV.9542 unbearable human and economic cost of a potential We would like to thank the Guyanese presidency regional conflict. for swiftly convening today’s meeting of the Security Council under the agenda item “Threats to international It has been nearly five months since more than peace and security”, which we initiated in order to 1,200 Israelis were killed in the attacks by Hamas, discuss another unlawful and irresponsible act by the with over 250 people taken hostage. As the Secretary- United States in the Middle East region. That action General said, this has been a period of heartac",MACHINE_EXTRACTED_CONTEXT_NOT_HUMAN_CODING_EVIDENCE_OR_PIN_CITE
ICJ-171-2023-12-01||SC_MEETING::SCM|S/PV.9547,S/PV.9547,1,1,GENERAL_OR_PARTIAL_NEXUS_ONLY,0,0,0,guyana,guyana,"United Nations S/PV.9547 Security Council Provisional Seventy-ninth year 9547th meeting Tuesday, 13 February 2024, 10 a.m. New York President: Mr. Ali/Mr. Todd. . . . . . . . . . . . . . . . . . . . . . . . . . . . . . . . . (Guyana) Members: Algeria. . . . . . . . . . . . . . . . . . . . . . . . . . . . . . . . . . . . . . . . Mr. Cherfa China. . . . . . . . . . . . . . . . . . . . . . . . . . . . . . . . . . . . . . . . . Mr. Zhang Jun Ecuador. . . . . . . . . . . . . . . . . . . . . . . . . . . . . . . . . . . . . . . Mr. De La Gasca France . . . . . . . . . . . . . . . . . . . . . . . . . . . . . . . . . . . . . . . . Mrs. Broadhurst Estival Japan. . . . . . . . . . . . . . . . . . . . . . . . . . . . . . . . . . . . .",MACHINE_EXTRACTED_CONTEXT_NOT_HUMAN_CODING_EVIDENCE_OR_PIN_CITE
ICJ-171-2023-12-01||SC_MEETING::SCM|S/PV.9547 (Resumption 1),S/PV.9547 (RESUMPTION 1),0,2,SAME_CASE_OR_DISPUTE_NO_PROVEN_COLLECTIVE_FOLLOW_THROUGH,1,0,0,guyana|guyanese,guyana,"United Nations S/PV.9547 (Resumption 1) Security Council Provisional Seventy-ninth year 9547th meeting Tuesday, 13 February 2024, 3 p.m. New York President: Mrs. Rodrigues-Birkett/Ms. Benn. . . . . . . . . . . . . . . . . . . . (Guyana) Members: Algeria. . . . . . . . . . . . . . . . . . . . . . . . . . . . . . . . . . . . . . . . Mr. Yahiaoui China. . . . . . . . . . . . . . . . . . . . . . . . . . . . . . . . . . . . . . . . . Mr. Tian Bingxu Ecuador. . . . . . . . . . . . . . . . . . . . . . . . . . . . . . . . . . . . . . . Mrs. Sánchez Izquierdo France . . . . . . . . . . . . . . . . . . . . . . . . . . . . . . . . . . . . . . . . Mrs. Segovia Japan. . . . . . . . . . . . . . . . . . . . . . . . . . . . . . . . . . . . . || nd exploitation. We know about that first- security threats posed by sea level rise, we very much hand. Poland has never been a colonial power. Quite look forward to the convening of the high-level meeting the opposite — we have suffered from the colonial in September. imperialist policies forced on us by neighbouring States. The starvation of civilians as a method of war Liechtenstein is in the process of finalizing its is a violation of international humanitarian law and can submission to the International Court of Justice for the constitute a war crime. Court’s advisory opinion on climate change, mandated through a historic decision of the General Assembly On the development front, climate-induced (resolution 77/276) and complementary to the efforts food insecurity should have our full attention. made in the United Nations Framework Convention Governments and international organizations should on Climate Change process. We are confident that continue to strengthen food systems so that they the Court will provide ||  people and secure our future. measures restricting trade and investment cooperation. The President: I now give the floor to the Instead, we must focus on positive change, including by representative of Kazakhstan. investing in green jobs, ending fossil fuel subsidies and ensuring that all climate actions are fair, inclusive and Mr. Rakhmetullin (Kazakhstan): I congratulate involve women at all levels. the Co-operative Republic of Guyana on assuming the Security Council presidency and thank the Guyanese The issue of climate change is one of the priorities delegation for convening this meeting on such an of my country, since Central Asia is one of the important topic. regions most vulnerable to climate change. Even if we successfully limit the global temperature rise to The problem of climate change is a central theme 1.5°C by 2030, we will experience a temperature rise of throughout the world community, with significant between 2 and 2.5°C in our region. economic, environmental and social cons",MACHINE_EXTRACTED_CONTEXT_NOT_HUMAN_CODING_EVIDENCE_OR_PIN_CITE
ICJ-171-2023-12-01||SC_MEETING::SCM|S/PV.9547 (Resumption 2),S/PV.9547 (RESUMPTION 2),0,3,STRICT_CANDIDATE_3_COLLECTIVE_ACTION_AND_ORDER_NEXUS,1,1,0,guyana|guyanese,guyana,"United Nations S/PV.9547 (Resumption 2) Security Council Provisional Seventy-ninth year 9547th meeting Wednesday, 14 February 2024, 3 p.m. New York President: Mrs. Rodrigues-Birkett. . . . . . . . . . . . . . . . . . . . . . . . . . . . (Guyana) Members: Algeria. . . . . . . . . . . . . . . . . . . . . . . . . . . . . . . . . . . . . . . . Mr. Gadouri China. . . . . . . . . . . . . . . . . . . . . . . . . . . . . . . . . . . . . . . . . Mr. Tian Bingxu Ecuador. . . . . . . . . . . . . . . . . . . . . . . . . . . . . . . . . . . . . . . Mr. Montalvo Sosa France . . . . . . . . . . . . . . . . . . . . . . . . . . . . . . . . . . . . . . . . Mr. Ollivier Mrejen Japan. . . . . . . . . . . . . . . . . . . . . . . . . . . . . . . . . . . .  || rucial steps. and decisive step to reduce emissions and compensate for the victims of climate change. In line with its nationally determined contributions. Mauritius has not only reaffirmed its commitments to The President: I now give the floor to the reducing greenhouse-gas emissions from the agricultural representative of Mauritius. sector, but has also identified agriculture as a priority Ms. Raojee (Mauritius): Let me begin by thanking sector for climate change adaptation, with focus on the Guyanese presidency for organizing this high- efficient irrigation techniques and climate-smart level debate on the impact of climate change and food agriculture. International cooperation is essential, insecurity on the maintenance of international peace particularly for SIDS facing acute vulnerabilities. The and security. provision of climate financing, technology transfer, capacity-building and knowledge-sharing can help Climate change is a stark reality that exacerbates developing countries to not o ||  months, Azerbaijan a comprehensive package of the reviewed landmine manipulated a disingenuous environmental agenda data as a gesture of goodwill, and we have invited to justify the imposition of a total blockade on a the relevant international partners to participate in population of 120,000 people in Nagorno-Karabakh, verifying the accuracy of all the available information. in gross violation of international humanitarian law. In December 2023, as part of an agreement and as The order of the International Court of Justice, issued a confidence-building measure, Armenia withdrew its in February 2023 and reaffirmed in July of that year, bid to host the twenty-ninth Conference of the Parties to obliged Azerbaijan to the United Nations Framework Convention on Climate “take all measures at its disposal to ensure Change and lifted its objections to the nomination of unimpeded movement of persons, vehicles and Azerbaijan. We note that hosting that major international 24-0398529/30 S/PV.9547 (Resumption 2) Maintenance o",MACHINE_EXTRACTED_CONTEXT_NOT_HUMAN_CODING_EVIDENCE_OR_PIN_CITE
ICJ-171-2023-12-01||SC_MEETING::SCM|S/PV.9579,S/PV.9579,1,1,GENERAL_OR_PARTIAL_NEXUS_ONLY,0,0,0,guyana,guyana,ent: Ms. Kamikawa/Mrs. Shino . . . . . . . . . . . . . . . . . . . . . . . . . (Japan) Members: Algeria. . . . . . . . . . . . . . . . . . . . . . . . . . . . . . . . . . . . . . . . Mr. Bendjama China. . . . . . . . . . . . . . . . . . . . . . . . . . . . . . . . . . . . . . . . . Mr. Zhang Jun Ecuador. . . . . . . . . . . . . . . . . . . . . . . . . . . . . . . . . . . . . . . Mr. De La Gasca France . . . . . . . . . . . . . . . . . . . . . . . . . . . . . . . . . . . . . . . . Mr. De Rivière Guyana . . . . . . . . . . . . . . . . . . . . . . . . . . . . . . . . . . . . . . . Mrs. Rodrigues-Birkett Malta. . . . . . . . . . . . . . . . . . . . . . . . . . . . . . . . . . . . . . . . . Mrs. Frazier Mozambique . . . . . . . . . . . . . . . . . . . . . . . . . . . . . . . . . . . Ms. Dlhovo Republic of Korea . . . . . . . . . . . . . . . . . . . . . . . . . . . . . . . Mr. Hwang Russian Federation. . . . . . . . . . . . . . . . . . . . . . . . . . . . . . . Mr. Polyanskiy Sierra Leone . . . . ,MACHINE_EXTRACTED_CONTEXT_NOT_HUMAN_CODING_EVIDENCE_OR_PIN_CITE
ICJ-171-2023-12-01||SC_MEETING::SCM|S/PV.9592,S/PV.9592,1,1,GENERAL_OR_PARTIAL_NEXUS_ONLY,0,0,0,guyana,guyana,mazaki . . . . . . . . . . . . . . . . . . . . . . . . . . . . . . . . . . . (Japan) Members: Algeria. . . . . . . . . . . . . . . . . . . . . . . . . . . . . . . . . . . . . . . . Mr. Koudri China. . . . . . . . . . . . . . . . . . . . . . . . . . . . . . . . . . . . . . . . . Mr. Geng Shuang Ecuador. . . . . . . . . . . . . . . . . . . . . . . . . . . . . . . . . . . . . . . Mr. Montalvo Sosa France . . . . . . . . . . . . . . . . . . . . . . . . . . . . . . . . . . . . . . . . Mr. De Rivière Guyana . . . . . . . . . . . . . . . . . . . . . . . . . . . . . . . . . . . . . . . Mrs. Edwards Malta. . . . . . . . . . . . . . . . . . . . . . . . . . . . . . . . . . . . . . . . . Mr. Camilleri Mozambique . . . . . . . . . . . . . . . . . . . . . . . . . . . . . . . . . . . Mr. Fernandes Republic of Korea . . . . . . . . . . . . . . . . . . . . . . . . . . . . . . . Mr. Sangjin Kim Russian Federation. . . . . . . . . . . . . . . . . . . . . . . . . . . . . . . Mr. Polyanskiy Sierra Leone . . . . ,MACHINE_EXTRACTED_CONTEXT_NOT_HUMAN_CODING_EVIDENCE_OR_PIN_CITE
ICJ-171-2023-12-01||SC_MEETING::SCM|S/PV.9606,S/PV.9606,1,1,GENERAL_OR_PARTIAL_NEXUS_ONLY,0,0,0,guyana,guyana, . . . . . . . . . . . . . . . . . . . . . . . . . . . . . . . . . . . . . (Malta) Members: Algeria. . . . . . . . . . . . . . . . . . . . . . . . . . . . . . . . . . . . . . . . Mr. Attaf China. . . . . . . . . . . . . . . . . . . . . . . . . . . . . . . . . . . . . . . . . Mr. Fu Cong Ecuador. . . . . . . . . . . . . . . . . . . . . . . . . . . . . . . . . . . . . . . Mr. De La Gasca France . . . . . . . . . . . . . . . . . . . . . . . . . . . . . . . . . . . . . . . . Mrs. Broadhurst Estival Guyana . . . . . . . . . . . . . . . . . . . . . . . . . . . . . . . . . . . . . . . Mrs. Rodrigues-Birkett Japan. . . . . . . . . . . . . . . . . . . . . . . . . . . . . . . . . . . . . . . . . Mr. Yamazaki Mozambique . . . . . . . . . . . . . . . . . . . . . . . . . . . . . . . . . . . Mr. Fernandes Republic of Korea . . . . . . . . . . . . . . . . . . . . . . . . . . . . . . . Mr. Sangjin Kim Russian Federation. . . . . . . . . . . . . . . . . . . . . . . . . . . . . . . Mr. Nebenzia Sierra Leone .,MACHINE_EXTRACTED_CONTEXT_NOT_HUMAN_CODING_EVIDENCE_OR_PIN_CITE
ICJ-171-2023-12-01||SC_MEETING::SCM|S/PV.9606 (Resumption 1),S/PV.9606 (RESUMPTION 1),1,1,GENERAL_OR_PARTIAL_NEXUS_ONLY,0,0,0,guyana,guyana,. . . . . . . . . . . . . . . . . . . . . . . . . . . . . . . . . . . (Malta) Members: Algeria. . . . . . . . . . . . . . . . . . . . . . . . . . . . . . . . . . . . . . . . Mr. Merabet China. . . . . . . . . . . . . . . . . . . . . . . . . . . . . . . . . . . . . . . . . Mr. Niu Xiaoqiang Ecuador. . . . . . . . . . . . . . . . . . . . . . . . . . . . . . . . . . . . . . . Mr. De La Gasca France . . . . . . . . . . . . . . . . . . . . . . . . . . . . . . . . . . . . . . . . Mrs. Jaraud-Darnault Guyana . . . . . . . . . . . . . . . . . . . . . . . . . . . . . . . . . . . . . . . Ms. Benn Japan. . . . . . . . . . . . . . . . . . . . . . . . . . . . . . . . . . . . . . . . . Mr. Kitada Mozambique . . . . . . . . . . . . . . . . . . . . . . . . . . . . . . . . . . . Mr. Kumanga Republic of Korea . . . . . . . . . . . . . . . . . . . . . . . . . . . . . . . Mr. June Byoung Park Russian Federation. . . . . . . . . . . . . . . . . . . . . . . . . . . . . . . Mrs. Mazaeva Sierra Leone . . . . . . . ,MACHINE_EXTRACTED_CONTEXT_NOT_HUMAN_CODING_EVIDENCE_OR_PIN_CITE
ICJ-171-2023-12-01||SC_MEETING::SCM|S/PV.9633,S/PV.9633,1,1,GENERAL_OR_PARTIAL_NEXUS_ONLY,0,0,0,guyana,guyana,o . . . . . . . . . . . . . . . . . . . . . . . . . . . . . . . . . . . . . (Mozambique) Members: Algeria. . . . . . . . . . . . . . . . . . . . . . . . . . . . . . . . . . . . . . . . Mr. Bendjama China. . . . . . . . . . . . . . . . . . . . . . . . . . . . . . . . . . . . . . . . . Mr. Fu Cong Ecuador. . . . . . . . . . . . . . . . . . . . . . . . . . . . . . . . . . . . . . . Mr. De La Gasca France . . . . . . . . . . . . . . . . . . . . . . . . . . . . . . . . . . . . . . . . Mr. De Rivière Guyana . . . . . . . . . . . . . . . . . . . . . . . . . . . . . . . . . . . . . . . Mrs. Rodrigues-Birkett Japan. . . . . . . . . . . . . . . . . . . . . . . . . . . . . . . . . . . . . . . . . Mr. Yamazaki Malta. . . . . . . . . . . . . . . . . . . . . . . . . . . . . . . . . . . . . . . . . Ms. Gatt Republic of Korea . . . . . . . . . . . . . . . . . . . . . . . . . . . . . . . Mr. Hyunwoo Cho Russian Federation. . . . . . . . . . . . . . . . . . . . . . . . . . . . . . . Mr. Chumakov Sierra Leone ,MACHINE_EXTRACTED_CONTEXT_NOT_HUMAN_CODING_EVIDENCE_OR_PIN_CITE
ICJ-171-2023-12-01||SC_MEETING::SCM|S/PV.9633 (Resumption 1),S/PV.9633 (RESUMPTION 1),1,1,GENERAL_OR_PARTIAL_NEXUS_ONLY,0,0,0,guyana,guyana,ndes. . . . . . . . . . . . . . . . . . . . . . . . . . . . . . . . . . . (Mozambique) Members: Algeria. . . . . . . . . . . . . . . . . . . . . . . . . . . . . . . . . . . . . . . . Ms. Azzi China. . . . . . . . . . . . . . . . . . . . . . . . . . . . . . . . . . . . . . . . . Mr. Chen Yongchao Ecuador. . . . . . . . . . . . . . . . . . . . . . . . . . . . . . . . . . . . . . . Mr. De La Gasca France . . . . . . . . . . . . . . . . . . . . . . . . . . . . . . . . . . . . . . . . Mr. Strehaiano Guyana . . . . . . . . . . . . . . . . . . . . . . . . . . . . . . . . . . . . . . . Ms. Hazlewood Japan. . . . . . . . . . . . . . . . . . . . . . . . . . . . . . . . . . . . . . . . . Mr. Shoji Malta. . . . . . . . . . . . . . . . . . . . . . . . . . . . . . . . . . . . . . . . . Ms. Galea Republic of Korea . . . . . . . . . . . . . . . . . . . . . . . . . . . . . . . Ms. Hong Ahran Russian Federation. . . . . . . . . . . . . . . . . . . . . . . . . . . . . . . Mr. Chibisov Sierra Leone . . . . . . ,MACHINE_EXTRACTED_CONTEXT_NOT_HUMAN_CODING_EVIDENCE_OR_PIN_CITE
ICJ-171-2023-12-01||SC_MEETING::SCM|S/PV.9637,S/PV.9637,1,1,GENERAL_OR_PARTIAL_NEXUS_ONLY,0,0,0,guyana,guyana,o . . . . . . . . . . . . . . . . . . . . . . . . . . . . . . . . . . . . . (Mozambique) Members: Algeria. . . . . . . . . . . . . . . . . . . . . . . . . . . . . . . . . . . . . . . . Mr. Bendjama China. . . . . . . . . . . . . . . . . . . . . . . . . . . . . . . . . . . . . . . . . Mr. Fu Cong Ecuador. . . . . . . . . . . . . . . . . . . . . . . . . . . . . . . . . . . . . . . Mr. De La Gasca France . . . . . . . . . . . . . . . . . . . . . . . . . . . . . . . . . . . . . . . . Mr. De Rivière Guyana . . . . . . . . . . . . . . . . . . . . . . . . . . . . . . . . . . . . . . . Mrs. Rodrigues-Birkett Japan. . . . . . . . . . . . . . . . . . . . . . . . . . . . . . . . . . . . . . . . . Mr. Yamazaki Malta. . . . . . . . . . . . . . . . . . . . . . . . . . . . . . . . . . . . . . . . . Ms. Gatt Republic of Korea . . . . . . . . . . . . . . . . . . . . . . . . . . . . . . . Mr. Sangjin Kim Russian Federation. . . . . . . . . . . . . . . . . . . . . . . . . . . . . . . Ms. Zabolotskaya Sierra Le,MACHINE_EXTRACTED_CONTEXT_NOT_HUMAN_CODING_EVIDENCE_OR_PIN_CITE
ICJ-171-2025-05-01||SC_MEETING::SCM|S/PV.9919,S/PV.9919,0,2,SAME_CASE_OR_DISPUTE_NO_PROVEN_COLLECTIVE_FOLLOW_THROUGH,0,0,0,guyana|venezuela,guyana|venezuela,"President: Mr. Mitsotakis/Mr. Gerapetritis/Mr. Stamatekos. . . . . . . . (Greece) Members: Algeria. . . . . . . . . . . . . . . . . . . . . . . . . . . . . . . . . . . . . . . . . Mr. Yahiaoui China. . . . . . . . . . . . . . . . . . . . . . . . . . . . . . . . . . . . . . . . . . Mr. Geng Shuang Denmark . . . . . . . . . . . . . . . . . . . . . . . . . . . . . . . . . . . . . . . Mr. Ruge France . . . . . . . . . . . . . . . . . . . . . . . . . . . . . . . . . . . . . . . . . Mr. Dharmadhikari Guyana . . . . . . . . . . . . . . . . . . . . . . . . . . . . . . . . . . . . . . . . Mrs. Rodrigues-Birkett Pakistan. . . . . . . . . . . . . . . . . . . . . . . . . . . . . . . . . . . . . . . . Mr. Ahmad Panama . . . . . . . . . . . . . . . . . . . . . . . . . . . . . . . . . . . . . . . . Mr. Hoyos Republic of Korea . . . . . . . . . . . . . . . . . . . . . . . . . . . . . . . . Mr. Hwang Russian Federation . . . . . . . . . . . . . . . . . . . . . . . . . . . . . . . Mr. Nebenzia Sierra Leone .  || o transnational organized crime, maritime threats involve a broad array of actors, including armed groups, terrorist organizations and criminal syndicates, which operate within and beyond national waters. Modern-day piracy alone is estimated to cost the global economy $25 billion annually, threatening shipping routes, endangering civilian lives and sowing instability in coastal communities. Critical areas, such as the Gulf of Aden, the Red Sea, the Gulf of Guinea and the waters off the coast of Venezuela, remain particularly at risk. Transboundary “blue’ crimes such as illicit trafficking, including trafficking in arms, narcotics and persons; illegal, unreported and unregulated (IUU) fishing; and marine pollution also demand collective and sustained responses. On the African continent, the African Union has taken important steps to strengthen maritime governance and safeguard Africa’s blue economy. The 2016 Charter on Maritime Security and Safety and Development in Africa provides a regional fr",MACHINE_EXTRACTED_CONTEXT_NOT_HUMAN_CODING_EVIDENCE_OR_PIN_CITE
ICJ-171-2025-05-01||SC_MEETING::SCM|S/PV.9919 (Resumption 1),S/PV.9919 (RESUMPTION 1),1,1,GENERAL_OR_PARTIAL_NEXUS_ONLY,0,0,0,guyana,guyana,President: Mr. Gerapetritis/Mr. Stamatekos/Mr. Sekeris . . . . . . . . . . . (Greece) Members: Algeria. . . . . . . . . . . . . . . . . . . . . . . . . . . . . . . . . . . . . . . . . Mr. Bouchedoub China. . . . . . . . . . . . . . . . . . . . . . . . . . . . . . . . . . . . . . . . . . Mr. Li Linlin Denmark . . . . . . . . . . . . . . . . . . . . . . . . . . . . . . . . . . . . . . . Mr. Ruge France . . . . . . . . . . . . . . . . . . . . . . . . . . . . . . . . . . . . . . . . . Mr. Di Mascio Guyana . . . . . . . . . . . . . . . . . . . . . . . . . . . . . . . . . . . . . . . . Mr. Alkins Pakistan. . . . . . . . . . . . . . . . . . . . . . . . . . . . . . . . . . . . . . . . Mrs. Ijaz Panama . . . . . . . . . . . . . . . . . . . . . . . . . . . . . . . . . . . . . . . . Mr. Correa Quirós Republic of Korea . . . . . . . . . . . . . . . . . . . . . . . . . . . . . . . . Ms. Juyeong Jang Russian Federation . . . . . . . . . . . . . . . . . . . . . . . . . . . . . . . Mr. Tretiakov Sierra Leon,MACHINE_EXTRACTED_CONTEXT_NOT_HUMAN_CODING_EVIDENCE_OR_PIN_CITE
ICJ-171-2025-05-01||SC_MEETING::SCM|S/PV.9919 (Resumption 2),S/PV.9919 (RESUMPTION 2),1,1,GENERAL_OR_PARTIAL_NEXUS_ONLY,0,0,0,guyana,guyana,ekos . . . . . . . . . . . . . . . . . . . . . . . . . . . . . . . . . . (Greece) Members: Algeria. . . . . . . . . . . . . . . . . . . . . . . . . . . . . . . . . . . . . . . . . Mr. Bouchedoub China. . . . . . . . . . . . . . . . . . . . . . . . . . . . . . . . . . . . . . . . . . Ms. Wang Yingtong Denmark . . . . . . . . . . . . . . . . . . . . . . . . . . . . . . . . . . . . . . . Mr. Paulsen France . . . . . . . . . . . . . . . . . . . . . . . . . . . . . . . . . . . . . . . . . Ms. Saudin Guyana . . . . . . . . . . . . . . . . . . . . . . . . . . . . . . . . . . . . . . . . Mr. Alkins Pakistan. . . . . . . . . . . . . . . . . . . . . . . . . . . . . . . . . . . . . . . . Mr. Rashid Panama . . . . . . . . . . . . . . . . . . . . . . . . . . . . . . . . . . . . . . . . Mr. Gomez Batista Republic of Korea . . . . . . . . . . . . . . . . . . . . . . . . . . . . . . . . Ms. Jang Russian Federation . . . . . . . . . . . . . . . . . . . . . . . . . . . . . . . Mr. Tretiakov Sierra Leone . . .,MACHINE_EXTRACTED_CONTEXT_NOT_HUMAN_CODING_EVIDENCE_OR_PIN_CITE
ICJ-171-2025-05-01||SC_MEETING::SCM|S/PV.9938,S/PV.9938,0,2,SAME_CASE_OR_DISPUTE_NO_PROVEN_COLLECTIVE_FOLLOW_THROUGH,0,0,0,guyana|guyanese,guyana,"United Nations S/PV.9938 Security Council Provisional Eightieth year 9938th meeting Thursday, 19 June 2025, 10 a.m. New York President: Mr. Todd . . . . . . . . . . . . . . . . . . . . . . . . . . . . . . . . . . . . . . . (Guyana) Members: Algeria. . . . . . . . . . . . . . . . . . . . . . . . . . . . . . . . . . . . . . . . . Mr. Bendjama China. . . . . . . . . . . . . . . . . . . . . . . . . . . . . . . . . . . . . . . . . . Mr. Fu Cong Denmark . . . . . . . . . . . . . . . . . . . . . . . . . . . . . . . . . . . . . . . Ms. Lassen France . . . . . . . . . . . . . . . . . . . . . . . . . . . . . . . . . . . . . . . . . Mr. Bonnafont Greece. . . . . . . . . . . . . . . . . . . . . . . . . . . . . . . . . . . . . . . .  || xacerbate the drivers of conflict. The world’s poorest people are particularly vulnerable to the immediate harms caused by conflict. And conflict sets back development gains, often for decades, as the Secretary-General reminded us. The United Kingdom is committed to working with all partners and stakeholders to ensure that the United Nations system can support coordinated responses to these interlinked challenges. Mr. Dhakkar (Somalia): At the outset, let me express our sincere gratitude to the Guyanese presidency for convening this timely and important debate. Your leadership in bringing these deeply interconnected issues to the forefront is highly appreciated and reflects profound wisdom and vision. I thank the Secretary-General, the Chairperson of the African Union Commission and the Assistant Secretary-General and Regional Director for Asia and the Pacific at the United Nations Development Programme for their insightful contributions to and valuable perspectives in our debate today. As a p",MACHINE_EXTRACTED_CONTEXT_NOT_HUMAN_CODING_EVIDENCE_OR_PIN_CITE
ICJ-171-2025-05-01||SC_MEETING::SCM|S/PV.9938 (Resumption 1),S/PV.9938 (RESUMPTION 1),0,2,SAME_CASE_OR_DISPUTE_NO_PROVEN_COLLECTIVE_FOLLOW_THROUGH,0,0,0,guyana|guyanese,guyana,"United Nations S/PV.9938 (Resumption 1) Security Council Provisional Eightieth year 9938th meeting Thursday, 19 June 2025, 3 p.m. New York President: Mrs. Rodrigues-Birkett . . . . . . . . . . . . . . . . . . . . . . . . . . . . (Guyana) Members: Algeria. . . . . . . . . . . . . . . . . . . . . . . . . . . . . . . . . . . . . . . . . Ms. Azzi China. . . . . . . . . . . . . . . . . . . . . . . . . . . . . . . . . . . . . . . . . . Mr. Youyi Zhuang Denmark . . . . . . . . . . . . . . . . . . . . . . . . . . . . . . . . . . . . . . . Ms. Kristensen France . . . . . . . . . . . . . . . . . . . . . . . . . . . . . . . . . . . . . . . . . Mrs. Jaraud-Darnault Greece. . . . . . . . . . . . . . . . . . . . . . . . . . . . . . . . . .  || sumption 1) Maintenance of international peace and security 19/06/2025 The meeting resumed at 3 p.m. The President: I wish to remind all speakers to limit their statements to no more than four minutes in order to enable the Council to carry out its work expeditiously. The flashing light on the microphone will prompt speakers to bring their remarks to a close after four minutes. I now give the floor to the representative of Morocco. Mr. Hilale (Morocco) (spoke in French): Allow me to commend the Guyanese presidency for holding this open debate, which places the links among poverty, underdevelopment and conflict at the heart of our discussions. I also thank the briefers for the relevance of their insights. As we mark the eightieth anniversary of the United Nations, it falls to us to renew our commitment to the shared vision that calls on us to transform our common ideals into concrete realities for the benefit of those who are enduring the disastrous repercussions of the triad that is the subjec",MACHINE_EXTRACTED_CONTEXT_NOT_HUMAN_CODING_EVIDENCE_OR_PIN_CITE
ICJ-171-2025-05-01||SC_MEETING::SCM|S/PV.9938 (Resumption 2),S/PV.9938 (RESUMPTION 2),0,2,SAME_CASE_OR_DISPUTE_NO_PROVEN_COLLECTIVE_FOLLOW_THROUGH,0,0,0,guyana|guyanese,guyana,"United Nations S/PV.9938 (Resumption 2) Security Council Provisional Eightieth year 9938th meeting Monday, 23 June 2025, 3 p.m. New York President: Mrs. Rodrigues-Birkett . . . . . . . . . . . . . . . . . . . . . . . . . . . . (Guyana) Members: Algeria. . . . . . . . . . . . . . . . . . . . . . . . . . . . . . . . . . . . . . . . . Mr. Yahiaoui China. . . . . . . . . . . . . . . . . . . . . . . . . . . . . . . . . . . . . . . . . . Mr. Youyi Zhuang Denmark . . . . . . . . . . . . . . . . . . . . . . . . . . . . . . . . . . . . . . . Ms. Soerensen France . . . . . . . . . . . . . . . . . . . . . . . . . . . . . . . . . . . . . . . . . Mr. Briere Greece. . . . . . . . . . . . . . . . . . . . . . . . . . . . . . . . . . . . . . || ernal shocks, including those triggered by climate events. In conclusion, let me underscore the message from the Pacific — our challenges may be acute, but so is our resilience. International solidarity, decisive action and the strategies we have outlined can transform our vulnerabilities into opportunities for lasting peace. The time to act is now. The President: I now give the floor to the observer of the Holy See. Monsignor Formica: My delegation would like to express its appreciation to the Guyanese presidency of the Security Council for convening this open debate, which aims to draw attention to the interconnected challenges of poverty, underdevelopment and conflict. Those realities, which often fuel one another, pose serious obstacles to the maintenance of international peace and security. As the international community acknowledges in the 2030 Agenda for Sustainable Development, the eradication of poverty in all its forms and dimensions is the greatest global challenge and an indispensa",MACHINE_EXTRACTED_CONTEXT_NOT_HUMAN_CODING_EVIDENCE_OR_PIN_CITE
ICJ-171-2025-05-01||SC_FORMAL_VOTE::SCV|2156,S/PV.9958,1,1,GENERAL_OR_PARTIAL_NEXUS_ONLY,0,0,0,guyana,guyana, . . . . . . . . . . . . . . . . . . . . . . . . . . . . . . . . . . . . . . Mr. Koudri China. . . . . . . . . . . . . . . . . . . . . . . . . . . . . . . . . . . . . . . . . . Mr. Geng Shuang Denmark . . . . . . . . . . . . . . . . . . . . . . . . . . . . . . . . . . . . . . . Ms. Lassen France . . . . . . . . . . . . . . . . . . . . . . . . . . . . . . . . . . . . . . . . . Mrs. Jaraud-Darnault Greece. . . . . . . . . . . . . . . . . . . . . . . . . . . . . . . . . . . . . . . . . Mr. Sekeris Guyana . . . . . . . . . . . . . . . . . . . . . . . . . . . . . . . . . . . . . . . . Ms. Benn Panama . . . . . . . . . . . . . . . . . . . . . . . . . . . . . . . . . . . . . . . . Mrs. Petrocelli Rojas Republic of Korea . . . . . . . . . . . . . . . . . . . . . . . . . . . . . . . . Mr. Sangjin Kim Russian Federation . . . . . . . . . . . . . . . . . . . . . . . . . . . . . . . Mr. Polyanskiy Sierra Leone . . . . . . . . . . . . . . . . . . . . . . . . . . . . . . . . . . . . Mr. George Slovenia. .,MACHINE_EXTRACTED_CONTEXT_NOT_HUMAN_CODING_EVIDENCE_OR_PIN_CITE
ICJ-171-2025-05-01||SC_MEETING::SCM|S/PV.9958,S/PV.9958,1,1,GENERAL_OR_PARTIAL_NEXUS_ONLY,0,0,0,guyana,guyana, . . . . . . . . . . . . . . . . . . . . . . . . . . . . . . . . . . . . . . Mr. Koudri China. . . . . . . . . . . . . . . . . . . . . . . . . . . . . . . . . . . . . . . . . . Mr. Geng Shuang Denmark . . . . . . . . . . . . . . . . . . . . . . . . . . . . . . . . . . . . . . . Ms. Lassen France . . . . . . . . . . . . . . . . . . . . . . . . . . . . . . . . . . . . . . . . . Mrs. Jaraud-Darnault Greece. . . . . . . . . . . . . . . . . . . . . . . . . . . . . . . . . . . . . . . . . Mr. Sekeris Guyana . . . . . . . . . . . . . . . . . . . . . . . . . . . . . . . . . . . . . . . . Ms. Benn Panama . . . . . . . . . . . . . . . . . . . . . . . . . . . . . . . . . . . . . . . . Mrs. Petrocelli Rojas Republic of Korea . . . . . . . . . . . . . . . . . . . . . . . . . . . . . . . . Mr. Sangjin Kim Russian Federation . . . . . . . . . . . . . . . . . . . . . . . . . . . . . . . Mr. Polyanskiy Sierra Leone . . . . . . . . . . . . . . . . . . . . . . . . . . . . . . . . . . . . Mr. George Slovenia. .,MACHINE_EXTRACTED_CONTEXT_NOT_HUMAN_CODING_EVIDENCE_OR_PIN_CITE
ICJ-171-2025-05-01||SC_FORMAL_VOTE::SCV|2157,S/PV.9962,0,2,SAME_CASE_OR_DISPUTE_NO_PROVEN_COLLECTIVE_FOLLOW_THROUGH,1,0,0,guyana,guyana,"a. . . . . . . . . . . . . . . . . . . . . . . . . . . . . . . . . . . . . . . . . Mr. Bendjama China. . . . . . . . . . . . . . . . . . . . . . . . . . . . . . . . . . . . . . . . . . Mr. Fu Cong Denmark . . . . . . . . . . . . . . . . . . . . . . . . . . . . . . . . . . . . . . . Ms. Lassen France . . . . . . . . . . . . . . . . . . . . . . . . . . . . . . . . . . . . . . . . . Mr. Bonnafont Greece. . . . . . . . . . . . . . . . . . . . . . . . . . . . . . . . . . . . . . . . . Mr. Stamatekos Guyana . . . . . . . . . . . . . . . . . . . . . . . . . . . . . . . . . . . . . . . . Mrs. Rodrigues-Birkett Panama . . . . . . . . . . . . . . . . . . . . . . . . . . . . . . . . . . . . . . . . Mr. Alfaro de Alba Republic of Korea . . . . . . . . . . . . . . . . . . . . . . . . . . . . . . . . Mr. Cho Russian Federation . . . . . . . . . . . . . . . . . . . . . . . . . . . . . . . Mr. Nebenzia Sierra Leone . . . . . . . . . . . . . . . . . . . . . . . . . . . . . . . . . . . . Mr. Totangi Slovenia. || law and international humanitarian law. The Pact for the Future calls on all Member States to honour their commitments in the Charter and the principles of respect for sovereignty, territorial integrity and the political independence of States. Those principles are all grounded in international law and rest on the commitment to prioritizing the prevention of conflict and the peaceful settlement of disputes through dialogue and diplomacy. The Pact also recognizes the critical contribution of the International Court of Justice, which celebrates its eightieth anniversary next year. As we mark the eightieth anniversary of our Organization and the Charter that gave it life and shape, we must renew our commitment to the multilateral spirit of peace through diplomacy. I look forward to working with the Security Council in that regard in order to achieve the international peace and security that the people of the world need and deserve. The President: I thank the Secretary-General for his briefing. I shall now make a state",MACHINE_EXTRACTED_CONTEXT_NOT_HUMAN_CODING_EVIDENCE_OR_PIN_CITE
ICJ-171-2025-05-01||SC_MEETING::SCM|S/PV.9962,S/PV.9962,0,2,SAME_CASE_OR_DISPUTE_NO_PROVEN_COLLECTIVE_FOLLOW_THROUGH,1,0,0,guyana,guyana,"a. . . . . . . . . . . . . . . . . . . . . . . . . . . . . . . . . . . . . . . . . Mr. Bendjama China. . . . . . . . . . . . . . . . . . . . . . . . . . . . . . . . . . . . . . . . . . Mr. Fu Cong Denmark . . . . . . . . . . . . . . . . . . . . . . . . . . . . . . . . . . . . . . . Ms. Lassen France . . . . . . . . . . . . . . . . . . . . . . . . . . . . . . . . . . . . . . . . . Mr. Bonnafont Greece. . . . . . . . . . . . . . . . . . . . . . . . . . . . . . . . . . . . . . . . . Mr. Stamatekos Guyana . . . . . . . . . . . . . . . . . . . . . . . . . . . . . . . . . . . . . . . . Mrs. Rodrigues-Birkett Panama . . . . . . . . . . . . . . . . . . . . . . . . . . . . . . . . . . . . . . . . Mr. Alfaro de Alba Republic of Korea . . . . . . . . . . . . . . . . . . . . . . . . . . . . . . . . Mr. Cho Russian Federation . . . . . . . . . . . . . . . . . . . . . . . . . . . . . . . Mr. Nebenzia Sierra Leone . . . . . . . . . . . . . . . . . . . . . . . . . . . . . . . . . . . . Mr. Totangi Slovenia. || law and international humanitarian law. The Pact for the Future calls on all Member States to honour their commitments in the Charter and the principles of respect for sovereignty, territorial integrity and the political independence of States. Those principles are all grounded in international law and rest on the commitment to prioritizing the prevention of conflict and the peaceful settlement of disputes through dialogue and diplomacy. The Pact also recognizes the critical contribution of the International Court of Justice, which celebrates its eightieth anniversary next year. As we mark the eightieth anniversary of our Organization and the Charter that gave it life and shape, we must renew our commitment to the multilateral spirit of peace through diplomacy. I look forward to working with the Security Council in that regard in order to achieve the international peace and security that the people of the world need and deserve. The President: I thank the Secretary-General for his briefing. I shall now make a state",MACHINE_EXTRACTED_CONTEXT_NOT_HUMAN_CODING_EVIDENCE_OR_PIN_CITE
ICJ-171-2025-05-01||SC_MEETING::SCM|S/PV.9962 (Resumption 1),S/PV.9962 (RESUMPTION 1),0,2,SAME_CASE_OR_DISPUTE_NO_PROVEN_COLLECTIVE_FOLLOW_THROUGH,1,0,0,guyana|venezuela,guyana|venezuela,". . . . . . . . . . . . . . . . . . . . . . . . . . . . . . . . . . . . . . . . . Mr. Bouchedoub China. . . . . . . . . . . . . . . . . . . . . . . . . . . . . . . . . . . . . . . . . . Mr. Zhao Shuai Denmark . . . . . . . . . . . . . . . . . . . . . . . . . . . . . . . . . . . . . . . Mr. Lund France . . . . . . . . . . . . . . . . . . . . . . . . . . . . . . . . . . . . . . . . . Mr. Wavrin Greece. . . . . . . . . . . . . . . . . . . . . . . . . . . . . . . . . . . . . . . . . Mr. Christoglou Guyana . . . . . . . . . . . . . . . . . . . . . . . . . . . . . . . . . . . . . . . . Ms. Parmanand Panama . . . . . . . . . . . . . . . . . . . . . . . . . . . . . . . . . . . . . . . . Mr. Rodríguez Villegas Republic of Korea . . . . . . . . . . . . . . . . . . . . . . . . . . . . . . . . Ms. Juyeong Jang Russian Federation . . . . . . . . . . . . . . . . . . . . . . . . . . . . . . . Mr. Skachkov Sierra Leone . . . . . . . . . . . . . . . . . . . . . . . . . . . . . . . . . . . . Mrs. Kamara-Joyne ||  tools for the maintenance of international peace and security and of promoting sustainable development and human rights. We call for a reformed multilateralism built upon coherence, responsibility and solidarity. We cannot tolerate the selective application of international law, including international human rights law and international humanitarian law. We condemn all violations of international law wherever they are committed, be it in Ukraine, in Gaza or anywhere else. We firmly support the International Court of Justice and the International Criminal Court as pillars of the international justice system and of the fight to prevent impunity and ensure accountability, respectively. As the Secretary-General indicates in his New Agenda for Peace and as set out in the Pact for the Future (General Assembly resolution 79/1), within the promotion of peace and security, conflict prevention is the best tool with which to save lives. We support the Secretary-General’s New Agenda for Peace and all initiatives to strengthen ||  importantly, his high-level office should have access to flexible and predictable resources for mediation. In conclusion, Nigeria stands ready to support initiatives that will promote multilateralism and the pacific settlement of disputes, in line with the United Nations Charter. The President: I now give the floor to the representative of Cuba. Ms. Moreno Guerra (Cuba) (spoke in Spanish): We align ourselves with the statement to be delivered by the representative of the Bolivarian Republic of Venezuela on behalf of the Group of Friends in Defense of the Charter of the United Nations. We thank Pakistan for convening this open debate, in view of the dangerous escalation of military actions in the international arena that pose a threat to peace and multilateralism. The rise of wars and interventionism, the imposition of hegemonic agendas and the diplomacy of force, attempts to replace international law with a vaguely defined rules-based order, the proliferation of unilateral coercive measures an",MACHINE_EXTRACTED_CONTEXT_NOT_HUMAN_CODING_EVIDENCE_OR_PIN_CITE
ICJ-171-2025-05-01||SC_MEETING::SCM|S/PV.9962 (Resumption 2),S/PV.9962 (RESUMPTION 2),1,1,GENERAL_OR_PARTIAL_NEXUS_ONLY,0,0,0,guyana,guyana, . . . . . . . . . . . . . . . . . . . . . . . . . . . . . . . . . . . . . . . . Mr. Benzide China. . . . . . . . . . . . . . . . . . . . . . . . . . . . . . . . . . . . . . . . . . Mr. Zhao Shuai Denmark . . . . . . . . . . . . . . . . . . . . . . . . . . . . . . . . . . . . . . . Mr. Kjelgaard France . . . . . . . . . . . . . . . . . . . . . . . . . . . . . . . . . . . . . . . . . Mr. Gaudu Greece. . . . . . . . . . . . . . . . . . . . . . . . . . . . . . . . . . . . . . . . . Mr. Christoglou Guyana . . . . . . . . . . . . . . . . . . . . . . . . . . . . . . . . . . . . . . . . Ms. Parmanand Panama . . . . . . . . . . . . . . . . . . . . . . . . . . . . . . . . . . . . . . . . Miss Caballero Martiz Republic of Korea . . . . . . . . . . . . . . . . . . . . . . . . . . . . . . . . Mr. Yuchan Oh Russian Federation . . . . . . . . . . . . . . . . . . . . . . . . . . . . . . . Mr. Skachkov Sierra Leone . . . . . . . . . . . . . . . . . . . . . . . . . . . . . . . . . . . . Mr. George Slovenia. ,MACHINE_EXTRACTED_CONTEXT_NOT_HUMAN_CODING_EVIDENCE_OR_PIN_CITE
ICJ-171-2025-05-01||SC_MEETING::SCM|S/PV.9969,S/PV.9969,1,1,GENERAL_OR_PARTIAL_NEXUS_ONLY,0,0,0,guyana,guyana, . . . . . . . . . . . . . . . . . . . . . . . . . . . . . . . . . . . . . . . . Mr. Bendjama China. . . . . . . . . . . . . . . . . . . . . . . . . . . . . . . . . . . . . . . . . . Mr. Sun Lei Denmark . . . . . . . . . . . . . . . . . . . . . . . . . . . . . . . . . . . . . . . Ms. Lassen France . . . . . . . . . . . . . . . . . . . . . . . . . . . . . . . . . . . . . . . . . Mr. Dharmadhikari Greece. . . . . . . . . . . . . . . . . . . . . . . . . . . . . . . . . . . . . . . . . Mr. Loverdos Guyana . . . . . . . . . . . . . . . . . . . . . . . . . . . . . . . . . . . . . . . . Mrs. Rodrigues-Birkett Panama . . . . . . . . . . . . . . . . . . . . . . . . . . . . . . . . . . . . . . . . Mr. Alfaro de Alba Republic of Korea . . . . . . . . . . . . . . . . . . . . . . . . . . . . . . . . Mr. Kyung-Chul Lee Russian Federation . . . . . . . . . . . . . . . . . . . . . . . . . . . . . . . Mr. Polyanskiy Sierra Leone . . . . . . . . . . . . . . . . . . . . . . . . . . . . . . . . . . . . Mr. Kanu,MACHINE_EXTRACTED_CONTEXT_NOT_HUMAN_CODING_EVIDENCE_OR_PIN_CITE
ICJ-171-2025-05-01||SC_MEETING::SCM|S/PV.9977,S/PV.9977,0,2,SAME_CASE_OR_DISPUTE_NO_PROVEN_COLLECTIVE_FOLLOW_THROUGH,1,0,0,guyana,guyana,". . . . . . . . . . . . . . . . . . . . . . . . . . . . . . . . . . . . . . . . Mr. Bendjama China. . . . . . . . . . . . . . . . . . . . . . . . . . . . . . . . . . . . . . . . . . Mr. Fu Cong Denmark . . . . . . . . . . . . . . . . . . . . . . . . . . . . . . . . . . . . . . . Ms. Landi France . . . . . . . . . . . . . . . . . . . . . . . . . . . . . . . . . . . . . . . . . Mr. Dharmadhikari Greece. . . . . . . . . . . . . . . . . . . . . . . . . . . . . . . . . . . . . . . . . Mr. Stamatekos Guyana . . . . . . . . . . . . . . . . . . . . . . . . . . . . . . . . . . . . . . . . Ms. Persaud Pakistan. . . . . . . . . . . . . . . . . . . . . . . . . . . . . . . . . . . . . . . . Mr. Ahmad Republic of Korea . . . . . . . . . . . . . . . . . . . . . . . . . . . . . . . . Mr. Sangjin Kim Russian Federation . . . . . . . . . . . . . . . . . . . . . . . . . . . . . . . Mr. Polyanskiy Sierra Leone . . . . . . . . . . . . . . . . . . . . . . . . . . . . . . . . . . . . Mr. Totangi Slovenia. . . . .  || versity of Areas beyond National Jurisdiction is essential for the oceans and vital to protecting and managing resources in the areas beyond our national jurisdiction that border us — in the South China Sea and in the Pacific. We recognize the synergies between UNCLOS and multilateral environmental agreements on issues within the ocean-climate-biodiversity nexus. We welcome the advisory opinions on climate change issued, respectively, by the International Tribunal for the Law of the Sea and the International Court of Justice. Maritime security concerns are most deeply felt by the Philippines in the West Philippine Sea and in the South China Sea. We recognize the significance of the South China Sea to international trade, which, like the Panama Canal, is vital to global maritime commerce. We aspire for the South China Sea to be a sea of peace, security, stability and prosperity. This is of fundamental interest to the international community. Regrettably, incidents that infringe on our rights and entitlements continu",MACHINE_EXTRACTED_CONTEXT_NOT_HUMAN_CODING_EVIDENCE_OR_PIN_CITE
ICJ-171-2025-05-01||SC_MEETING::SCM|S/PV.9977 (Resumption 1),S/PV.9977 (RESUMPTION 1),0,2,SAME_CASE_OR_DISPUTE_NO_PROVEN_COLLECTIVE_FOLLOW_THROUGH,1,0,0,guyana|venezuela,guyana|venezuela,"lgeria. . . . . . . . . . . . . . . . . . . . . . . . . . . . . . . . . . . . . . . . . Mr. Boussahel China. . . . . . . . . . . . . . . . . . . . . . . . . . . . . . . . . . . . . . . . . . Mr. He Mao Denmark . . . . . . . . . . . . . . . . . . . . . . . . . . . . . . . . . . . . . . . Mr. Paulsen France . . . . . . . . . . . . . . . . . . . . . . . . . . . . . . . . . . . . . . . . . Mr. Gaudu Greece. . . . . . . . . . . . . . . . . . . . . . . . . . . . . . . . . . . . . . . . . Ms. Diagouma Guyana . . . . . . . . . . . . . . . . . . . . . . . . . . . . . . . . . . . . . . . . Mr. Alkins Pakistan. . . . . . . . . . . . . . . . . . . . . . . . . . . . . . . . . . . . . . . . Mrs. Ijaz Republic of Korea . . . . . . . . . . . . . . . . . . . . . . . . . . . . . . . . Ms. Jang Russian Federation . . . . . . . . . . . . . . . . . . . . . . . . . . . . . . . Mr. Bulgaru Sierra Leone . . . . . . . . . . . . . . . . . . . . . . . . . . . . . . . . . . . . Mr. George Slovenia. . . . . . . . . . .  || al, unreported and unregulated fishing; and cyberattacks, targeting ports and 34/42 25-21543 11/08/2025 Maintenance of international peace and security S/PV.9977 (Resumption 1) critical infrastructure. Supporting capacity-building, including technical expertise, surveillance systems and secure communications, is essential. Global maritime security is only as strong as its most vulnerable links. Secondly, we must confront the security implications of a gradual collapse of marine ecosystems. The International Court of Justice’s recent advisory opinion affirms the duty of States to prevent serious environmental harm. The sustained exploitation of the ocean releases a vast amount of carbon dioxide into the atmosphere. This accelerates climate change which, in turn, damages maritime infrastructure, disrupts food systems and weakens energy resilience. These cascading impacts pose direct threats to regional stability and global supply chains. Protecting ocean life is, therefore, not just an environmental issue. It lies a || llaboration with regional partners is needed, particularly with the Gulf countries and coastal States. Italy is actively engaged in Operation Aspides, working to protect vital shipping lanes in accordance with UNCLOS and resolution 2722 (2024). Italy, of course, remains steadfast in its commitment to upholding freedom of navigation globally and reinforcing the international law of the sea. The President (spoke in Spanish): I now give the floor to the representative of the Bolivarian Republic of Venezuela. Mr. Poveda Brito (Bolivarian Republic of Venezuela) (spoke in Spanish): As this is the first time that our delegation is taking the floor this month, allow us, Mr. President, at the outset, to wish you every success in leading the work of this organ this month. We also appreciate the concept note prepared to guide our deliberations today (S/2025/483, annex) and thank the briefers for their valuable presentations on a topic that is undoubtedly of great importance and significance, especially in",MACHINE_EXTRACTED_CONTEXT_NOT_HUMAN_CODING_EVIDENCE_OR_PIN_CITE
ICJ-171-2025-05-01||SC_MEETING::SCM|S/PV.9977 (Resumption 2),S/PV.9977 (RESUMPTION 2),1,1,GENERAL_OR_PARTIAL_NEXUS_ONLY,0,0,0,guyana,guyana,eria. . . . . . . . . . . . . . . . . . . . . . . . . . . . . . . . . . . . . . . . . Mr. Boussahel China. . . . . . . . . . . . . . . . . . . . . . . . . . . . . . . . . . . . . . . . . . Mr. Jie Lin Denmark . . . . . . . . . . . . . . . . . . . . . . . . . . . . . . . . . . . . . . . Ms. Sandberg France . . . . . . . . . . . . . . . . . . . . . . . . . . . . . . . . . . . . . . . . . Mr. Briere Greece. . . . . . . . . . . . . . . . . . . . . . . . . . . . . . . . . . . . . . . . . Ms. Moraiti Guyana . . . . . . . . . . . . . . . . . . . . . . . . . . . . . . . . . . . . . . . . Mr. Alkins Pakistan. . . . . . . . . . . . . . . . . . . . . . . . . . . . . . . . . . . . . . . . Mrs. Ijaz Republic of Korea . . . . . . . . . . . . . . . . . . . . . . . . . . . . . . . . Ms. Jang Russian Federation . . . . . . . . . . . . . . . . . . . . . . . . . . . . . . . Mr. Proskuryakov Sierra Leone . . . . . . . . . . . . . . . . . . . . . . . . . . . . . . . . . . . . Mr. Sahid Kanu Slovenia. . . . . . .,MACHINE_EXTRACTED_CONTEXT_NOT_HUMAN_CODING_EVIDENCE_OR_PIN_CITE
ICJ-171-2025-05-01||SC_MEETING::SCM|S/PV.9991,S/PV.9991,1,1,GENERAL_OR_PARTIAL_NEXUS_ONLY,0,0,0,guyana,guyana,. . . . . . . . . . . . . . . . . . . . . . . . . . . . . . . . . . . . . . Mr. Bendjama China. . . . . . . . . . . . . . . . . . . . . . . . . . . . . . . . . . . . . . . . . . Mr. Fu Cong Denmark . . . . . . . . . . . . . . . . . . . . . . . . . . . . . . . . . . . . . . . Ms. Lassen France . . . . . . . . . . . . . . . . . . . . . . . . . . . . . . . . . . . . . . . . . Mrs. Jaraud-Darnault Greece. . . . . . . . . . . . . . . . . . . . . . . . . . . . . . . . . . . . . . . . . Mr. Stamatekos Guyana . . . . . . . . . . . . . . . . . . . . . . . . . . . . . . . . . . . . . . . . Ms. Persaud Pakistan. . . . . . . . . . . . . . . . . . . . . . . . . . . . . . . . . . . . . . . . Mr. Ahmad Panama . . . . . . . . . . . . . . . . . . . . . . . . . . . . . . . . . . . . . . . . Mr. Alfaro de Alba Russian Federation . . . . . . . . . . . . . . . . . . . . . . . . . . . . . . . Mr. Nebenzia Sierra Leone . . . . . . . . . . . . . . . . . . . . . . . . . . . . . . . . . . . . Mr. Kanu Slovenia. . . .,MACHINE_EXTRACTED_CONTEXT_NOT_HUMAN_CODING_EVIDENCE_OR_PIN_CITE
ICJ-171-2025-05-01||SC_MEETING::SCM|S/PV.9991 (Resumption 1),S/PV.9991 (RESUMPTION 1),1,1,GENERAL_OR_PARTIAL_NEXUS_ONLY,0,0,0,guyana,guyana,Algeria. . . . . . . . . . . . . . . . . . . . . . . . . . . . . . . . . . . . . . . . . Mr. Alem China. . . . . . . . . . . . . . . . . . . . . . . . . . . . . . . . . . . . . . . . . . Mr. Lei Zhao Denmark . . . . . . . . . . . . . . . . . . . . . . . . . . . . . . . . . . . . . . . Ms. Stage France . . . . . . . . . . . . . . . . . . . . . . . . . . . . . . . . . . . . . . . . . Mr. Briere Greece. . . . . . . . . . . . . . . . . . . . . . . . . . . . . . . . . . . . . . . . . Mr. Christoglou Guyana . . . . . . . . . . . . . . . . . . . . . . . . . . . . . . . . . . . . . . . . Mr. Douglas Pakistan. . . . . . . . . . . . . . . . . . . . . . . . . . . . . . . . . . . . . . . . Mr. Syed Panama . . . . . . . . . . . . . . . . . . . . . . . . . . . . . . . . . . . . . . . . Mr. Correa Quirós Russian Federation . . . . . . . . . . . . . . . . . . . . . . . . . . . . . . . Ms. Agaronova Sierra Leone . . . . . . . . . . . . . . . . . . . . . . . . . . . . . . . . . . . . Mr. Luseni Slovenia. . . ,MACHINE_EXTRACTED_CONTEXT_NOT_HUMAN_CODING_EVIDENCE_OR_PIN_CITE
ICJ-171-2025-05-01||SC_MEETING::SCM|S/PV.9991 (Resumption 2),S/PV.9991 (RESUMPTION 2),1,1,GENERAL_OR_PARTIAL_NEXUS_ONLY,0,0,0,guyana,guyana,eria. . . . . . . . . . . . . . . . . . . . . . . . . . . . . . . . . . . . . . . . . Ms. Gasmi China. . . . . . . . . . . . . . . . . . . . . . . . . . . . . . . . . . . . . . . . . . Mr. Lei Zhao Denmark . . . . . . . . . . . . . . . . . . . . . . . . . . . . . . . . . . . . . . . Ms. Sørenson France . . . . . . . . . . . . . . . . . . . . . . . . . . . . . . . . . . . . . . . . . Mr. Gaudu Greece. . . . . . . . . . . . . . . . . . . . . . . . . . . . . . . . . . . . . . . . . Mr. Christoglou Guyana . . . . . . . . . . . . . . . . . . . . . . . . . . . . . . . . . . . . . . . . Mr. Douglas Pakistan. . . . . . . . . . . . . . . . . . . . . . . . . . . . . . . . . . . . . . . . Mr. Syed Panama . . . . . . . . . . . . . . . . . . . . . . . . . . . . . . . . . . . . . . . . Mr. Correa Quirós Russian Federation . . . . . . . . . . . . . . . . . . . . . . . . . . . . . . . Ms. Agaronova Sierra Leone . . . . . . . . . . . . . . . . . . . . . . . . . . . . . . . . . . . . Mr. Sahid Kanu Slovenia. ,MACHINE_EXTRACTED_CONTEXT_NOT_HUMAN_CODING_EVIDENCE_OR_PIN_CITE
ICJ-171-2025-05-01||SC_MEETING::SCM|S/PV.10005,S/PV.10005,1,1,GENERAL_OR_PARTIAL_NEXUS_ONLY,0,0,0,guyana,guyana,. . . . . . . . . . . . . . . . . . . . . . . . . . . . . . . . . . . . . . . . Mr. Attaf China. . . . . . . . . . . . . . . . . . . . . . . . . . . . . . . . . . . . . . . . . . Mr. Ma Zhaoxu Denmark . . . . . . . . . . . . . . . . . . . . . . . . . . . . . . . . . . . . . . . Ms. Lassen France . . . . . . . . . . . . . . . . . . . . . . . . . . . . . . . . . . . . . . . . . Mr. Dharmadhikari Greece. . . . . . . . . . . . . . . . . . . . . . . . . . . . . . . . . . . . . . . . . Mr. Mitsotakis Guyana . . . . . . . . . . . . . . . . . . . . . . . . . . . . . . . . . . . . . . . . Mr. Todd Pakistan. . . . . . . . . . . . . . . . . . . . . . . . . . . . . . . . . . . . . . . . Mr. Asif Panama . . . . . . . . . . . . . . . . . . . . . . . . . . . . . . . . . . . . . . . . Mr. Acha Vásquez Russian Federation . . . . . . . . . . . . . . . . . . . . . . . . . . . . . . . Mr. Polyanskiy Sierra Leone . . . . . . . . . . . . . . . . . . . . . . . . . . . . . . . . . . . . Mr. Kabba Slovenia. . . . . ,MACHINE_EXTRACTED_CONTEXT_NOT_HUMAN_CODING_EVIDENCE_OR_PIN_CITE
ICJ-171-2025-05-01||SC_MEETING::SCM|S/PV.10005 (Resumption 1),S/PV.10005 (RESUMPTION 1),0,2,SAME_CASE_OR_DISPUTE_NO_PROVEN_COLLECTIVE_FOLLOW_THROUGH,0,0,0,guyana|venezuela,guyana|venezuela," . . . . . . . . . . . . . . . . . . . . . . . . . . . . . . . . . . . . . . . Mr. Yahiaoui China. . . . . . . . . . . . . . . . . . . . . . . . . . . . . . . . . . . . . . . . . . Mr. Hu Hailiang Denmark . . . . . . . . . . . . . . . . . . . . . . . . . . . . . . . . . . . . . . . Mr. Bay France . . . . . . . . . . . . . . . . . . . . . . . . . . . . . . . . . . . . . . . . . Mr. Dharmadhikari Greece. . . . . . . . . . . . . . . . . . . . . . . . . . . . . . . . . . . . . . . . . Mrs. Moutsaki Guyana . . . . . . . . . . . . . . . . . . . . . . . . . . . . . . . . . . . . . . . . Ms. Benn Pakistan. . . . . . . . . . . . . . . . . . . . . . . . . . . . . . . . . . . . . . . . Mr. Rashid Panama . . . . . . . . . . . . . . . . . . . . . . . . . . . . . . . . . . . . . . . . Mrs. Ramos Espino Russian Federation . . . . . . . . . . . . . . . . . . . . . . . . . . . . . . . Ms. Melnyova Sierra Leone . . . . . . . . . . . . . . . . . . . . . . . . . . . . . . . . . . . . Mr. Scotland Slovenia. . .  || gence into weapons systems. In conclusion, the benefits and risks of artificial intelligence should not be presented on the same footing without critical analysis. There is still no consensus on whether the benefits outweigh the risks in military use. We must move forward with caution, prioritizing peace and conflict prevention, always taking into account respect for fundamental rights and international law. The President: I now give the floor to the representative of the Bolivarian Republic of Venezuela. Mr. Darío Molina (Bolivarian Republic of Venezuela) (spoke in Spanish): The Bolivarian Republic of Venezuela thanks the Republic of Korea for convening this high-level open debate on artificial intelligence and its potential impact on international peace and security. Artificial intelligence is undoubtedly evolving rapidly today, transforming human life in many areas. While it can offer significant opportunities, it also poses serious risks when used for non-peaceful purposes, such as in the m",MACHINE_EXTRACTED_CONTEXT_NOT_HUMAN_CODING_EVIDENCE_OR_PIN_CITE
ICJ-171-2025-05-01||SC_MEETING::SCM|S/PV.10005 (Resumption 2),S/PV.10005 (RESUMPTION 2),1,1,GENERAL_OR_PARTIAL_NEXUS_ONLY,0,0,0,guyana,guyana,ria. . . . . . . . . . . . . . . . . . . . . . . . . . . . . . . . . . . . . . . . . Mrs. Ramdoum China. . . . . . . . . . . . . . . . . . . . . . . . . . . . . . . . . . . . . . . . . . Mr. Zhao Shuai Denmark . . . . . . . . . . . . . . . . . . . . . . . . . . . . . . . . . . . . . . . Mr. Bay France . . . . . . . . . . . . . . . . . . . . . . . . . . . . . . . . . . . . . . . . . Ms. Saudin Greece. . . . . . . . . . . . . . . . . . . . . . . . . . . . . . . . . . . . . . . . . Mr. Christoglou Guyana . . . . . . . . . . . . . . . . . . . . . . . . . . . . . . . . . . . . . . . . Ms. Benn Pakistan. . . . . . . . . . . . . . . . . . . . . . . . . . . . . . . . . . . . . . . . Mr. Sarwani Panama . . . . . . . . . . . . . . . . . . . . . . . . . . . . . . . . . . . . . . . . Mr. Pittí Jiménez Russian Federation . . . . . . . . . . . . . . . . . . . . . . . . . . . . . . . Mr. Zimin Sierra Leone . . . . . . . . . . . . . . . . . . . . . . . . . . . . . . . . . . . . Mrs. Kamara-Joyner Slovenia. ,MACHINE_EXTRACTED_CONTEXT_NOT_HUMAN_CODING_EVIDENCE_OR_PIN_CITE
ICJ-171-2025-05-01||SC_MEETING::SCM|S/PV.10024,S/PV.10024,0,2,SAME_CASE_OR_DISPUTE_NO_PROVEN_COLLECTIVE_FOLLOW_THROUGH,1,0,0,guyana|venezuela,guyana|venezuela,"geria. . . . . . . . . . . . . . . . . . . . . . . . . . . . . . . . . . . . . . . . . Mr. Bendjama China. . . . . . . . . . . . . . . . . . . . . . . . . . . . . . . . . . . . . . . . . . Mr. Fu Cong Denmark . . . . . . . . . . . . . . . . . . . . . . . . . . . . . . . . . . . . . . . Ms. Lassen France . . . . . . . . . . . . . . . . . . . . . . . . . . . . . . . . . . . . . . . . . Mr. Bonnafont Greece. . . . . . . . . . . . . . . . . . . . . . . . . . . . . . . . . . . . . . . . . Mrs. Balta Guyana . . . . . . . . . . . . . . . . . . . . . . . . . . . . . . . . . . . . . . . . Mrs. Rodrigues-Birkett Pakistan. . . . . . . . . . . . . . . . . . . . . . . . . . . . . . . . . . . . . . . . Mr. Ahmad Panama . . . . . . . . . . . . . . . . . . . . . . . . . . . . . . . . . . . . . . . . Mr. Moscoso Republic of Korea . . . . . . . . . . . . . . . . . . . . . . . . . . . . . . . . Mr. Cha Sierra Leone . . . . . . . . . . . . . . . . . . . . . . . . . . . . . . . . . . . . Mr. Kanu Slovenia. . . . || zechia, the Democratic People’s Republic of Korea, Egypt, Finland, Germany, India, Indonesia, Ireland, the Islamic Republic of Iran, Italy, Jamaica, Japan, Kazakhstan, Kuwait, Kyrgyzstan, Latvia, Liechtenstein, Malaysia, Maldives, Malta, Mauritania, Mexico, Morocco, Mozambique, Nepal, the Kingdom of the Netherlands, the Philippines, Portugal, Qatar, Singapore, South Africa, Spain, Switzerland, Thailand, Timor-Leste, Tunisia, Türkiye, the United Arab Emirates, Uruguay, the Bolivarian Republic of Venezuela and Viet Nam to participate in this meeting. In accordance with rule 39 of the Council’s provisional rules of procedure, I invite His Excellency Mr. Stavros Lambrinidis, Head of the Delegation of the European Union to the United Nations, to participate in this meeting. The Security Council will now begin its consideration of the item on its agenda. I wish to draw the attention of Council members to document S/2025/592, which contains the text of a letter dated 18 September 2025 from the Permane || collective inability to halt them is a damning indictment of our mandate. However, we must remain undeterred. We must work harder to sustain and strengthen the instruments and mechanisms that we have built over the past 80 years. To Denmark, this includes upholding international law and ensuring that human rights underpin the work of the entire United Nations system, in line with the Secretary-General’s call to action for human rights. It also includes maintaining our unwavering support for the International Court of Justice and the International Criminal Court as core international justice institutions and listening to the voices of civil society. Around this table, it means using the tools already at our disposal, tools such as establishing investigations into disputes, the bold and forward-leaning use of good offices and mediation, horizon-scanning initiatives and early warning mechanisms. Finally, we should not lose sight of the fact that core to the mission of the United Nations is its people — the humanitaria",MACHINE_EXTRACTED_CONTEXT_NOT_HUMAN_CODING_EVIDENCE_OR_PIN_CITE
ICJ-171-2025-05-01||SC_MEETING::SCM|S/PV.10024 (Resumption 1),S/PV.10024 (RESUMPTION 1),0,2,SAME_CASE_OR_DISPUTE_NO_PROVEN_COLLECTIVE_FOLLOW_THROUGH,1,0,0,guyana|venezuela,guyana|venezuela,"Algeria. . . . . . . . . . . . . . . . . . . . . . . . . . . . . . . . . . . . . . . . . Mr. Boussahel China. . . . . . . . . . . . . . . . . . . . . . . . . . . . . . . . . . . . . . . . . . Mr. He Mao Denmark . . . . . . . . . . . . . . . . . . . . . . . . . . . . . . . . . . . . . . . Mr. Kjelgaard France . . . . . . . . . . . . . . . . . . . . . . . . . . . . . . . . . . . . . . . . . Mr. Gaudu Greece. . . . . . . . . . . . . . . . . . . . . . . . . . . . . . . . . . . . . . . . . Mr. Rizos Guyana . . . . . . . . . . . . . . . . . . . . . . . . . . . . . . . . . . . . . . . . Ms. Savory Pakistan. . . . . . . . . . . . . . . . . . . . . . . . . . . . . . . . . . . . . . . . Mr. Sarwani Panama . . . . . . . . . . . . . . . . . . . . . . . . . . . . . . . . . . . . . . . . Ms. Caballero Martiz Republic of Korea . . . . . . . . . . . . . . . . . . . . . . . . . . . . . . . . Ms. Jieun Lee Sierra Leone . . . . . . . . . . . . . . . . . . . . . . . . . . . . . . . . . . . . Ms. Spencer-Coker S || enshrines our shared pledge to leave no one behind. In this context, my country has designated 2025 as the year for strengthening multilateralism and enhancing cooperation with the United Nations, through the organization of numerous events linked to the outcomes of the 2024 Summit of the Future, the latest of which is today’s commemoration of United Nations Day. In the same spirit, and in recognition of the role of justice in consolidating international peace, Tunisia calls for support for the International Court of Justice and the International Criminal Court as safeguards of the international legal system and guarantors of equality among States before the law, for the absence of accountability breeds only chaos and wars, where only the law of the jungle and imperialist adventures prevail. My country also reiterates its call for reform of the international financial architecture and its institutions to ensure equitable access to financial resources and to support developing countries in achieving the Sustainable  || Nam supports ongoing efforts, including the UN80 Initiative, to make the Organization more fit for purpose and better equipped to deliver peace, security and sustainable development for all in a world that demands renewed solidarity and commitment to multilateralism. The President (spoke in Russian): I now give the floor to the representative of Cuba. Mr. Soberón Guzmán (Cuba) (spoke in Spanish): We align ourselves with the statement delivered by the representative of the Bolivarian Republic of Venezuela on behalf of Group of Friends in Defense of the Charter of the United Nations. 25-2856929/45 S/PV.10024 (Resumption 1) Maintenance of international peace and security 24/10/2025 We express our most profound solidarity with the Government and the people of Venezuela, who are facing a perilous threat of war from the Government of the United States. There is an urgent need to bring an end to the aggression and to avoid military action against a sovereign State such as Venezuela. The international",MACHINE_EXTRACTED_CONTEXT_NOT_HUMAN_CODING_EVIDENCE_OR_PIN_CITE
ICJ-180-2021-12-07||SC_MEETING::SCM|S/PV.8923,S/PV.8923,0,0,NO_CASE_OR_ICJ_NEXUS,0,0,0,,,,MACHINE_EXTRACTED_CONTEXT_NOT_HUMAN_CODING_EVIDENCE_OR_PIN_CITE
ICJ-180-2021-12-07||SC_MEETING::SCM|S/PV.8923 (Resumption 1),S/PV.8923 (RESUMPTION 1),0,0,NO_CASE_OR_ICJ_NEXUS,0,0,0,,,,MACHINE_EXTRACTED_CONTEXT_NOT_HUMAN_CODING_EVIDENCE_OR_PIN_CITE
ICJ-180-2021-12-07||SC_FORMAL_VOTE::SCV|1952,S/PV.8926,1,1,GENERAL_OR_PARTIAL_NEXUS_ONLY,0,0,0,armenia,armenia,"nal peace and security Palau, Panama, Papua New Guinea, Poland, Portugal, Climate and security Qatar, the Republic of Korea, the Republic of Moldova, The President (spoke in French): In accordance Romania, Rwanda, Saint Lucia, Saint Vincent and the with rule 37 of the Council’s provisional rules of Grenadines, Samoa, San Marino, Senegal, Seychelles, procedure, I invite the representatives of Afghanistan, Sierra Leone, Singapore, Slovakia, Slovenia, Solomon Albania, Andorra, Antigua and Barbuda, Armenia, Islands, Spain, the Sudan, Sweden, Switzerland, Australia, Austria, Bahamas, Belgium, Belize, Bosnia Timor-Leste, Tonga, Trinidad and Tobago, Tunisia, and Herzegovina, Botswana, Bulgaria, Burkina Faso, Tuvalu, Uganda, Ukraine, the United Arab Emirates, Cabo Verde, Canada, Chad, Comoros, Costa Rica, the United Kingdom of Great Britain and Northern Côte d’Ivoire, Croatia, Cyprus, Czechia, Denmark, Ireland, the United Republic of Tanzania, the United Djibouti, Dominica, the Dominican Republic, Ec",MACHINE_EXTRACTED_CONTEXT_NOT_HUMAN_CODING_EVIDENCE_OR_PIN_CITE
ICJ-180-2021-12-07||SC_MEETING::SCM|S/PV.8926,S/PV.8926,1,1,GENERAL_OR_PARTIAL_NEXUS_ONLY,0,0,0,armenia,armenia,"nal peace and security Palau, Panama, Papua New Guinea, Poland, Portugal, Climate and security Qatar, the Republic of Korea, the Republic of Moldova, The President (spoke in French): In accordance Romania, Rwanda, Saint Lucia, Saint Vincent and the with rule 37 of the Council’s provisional rules of Grenadines, Samoa, San Marino, Senegal, Seychelles, procedure, I invite the representatives of Afghanistan, Sierra Leone, Singapore, Slovakia, Slovenia, Solomon Albania, Andorra, Antigua and Barbuda, Armenia, Islands, Spain, the Sudan, Sweden, Switzerland, Australia, Austria, Bahamas, Belgium, Belize, Bosnia Timor-Leste, Tonga, Trinidad and Tobago, Tunisia, and Herzegovina, Botswana, Bulgaria, Burkina Faso, Tuvalu, Uganda, Ukraine, the United Arab Emirates, Cabo Verde, Canada, Chad, Comoros, Costa Rica, the United Kingdom of Great Britain and Northern Côte d’Ivoire, Croatia, Cyprus, Czechia, Denmark, Ireland, the United Republic of Tanzania, the United Djibouti, Dominica, the Dominican Republic, Ec",MACHINE_EXTRACTED_CONTEXT_NOT_HUMAN_CODING_EVIDENCE_OR_PIN_CITE
ICJ-180-2021-12-07||SC_FORMAL_VOTE::SCV|1960,S/PV.8942,0,0,NO_CASE_OR_ICJ_NEXUS,0,0,0,,,,MACHINE_EXTRACTED_CONTEXT_NOT_HUMAN_CODING_EVIDENCE_OR_PIN_CITE
ICJ-180-2021-12-07||SC_MEETING::SCM|S/PV.8942,S/PV.8942,0,0,NO_CASE_OR_ICJ_NEXUS,0,0,0,,,,MACHINE_EXTRACTED_CONTEXT_NOT_HUMAN_CODING_EVIDENCE_OR_PIN_CITE
ICJ-180-2021-12-07||SC_MEETING::SCM|S/PV.9014,S/PV.9014,0,0,NO_CASE_OR_ICJ_NEXUS,0,0,0,,,,MACHINE_EXTRACTED_CONTEXT_NOT_HUMAN_CODING_EVIDENCE_OR_PIN_CITE
ICJ-180-2021-12-07||SC_MEETING::SCM|S/PV.9036,S/PV.9036,1,1,GENERAL_OR_PARTIAL_NEXUS_ONLY,0,0,0,azerbaijan,azerbaijan,"n order to achieve and responsible investment. We must work together better production and nutrition, a better environment with the private sector and get every key partner on and a better life, leaving no one behind. board. That is why we must stress the importance of hand-in-hand initiatives. In the past three months I have been to Bangladesh, where farmers are using innovation to improve their States can put policies in place that both increase rice yields. Earlier this month, I travelled to Azerbaijan productivity and protect natural resources. We always to see young farmers, who are producing seven tons per say that we should produce more and better with hectare of winter wheat, using a new variety of wheat and less, but less what? Is it less impact, less input or less irrigation systems and appropriate fertilizer. The yield negative impact on the environment? The solution is 6/32 22-35447 19/05/2022 Maintenance of international peace and security S/PV.9036 technology and good policies and",MACHINE_EXTRACTED_CONTEXT_NOT_HUMAN_CODING_EVIDENCE_OR_PIN_CITE
ICJ-180-2021-12-07||SC_MEETING::SCM|S/PV.9036 (Resumption 1),S/PV.9036 (RESUMPTION 1),0,0,NO_CASE_OR_ICJ_NEXUS,0,0,0,,,,MACHINE_EXTRACTED_CONTEXT_NOT_HUMAN_CODING_EVIDENCE_OR_PIN_CITE
ICJ-180-2021-12-07||SC_MEETING::SCM|S/PV.9039,S/PV.9039,0,0,NO_CASE_OR_ICJ_NEXUS,0,0,0,,,,MACHINE_EXTRACTED_CONTEXT_NOT_HUMAN_CODING_EVIDENCE_OR_PIN_CITE
ICJ-180-2021-12-07||SC_MEETING::SCM|S/PV.9052,S/PV.9052,2,3,STRICT_CANDIDATE_3_COLLECTIVE_ACTION_AND_ORDER_NEXUS,1,1,1,armenia|azerbaijan,armenia|azerbaijan,"he Security Council Chamber. Their in this signature event, which I am pleased to join via presence today underscores the importance of the video-teleconference from the seat of the International subject matter under discussion. Court of Justice in The Hague, the Netherlands. I In accordance with rule 37 of the Council’s welcome this opportunity to share with the Security provisional rules of procedure, I invite the Council and the broader United Nations membership representatives of Argentina, Armenia, Australia, some reflections on the ways in which the Court can Austria, Azerbaijan, Belgium, Bulgaria, Canada, contribute to the pursuit of accountability for atrocities Chile, Colombia, Croatia, Cyprus, the Czech Republic, that violate international law. Denmark, Ecuador, Estonia, Georgia, Germany, Before I do so, allow me to say a few words about Guatemala, the Islamic Republic of Iran, Italy, Japan, Judge Antônio Augusto Cançado Trindade, who passed Jordan, Latvia, Liechtenstein, Lithuania, ||  join via presence today underscores the importance of the video-teleconference from the seat of the International subject matter under discussion. Court of Justice in The Hague, the Netherlands. I In accordance with rule 37 of the Council’s welcome this opportunity to share with the Security provisional rules of procedure, I invite the Council and the broader United Nations membership representatives of Argentina, Armenia, Australia, some reflections on the ways in which the Court can Austria, Azerbaijan, Belgium, Bulgaria, Canada, contribute to the pursuit of accountability for atrocities Chile, Colombia, Croatia, Cyprus, the Czech Republic, that violate international law. Denmark, Ecuador, Estonia, Georgia, Germany, Before I do so, allow me to say a few words about Guatemala, the Islamic Republic of Iran, Italy, Japan, Judge Antônio Augusto Cançado Trindade, who passed Jordan, Latvia, Liechtenstein, Lithuania, Luxembourg, away in Brasilia only a few days ago. Judge Cançado Malaysia, Malta, th || rsuit of accountability for atrocities Chile, Colombia, Croatia, Cyprus, the Czech Republic, that violate international law. Denmark, Ecuador, Estonia, Georgia, Germany, Before I do so, allow me to say a few words about Guatemala, the Islamic Republic of Iran, Italy, Japan, Judge Antônio Augusto Cançado Trindade, who passed Jordan, Latvia, Liechtenstein, Lithuania, Luxembourg, away in Brasilia only a few days ago. Judge Cançado Malaysia, Malta, the Marshall Islands, Morocco, Trindade joined the International Court of Justice in Myanmar, the Netherlands, North Macedonia, 2009, having already served as a Judge and President Pakistan, the Philippines, Poland, the Republic of of the Inter-American Court of Human Rights, as Korea, Romania, Sierra Leone, Slovakia, Slovenia, Legal Adviser to the Ministry of External Relations of South Africa, Spain, Switzerland, Türkiye, Ukraine Brazil and as a professor at several universities across and the Bolivarian Republic of Venezuela to participate four continents. Much more can a || nce collection can later be used in also ordered the United States to make sure that all criminal proceedings, and those various mechanisms necessary permits and authorizations are in place and therefore play a crucial role as we strive to achieve and that payment and other financial activities linked to strengthen accountability. humanitarian goods and services are not restricted. Unfortunately, the United States has not only failed The President: I now give the floor to the to comply with the Court’s order, but also defied it by representative of the Islamic Republic of Iran. imposing additional sanctions, particularly during the Mr. Takht Ravanchi (Islamic Republic of Iran): I coronavirus disease pandemic. would like to thank you, Mr. President, for convening In a statement made during her recent visit to Tehran this high-level open debate. I also thank the briefers for on 18 May, the United Nations Special Rapporteur on their insightful briefings. the negative impact of unilateral coercive meas",MACHINE_EXTRACTED_CONTEXT_NOT_HUMAN_CODING_EVIDENCE_OR_PIN_CITE
ICJ-180-2021-12-07||SC_MEETING::SCM|S/PV.9052 (Resumption 1),S/PV.9052 (RESUMPTION 1),2,2,SAME_CASE_OR_DISPUTE_NO_PROVEN_COLLECTIVE_FOLLOW_THROUGH,1,1,0,armenia|armenian|azerbaijan|azerbaijani,armenia|azerbaijan,"to good use. As a candidate to tribunals, accountability mechanisms, the exercise the Security Council, Switzerland remains committed of universal jurisdiction and international judicial to ensuring that combating impunity is not just words assistance. Switzerland encourages all Member States but actions we take together. to ratify the Rome Statute, cooperate fully with the The President: I now give the floor to the International Criminal Court (ICC), and support representative of Slovenia. the International Court of Justice and comply with its decisions. We must also develop the tools at our Mrs. Ponikvar Velázquez (Slovenia): At the outset, disposal, such as by adopting a convention on crimes we would like to thank and congratulate the Albanian against humanity. presidency of the Security Council for organizing today’s important open debate. We also thank the Secondly, the Security Council should act in briefers for their insightful remarks. a unified manner to support national, regional and international account || and mapping serious and continues to be an obstacle to the achievement of violations of international law. We are confident that all 22-3700111/42 S/PV.9052 (Resumption 1) Maintenance of international peace and security 02/06/2022 such national and international efforts, combined with such incendiary acts are led, conducted or cultivated by efforts by civil society, will lead to accountability. States at the highest political level. Yet accountability is not only about criminal Time and again, Armenia has alerted the investigations and prosecution. It is also about State international community to the dangerously mounting responsibility and compliance with judicial rulings and level of hate speech and racist rhetoric dominating orders. In that regard, we strongly urge Russia to comply the political discourse in Azerbaijan, where State-led with the legally binding order of the International Court anti-Armenian policies, extensively reported and of Justice of 16 March. And accountability is al || ed or cultivated by efforts by civil society, will lead to accountability. States at the highest political level. Yet accountability is not only about criminal Time and again, Armenia has alerted the investigations and prosecution. It is also about State international community to the dangerously mounting responsibility and compliance with judicial rulings and level of hate speech and racist rhetoric dominating orders. In that regard, we strongly urge Russia to comply the political discourse in Azerbaijan, where State-led with the legally binding order of the International Court anti-Armenian policies, extensively reported and of Justice of 16 March. And accountability is also about documented by international institutions, seek to preventing atrocities. We therefore support the work on dehumanize one particular nation, in a manifest formulating a convention on crimes against humanity demonstration that genocidal ideology does not belong that will fill a gap in the treaty framework and give mere || ghest political level. Yet accountability is not only about criminal Time and again, Armenia has alerted the investigations and prosecution. It is also about State international community to the dangerously mounting responsibility and compliance with judicial rulings and level of hate speech and racist rhetoric dominating orders. In that regard, we strongly urge Russia to comply the political discourse in Azerbaijan, where State-led with the legally binding order of the International Court anti-Armenian policies, extensively reported and of Justice of 16 March. And accountability is also about documented by international institutions, seek to preventing atrocities. We therefore support the work on dehumanize one particular nation, in a manifest formulating a convention on crimes against humanity demonstration that genocidal ideology does not belong that will fill a gap in the treaty framework and give merely to the past. The fact that a large-scale military additional tools to States to preven || ctive. Council for convening today’s important meeting. 32/42 22-37001 02/06/2022 Maintenance of international peace and security S/PV.9052 (Resumption 1) As far as general international law, as laid down Another act of aggression by Armenia, in the fall in the articles on responsibility of States, adopted by of 2020, became a logical consequence of its decades- the International Law Commission on 9 August 2001, long impunity. Direct and indiscriminate missile is concerned, attacks that struck Azerbaijani cities and districts, including with the use of internationally banned cluster “[e]very internationally wrongful act of a State bombs, killed and wounded hundreds of civilians entails the international responsibility of that State”. and destroyed numerous civilian objects. Azerbaijan Under international criminal law, all those who engage resolutely responded in order to liberate the occupied in conduct considered to be prohibited and criminalized territories, restore its territorial integrity a",MACHINE_EXTRACTED_CONTEXT_NOT_HUMAN_CODING_EVIDENCE_OR_PIN_CITE
ICJ-180-2022-10-12||SC_MEETING::SCM|S/PV.9167,S/PV.9167,0,0,NO_CASE_OR_ICJ_NEXUS,0,0,0,,,,MACHINE_EXTRACTED_CONTEXT_NOT_HUMAN_CODING_EVIDENCE_OR_PIN_CITE
ICJ-180-2022-10-12||SC_MEETING::SCM|S/PV.9220,S/PV.9220,2,2,SAME_CASE_OR_DISPUTE_NO_PROVEN_COLLECTIVE_FOLLOW_THROUGH,0,0,0,armenia|armenian|azerbaijan|azerbaijani,armenia|azerbaijan|lachin corridor,"ence succeeded in preventing a military conflict between today underscores the importance of the subject matter the major Powers. States armed with nuclear weapons under discussion. cooperated to cut their numbers, prevent proliferation and avert a nuclear catastrophe. Peacemaking and In accordance with rule 37 of the Council’s peacekeeping by the United Nations helped to end provisional rules of procedure, I invite the representatives conflicts, saving millions of lives. of Algeria, Argentina, Armenia, Australia, Austria, Azerbaijan, Bangladesh, Bulgaria, Chile, Cuba, Notwithstanding that important progress, we are Ecuador, Egypt, Estonia, Ethiopia, Georgia, Germany, still grappling with many of the same challenges we Guatemala, Indonesia, the Islamic Republic of Iran, have faced for 76 years: inter-State wars, limits to our Italy, Japan, Kazakhstan, Kuwait, Latvia, Lebanon, peacekeeping ability, terrorism and a divided collective Liechtenstein, Lithuania, Malta, Morocco, Nepal, security sys || a military conflict between today underscores the importance of the subject matter the major Powers. States armed with nuclear weapons under discussion. cooperated to cut their numbers, prevent proliferation and avert a nuclear catastrophe. Peacemaking and In accordance with rule 37 of the Council’s peacekeeping by the United Nations helped to end provisional rules of procedure, I invite the representatives conflicts, saving millions of lives. of Algeria, Argentina, Armenia, Australia, Austria, Azerbaijan, Bangladesh, Bulgaria, Chile, Cuba, Notwithstanding that important progress, we are Ecuador, Egypt, Estonia, Ethiopia, Georgia, Germany, still grappling with many of the same challenges we Guatemala, Indonesia, the Islamic Republic of Iran, have faced for 76 years: inter-State wars, limits to our Italy, Japan, Kazakhstan, Kuwait, Latvia, Lebanon, peacekeeping ability, terrorism and a divided collective Liechtenstein, Lithuania, Malta, Morocco, Nepal, security system. And at the same time, confl || ed by ground, we must adhere to the universal red lines use of force, thereby preventing a potential resolution of regarding what cannot be tolerated in a multi-sided the conflict through international mediation. approach. And those red lines are reflected above all In the face of limited interest on the part of the in the Universal Declaration of Human Rights and international community, the security challenges in our the Charter of the United Nations. Today’s important region have only grown. Armenian sovereign territories open debate will hopefully serve as food for thought have been continually under attack. The last major in our shared struggle to maintain and improve the incident occurred in September, and we requested an multilateral system for the sake of future generations. emergency meeting of the Council (see S/PV.9132) Armenia is firmly committed to the multilateralism to assess the situation in full and remain seized of the anchored in the purposes and principles of the Charter, m || overeignty and territorial integrity. maintenance of international peace and security. The United Nations must remain resilient in the face of the Two years after military hostilities ceased in Nagorno damaging practices of imposing unilateral solutions Karabakh, the issue of the return and repatriation of the and prioritizing violence over peaceful settlements. Armenian prisoners of war remains unresolved. The 26/31 22-75095 14/12/2022 Maintenance of international peace and security S/PV.9220 Azerbaijani side has continued its manipulations in to devise better, more efficient ways of working in order order to artificially counterbalance the humanitarian to be able to prevent conflicts, genocides and other mass issues and turn the return of Armenian prisoners of war atrocities and focus on peaceful, sustainable development. into a bargaining chip, which is totally unacceptable and The President: I now give the floor to the State should not be tolerated by the international community. Minister fo ||  insightful contributions. Ironically, access is being denied not just to international humanitarian organizations but to The credibility of the United Nations is in jeopardy people living in Nagorno Karabakh. For three days owing to the aggression of Russia, a permanent member now, Azerbaijan, in gross violation of its international of the Security Council, against one of its neighbours. obligations, has been blocking movement through The drafters of the Charter of the United Nations could the Lachin corridor — the sole lifeline of Nagorno never have envisaged such a situation. But that is the Karabakh — which is now essentially cut off from harsh reality, and the Council has not yet been able Armenia and the outside world. As we speak, the to stop it. It is that sense of urgency that has brought people of Nagorno Karabakh have been deprived of the me here from Tokyo. We have to restore confidence in right to free movement, mothers have been separated the United Nations. We have to strengthen the en",MACHINE_EXTRACTED_CONTEXT_NOT_HUMAN_CODING_EVIDENCE_OR_PIN_CITE
ICJ-180-2022-10-12||SC_MEETING::SCM|S/PV.9220 (Resumption 1),S/PV.9220 (RESUMPTION 1),0,1,GENERAL_OR_PARTIAL_NEXUS_ONLY,1,0,0,,,"It reaffirms the among the Member States that the multilateral role of the Security Council in preventing and settling architecture must remain a living mechanism, able to disputes and, in recognition of that mandate, also adapt to the new realities of our world. In the past two enumerates important mechanisms with regard to that decades, Member States have already recognized such role. The Manila Declaration also highlights the role opportunities. They have taken steps to adapt parts of of the International Court of Justice as the principal the United Nations system by establishing the Human judicial organ of the United Nations and draws attention Rights Council, the Peacebuilding Commission and, to the facilities offered by the Court, including advisory most recently, the adoption of the landmark resolution opinions on legal questions. on the veto initiative (General Assembly resolution We support the Secretary-General’s call for a new 76/262). agenda for peace that seeks to allocate a greater role While there is",MACHINE_EXTRACTED_CONTEXT_NOT_HUMAN_CODING_EVIDENCE_OR_PIN_CITE
ICJ-180-2022-10-12||SC_MEETING::SCM|S/PV.9228,S/PV.9228,2,2,SAME_CASE_OR_DISPUTE_NO_PROVEN_COLLECTIVE_FOLLOW_THROUGH,1,0,0,armenia|armenian|azerbaijan|azerbaijani,armenia|azerbaijan|lachin corridor|nagorno-karabakh," . . . . . . . . . . . . . . . . . . . . . . . . . . . . . . . . . . . . . Ms. Juul Russian Federation. . . . . . . . . . . . . . . . . . . . . . . . . . . . . . . Ms. Evstigneeva United Arab Emirates . . . . . . . . . . . . . . . . . . . . . . . . . . . . Mr. Abushahab United Kingdom of Great Britain and Northern Ireland . . Mr. Kariuki United States of America. . . . . . . . . . . . . . . . . . . . . . . . . . Mr. Wood Agenda Letter dated 13 September 2022 from the Permanent Representative of Armenia to the United Nations addressed to the President of the Security Council (S/2022/688) This record contains the text of speeches delivered in English and of the translation of speeches delivered in other languages. The final text will be printed in the Official Records of the Security Council. Corrections should be submitted to the original languages only. They should be incorporated in a copy of the record and sent under the signature of a member of the delegation concerned to the Chief of the  || l Russian Federation. . . . . . . . . . . . . . . . . . . . . . . . . . . . . . . Ms. Evstigneeva United Arab Emirates . . . . . . . . . . . . . . . . . . . . . . . . . . . . Mr. Abushahab United Kingdom of Great Britain and Northern Ireland . . Mr. Kariuki United States of America. . . . . . . . . . . . . . . . . . . . . . . . . . Mr. Wood Agenda Letter dated 13 September 2022 from the Permanent Representative of Armenia to the United Nations addressed to the President of the Security Council (S/2022/688) This record contains the text of speeches delivered in English and of the translation of speeches delivered in other languages. The final text will be printed in the Official Records of the Security Council. Corrections should be submitted to the original languages only. They should be incorporated in a copy of the record and sent under the signature of a member of the delegation concerned to the Chief of the Verbatim Reporting Service, room U-0506 (verbatimrecords@un.org). Corrected records w ||  of the Verbatim Reporting Service, room U-0506 (verbatimrecords@un.org). Corrected records will be reissued electronically on the Official Document System of the United Nations (http://documents.un.org). 22-76299 (E) *2276299* S/PV.9228 Letter dated 13 September 2022 from the Permanent Representative of Armenia 20/12/2022 The meeting was called to order at 3.35 p.m. envisaged, with the ultimate goal of contributing to sustainable peace in the region. Adoption of the agenda In late October, the Armenian and Azerbaijani The agenda was adopted. leaders met again in Sochi, hosted by the President of the Russian Federation, where they agreed, inter alia, to Letter dated 13 September 2022 from the refrain from the use of force or threating force. Permanent Representative of Armenia to the In addition to leader-level talks, several meetings United Nations addressed to the President of the at the level of Foreign Minister and Deputy Prime Security Council (S/2022/688) Minister took place in recent mo || tim Reporting Service, room U-0506 (verbatimrecords@un.org). Corrected records will be reissued electronically on the Official Document System of the United Nations (http://documents.un.org). 22-76299 (E) *2276299* S/PV.9228 Letter dated 13 September 2022 from the Permanent Representative of Armenia 20/12/2022 The meeting was called to order at 3.35 p.m. envisaged, with the ultimate goal of contributing to sustainable peace in the region. Adoption of the agenda In late October, the Armenian and Azerbaijani The agenda was adopted. leaders met again in Sochi, hosted by the President of the Russian Federation, where they agreed, inter alia, to Letter dated 13 September 2022 from the refrain from the use of force or threating force. Permanent Representative of Armenia to the In addition to leader-level talks, several meetings United Nations addressed to the President of the at the level of Foreign Minister and Deputy Prime Security Council (S/2022/688) Minister took place in recent months. For insta || tim Reporting Service, room U-0506 (verbatimrecords@un.org). Corrected records will be reissued electronically on the Official Document System of the United Nations (http://documents.un.org). 22-76299 (E) *2276299* S/PV.9228 Letter dated 13 September 2022 from the Permanent Representative of Armenia 20/12/2022 The meeting was called to order at 3.35 p.m. envisaged, with the ultimate goal of contributing to sustainable peace in the region. Adoption of the agenda In late October, the Armenian and Azerbaijani The agenda was adopted. leaders met again in Sochi, hosted by the President of the Russian Federation, where they agreed, inter alia, to Letter dated 13 September 2022 from the refrain from the use of force or threating force. Permanent Representative of Armenia to the In addition to leader-level talks, several meetings United Nations addressed to the President of the at the level of Foreign Minister and Deputy Prime Security Council (S/2022/688) Minister took place in recent months. For instan || ery for the 2020 and the subsequent agreed statements and people living in the area. It has been reported that the commitments, as well as to redouble their diplomatic protests were against what they claim is the illegal efforts to achieve a negotiated, lasting and peaceful exploitation of mineral resources and its environmental settlement before it is too late. impact on the surrounding area. The United Nations, The President: I thank Mr. Jenča for his briefing. which is present neither in the Lachin corridor nor in the areas under the mandate of the Russian peacekeepers, I shall now give the floor to those members of the is not in a position to verify or confirm the various Council who wish to make statements. claims and allegations. We understand that as we are Mrs. Broadhurst Estival (France) (spoke in meeting, the protests are continuing. French): I thank Mr. Jenča for his briefing. The In the past few days both Armenia and Azerbaijan events that have taken place over the past few days are have  ||  thank Mr. Jenča for his briefing. The In the past few days both Armenia and Azerbaijan events that have taken place over the past few days are have written to the Secretary-General and to the very worrying. In that regard, I would like to stress Security Council regarding the recent events, each two points. alleging violations of agreed commitments by the First, it is unacceptable that the flow of traffic other side and challenging each other’s claims. Their though the road corridor connecting Nagorno-Karabakh accounts of the developments and the situation differ with Armenia has been blocked since 12 December. The widely. Each side has accused the other of violating blocking of the Lachin corridor has resulted directly in the trilateral statement of 9 November 2020 signed by the isolation of the population of Nagorno-Karabakh the leaders of Armenia, Azerbaijan and the Russian and has had humanitarian consequences that are getting Federation. Media reports and statements from the worse by the day. Fr ||  today to offer a new serving of of justice, humanity, dignity and freedom on the line, lies and accusations to cover up the gross and massive and therefore cannot be conducted at the expense of the human rights violations under the pretext of protests fundamental human rights and physical security of the organized by so-called civil society activists. people of Nagorno-Karabakh. Azerbaijan continues to disregard the provisional Under the current circumstances, we urge the measures order of the International Court of Justice Security Council to take actions to demand Azerbaijan issued against Azerbaijan in December 2021, under the to fully respect the provisions of the trilateral Convention on Elimination of Racial Discrimination statement of 9 November 2020 and to immediately in relation to the humanitarian obligations vis-à-vis and unconditionally unblock the Lachin corridor by Armenian prisoners of war, as well as on the need to removing all obstacles for safe, secure and unimpeded address the pervasive anti-Arm",MACHINE_EXTRACTED_CONTEXT_NOT_HUMAN_CODING_EVIDENCE_OR_PIN_CITE
ICJ-180-2022-10-12||SC_MEETING::SCM|S/PV.9241,S/PV.9241,2,2,SAME_CASE_OR_DISPUTE_NO_PROVEN_COLLECTIVE_FOLLOW_THROUGH,1,0,0,armenia|azerbaijan,armenia|azerbaijan,"ther high- its presidency at the beginning of its tenure on the level representatives. Their presence today underscores Security Council, and I thank you, Sir, for opening the importance of the subject matter under discussion. the new year with this debate on the rule of law. I In accordance with rule 37 of the Council’s also welcome my two fellow briefers — Judge Joan provisional rules of procedure, I invite the representatives E. Donoghue, President of the International Court of of Argentina, Armenia, Australia, Austria, Azerbaijan, Justice, and Professor Dapo Akande. Cabo Verde, Canada, Chile, Denmark, Egypt, Eritrea, The rule of law is foundational to the United Nations Estonia, Georgia, Germany, Greece, Guatemala, India, and to our mission of peace; the Security Council has Ireland, Indonesia, the Islamic Republic of Iran, Italy, a vital role in upholding it. The cornerstone of the rule Jordan, Kenya, Kuwait, Latvia, Lebanon, Liechtenstein, of law is that all people, institutions and ent || the beginning of its tenure on the level representatives. Their presence today underscores Security Council, and I thank you, Sir, for opening the importance of the subject matter under discussion. the new year with this debate on the rule of law. I In accordance with rule 37 of the Council’s also welcome my two fellow briefers — Judge Joan provisional rules of procedure, I invite the representatives E. Donoghue, President of the International Court of of Argentina, Armenia, Australia, Austria, Azerbaijan, Justice, and Professor Dapo Akande. Cabo Verde, Canada, Chile, Denmark, Egypt, Eritrea, The rule of law is foundational to the United Nations Estonia, Georgia, Germany, Greece, Guatemala, India, and to our mission of peace; the Security Council has Ireland, Indonesia, the Islamic Republic of Iran, Italy, a vital role in upholding it. The cornerstone of the rule Jordan, Kenya, Kuwait, Latvia, Lebanon, Liechtenstein, of law is that all people, institutions and entities, public Lithuania, Luxembo || on for terrorism. At world. The strong and mutually reinforcing relationship the same time, the expansion of settlements by Israel, between the rule of law, accountability and human as well as home demolitions and evictions, are driving rights is reflected in my call to action on human rights. anger and despair. I am also very concerned by the unilateral initiatives that we have seen in recent days. Ending impunity is fundamental. From the The rule of law is at the heart of achieving a just and International Court of Justice to the Human Rights comprehensive peace, based on a two-State solution, in Council and its fact-finding missions and commissions line with United Nations resolutions, international law of inquiry, United Nations entities and mechanisms and previous agreements. promote and implement the rule of law. With its unique mandate, the International Court of Justice Unconstitutional changes in government — coups occupies a special place. I note the importance of d’état — are regrettably back in fashion.",MACHINE_EXTRACTED_CONTEXT_NOT_HUMAN_CODING_EVIDENCE_OR_PIN_CITE
ICJ-180-2022-10-12||SC_MEETING::SCM|S/PV.9241 (Resumption 1),S/PV.9241 (RESUMPTION 1),2,2,SAME_CASE_OR_DISPUTE_NO_PROVEN_COLLECTIVE_FOLLOW_THROUGH,1,1,1,armenia|armenian|azerbaijan|azerbaijani,armenia|azerbaijan|lachin corridor|nagorno-karabakh,"y the day. Some of those who call for respect topic that the Council is discussing today. Egypt also for the principles and purposes of the Charter of the expresses its appreciation to the Secretary-General for United Nations somehow forget such principles, his briefing at the beginning of this meeting, as well as including the right to self-determination, when it to Mr. Dapo Akande for his valuable presentation and comes to the Palestinian question. The inviolability of to the President of the International Court of Justice for the acquisition of territory by force has been a cardinal her briefing. 2/54 23-01356 12/01/2023 Promotion and strengthening of the rule of law S/PV.9241 (Resumption 1) Egypt agrees with what is stated in the concept note considered a component of the rule of law in some (S/2023/1, annex): the promotion of the rule of law and societies does not necessarily enjoy the same status in the maintenance of international peace and security are other societies, which have their own uniqueness and i || st week, Pyongyang even reaffirmed its reckless our commitment to the rule of law and the peaceful and extremely dangerous nuclear ambition by openly settlement of disputes in accordance with international 23-0135611/54 S/PV.9241 (Resumption 1) Promotion and strengthening of the rule of law 12/01/2023 law. The Republic of Korea clearly opposes upsetting imposition of unilateral solutions and the conduct of the international order and is unequivocally committed its policy of ethnic cleansing in Nagorno-Karabakh. to upholding the United Nations Charter and the rule The latest such example is the ongoing blockade of the of law. Lachin corridor — the only supply route into and out of Nagorno-Karabakh — in grave violation of the existing The President: I now give the floor to the obligations under the trilateral statement of 9 November representative of Armenia. 2020 and international humanitarian law. Among Mr. Margaryan (Armenia): I would like to numerous violations of the norms of international law, co || ition by openly settlement of disputes in accordance with international 23-0135611/54 S/PV.9241 (Resumption 1) Promotion and strengthening of the rule of law 12/01/2023 law. The Republic of Korea clearly opposes upsetting imposition of unilateral solutions and the conduct of the international order and is unequivocally committed its policy of ethnic cleansing in Nagorno-Karabakh. to upholding the United Nations Charter and the rule The latest such example is the ongoing blockade of the of law. Lachin corridor — the only supply route into and out of Nagorno-Karabakh — in grave violation of the existing The President: I now give the floor to the obligations under the trilateral statement of 9 November representative of Armenia. 2020 and international humanitarian law. Among Mr. Margaryan (Armenia): I would like to numerous violations of the norms of international law, congratulate Japan on its new membership in the the blockade of the corridor also challenges the order Security Council and on assuming || ition of unilateral solutions and the conduct of the international order and is unequivocally committed its policy of ethnic cleansing in Nagorno-Karabakh. to upholding the United Nations Charter and the rule The latest such example is the ongoing blockade of the of law. Lachin corridor — the only supply route into and out of Nagorno-Karabakh — in grave violation of the existing The President: I now give the floor to the obligations under the trilateral statement of 9 November representative of Armenia. 2020 and international humanitarian law. Among Mr. Margaryan (Armenia): I would like to numerous violations of the norms of international law, congratulate Japan on its new membership in the the blockade of the corridor also challenges the order Security Council and on assuming the presidency for handed down by the International Court of Justice, a the month of January. We express our appreciation for provisional measure requiring the parties to “refrain the presence of Minister for Foreign Af || ally reminded that, more often than not, it is through peaceful means. Obviously, the failure to the lack of accountability that breeds more violations. adopt a unanimously agreed outcome following that As the principal judicial organ of the United Nations, Council meeting has prompted the serial violator of all the International Court of Justice has a central role in norms of humanity and international law to brand it a promoting justice and accountability and upholding “diplomatic success for Azerbaijan” and a “New Year’s faith in the rule of law among nations. gift from the President of Azerbaijan to his people”, Strengthening adherence to the norms and principles according to its official sources. Is that not an affront to of international law requires concerted efforts to ensure the collective conscience of this organ responsible for that grave violations do not go unpunished. Armenia is the maintenance of international peace and security? committed to efforts to effectively address and com || l Committee of the General Assembly. the leadership of Azerbaijan and their enablers may Time and again, Armenia has alerted the diligently fabricate, the fact of the matter is that international community to instances of gross violations there is only one side characterized by pervasive hate of international law in our part of the world. We have speech, with public figures and Government officials repeatedly brought to the attention of the Council that frequently inciting ethnic hatred against Armenians, Azerbaijan has been engaging in the illegal practice as is reflected in the latest conclusions of the United of the acquisition of territories by force, having duly Nations Committee on the Elimination of Racial reported such acts of aggression under Article 51 of the Discrimination. Only one side has been recorded as Charter of the United Nations. We have consistently having rewarded a hate criminal and opened an ethnic alerted the members of the Council that, emboldened hatred park with rac || ular the link between the rule of law, human Azerbaijan’s sovereign territory under occupation for rights and development. nearly 30 years. Finally, Morocco remains convinced that, in The consequences of the aggression are both their individual and collective action aimed at shocking — tens of thousands of people were killed; all addressing the multiple challenges to international occupied territories were ethnically cleansed of more peace and security, Member States must be guided than 700,000 Azerbaijanis; hundreds of cities, towns 23-0135651/54 S/PV.9241 (Resumption 1) Promotion and strengthening of the rule of law 12/01/2023 and villages in my country were razed to the ground the agreed commitments have not been faithful and tremendous losses were inflicted on Azerbaijan’s or straightforward. cultural and religious heritage and its environment. We resolutely reject as false and misleading the The condemnation and binding demands contained statements made by the representative of Armenia at i",MACHINE_EXTRACTED_CONTEXT_NOT_HUMAN_CODING_EVIDENCE_OR_PIN_CITE
ICJ-180-2022-10-12||SC_MEETING::SCM|S/PV.9285,S/PV.9285,0,0,NO_CASE_OR_ICJ_NEXUS,0,0,0,,,,MACHINE_EXTRACTED_CONTEXT_NOT_HUMAN_CODING_EVIDENCE_OR_PIN_CITE
ICJ-180-2023-02-22||SC_MEETING::SCM|S/PV.9285,S/PV.9285,0,0,NO_CASE_OR_ICJ_NEXUS,0,0,0,,,,MACHINE_EXTRACTED_CONTEXT_NOT_HUMAN_CODING_EVIDENCE_OR_PIN_CITE
ICJ-180-2023-02-22||SC_MEETING::SCM|S/PV.9308,S/PV.9308,2,2,SAME_CASE_OR_DISPUTE_NO_PROVEN_COLLECTIVE_FOLLOW_THROUGH,1,0,0,armenia|azerbaijan,armenia|azerbaijan,"tative of the Russian Federation conflict and have called on them to de-escalate tensions to the United Nations addressed to the and to return to the negotiating table. We will continue Secretary-General (S/2023/244) our efforts with our partners to secure a permanent halt The President (spoke in Russian): In accordance to the fighting as soon as possible. with rule 37 of the Council’s provisional rules of Working with humanitarian organizations on the procedure, I invite the representatives of Armenia, ground, we are reconfiguring our presence in the Sudan Australia, Azerbaijan, Bahrain, Bangladesh, Belarus, to enable us to continue supporting the Sudanese people. Canada, Cuba, Egypt, Ethiopia, India, Indonesia, the Let me be clear: the United Nations is not leaving the Islamic Republic of Iran, Kuwait, the Lao People’s Sudan. Our commitment is to the Sudanese people, in Democratic Republic, Lebanon, Malaysia, Mexico, support of their wishes for a peaceful and secure future. Morocco, Nepal,  || alate tensions to the United Nations addressed to the and to return to the negotiating table. We will continue Secretary-General (S/2023/244) our efforts with our partners to secure a permanent halt The President (spoke in Russian): In accordance to the fighting as soon as possible. with rule 37 of the Council’s provisional rules of Working with humanitarian organizations on the procedure, I invite the representatives of Armenia, ground, we are reconfiguring our presence in the Sudan Australia, Azerbaijan, Bahrain, Bangladesh, Belarus, to enable us to continue supporting the Sudanese people. Canada, Cuba, Egypt, Ethiopia, India, Indonesia, the Let me be clear: the United Nations is not leaving the Islamic Republic of Iran, Kuwait, the Lao People’s Sudan. Our commitment is to the Sudanese people, in Democratic Republic, Lebanon, Malaysia, Mexico, support of their wishes for a peaceful and secure future. Morocco, Nepal, Pakistan, the Philippines, the Republic We stand with them at this terrible ti || ainian discussions on the New Agenda for Peace. I hope that the territory. If Russia truly wants to defend multilateralism, ambitious recommendations by the High-level Advisory it must commit in good faith to the quest for peace. If Board on Effective Multilateralism will promote Russia truly wants to defend multilateralism, it must lively discussions among Member States. The future respect the decisions of international courts, including of the United Nations and of multilateralism depends the International Court of Justice, which has been clear on us — the Member States. Let us seize it together. on the issue since 16 March 2022. 23-1147621/33 S/PV.9308 Maintenance of international peace and security 24/04/2023 Considering the scale of the challenges of our Ms. Gatt (Malta): I too thank the Secretary-General century, whether on the security, health, environmental for sharing his thoughts and insights with us today. or technological fronts, only collective responses can Over the years, multilateral institutions, ",MACHINE_EXTRACTED_CONTEXT_NOT_HUMAN_CODING_EVIDENCE_OR_PIN_CITE
ICJ-180-2023-02-22||SC_MEETING::SCM|S/PV.9308 (Resumption 1),S/PV.9308 (RESUMPTION 1),2,3,STRICT_CANDIDATE_3_COLLECTIVE_ACTION_AND_ORDER_NEXUS,1,1,0,armenia|armenian|azerbaijan|azerbaijani,armenia|azerbaijan|lachin corridor|nagorno-karabakh,"lidarity for the sake of international peace and Viet Nam. security through the rule of law and multilateralism. In Mr. Dang (Viet Nam): At the outset, allow that regard, we support the role of the Security Council me to thank Russian Federation for convening this in ensuring respect for the Charter and the rule of law, open debate. as reaffirmed in the Council’s presidential statement of January 2020 (S/PRST/2020/1). Viet Nam aligns itself with the statement to be made by the representative of Azerbaijan on behalf of Strengthening collaboration and forging deeper partnerships between the United Nations and regional the Movement of Non-Aligned Countries. organizations would also foster solutions to global and Viet Nam strongly advocates and consistently regional challenges. I that regard, the Association of underlines the importance of multilateralism, upholding Southeast Asian Nations, through its mechanisms and the Charter of the United Nations and the role of the constructive engagement with  || o reach our to the inequitable representation of States, especially collective goals through multilateralism. No nation or African countries, in the organs of the United Nations. a small group of nations can effectively address global Evidently, that inequity is posing greater difficulties for challenges on their own. the Organization. 23-116273/29 S/PV.9308 (Resumption 1) Maintenance of international peace and security 24/04/2023 Overcoming those difficulties requires us to act Mr. Margaryan (Armenia): We thank the Russian with a great sense of urgency. We must translate into presidency of the Security Council for the opportunity action all the declarations we have made in support of to take part in this debate and to reflect on the meaning peace. We must ensure full respect for the Charter of and message of effective multilateralism and the the United Nations and live up to our commitments importance of defending the principles of the Charter towards the implementation of the SDGs, climate || tilateralism and the the United Nations and live up to our commitments importance of defending the principles of the Charter towards the implementation of the SDGs, climate action, of the United Nations. We thank also the Secretary- disarmament and all other agreed undertakings. It is General for his valuable briefing earlier today. absolutely essential for Member States to ensure that Today’s date, 24 April, carries a special meaning the United Nations commands political and functional for the Armenian people, as it marks the date of the independence and neutrality, as well as a practical commemoration of 1.5 million innocent lives lost as a capability to manage global affairs in accordance with result of a systematic campaign of violence against the the Charter and earn the trust of the people of the world. Armenians in the Ottoman Empire. One of the darkest States continue, and rightfully so, to be at the centre pages in history of the early twentieth century, the of the United Nations-led  || national peace and security S/PV.9308 (Resumption 1) acts of aggression; and to the development of friendly checkpoint had been installed, in flagrant violation of relations among nations based on the principle of equal the commitments under the trilateral statement and the rights and self-determination of peoples, as prescribed order of the ICJ. in the Charter. We have been warning the United Nations and the Time and again Armenia has consistently alerted Council that the alarming situation in Nagorno-Karabakh the international community about instances of gross is close to turning into a humanitarian catastrophe. Two violations of international law in our part of the and a half years after the establishment of the ceasefire, world. We have repeatedly brought to the attention the United Nations and its humanitarian agencies are of the Council the fact that Azerbaijan — Armenia’s yet to render much-needed assistance to the people of neighbour, which is many times larger in terms of size Nagorno-Karaba ||  as justice and accountability Since 12 December 2022, the 120,000 people in must be at the core of effective multilateralism. Nagorno-Karabakh have been held hostage in the The President (spoke in Russian): I now give the blockade imposed by Azerbaijan, disrupting the only floor to the representative of India. lifeline connecting Nagorno-Karabakh to Armenia and the outer world. Mrs. Kamboj (India): We thank the Russian Federation for having organized this timely open debate On 22 February, the International Court of Justice on a topic of growing relevance. I also thank the briefers (ICJ) issued a provisional measure according to which for their insights. Azerbaijan shall There are two key aspects to the title of today’s “take all measures at its disposal to ensure debate: promoting effective multilateralism and doing unimpeded movement of persons, vehicles and so, as the President terms it, through the defence of the cargo along the Lachin Corridor in both directions”. principles of the Charter of the United Natio || ganized this timely open debate On 22 February, the International Court of Justice on a topic of growing relevance. I also thank the briefers (ICJ) issued a provisional measure according to which for their insights. Azerbaijan shall There are two key aspects to the title of today’s “take all measures at its disposal to ensure debate: promoting effective multilateralism and doing unimpeded movement of persons, vehicles and so, as the President terms it, through the defence of the cargo along the Lachin Corridor in both directions”. principles of the Charter of the United Nations. To date, it has failed to implement the Court’s Even as we debate this issue and would like effective legally binding order, engaging instead in manipulative multilateralism to prevail, we are collectively aware of the interpretations, distortions and fabrications, which, as inadequacies of the multilateral system, which has failed we have seen, have little value in a court of law. to respond to contemporary challenges, wheth || demic or the ongoing conflict in Notwithstanding the presence of the peacekeeping Ukraine. Moreover, significant global challenges such contingent of the Russian Federation on the ground, as terrorism, radicalism, climate justice and climate as per the 9 November 2020 trilateral statement, not action, disruptive non-State actors, debt and several only has the corridor remained disrupted for more than geopolitical contestations continue to undermine global four months now, but as of yesterday an Azerbaijani peace and security. 23-116275/29 S/PV.9308 (Resumption 1) Maintenance of international peace and security 24/04/2023 Given that context, today’s debate should address This past September, the General Assembly heard a three pressing questions. similar call for reform from more than 70 global leaders. As my Minister for External Affairs said during the First, can we practice multilateralism effectively in Council’s open debate held on 14 December 2022, the twenty-first century through a body tha",MACHINE_EXTRACTED_CONTEXT_NOT_HUMAN_CODING_EVIDENCE_OR_PIN_CITE
ICJ-180-2023-02-22||SC_FORMAL_VOTE::SCV|2038,S/PV.9347,0,0,NO_CASE_OR_ICJ_NEXUS,0,0,0,,,,MACHINE_EXTRACTED_CONTEXT_NOT_HUMAN_CODING_EVIDENCE_OR_PIN_CITE
ICJ-180-2023-02-22||SC_MEETING::SCM|S/PV.9346,S/PV.9346,0,0,NO_CASE_OR_ICJ_NEXUS,0,0,0,,,,MACHINE_EXTRACTED_CONTEXT_NOT_HUMAN_CODING_EVIDENCE_OR_PIN_CITE
ICJ-180-2023-02-22||SC_MEETING::SCM|S/PV.9347,S/PV.9347,0,0,NO_CASE_OR_ICJ_NEXUS,0,0,0,,,,MACHINE_EXTRACTED_CONTEXT_NOT_HUMAN_CODING_EVIDENCE_OR_PIN_CITE
ICJ-180-2023-02-22||SC_MEETING::SCM|S/PV.9381,S/PV.9381,0,0,NO_CASE_OR_ICJ_NEXUS,0,0,0,,,,MACHINE_EXTRACTED_CONTEXT_NOT_HUMAN_CODING_EVIDENCE_OR_PIN_CITE
ICJ-180-2023-02-22||SC_MEETING::SCM|S/PV.9392,S/PV.9392,2,2,SAME_CASE_OR_DISPUTE_NO_PROVEN_COLLECTIVE_FOLLOW_THROUGH,1,0,0,armenia|azerbaijan|azerbaijani,armenia|azerbaijan|lachin corridor|nagorno-karabakh,"her high-level representatives. Their The Council has before it the text of a statement by presence today underscores the importance of the the President on behalf of the Council on the subject of subject matter under discussion. today’s meeting. I thank the Council members for their In accordance with rule 37 of the Council’s valuable contributions to this statement. provisional rules of procedure, I invite the representatives In accordance with the understanding reached of Algeria, Argentina, Armenia, Australia, Azerbaijan, among the members of the Council, I shall take it that the Bangladesh, Belarus, the Plurinational State of Bolivia, members of the Security Council agree to the statement, Burkina Faso, Cambodia, Chile, Cuba, Denmark, Egypt, which will be issued as a document of the Security Estonia, Ethiopia, Germany, Guatemala, Guyana, Haiti, Council under the symbol S/PRST/2023/4. India, Indonesia, Ireland, Israel, Italy, Jordan, Kenya, Latvia, Lebanon, Liberia, Liechtenstein, Mexico, || sentatives. Their The Council has before it the text of a statement by presence today underscores the importance of the the President on behalf of the Council on the subject of subject matter under discussion. today’s meeting. I thank the Council members for their In accordance with rule 37 of the Council’s valuable contributions to this statement. provisional rules of procedure, I invite the representatives In accordance with the understanding reached of Algeria, Argentina, Armenia, Australia, Azerbaijan, among the members of the Council, I shall take it that the Bangladesh, Belarus, the Plurinational State of Bolivia, members of the Security Council agree to the statement, Burkina Faso, Cambodia, Chile, Cuba, Denmark, Egypt, which will be issued as a document of the Security Estonia, Ethiopia, Germany, Guatemala, Guyana, Haiti, Council under the symbol S/PRST/2023/4. India, Indonesia, Ireland, Israel, Italy, Jordan, Kenya, Latvia, Lebanon, Liberia, Liechtenstein, Mexico, I now give the floor t || arantee the dignity. That can be done by saying no, strongly and rapid, safe and unimpeded delivery of humanitarian aid resolutely, to wars and conflicts and their devastating to all in need. We deplore the fact that humanitarian consequences. It requires vision, leadership, political actors such as the International Committee of the Red will and decisive action. Cross are not always able to carry out their operations, Mr. Hauri (Switzerland) (spoke in French): I as is currently the case in the Lachin corridor in would first like to congratulate the United Kingdom on the South Caucasus. We also recall the importance its presidency of the Council in July and to wish you, of implementing resolution 2664 (2022), which Mr. President, and your team every success in our work facilitates humanitarian operations in some of the most this month. You can count on Switzerland’s support. difficult environments. I would also like to thank you for organizing today’s Secondly, in many fragile contexts, it is often t || der to reduce Ukraine’s revenue, reduction capabilities. China has cooperated in the but also to ensure its position as a dominant player in 20/32 23-23018 03/08/2023 Maintenance of international peace and security S/PV.9392 the markets and serve its own economic interests and France would also like to call today for obstacles those of its agricultural industry. The increase in grain to the flow humanitarian and food aid to the population prices that Russia intends to cause would be for its of Nagorno-Karabakh, through the Lachin corridor, as own benefit and to the detriment of all other countries. well as obstacles to freedom of movement, to be lifted Following its inexcusable act of blackmail against the in accordance with the order of the International Court renewal of the Black Sea Grain Initiative, in a further of Justice of 22 February. demonstration of its cynicism, Russia is exploiting the At a time when humanitarian space is shrinking, global food crisis. Russia must immediately stop using F || r more essential goods, mainly food and medical supplies, to than seven months, Azerbaijan has continued to block Nagorno-Karabakh. We appealed to the peacekeeping the Lachin corridor, a humanitarian lifeline connecting forces of the Russian Federation to organize the Nagorno-Karabakh with the outside world. That illegal delivery of the humanitarian assistance to those in need, and inhumane action is in blatant violation of the order which had been the established practice throughout the of the International Court of Justice of 22 February and past months. However, so far the humanitarian cargo reaffirmed by a 6 July order, norms of international still remains at the entrance to the Lachin corridor humanitarian law and the trilateral statement of due to the Azerbaijani side’s obstruction and denial of 9 November 2020. its transfer. 26/32 23-23018 03/08/2023 Maintenance of international peace and security S/PV.9392 The dire humanitarian situation on the ground and the increasingly wealthy North and the increasingly ||  Nagorno-Karabakh with the outside world. That illegal delivery of the humanitarian assistance to those in need, and inhumane action is in blatant violation of the order which had been the established practice throughout the of the International Court of Justice of 22 February and past months. However, so far the humanitarian cargo reaffirmed by a 6 July order, norms of international still remains at the entrance to the Lachin corridor humanitarian law and the trilateral statement of due to the Azerbaijani side’s obstruction and denial of 9 November 2020. its transfer. 26/32 23-23018 03/08/2023 Maintenance of international peace and security S/PV.9392 The dire humanitarian situation on the ground and the increasingly wealthy North and the increasingly the risks of evolving hunger in Nagorno-Karabakh poor and marginalized South. Big business is leading require an efficient and timely response on the part the spread of protectionist policies and speculative of the international community to ensure",MACHINE_EXTRACTED_CONTEXT_NOT_HUMAN_CODING_EVIDENCE_OR_PIN_CITE
ICJ-180-2023-02-22||SC_MEETING::SCM|S/PV.9392 (Resumption 1),S/PV.9392 (RESUMPTION 1),2,3,STRICT_CANDIDATE_3_COLLECTIVE_ACTION_AND_ORDER_NEXUS,1,1,0,armenia|armenian|azerbaijan|azerbaijani,armenia|azerbaijan,"as stipulated in the Charter of the United humanitarian efforts to respond to the call for relief Nations, in order to overcome growing international throughout the world. challenges, bring about a more inclusive and just world, and promote prosperity and well-being for all peoples. Addressing the drivers and root causes of conflict has become urgent and imperative. If we fail to do The President: I now give the floor to the so, we will be unable to ensure food security around representative of Azerbaijan. the world, particularly as the nature of conflicts has Mr. Aliyev (Azerbaijan): I would like to start by changed and become unpredictable in terms of the thanking the United States presidency for convening forms they may take. That has been concurrent with today’s important meeting on a topic to which my increased levels of famine and food insecurity in many country attaches particular importance. regions. The international community should therefore make concerted efforts not only to provide  || pread, as grazing areas and fishing grounds or by the destruction development and food security can never be achieved of agricultural assets and disruption to food systems. without peace. Azerbaijan experienced first-hand conflict-driven We also recall that, in addition to conflicts and threats to its food security during nearly 30 years wars, climate change exacerbates the food security of occupation of some 20 per cent of its territory crisis. Therefore, the Kingdom stresses the importance by Armenia. The aggression caused long-term and of international efforts to strengthen climate action severe damage to food production capacity, with and the resilience of Member States, in particular widespread land degradation, pillaged and destroyed developing countries. The Kingdom of Saudi Arabia water infrastructure and polluted water resources. has taken important steps to enhance food security. In particular, the mismanagement by Armenia of the We have developed strategies aimed at promoting food  || ies. The Kingdom of Saudi Arabia water infrastructure and polluted water resources. has taken important steps to enhance food security. In particular, the mismanagement by Armenia of the We have developed strategies aimed at promoting food Sarsang water reservoir, the centrepiece of the water growth and addressing the challenges of climate change supply network in the Karabakh region of Azerbaijan, and the scarcity of water resources. Such efforts have provoked a humanitarian crisis, as 400,000 Azerbaijanis contributed to improving food security indicators in living in the downstream regions were deprived of the Kingdom. water for both domestic and agricultural purposes. In conclusion, my country attaches great It also caused severe environmental impacts, such as importance to development issues and humanitarian soil erosion, dehydration and desertification. Those efforts that help to support the countries most in need, negative impacts remain ongoing to date, along with promote their sustainabil || ices Khankendi route as an important part of ensuring that in affected countries, which has serious and lasting the needs of the Karabakh residents are met. The issue social and economic consequences, including was also discussed between the foreign ministers of regarding food security, for the populations of Azerbaijan and Armenia in Moscow at the end of July. such countries”. However, the road is currently closed, with Therefore, Armenia must provide, without any delay, concrete blocks by the Armenian side not allowing precise and complete information on the minefields. cargo and vehicles, including those belonging to the With regard to the allegations made by the ICRC, to pass. Such an arbitrary denial of humanitarian representative of Armenia earlier today, Azerbaijan assistance reveals Armenia’s sinister intention to create condemns Armenia’s consistent efforts to abuse the a false narrative of a so-called “humanitarian crisis” in issue of humanitarian assistance for its malign purposes.  || n. The establishment of the Lachin border checkpoint is an undeniable sovereign right of Azerbaijan — the same Instead, Armenia has to abide by its international as the right of any other State to secure and protect obligations, completely withdraw its armed forces its borders and guarantee the security of persons, from the territory of Azerbaijan, cease and desist from vehicles and cargo movement along the road. In fact, on territorial claims, illegal activities and disinformation, 6 July, the International Court of Justice unanimously put an end to mine terrorism, shed light on the fate rejected Armenia’s request for provisional measures of some 4,000 Azerbaijanis who went missing during with respect to the checkpoint, essentially ruling that the conflict, redress the harm caused to Azerbaijan, Armenia’s claims are groundless. including to its food security systems, and engage faithfully in negotiations on a peace treaty and the Since the checkpoint began operations, civilian delimitation of borders between the t",MACHINE_EXTRACTED_CONTEXT_NOT_HUMAN_CODING_EVIDENCE_OR_PIN_CITE
ICJ-180-2023-02-22||SC_MEETING::SCM|S/PV.9397,S/PV.9397,2,2,SAME_CASE_OR_DISPUTE_NO_PROVEN_COLLECTIVE_FOLLOW_THROUGH,1,1,0,armenia|armenian|azerbaijan|azerbaijani,armenia|azerbaijan|lachin corridor|nagorno-karabakh,". . . . . . . . . . . . . . . . . . . . . . . . . . . . . . . . Mr. Afonso Russian Federation. . . . . . . . . . . . . . . . . . . . . . . . . . . . . . . Mr. Polyanskiy Switzerland . . . . . . . . . . . . . . . . . . . . . . . . . . . . . . . . . . . . Mr. Hauri United Arab Emirates . . . . . . . . . . . . . . . . . . . . . . . . . . . . Mrs. Alhefeiti United Kingdom of Great Britain and Northern Ireland . . Mr. Kariuki Agenda Letter dated 13 September 2022 from the Permanent Representative of Armenia to the United Nations addressed to the President of the Security Council (S/2022/688) This record contains the text of speeches delivered in English and of the translation of speeches delivered in other languages. The final text will be printed in the Official Records of the Security Council. Corrections should be submitted to the original languages only. They should be incorporated in a copy of the record and sent under the signature of a member of the delegation concerned to the Chief of the  ||  Federation. . . . . . . . . . . . . . . . . . . . . . . . . . . . . . . Mr. Polyanskiy Switzerland . . . . . . . . . . . . . . . . . . . . . . . . . . . . . . . . . . . . Mr. Hauri United Arab Emirates . . . . . . . . . . . . . . . . . . . . . . . . . . . . Mrs. Alhefeiti United Kingdom of Great Britain and Northern Ireland . . Mr. Kariuki Agenda Letter dated 13 September 2022 from the Permanent Representative of Armenia to the United Nations addressed to the President of the Security Council (S/2022/688) This record contains the text of speeches delivered in English and of the translation of speeches delivered in other languages. The final text will be printed in the Official Records of the Security Council. Corrections should be submitted to the original languages only. They should be incorporated in a copy of the record and sent under the signature of a member of the delegation concerned to the Chief of the Verbatim Reporting Service, room AB-0601 (verbatimrecords@un.org). Corrected records  || ing was called to order at 3 p.m. The Office for the Coordination of Humanitarian Affairs is in regular contact with the International Adoption of the agenda Committee of the Red Cross (ICRC), which remains the The agenda was adopted. only international humanitarian body that has access to the area. As the ICRC reported in a statement on 25 July, Letter dated 13 September 2022 from the it has been unable to transport humanitarian assistance Permanent Representative of Armenia to the through the Lachin corridor to the civilian population in United Nations addressed to the President of the the area, or by any other route, including Aghdam, for Security Council (S/2022/688) several weeks. Although medical evacuations continue, the ICRC has not been able to bring medical items into The President: In accordance with rule 37 of the the area since 7 July, and its food deliveries stopped on Council’s provisional rules of procedure, I invite the 14 June. The ICRC has highlighted worrying shortages representat || population in United Nations addressed to the President of the the area, or by any other route, including Aghdam, for Security Council (S/2022/688) several weeks. Although medical evacuations continue, the ICRC has not been able to bring medical items into The President: In accordance with rule 37 of the the area since 7 July, and its food deliveries stopped on Council’s provisional rules of procedure, I invite the 14 June. The ICRC has highlighted worrying shortages representatives of Armenia, Azerbaijan and Türkiye to of essential food items and life-saving medical supplies. participate in this meeting. The international humanitarian law is very clear. On behalf of the Council, I welcome His Excellency Mr. Ararat Mirzoyan, Minister for Foreign Affairs of The parties to conflicts must allow and facilitate Armenia, to today’s meeting. the rapid and unimpeded passage of humanitarian relief for all civilians in need. They must ensure that In accordance with rule 39 of the Council’s humanitarian re ||  lives. We believe it the basis of the framework set out in the tripartite is essential to stop the cycle of violence, and that means agreement of 10 November 2021, as well as subsequent abandoning the aggressive rhetoric adopted by some of joint declarations, in order to reach agreement on those involved and strengthening confidence-building crucial outstanding issues, in particular the signing measures. Brazil, which has a vibrant community of of a peace treaty and the demarcation of borders. Armenian descent, encourages the preservation of Whatever happens, there is clearly an urgent need to dialogue channels between the parties and underscores reduce tensions along the border and pave the way for its support for the terms of the ceasefire agreement. successful results from the forthcoming negotiations in The trilateral declaration of 9 November 2020 offers Brussels. That will require the parties to demonstrate a road map for peacebuilding. It will be essential for 23-242093/19 S/PV.9397 L || ons Office for the Coordination of Humanitarian Court of Justice. Affairs for her briefing. I also welcome the presence among us today of the Minister for Foreign Affairs of Given the seriousness of the situation, France Armenia. I want to stress three points. commends the action of the ICRC on the ground. We will step up our support for its activities, and First, the restrictions and total blockade of traffic on we call for immediate, free and unhindered access the corridor linking Armenia and Nagorno-Karabakh, for humanitarian organizations and United Nations which have now lasted for more than eight months, are agencies to the populations concerned and for a causing a humanitarian crisis. Azerbaijan’s blockade of reopening of the Lachin corridor. France also remains the Lachin corridor continues to isolate the population fully committed to promoting a lasting and just peace of Nagorno-Karabakh from the rest of the world without in the region. We therefore call for a resumption of any legitimate jus || he free movement of goods, for the Coordination of Humanitarian Affairs, for persons and merchandise along the Lachin corridor in her briefing. both directions, and for an uninterrupted supply of gas We have taken note of the letters from Armenia and electricity to the population. and Azerbaijan distributed to the Security Council. The After our last open meeting (see S/PV.9228), arguments of the two sides offer different explanations. However, safeguarding local livelihoods must be the top the International Court of Justice issued an order on priority. The lives of the most vulnerable — including 22 February 2023 indicating provisional measures that those who are sick and chronically ill, infirm or elderly are binding and require Azerbaijan, in accordance with and women and children — must not be threatened. its obligations under the International Convention on the Elimination of All Forms of Racial Discrimination, We would like to emphasize the Secretary-General’s to take all possible measures available to it to  || ers addressed by both parties to Since the last Security Council meeting on this the Security Council. While each side develops its own issue in December of last year (see S/PV.9228), narrative on the situation, one aspect is more striking there have been new developments, some of them than any other — a profound lack of trust between the positive and very encouraging. We welcome and parties on the best ways to deal with the situation of applaud the intensification of the Armenia-Azerbaijan the Azerbaijani citizens of Armenian descent living in normalization process. Following the negotiations on the country, and the urgent need for the parties to get a peace treaty held in the United States in early May, together and work seriously to resolve all related issues. leaders of both countries have had meetings in Brussels We reiterate our principled position that and other European capitals. The leaders of Armenia humanitarian needs must not be politicized or used to and Azerbaijan have publicly reaf",MACHINE_EXTRACTED_CONTEXT_NOT_HUMAN_CODING_EVIDENCE_OR_PIN_CITE
ICJ-180-2023-07-06||SC_MEETING::SCM|S/PV.9381,S/PV.9381,0,0,NO_CASE_OR_ICJ_NEXUS,0,0,0,,,,MACHINE_EXTRACTED_CONTEXT_NOT_HUMAN_CODING_EVIDENCE_OR_PIN_CITE
ICJ-180-2023-07-06||SC_MEETING::SCM|S/PV.9392,S/PV.9392,2,2,SAME_CASE_OR_DISPUTE_NO_PROVEN_COLLECTIVE_FOLLOW_THROUGH,1,0,0,armenia|azerbaijan|azerbaijani,armenia|azerbaijan|lachin corridor|nagorno-karabakh,"her high-level representatives. Their The Council has before it the text of a statement by presence today underscores the importance of the the President on behalf of the Council on the subject of subject matter under discussion. today’s meeting. I thank the Council members for their In accordance with rule 37 of the Council’s valuable contributions to this statement. provisional rules of procedure, I invite the representatives In accordance with the understanding reached of Algeria, Argentina, Armenia, Australia, Azerbaijan, among the members of the Council, I shall take it that the Bangladesh, Belarus, the Plurinational State of Bolivia, members of the Security Council agree to the statement, Burkina Faso, Cambodia, Chile, Cuba, Denmark, Egypt, which will be issued as a document of the Security Estonia, Ethiopia, Germany, Guatemala, Guyana, Haiti, Council under the symbol S/PRST/2023/4. India, Indonesia, Ireland, Israel, Italy, Jordan, Kenya, Latvia, Lebanon, Liberia, Liechtenstein, Mexico, || sentatives. Their The Council has before it the text of a statement by presence today underscores the importance of the the President on behalf of the Council on the subject of subject matter under discussion. today’s meeting. I thank the Council members for their In accordance with rule 37 of the Council’s valuable contributions to this statement. provisional rules of procedure, I invite the representatives In accordance with the understanding reached of Algeria, Argentina, Armenia, Australia, Azerbaijan, among the members of the Council, I shall take it that the Bangladesh, Belarus, the Plurinational State of Bolivia, members of the Security Council agree to the statement, Burkina Faso, Cambodia, Chile, Cuba, Denmark, Egypt, which will be issued as a document of the Security Estonia, Ethiopia, Germany, Guatemala, Guyana, Haiti, Council under the symbol S/PRST/2023/4. India, Indonesia, Ireland, Israel, Italy, Jordan, Kenya, Latvia, Lebanon, Liberia, Liechtenstein, Mexico, I now give the floor t || arantee the dignity. That can be done by saying no, strongly and rapid, safe and unimpeded delivery of humanitarian aid resolutely, to wars and conflicts and their devastating to all in need. We deplore the fact that humanitarian consequences. It requires vision, leadership, political actors such as the International Committee of the Red will and decisive action. Cross are not always able to carry out their operations, Mr. Hauri (Switzerland) (spoke in French): I as is currently the case in the Lachin corridor in would first like to congratulate the United Kingdom on the South Caucasus. We also recall the importance its presidency of the Council in July and to wish you, of implementing resolution 2664 (2022), which Mr. President, and your team every success in our work facilitates humanitarian operations in some of the most this month. You can count on Switzerland’s support. difficult environments. I would also like to thank you for organizing today’s Secondly, in many fragile contexts, it is often t || der to reduce Ukraine’s revenue, reduction capabilities. China has cooperated in the but also to ensure its position as a dominant player in 20/32 23-23018 03/08/2023 Maintenance of international peace and security S/PV.9392 the markets and serve its own economic interests and France would also like to call today for obstacles those of its agricultural industry. The increase in grain to the flow humanitarian and food aid to the population prices that Russia intends to cause would be for its of Nagorno-Karabakh, through the Lachin corridor, as own benefit and to the detriment of all other countries. well as obstacles to freedom of movement, to be lifted Following its inexcusable act of blackmail against the in accordance with the order of the International Court renewal of the Black Sea Grain Initiative, in a further of Justice of 22 February. demonstration of its cynicism, Russia is exploiting the At a time when humanitarian space is shrinking, global food crisis. Russia must immediately stop using F || r more essential goods, mainly food and medical supplies, to than seven months, Azerbaijan has continued to block Nagorno-Karabakh. We appealed to the peacekeeping the Lachin corridor, a humanitarian lifeline connecting forces of the Russian Federation to organize the Nagorno-Karabakh with the outside world. That illegal delivery of the humanitarian assistance to those in need, and inhumane action is in blatant violation of the order which had been the established practice throughout the of the International Court of Justice of 22 February and past months. However, so far the humanitarian cargo reaffirmed by a 6 July order, norms of international still remains at the entrance to the Lachin corridor humanitarian law and the trilateral statement of due to the Azerbaijani side’s obstruction and denial of 9 November 2020. its transfer. 26/32 23-23018 03/08/2023 Maintenance of international peace and security S/PV.9392 The dire humanitarian situation on the ground and the increasingly wealthy North and the increasingly ||  Nagorno-Karabakh with the outside world. That illegal delivery of the humanitarian assistance to those in need, and inhumane action is in blatant violation of the order which had been the established practice throughout the of the International Court of Justice of 22 February and past months. However, so far the humanitarian cargo reaffirmed by a 6 July order, norms of international still remains at the entrance to the Lachin corridor humanitarian law and the trilateral statement of due to the Azerbaijani side’s obstruction and denial of 9 November 2020. its transfer. 26/32 23-23018 03/08/2023 Maintenance of international peace and security S/PV.9392 The dire humanitarian situation on the ground and the increasingly wealthy North and the increasingly the risks of evolving hunger in Nagorno-Karabakh poor and marginalized South. Big business is leading require an efficient and timely response on the part the spread of protectionist policies and speculative of the international community to ensure",MACHINE_EXTRACTED_CONTEXT_NOT_HUMAN_CODING_EVIDENCE_OR_PIN_CITE
ICJ-180-2023-07-06||SC_MEETING::SCM|S/PV.9392 (Resumption 1),S/PV.9392 (RESUMPTION 1),2,3,STRICT_CANDIDATE_3_COLLECTIVE_ACTION_AND_ORDER_NEXUS,1,1,0,armenia|armenian|azerbaijan|azerbaijani,armenia|azerbaijan,"as stipulated in the Charter of the United humanitarian efforts to respond to the call for relief Nations, in order to overcome growing international throughout the world. challenges, bring about a more inclusive and just world, and promote prosperity and well-being for all peoples. Addressing the drivers and root causes of conflict has become urgent and imperative. If we fail to do The President: I now give the floor to the so, we will be unable to ensure food security around representative of Azerbaijan. the world, particularly as the nature of conflicts has Mr. Aliyev (Azerbaijan): I would like to start by changed and become unpredictable in terms of the thanking the United States presidency for convening forms they may take. That has been concurrent with today’s important meeting on a topic to which my increased levels of famine and food insecurity in many country attaches particular importance. regions. The international community should therefore make concerted efforts not only to provide  || pread, as grazing areas and fishing grounds or by the destruction development and food security can never be achieved of agricultural assets and disruption to food systems. without peace. Azerbaijan experienced first-hand conflict-driven We also recall that, in addition to conflicts and threats to its food security during nearly 30 years wars, climate change exacerbates the food security of occupation of some 20 per cent of its territory crisis. Therefore, the Kingdom stresses the importance by Armenia. The aggression caused long-term and of international efforts to strengthen climate action severe damage to food production capacity, with and the resilience of Member States, in particular widespread land degradation, pillaged and destroyed developing countries. The Kingdom of Saudi Arabia water infrastructure and polluted water resources. has taken important steps to enhance food security. In particular, the mismanagement by Armenia of the We have developed strategies aimed at promoting food  || ies. The Kingdom of Saudi Arabia water infrastructure and polluted water resources. has taken important steps to enhance food security. In particular, the mismanagement by Armenia of the We have developed strategies aimed at promoting food Sarsang water reservoir, the centrepiece of the water growth and addressing the challenges of climate change supply network in the Karabakh region of Azerbaijan, and the scarcity of water resources. Such efforts have provoked a humanitarian crisis, as 400,000 Azerbaijanis contributed to improving food security indicators in living in the downstream regions were deprived of the Kingdom. water for both domestic and agricultural purposes. In conclusion, my country attaches great It also caused severe environmental impacts, such as importance to development issues and humanitarian soil erosion, dehydration and desertification. Those efforts that help to support the countries most in need, negative impacts remain ongoing to date, along with promote their sustainabil || ices Khankendi route as an important part of ensuring that in affected countries, which has serious and lasting the needs of the Karabakh residents are met. The issue social and economic consequences, including was also discussed between the foreign ministers of regarding food security, for the populations of Azerbaijan and Armenia in Moscow at the end of July. such countries”. However, the road is currently closed, with Therefore, Armenia must provide, without any delay, concrete blocks by the Armenian side not allowing precise and complete information on the minefields. cargo and vehicles, including those belonging to the With regard to the allegations made by the ICRC, to pass. Such an arbitrary denial of humanitarian representative of Armenia earlier today, Azerbaijan assistance reveals Armenia’s sinister intention to create condemns Armenia’s consistent efforts to abuse the a false narrative of a so-called “humanitarian crisis” in issue of humanitarian assistance for its malign purposes.  || n. The establishment of the Lachin border checkpoint is an undeniable sovereign right of Azerbaijan — the same Instead, Armenia has to abide by its international as the right of any other State to secure and protect obligations, completely withdraw its armed forces its borders and guarantee the security of persons, from the territory of Azerbaijan, cease and desist from vehicles and cargo movement along the road. In fact, on territorial claims, illegal activities and disinformation, 6 July, the International Court of Justice unanimously put an end to mine terrorism, shed light on the fate rejected Armenia’s request for provisional measures of some 4,000 Azerbaijanis who went missing during with respect to the checkpoint, essentially ruling that the conflict, redress the harm caused to Azerbaijan, Armenia’s claims are groundless. including to its food security systems, and engage faithfully in negotiations on a peace treaty and the Since the checkpoint began operations, civilian delimitation of borders between the t",MACHINE_EXTRACTED_CONTEXT_NOT_HUMAN_CODING_EVIDENCE_OR_PIN_CITE
ICJ-180-2023-07-06||SC_MEETING::SCM|S/PV.9397,S/PV.9397,2,2,SAME_CASE_OR_DISPUTE_NO_PROVEN_COLLECTIVE_FOLLOW_THROUGH,1,1,0,armenia|armenian|azerbaijan|azerbaijani,armenia|azerbaijan|lachin corridor|nagorno-karabakh,". . . . . . . . . . . . . . . . . . . . . . . . . . . . . . . . Mr. Afonso Russian Federation. . . . . . . . . . . . . . . . . . . . . . . . . . . . . . . Mr. Polyanskiy Switzerland . . . . . . . . . . . . . . . . . . . . . . . . . . . . . . . . . . . . Mr. Hauri United Arab Emirates . . . . . . . . . . . . . . . . . . . . . . . . . . . . Mrs. Alhefeiti United Kingdom of Great Britain and Northern Ireland . . Mr. Kariuki Agenda Letter dated 13 September 2022 from the Permanent Representative of Armenia to the United Nations addressed to the President of the Security Council (S/2022/688) This record contains the text of speeches delivered in English and of the translation of speeches delivered in other languages. The final text will be printed in the Official Records of the Security Council. Corrections should be submitted to the original languages only. They should be incorporated in a copy of the record and sent under the signature of a member of the delegation concerned to the Chief of the  ||  Federation. . . . . . . . . . . . . . . . . . . . . . . . . . . . . . . Mr. Polyanskiy Switzerland . . . . . . . . . . . . . . . . . . . . . . . . . . . . . . . . . . . . Mr. Hauri United Arab Emirates . . . . . . . . . . . . . . . . . . . . . . . . . . . . Mrs. Alhefeiti United Kingdom of Great Britain and Northern Ireland . . Mr. Kariuki Agenda Letter dated 13 September 2022 from the Permanent Representative of Armenia to the United Nations addressed to the President of the Security Council (S/2022/688) This record contains the text of speeches delivered in English and of the translation of speeches delivered in other languages. The final text will be printed in the Official Records of the Security Council. Corrections should be submitted to the original languages only. They should be incorporated in a copy of the record and sent under the signature of a member of the delegation concerned to the Chief of the Verbatim Reporting Service, room AB-0601 (verbatimrecords@un.org). Corrected records  || ing was called to order at 3 p.m. The Office for the Coordination of Humanitarian Affairs is in regular contact with the International Adoption of the agenda Committee of the Red Cross (ICRC), which remains the The agenda was adopted. only international humanitarian body that has access to the area. As the ICRC reported in a statement on 25 July, Letter dated 13 September 2022 from the it has been unable to transport humanitarian assistance Permanent Representative of Armenia to the through the Lachin corridor to the civilian population in United Nations addressed to the President of the the area, or by any other route, including Aghdam, for Security Council (S/2022/688) several weeks. Although medical evacuations continue, the ICRC has not been able to bring medical items into The President: In accordance with rule 37 of the the area since 7 July, and its food deliveries stopped on Council’s provisional rules of procedure, I invite the 14 June. The ICRC has highlighted worrying shortages representat || population in United Nations addressed to the President of the the area, or by any other route, including Aghdam, for Security Council (S/2022/688) several weeks. Although medical evacuations continue, the ICRC has not been able to bring medical items into The President: In accordance with rule 37 of the the area since 7 July, and its food deliveries stopped on Council’s provisional rules of procedure, I invite the 14 June. The ICRC has highlighted worrying shortages representatives of Armenia, Azerbaijan and Türkiye to of essential food items and life-saving medical supplies. participate in this meeting. The international humanitarian law is very clear. On behalf of the Council, I welcome His Excellency Mr. Ararat Mirzoyan, Minister for Foreign Affairs of The parties to conflicts must allow and facilitate Armenia, to today’s meeting. the rapid and unimpeded passage of humanitarian relief for all civilians in need. They must ensure that In accordance with rule 39 of the Council’s humanitarian re ||  lives. We believe it the basis of the framework set out in the tripartite is essential to stop the cycle of violence, and that means agreement of 10 November 2021, as well as subsequent abandoning the aggressive rhetoric adopted by some of joint declarations, in order to reach agreement on those involved and strengthening confidence-building crucial outstanding issues, in particular the signing measures. Brazil, which has a vibrant community of of a peace treaty and the demarcation of borders. Armenian descent, encourages the preservation of Whatever happens, there is clearly an urgent need to dialogue channels between the parties and underscores reduce tensions along the border and pave the way for its support for the terms of the ceasefire agreement. successful results from the forthcoming negotiations in The trilateral declaration of 9 November 2020 offers Brussels. That will require the parties to demonstrate a road map for peacebuilding. It will be essential for 23-242093/19 S/PV.9397 L || ons Office for the Coordination of Humanitarian Court of Justice. Affairs for her briefing. I also welcome the presence among us today of the Minister for Foreign Affairs of Given the seriousness of the situation, France Armenia. I want to stress three points. commends the action of the ICRC on the ground. We will step up our support for its activities, and First, the restrictions and total blockade of traffic on we call for immediate, free and unhindered access the corridor linking Armenia and Nagorno-Karabakh, for humanitarian organizations and United Nations which have now lasted for more than eight months, are agencies to the populations concerned and for a causing a humanitarian crisis. Azerbaijan’s blockade of reopening of the Lachin corridor. France also remains the Lachin corridor continues to isolate the population fully committed to promoting a lasting and just peace of Nagorno-Karabakh from the rest of the world without in the region. We therefore call for a resumption of any legitimate jus || he free movement of goods, for the Coordination of Humanitarian Affairs, for persons and merchandise along the Lachin corridor in her briefing. both directions, and for an uninterrupted supply of gas We have taken note of the letters from Armenia and electricity to the population. and Azerbaijan distributed to the Security Council. The After our last open meeting (see S/PV.9228), arguments of the two sides offer different explanations. However, safeguarding local livelihoods must be the top the International Court of Justice issued an order on priority. The lives of the most vulnerable — including 22 February 2023 indicating provisional measures that those who are sick and chronically ill, infirm or elderly are binding and require Azerbaijan, in accordance with and women and children — must not be threatened. its obligations under the International Convention on the Elimination of All Forms of Racial Discrimination, We would like to emphasize the Secretary-General’s to take all possible measures available to it to  || ers addressed by both parties to Since the last Security Council meeting on this the Security Council. While each side develops its own issue in December of last year (see S/PV.9228), narrative on the situation, one aspect is more striking there have been new developments, some of them than any other — a profound lack of trust between the positive and very encouraging. We welcome and parties on the best ways to deal with the situation of applaud the intensification of the Armenia-Azerbaijan the Azerbaijani citizens of Armenian descent living in normalization process. Following the negotiations on the country, and the urgent need for the parties to get a peace treaty held in the United States in early May, together and work seriously to resolve all related issues. leaders of both countries have had meetings in Brussels We reiterate our principled position that and other European capitals. The leaders of Armenia humanitarian needs must not be politicized or used to and Azerbaijan have publicly reaf",MACHINE_EXTRACTED_CONTEXT_NOT_HUMAN_CODING_EVIDENCE_OR_PIN_CITE
ICJ-180-2023-07-06||SC_MEETING::SCM|S/PV.9418,S/PV.9418,0,0,NO_CASE_OR_ICJ_NEXUS,0,0,0,,,,MACHINE_EXTRACTED_CONTEXT_NOT_HUMAN_CODING_EVIDENCE_OR_PIN_CITE
ICJ-180-2023-07-06||SC_MEETING::SCM|S/PV.9418 (Resumption 1),S/PV.9418 (RESUMPTION 1),0,0,NO_CASE_OR_ICJ_NEXUS,0,0,0,,,,MACHINE_EXTRACTED_CONTEXT_NOT_HUMAN_CODING_EVIDENCE_OR_PIN_CITE
ICJ-180-2023-07-06||SC_MEETING::SCM|S/PV.9421,S/PV.9421,0,1,GENERAL_OR_PARTIAL_NEXUS_ONLY,1,0,0,,,"recall the experience of the Western give peace a chance. Balkans. We have seen where the path of brutality can lead and its tremendous cost for all, including the This war cannot be allowed to continue another perpetrators. History has confirmed that those who day. The Russian Federation must immediately cease its have seen war as a shortcut to achieve their goals have military operations in accordance with the 16 December ended up regretting it forever. Russia has tried many 2022 order of the International Court of Justice, the times to use — or better, misuse — the changed reality highest court of this Organization. In addition to in the Western Balkans, in particular the birth of the destroying Ukraine and costing the lives of thousands Republic of Kosova, to justify its neo-imperial dreams of people, the protracted war, which was initially denied and the subsequent nightmare that it has exported to as such and was subsequently claimed to be merely a Ukraine. No matter how hard one may try, Kosova, special mili",MACHINE_EXTRACTED_CONTEXT_NOT_HUMAN_CODING_EVIDENCE_OR_PIN_CITE
ICJ-180-2023-07-06||SC_MEETING::SCM|S/PV.9421 (Resumption 1),S/PV.9421 (RESUMPTION 1),2,2,SAME_CASE_OR_DISPUTE_NO_PROVEN_COLLECTIVE_FOLLOW_THROUGH,0,0,0,armenia|azerbaijan,armenia|azerbaijan|nagorno-karabakh," in the recent final declaration the forefront of its reconstruction, which is a project of of the Group of 20 leaders in New Delhi. We must social and spiritual renaissance. Everyone can count on admit that something has not worked. We thought Italy. Italy will always fight for peace and stands ready that international peace and security could be taken to do its part everywhere. Just yesterday, we proposed for granted. The Security Council has been blocked to meet with the Foreign Ministers of Azerbaijan and for decades. The position of the Italian Government is Armenia to discuss the situation in Nagorno-Karabakh. very clear. We need a Security Council that is fairer and more representative and inclusive. For us, “more Council members can count on Italy. Council representative” means that we must give more chances members can count on the Italian Government. to sit on the Council to Africa, Asia, Latin America The President: I now give the floor to the Minister and insular States, without, how || which is a project of of the Group of 20 leaders in New Delhi. We must social and spiritual renaissance. Everyone can count on admit that something has not worked. We thought Italy. Italy will always fight for peace and stands ready that international peace and security could be taken to do its part everywhere. Just yesterday, we proposed for granted. The Security Council has been blocked to meet with the Foreign Ministers of Azerbaijan and for decades. The position of the Italian Government is Armenia to discuss the situation in Nagorno-Karabakh. very clear. We need a Security Council that is fairer and more representative and inclusive. For us, “more Council members can count on Italy. Council representative” means that we must give more chances members can count on the Italian Government. to sit on the Council to Africa, Asia, Latin America The President: I now give the floor to the Minister and insular States, without, however, creating new for Foreign Affairs of the Republic of Korea. hi || f 20 leaders in New Delhi. We must social and spiritual renaissance. Everyone can count on admit that something has not worked. We thought Italy. Italy will always fight for peace and stands ready that international peace and security could be taken to do its part everywhere. Just yesterday, we proposed for granted. The Security Council has been blocked to meet with the Foreign Ministers of Azerbaijan and for decades. The position of the Italian Government is Armenia to discuss the situation in Nagorno-Karabakh. very clear. We need a Security Council that is fairer and more representative and inclusive. For us, “more Council members can count on Italy. Council representative” means that we must give more chances members can count on the Italian Government. to sit on the Council to Africa, Asia, Latin America The President: I now give the floor to the Minister and insular States, without, however, creating new for Foreign Affairs of the Republic of Korea. hierarchies or privileges. Mr. Park (Republic o",MACHINE_EXTRACTED_CONTEXT_NOT_HUMAN_CODING_EVIDENCE_OR_PIN_CITE
ICJ-180-2023-07-06||SC_MEETING::SCM|S/PV.9421 (Resumption 2),S/PV.9421 (RESUMPTION 2),0,0,NO_CASE_OR_ICJ_NEXUS,0,0,0,,,,MACHINE_EXTRACTED_CONTEXT_NOT_HUMAN_CODING_EVIDENCE_OR_PIN_CITE
ICJ-180-2023-07-06||SC_MEETING::SCM|S/PV.9422,S/PV.9422,2,2,SAME_CASE_OR_DISPUTE_NO_PROVEN_COLLECTIVE_FOLLOW_THROUGH,1,1,1,armenia|armenian|azerbaijan|azerbaijani,armenia|azerbaijan|lachin corridor|nagorno-karabakh," . . . . . . . . . . . . . . . . . . . . . . . . . . Mr. Polyanskiy Switzerland . . . . . . . . . . . . . . . . . . . . . . . . . . . . . . . . . . . . Mrs. Baeriswyl United Arab Emirates . . . . . . . . . . . . . . . . . . . . . . . . . . . . Mr. Al Sayegh United Kingdom of Great Britain and Northern Ireland . . Lord Ahmad United States of America. . . . . . . . . . . . . . . . . . . . . . . . . . Mrs. Thomas-Greenfield Agenda Letter dated 13 September 2022 from the Permanent Representative of Armenia to the United Nations addressed to the President of the Security Council (S/2022/688) This record contains the text of speeches delivered in English and of the translation of speeches delivered in other languages. The final text will be printed in the Official Records of the Security Council. Corrections should be submitted to the original languages only. They should be incorporated in a copy of the record and sent under the signature of a member of the delegation concerned to the Chief of the  || . . . . . . . . . . . . . . . . . . . . . . . . . . . . . . . . . . . Mrs. Baeriswyl United Arab Emirates . . . . . . . . . . . . . . . . . . . . . . . . . . . . Mr. Al Sayegh United Kingdom of Great Britain and Northern Ireland . . Lord Ahmad United States of America. . . . . . . . . . . . . . . . . . . . . . . . . . Mrs. Thomas-Greenfield Agenda Letter dated 13 September 2022 from the Permanent Representative of Armenia to the United Nations addressed to the President of the Security Council (S/2022/688) This record contains the text of speeches delivered in English and of the translation of speeches delivered in other languages. The final text will be printed in the Official Records of the Security Council. Corrections should be submitted to the original languages only. They should be incorporated in a copy of the record and sent under the signature of a member of the delegation concerned to the Chief of the Verbatim Reporting Service, room AB-0601 (verbatimrecords@un.org). Corrected records  ||  the Chief of the Verbatim Reporting Service, room AB-0601 (verbatimrecords@un.org). Corrected records will be reissued electronically on the Official Document System of the United Nations (http://documents.un.org). 23-27450 (E) Accessible document Please recycle *2327450* S/PV.9422 Letter dated 13 September 2022 from the Permanent Representative of Armenia 21/09/2023 The meeting was called to order at 3.10 p.m. Developments indicated a serious escalation in military operations, with reports of Azerbaijani forces Adoption of the agenda breaking through the Line of Contact. There were casualties reported, including among the civilian The agenda was adopted. population, as well as evacuations of thousands of people within the region. The Russian peacekeeping Letter dated 13 September 2022 from the force, which itself suffered casualties, documented Permanent Representative of Armenia to the numerous ceasefire violations. The United Nations, United Nations addressed to the President of the which is ||  the Chief of the Verbatim Reporting Service, room AB-0601 (verbatimrecords@un.org). Corrected records will be reissued electronically on the Official Document System of the United Nations (http://documents.un.org). 23-27450 (E) Accessible document Please recycle *2327450* S/PV.9422 Letter dated 13 September 2022 from the Permanent Representative of Armenia 21/09/2023 The meeting was called to order at 3.10 p.m. Developments indicated a serious escalation in military operations, with reports of Azerbaijani forces Adoption of the agenda breaking through the Line of Contact. There were casualties reported, including among the civilian The agenda was adopted. population, as well as evacuations of thousands of people within the region. The Russian peacekeeping Letter dated 13 September 2022 from the force, which itself suffered casualties, documented Permanent Representative of Armenia to the numerous ceasefire violations. The United Nations, United Nations addressed to the President of the which is  || perations, to as they relate to international humanitarian law and participate in this meeting. international human rights law. In accordance with rule 39 of the Council’s The escalation occurred following the much- provisional rules of procedure, I also invite His needed delivery, on the previous day, 18 September, of Excellency Mr. Josep Borrell Fontelles, High shipments of wheat flour and essential medical items Representative of the European Union for Foreign simultaneously through both the Lachin corridor and the Affairs and Security Policy and Vice-President of the Aghdam road. Members of the Council will recall that, European Commission, to participate in this meeting. over the past months, issues of freedom of movement of civilians and humanitarian access have been major The Security Council will now begin its sources of tension and sharp exchanges between Baku consideration of the item on its agenda. and Yerevan. The Secretary-General remains deeply I give the floor to Mr. Jenča. concerned a || ragile humanitarian situation and calls on all parties to Mr. Jenča: On 19 September, Azerbaijan announced urgently facilitate unimpeded access for humanitarian that it had launched “local counter-terrorism activities relief to civilians in need. in the Karabakh economic region” in response to the tragic deaths of two civilians and four police officers We also note the concerns of the International in incidents involving landmines, allegedly placed Committee of the Red Cross (ICRC) about the by Armenian armed forces. According to official humanitarian impact of the latest events on the already statements, Azerbaijan had informed the Russian vulnerable population in the region. Recalling the peacekeeping force and the Joint Russian-Turkish extremely limited access to basic commodities and Monitoring Centre of its activities as being intended health care over the past few months, the ICRC assesses that the situation was likely to deepen their suffering. to prevent large-scale provocations by the || tial. It is also civilian population, including their human rights, must essential that it be respected. be the overriding priority. A genuine dialogue between It is not the territorial integrity of Azerbaijan that the Government of Azerbaijan and representatives is at stake here. Nobody disputes it, and nobody is of the region, together with full engagement in the threatening it. What is at stake is the possibility for the normalization process by Armenia and Azerbaijan, Armenian population of Nagorno-Karabakh to be able are the only sustainable way forward. The Secretariat to continue to live there with respect for their rights, will remain in close contact with all relevant actors their history and their culture. Such a guarantee cannot and the parties concerned and stands ready to support exist when the strongest exercise deliberate coercion ongoing peace efforts as needed. The Secretariat is on the weakest, when the threat of permanent military also ready and prepared to conduct humanitarian need || , with the meeting of the Security Council given the seriousness support of the international community. It must ensure of the situation in Nagorno-Karabakh. After having amnesty for the forces that accepted the ceasefire. It amassed a large quantity of troops and military must restore, without delay and unconditionally, traffic equipment for several weeks, on 19 September through the Lachin corridor, in accordance with the Azerbaijan decided to launch a large-scale military order issued by the International Court of Justice on operation, which mobilized massive land and air 22 February 2023, which has since been confirmed resources and affected the civilian population. It by the Court. Finally, it must accept an international was an operation that no one could believe was not humanitarian presence in Nagorno-Karabakh. Doing premeditated, even as efforts towards a negotiated so is essential as winter approaches. Without those solution had intensified the day before and the delivery guarantees, there can be no solut",MACHINE_EXTRACTED_CONTEXT_NOT_HUMAN_CODING_EVIDENCE_OR_PIN_CITE
ICJ-180-2023-07-06||SC_MEETING::SCM|S/PV.9428,S/PV.9428,0,0,NO_CASE_OR_ICJ_NEXUS,0,0,0,,,,MACHINE_EXTRACTED_CONTEXT_NOT_HUMAN_CODING_EVIDENCE_OR_PIN_CITE
ICJ-180-2023-07-06||SC_FORMAL_VOTE::SCV|2054,S/PV.9429,0,0,NO_CASE_OR_ICJ_NEXUS,0,0,0,,,,MACHINE_EXTRACTED_CONTEXT_NOT_HUMAN_CODING_EVIDENCE_OR_PIN_CITE
ICJ-180-2023-07-06||SC_MEETING::SCM|S/PV.9429,S/PV.9429,0,0,NO_CASE_OR_ICJ_NEXUS,0,0,0,,,,MACHINE_EXTRACTED_CONTEXT_NOT_HUMAN_CODING_EVIDENCE_OR_PIN_CITE
ICJ-180-2023-07-06||SC_MEETING::SCM|S/PV.9448,S/PV.9448,2,2,SAME_CASE_OR_DISPUTE_NO_PROVEN_COLLECTIVE_FOLLOW_THROUGH,1,0,0,armenia|azerbaijan,armenia|azerbaijan,"sefire and a pathway to negotiations today underscores the importance of the subject matter towards a just, lasting and comprehensive political under discussion. solution. Absent a negotiated two-state solution, this vicious cycle of violence risks plunging the entire In accordance with rule 37 of the Council’s region into conflict for years and generations to come. provisional rules of procedure, I invite the representatives The world has entered a new era. The post-Cold of Algeria, Argentina, Armenia, Australia, Austria, War period is over, and a transition is underway to a Azerbaijan, Bangladesh, Chile, Costa Rica, Croatia, new global order. As history teaches us, transition Cuba, Denmark, Egypt, Ethiopia, Georgia, Germany, periods come with heightened risks. This new India, Indonesia, the Islamic Republic of Iran, Italy, era is already marked by deepening divisions and Jamaica, Kazakhstan, Kenya, Liechtenstein, Malaysia, retrenchment. Geopolitical tensions are at their highest Mexico, Mor || t matter towards a just, lasting and comprehensive political under discussion. solution. Absent a negotiated two-state solution, this vicious cycle of violence risks plunging the entire In accordance with rule 37 of the Council’s region into conflict for years and generations to come. provisional rules of procedure, I invite the representatives The world has entered a new era. The post-Cold of Algeria, Argentina, Armenia, Australia, Austria, War period is over, and a transition is underway to a Azerbaijan, Bangladesh, Chile, Costa Rica, Croatia, new global order. As history teaches us, transition Cuba, Denmark, Egypt, Ethiopia, Georgia, Germany, periods come with heightened risks. This new India, Indonesia, the Islamic Republic of Iran, Italy, era is already marked by deepening divisions and Jamaica, Kazakhstan, Kenya, Liechtenstein, Malaysia, retrenchment. Geopolitical tensions are at their highest Mexico, Morocco, Namibia, Pakistan, Panama, Peru, in decades. Contestation and competition among  || ntenance of international peace and security 20/10/2023 as the Council has focused increasingly on coercive making up for the lack of trust between the parties in measures. Over half of the resolutions adopted last conflict. When regional institutions are considered year explicitly referenced Chapter VII, and others more reliable, they can step in and perform a similar still included actions that would be best placed under role. When a trusted international institution, such Chapter VII. as the International Court of Justice, is consensually chosen to help, it can decide effectively on a dispute. Such over-reliance on Chapter VII has had negative effect. It has made consensus harder to reach, it has The Security Council may use its reinvigorated tools limited the Council’s ability to adapt to specific crises, under Chapter VI of the Charter of the United Nations and it has made it more challenging to engage the parties in a variety of ways, supporting those regional and on the ground, which has often led to less du",MACHINE_EXTRACTED_CONTEXT_NOT_HUMAN_CODING_EVIDENCE_OR_PIN_CITE
ICJ-180-2023-07-06||SC_MEETING::SCM|S/PV.9448 (Resumption 1),S/PV.9448 (RESUMPTION 1),2,3,STRICT_CANDIDATE_3_COLLECTIVE_ACTION_AND_ORDER_NEXUS,1,1,0,armenia|armenian|azerbaijan,armenia|azerbaijan|lachin corridor|nagorno-karabakh,"ty and stability requires an all-out effort. We Cold War and of conflict in South-East Asia, ASEAN have no choice. Regional, subregional and bilateral was born in Bangkok and has become a foundation arrangements can make a difference. Let us embrace for peace, stability and progress. It is based on shared their ideas and contributions. norms and values, anchored in the ASEAN Charter The President: I now give the floor to the and the Treaty of Amity and Cooperation in Southeast representative of Armenia. Asia, among other things. At the same time, ASEAN is driven by pragmatic and shared interests. We believe in Mr. Margaryan (Armenia): I thank you, a comprehensive approach to security where economic Mr. President, for convening this meeting. I would also and social progress are just as vital as political stability like to express my appreciation to the briefers for their to our peoples’ well-being, from which derive the contribution to today’s debate. Regional arrangements three pillars of the || ne with those very principles that in interface anchored in close partnerships between the 1992 the Conference on Security and Cooperation in United Nations and regional organizations can make Europe, which became the Organization for Security important contributions to international peace, security and Cooperation in Europe (OSCE), proposed a and stability. We welcome the strong ASEAN-United specific initiative aimed at resolving the conflict in Nations comprehensive partnership, as we welcome Nagorno-Karabakh, with the endorsement of the Security closer partnerships between the United Nations and Council. Co-chaired by France, Russia and the United other regional organizations. But more needs to be States, the OSCE Minsk Group was established with done. The United Nations, especially the Security an international mandate for conducting mediation and Council, should reinforce regionally driven processes negotiations in a regional arrangement, as prescribed by by engaging the countries and regions aff || co-chairmanship as other relevant stakeholders, including host countries has been essential since its inception in mobilizing and troop- and police-contributing countries, for diplomacy, skills and expertise for a peaceful settlement example. We welcome the recommendations of the High- of the Nagorno-Karabakh conflict. That internationally level Advisory Board for Effective Multilateralism on mandated arrangement came under major attack when more effective and multi-pillared cooperation between Azerbaijan chose to launch a destructive war amid a 6/33 23-31482 20/10/2023 Maintenance of international peace and security S/PV.9448 (Resumption 1) global pandemic in September 2020, in grave violation The major representative bodies of Europe, the of the existing ceasefire agreements of 1994 and 1995 European Parliament and the Parliamentary Assembly and of the Charter. Despite Azerbaijan’s efforts to of the Council of Europe, have all adopted resolutions justify the military aggression it had unleash || ons under the Minsk Group use of coercive practices to remove civilian populations co-chairmanship, opting instead for unprovoked, from their territory as amounting to a crime against large-scale violence with multiple verified reports of humanity. In the face of a situation where regional and atrocities, including against civilians. bilateral security arrangements have regrettably failed to prevent military aggression or protect the lives of In his policy brief on the New Agenda for Peace, the Armenian population of Nagorno-Karabakh from the Secretary-General stresses that devastation, the United Nations and the Security Council have a particular responsibility to live up to “some States have embraced the uncertainties of their mandate to uphold justice and accountability and the moment as an opportunity to reassert their to establish an effective international framework for the influence or to address long-standing disputes safe and dignified return of the displaced population in through coe || s very important debate, which in order to impose unilateral solutions and finalize is even more timely now in the light of the recent its policy of ethnic cleansing in Nagorno-Karabakh. developments in the Middle East, as well as other geopolitical tensions and conflicts around the world. I In December 2022, Azerbaijan deliberately disrupted would also like to thank the briefers that we heard this the movement of people, goods and vehicles along morning for their valuable inputs and views. the Lachin corridor, effectively imposing medieval siege conditions on the entire Armenian population of Portugal aligns itself with the statement to be Nagorno-Karabakh and using starvation as a method of delivered by the representative of the European Union, warfare. In a manifest violation of its obligations under and I would like to add the following remarks in my the legally binding orders of the International Court of national capacity. Justice — including a provisional measure to ensure For my country, the  || s in Kenya for their Rights and the Inter-American Court of Human leadership on that issue. Rights have become indispensable points of reference at the national, regional and international levels and In that regard, we once again thank members of guarantors of democracy and the rule of law. the Security Council for heeding that call. Not only has that critical decision provided valuable support Mexico reiterates its support for the work of the to the Government of Haiti, but it also assists all International Court of Justice, which, as a universal CARICOM members in safeguarding the regional tribunal, plays a fundamental role in the peaceful security environment from those who may seek to settlement of disputes. Therefore, since 1947, we have exploit security loopholes in conflict areas. As small recognized its compulsory jurisdiction. Taking into island developing States, we are very cognizant that account the central role of the International Court of instability in one CARICOM country can destabilize Justice, bo",MACHINE_EXTRACTED_CONTEXT_NOT_HUMAN_CODING_EVIDENCE_OR_PIN_CITE
ICJ-180-2023-07-06||SC_MEETING::SCM|S/PV.9482,S/PV.9482,1,1,GENERAL_OR_PARTIAL_NEXUS_ONLY,0,0,0,azerbaijan,azerbaijan,"rity Council Chamber. Their presence reaffirmed time and again. The 2005 World Summit today underscores the importance of the subject matter Outcome declared that “development, peace and under discussion. security and human rights are interlinked and mutually In accordance with rule 37 of the Council’s reinforcing” (General Assembly resolution 60/1, provisional rules of procedure, I invite the representatives para. 9). Development by itself is not enough to secure of Algeria, Angola, Australia, Azerbaijan, Bahrain, peace, but development is essential, and no peace is Bangladesh, the Plurinational State of Bolivia, Burkina secure without inclusive and sustainable development Faso, Burundi, Canada, Chile, Croatia, Cuba, the that leaves no one behind. Democratic Republic of the Congo, Denmark, Djibouti, Of course, this recognition also defines the 2030 Egypt, El Salvador, Ethiopia, Germany, Greece, Agenda and its 17 Sustainable Development Goals Hungary, India, Indonesia, Italy, Kenya, Mali, Mexico",MACHINE_EXTRACTED_CONTEXT_NOT_HUMAN_CODING_EVIDENCE_OR_PIN_CITE
ICJ-180-2023-07-06||SC_MEETING::SCM|S/PV.9482 (Resumption 1),S/PV.9482 (RESUMPTION 1),2,2,SAME_CASE_OR_DISPUTE_NO_PROVEN_COLLECTIVE_FOLLOW_THROUGH,0,0,0,armenia|armenian|azerbaijan|azerbaijani,armenia|azerbaijan,"crete conflict or post-conflict areas, they help to strengthen response to the challenges of countries in conflict and stability and promote peace by meeting the basic needs post-conflict situations also requires coordinated and of populations, creating economic opportunities and concerted engagement from the entire United Nations 12/43 23-36347 20/11/2023 Maintenance of international peace and security S/PV.9482 (Resumption 1) system, the involvement of resident coordinators with Furthermore, Azerbaijan has transformed into one of triple-hatted humanitarian functions, international the key transport and logistics hubs between Europe financial institutions and regional and national actors. and Asia, greatly contributing to the development of transregional connectivity projects, investing in Lastly, Morocco reiterates its full support to the Secretary-General and fully shares his vision and transport infrastructure and widening cooperation recommendations for addressing the common challenges wit || forts have been of the twenty-first century, including through the undertaken despite decades of armed conflict and its implementation of Our Common Agenda (A/75/982), devastating humanitarian and economic impact. and the New Agenda for Peace. The 2024 Summit of Earlier this month, on 8 November, Azerbaijan the Future and the 2025 review of the peacebuilding commemorated the third anniversary of Victory Day to architecture will be crucial opportunities to consolidate mark the end of the 30-year Armenian aggression and a strong and meaningful international political occupation. The causes of the war are indicative of how consensus and implement our common ambitions for ethnonationalist ideology, the rejection of diversity development, peace and security and, above all, provide and the aspiration of monoethnicity can be a driving legitimacy to and reinvigorate multilateralism. force dominating universal principles, sustainable In addition, Morocco works tirelessly in the context and inclusive d || forts have been of the twenty-first century, including through the undertaken despite decades of armed conflict and its implementation of Our Common Agenda (A/75/982), devastating humanitarian and economic impact. and the New Agenda for Peace. The 2024 Summit of Earlier this month, on 8 November, Azerbaijan the Future and the 2025 review of the peacebuilding commemorated the third anniversary of Victory Day to architecture will be crucial opportunities to consolidate mark the end of the 30-year Armenian aggression and a strong and meaningful international political occupation. The causes of the war are indicative of how consensus and implement our common ambitions for ethnonationalist ideology, the rejection of diversity development, peace and security and, above all, provide and the aspiration of monoethnicity can be a driving legitimacy to and reinvigorate multilateralism. force dominating universal principles, sustainable In addition, Morocco works tirelessly in the context and inclusive de || ities against civilians and Majesty King Mohammed VI, for the socioeconomic other protected persons in my country were inspired development of brotherly and friendly countries, by the objectives of ethnic purity in one of the most particularly in our African continent. Morocco has many horrific campaigns of systemic racial discrimination in multidimensional agreements and partnerships with recent history. They first expelled more than 200,000 fraternal African countries. Indeed, Morocco remains Azerbaijanis from their historical homeland in Armenia resolutely committed to working hand in hand with and today deny their right of return; then, ethnically African countries in order to make our continent a zone cleansed all occupied territories of their more than of peace, development and prosperity for all. Our world 700,000 Azerbaijani population; razed nine cities and today needs a glimmer of hope to restore confidence hundreds of villages in Azerbaijan to the ground and in the strength and central",MACHINE_EXTRACTED_CONTEXT_NOT_HUMAN_CODING_EVIDENCE_OR_PIN_CITE
ICJ-180-2023-11-17||SC_MEETING::SCM|S/PV.9482,S/PV.9482,1,1,GENERAL_OR_PARTIAL_NEXUS_ONLY,0,0,0,azerbaijan,azerbaijan,"rity Council Chamber. Their presence reaffirmed time and again. The 2005 World Summit today underscores the importance of the subject matter Outcome declared that “development, peace and under discussion. security and human rights are interlinked and mutually In accordance with rule 37 of the Council’s reinforcing” (General Assembly resolution 60/1, provisional rules of procedure, I invite the representatives para. 9). Development by itself is not enough to secure of Algeria, Angola, Australia, Azerbaijan, Bahrain, peace, but development is essential, and no peace is Bangladesh, the Plurinational State of Bolivia, Burkina secure without inclusive and sustainable development Faso, Burundi, Canada, Chile, Croatia, Cuba, the that leaves no one behind. Democratic Republic of the Congo, Denmark, Djibouti, Of course, this recognition also defines the 2030 Egypt, El Salvador, Ethiopia, Germany, Greece, Agenda and its 17 Sustainable Development Goals Hungary, India, Indonesia, Italy, Kenya, Mali, Mexico",MACHINE_EXTRACTED_CONTEXT_NOT_HUMAN_CODING_EVIDENCE_OR_PIN_CITE
ICJ-180-2023-11-17||SC_MEETING::SCM|S/PV.9482 (Resumption 1),S/PV.9482 (RESUMPTION 1),2,2,SAME_CASE_OR_DISPUTE_NO_PROVEN_COLLECTIVE_FOLLOW_THROUGH,0,0,0,armenia|armenian|azerbaijan|azerbaijani,armenia|azerbaijan,"crete conflict or post-conflict areas, they help to strengthen response to the challenges of countries in conflict and stability and promote peace by meeting the basic needs post-conflict situations also requires coordinated and of populations, creating economic opportunities and concerted engagement from the entire United Nations 12/43 23-36347 20/11/2023 Maintenance of international peace and security S/PV.9482 (Resumption 1) system, the involvement of resident coordinators with Furthermore, Azerbaijan has transformed into one of triple-hatted humanitarian functions, international the key transport and logistics hubs between Europe financial institutions and regional and national actors. and Asia, greatly contributing to the development of transregional connectivity projects, investing in Lastly, Morocco reiterates its full support to the Secretary-General and fully shares his vision and transport infrastructure and widening cooperation recommendations for addressing the common challenges wit || forts have been of the twenty-first century, including through the undertaken despite decades of armed conflict and its implementation of Our Common Agenda (A/75/982), devastating humanitarian and economic impact. and the New Agenda for Peace. The 2024 Summit of Earlier this month, on 8 November, Azerbaijan the Future and the 2025 review of the peacebuilding commemorated the third anniversary of Victory Day to architecture will be crucial opportunities to consolidate mark the end of the 30-year Armenian aggression and a strong and meaningful international political occupation. The causes of the war are indicative of how consensus and implement our common ambitions for ethnonationalist ideology, the rejection of diversity development, peace and security and, above all, provide and the aspiration of monoethnicity can be a driving legitimacy to and reinvigorate multilateralism. force dominating universal principles, sustainable In addition, Morocco works tirelessly in the context and inclusive d || forts have been of the twenty-first century, including through the undertaken despite decades of armed conflict and its implementation of Our Common Agenda (A/75/982), devastating humanitarian and economic impact. and the New Agenda for Peace. The 2024 Summit of Earlier this month, on 8 November, Azerbaijan the Future and the 2025 review of the peacebuilding commemorated the third anniversary of Victory Day to architecture will be crucial opportunities to consolidate mark the end of the 30-year Armenian aggression and a strong and meaningful international political occupation. The causes of the war are indicative of how consensus and implement our common ambitions for ethnonationalist ideology, the rejection of diversity development, peace and security and, above all, provide and the aspiration of monoethnicity can be a driving legitimacy to and reinvigorate multilateralism. force dominating universal principles, sustainable In addition, Morocco works tirelessly in the context and inclusive de || ities against civilians and Majesty King Mohammed VI, for the socioeconomic other protected persons in my country were inspired development of brotherly and friendly countries, by the objectives of ethnic purity in one of the most particularly in our African continent. Morocco has many horrific campaigns of systemic racial discrimination in multidimensional agreements and partnerships with recent history. They first expelled more than 200,000 fraternal African countries. Indeed, Morocco remains Azerbaijanis from their historical homeland in Armenia resolutely committed to working hand in hand with and today deny their right of return; then, ethnically African countries in order to make our continent a zone cleansed all occupied territories of their more than of peace, development and prosperity for all. Our world 700,000 Azerbaijani population; razed nine cities and today needs a glimmer of hope to restore confidence hundreds of villages in Azerbaijan to the ground and in the strength and central",MACHINE_EXTRACTED_CONTEXT_NOT_HUMAN_CODING_EVIDENCE_OR_PIN_CITE
ICJ-180-2023-11-17||SC_MEETING::SCM|S/PV.9525,S/PV.9525,0,0,NO_CASE_OR_ICJ_NEXUS,0,0,0,,,,MACHINE_EXTRACTED_CONTEXT_NOT_HUMAN_CODING_EVIDENCE_OR_PIN_CITE
ICJ-180-2023-11-17||SC_FORMAL_VOTE::SCV|2083,S/PV.9527,0,0,NO_CASE_OR_ICJ_NEXUS,0,0,0,,,,MACHINE_EXTRACTED_CONTEXT_NOT_HUMAN_CODING_EVIDENCE_OR_PIN_CITE
ICJ-180-2023-11-17||SC_MEETING::SCM|S/PV.9527,S/PV.9527,0,0,NO_CASE_OR_ICJ_NEXUS,0,0,0,,,,MACHINE_EXTRACTED_CONTEXT_NOT_HUMAN_CODING_EVIDENCE_OR_PIN_CITE
ICJ-180-2023-11-17||SC_MEETING::SCM|S/PV.9532,S/PV.9532,0,1,GENERAL_OR_PARTIAL_NEXUS_ONLY,1,0,0,,,"d deliberately to defence — alongside the United States and with the increase the number of civilian casualties, including non-operational support of the Netherlands, Canada, women and children. The United States and its Bahrain and Australia. The United Kingdom Royal sycophants also consistently call the slaughter that Air Force carried out targeted strikes against military Israel continues to carry out in Gaza self-defence. facilities used by Houthi rebels in Yemen. The operation Although the International Court of Justice, in its 2004 took particular care to minimize risks to civilians. advisory opinion (see A/ES-10/273), explicitly excluded Israel’s ability to invoke Article 51 in relation to its Since November, the Houthis have launched than actions in the occupied Palestinian territories, taking 100 drone and missile attacks against vessels from into account the peculiarities of the status of those a range of countries, putting innocent lives at risk, territories. Apparently, when it comes to Washington’s thr",MACHINE_EXTRACTED_CONTEXT_NOT_HUMAN_CODING_EVIDENCE_OR_PIN_CITE
ICJ-180-2023-11-17||SC_MEETING::SCM|S/PV.9542,S/PV.9542,0,0,NO_CASE_OR_ICJ_NEXUS,0,0,0,,,,MACHINE_EXTRACTED_CONTEXT_NOT_HUMAN_CODING_EVIDENCE_OR_PIN_CITE
ICJ-180-2023-11-17||SC_MEETING::SCM|S/PV.9547,S/PV.9547,2,2,SAME_CASE_OR_DISPUTE_NO_PROVEN_COLLECTIVE_FOLLOW_THROUGH,0,0,0,armenia|azerbaijan,armenia|azerbaijan,"w give the floor to Secretary-General other high-level representatives present in the Chamber António Guterres. today. Their presence today underscores the importance The Secretary-General: I thank the Government of the subject matter under discussion. of Guyana for bringing us together to focus on the In accordance with rule 37 of the Council’s impact of the climate crisis and food insecurity on provisional rules of procedure, I invite the global peace and security. representatives of Austria, Armenia, Azerbaijan, Climate chaos and food crises are serious and Bahrain, Bangladesh, Belgium, Belize, the Plurinational mounting threats to global peace and security, and it is State of Bolivia, Brazil, Bulgaria, Cambodia, Canada, only right that they should be addressed by the Council. Chile, Croatia, Czechia, the Dominican Republic, A global food crisis is creating a hellscape of hunger Egypt, Ethiopia, the Federated States of Micronesia, and heartache for many of the world’s poorest people, Germa || e floor to Secretary-General other high-level representatives present in the Chamber António Guterres. today. Their presence today underscores the importance The Secretary-General: I thank the Government of the subject matter under discussion. of Guyana for bringing us together to focus on the In accordance with rule 37 of the Council’s impact of the climate crisis and food insecurity on provisional rules of procedure, I invite the global peace and security. representatives of Austria, Armenia, Azerbaijan, Climate chaos and food crises are serious and Bahrain, Bangladesh, Belgium, Belize, the Plurinational mounting threats to global peace and security, and it is State of Bolivia, Brazil, Bulgaria, Cambodia, Canada, only right that they should be addressed by the Council. Chile, Croatia, Czechia, the Dominican Republic, A global food crisis is creating a hellscape of hunger Egypt, Ethiopia, the Federated States of Micronesia, and heartache for many of the world’s poorest people, Germany, Georgia,",MACHINE_EXTRACTED_CONTEXT_NOT_HUMAN_CODING_EVIDENCE_OR_PIN_CITE
ICJ-180-2023-11-17||SC_MEETING::SCM|S/PV.9547 (Resumption 1),S/PV.9547 (RESUMPTION 1),0,1,GENERAL_OR_PARTIAL_NEXUS_ONLY,1,0,0,,,"nd exploitation. We know about that first- security threats posed by sea level rise, we very much hand. Poland has never been a colonial power. Quite look forward to the convening of the high-level meeting the opposite — we have suffered from the colonial in September. imperialist policies forced on us by neighbouring States. The starvation of civilians as a method of war Liechtenstein is in the process of finalizing its is a violation of international humanitarian law and can submission to the International Court of Justice for the constitute a war crime. Court’s advisory opinion on climate change, mandated through a historic decision of the General Assembly On the development front, climate-induced (resolution 77/276) and complementary to the efforts food insecurity should have our full attention. made in the United Nations Framework Convention Governments and international organizations should on Climate Change process. We are confident that continue to strengthen food systems so that they the Court will provide",MACHINE_EXTRACTED_CONTEXT_NOT_HUMAN_CODING_EVIDENCE_OR_PIN_CITE
ICJ-180-2023-11-17||SC_MEETING::SCM|S/PV.9547 (Resumption 2),S/PV.9547 (RESUMPTION 2),2,3,STRICT_CANDIDATE_3_COLLECTIVE_ACTION_AND_ORDER_NEXUS,1,1,0,armenia|armenian|azerbaijan,armenia|azerbaijan|lachin corridor|nagorno-karabakh,"as primary responsibility for the your summary of this debate, and we also look forward international framework to limit global warming, build to the Council’s consideration of how the ideas shared resilience and respond to loss and damage. Through the today can be taken forward. UNFCCC, its Kyoto Protocol and the Paris Agreement, States parties undertake to act to prevent dangerous The President: I now give the floor of the climate change and to ameliorate the adverse impacts representative of Azerbaijan. through their nationally determined contributions and Mr. Aliyev (Azerbaijan): At the outset, I would adaptation and loss and damage plans. like to congratulate the delegation of the Co-operative The Security Council has the primary Republic of Guyana on assuming the presidency of responsibility for the maintenance of peace and security the Security Council and convening this important and, accordingly, its role is both anticipatory and open debate to examine the dynamic interrelationships rea || ty, with the aim of reaching 30 per cent by 2030. of climate change. We also discussed the significant That high target is established primarily to improve risk multiplier that climate change poses, including energy efficiency and introduce innovative solutions in the Middle East. We highlighted the need to come in urban environments, transport systems and industry. together to bring about a shared and brighter future (see S/PV.9345). With the end of the 30-year occupation of its territories by Armenia, Azerbaijan initiated a peace Today we reiterate our call to create a future that agenda and immediately proceeded to address the does not create spaces for terrorist organizations and disastrous consequences of the war on the region’s their hateful narratives to spawn and thrive. Such was environment and biodiversity caused by the depredatory the future envisioned by Dr. Shoshan Haran. As an exploitation of mineral resources, the massive agricultural expert, Dr. Haran has dedicated her life to || long the risks associated with the impacts of climate change occupation line has a negative impact on the already- and food insecurity deserve increased attention from poor socioeconomic conditions of the conflict-affected the Security Council. The security risks of climate population and their sense of security, while preventing 28/30 24-03985 14/02/2024 Maintenance of international peace and security S/PV.9547 (Resumption 2) their access to property and to grazing and farming cargo along the Lachin Corridor in both directions” lands. We once again call on Russia to comply with the (Application of the International Convention on the EU-mediated ceasefire agreement of 12 August 2008 Elimination of All Forms of Racial Discrimination and to withdraw its troops from the occupied regions (Armenia v. Azerbaijan), Request for the indication of Georgia. of provisional measures, para.9). In conclusion, let me reaffirm Georgia’s readiness Despite that, Azerbaijan failed to implement the Court’s to contribute || rgia. of provisional measures, para.9). In conclusion, let me reaffirm Georgia’s readiness Despite that, Azerbaijan failed to implement the Court’s to contribute to the collective efforts to address climate legally binding order, opting instead for manipulative crises and food insecurity and to minimize their impact misinterpretations in order to perpetuate the conditions on international peace and security. of a human-made humanitarian crisis. The blockade, which had been imposed on the ethnic Armenian The President: I now give the floor to the population since December 2022, culminated in representative of Armenia. September last year with the use of deadly military Mr. Margaryan (Armenia): Armenia expresses its action against the civilian population, realizing a appreciation to the presidency of Guyana for taking the criminal goal of conducting ethnic cleansing in initiative of convening this open debate, which provides Nagorno-Karabakh. a good opportunity to look into the wide-ranging We h || ian crisis. The blockade, which had been imposed on the ethnic Armenian The President: I now give the floor to the population since December 2022, culminated in representative of Armenia. September last year with the use of deadly military Mr. Margaryan (Armenia): Armenia expresses its action against the civilian population, realizing a appreciation to the presidency of Guyana for taking the criminal goal of conducting ethnic cleansing in initiative of convening this open debate, which provides Nagorno-Karabakh. a good opportunity to look into the wide-ranging We have been consistently alerting the United consequences of climate change and its adverse impact Nations and the Council to the fact that Azerbaijan, on human societies in terms of peace and security emboldened by the results of its use of force in the past, considerations. We thank the Secretary-General and all has been seeking to normalize violence and aggression other briefers for their valuable contributions. in order to engage in the acq ||  months, Azerbaijan a comprehensive package of the reviewed landmine manipulated a disingenuous environmental agenda data as a gesture of goodwill, and we have invited to justify the imposition of a total blockade on a the relevant international partners to participate in population of 120,000 people in Nagorno-Karabakh, verifying the accuracy of all the available information. in gross violation of international humanitarian law. In December 2023, as part of an agreement and as The order of the International Court of Justice, issued a confidence-building measure, Armenia withdrew its in February 2023 and reaffirmed in July of that year, bid to host the twenty-ninth Conference of the Parties to obliged Azerbaijan to the United Nations Framework Convention on Climate “take all measures at its disposal to ensure Change and lifted its objections to the nomination of unimpeded movement of persons, vehicles and Azerbaijan. We note that hosting that major international 24-0398529/30 S/PV.9547 (Resumption 2) Maintenance o",MACHINE_EXTRACTED_CONTEXT_NOT_HUMAN_CODING_EVIDENCE_OR_PIN_CITE
ICJ-180-2023-11-17||SC_MEETING::SCM|S/PV.9579,S/PV.9579,0,0,NO_CASE_OR_ICJ_NEXUS,0,0,0,,,,MACHINE_EXTRACTED_CONTEXT_NOT_HUMAN_CODING_EVIDENCE_OR_PIN_CITE
ICJ-180-2023-11-17||SC_MEETING::SCM|S/PV.9592,S/PV.9592,0,0,NO_CASE_OR_ICJ_NEXUS,0,0,0,,,,MACHINE_EXTRACTED_CONTEXT_NOT_HUMAN_CODING_EVIDENCE_OR_PIN_CITE
ICJ-180-2023-11-17||SC_MEETING::SCM|S/PV.9606,S/PV.9606,0,0,NO_CASE_OR_ICJ_NEXUS,0,0,0,,,,MACHINE_EXTRACTED_CONTEXT_NOT_HUMAN_CODING_EVIDENCE_OR_PIN_CITE
ICJ-180-2023-11-17||SC_MEETING::SCM|S/PV.9606 (Resumption 1),S/PV.9606 (RESUMPTION 1),0,0,NO_CASE_OR_ICJ_NEXUS,0,0,0,,,,MACHINE_EXTRACTED_CONTEXT_NOT_HUMAN_CODING_EVIDENCE_OR_PIN_CITE
ICJ-181-2021-12-07||SC_MEETING::SCM|S/PV.8923,S/PV.8923,0,0,NO_CASE_OR_ICJ_NEXUS,0,0,0,,,,MACHINE_EXTRACTED_CONTEXT_NOT_HUMAN_CODING_EVIDENCE_OR_PIN_CITE
ICJ-181-2021-12-07||SC_MEETING::SCM|S/PV.8923 (Resumption 1),S/PV.8923 (RESUMPTION 1),0,0,NO_CASE_OR_ICJ_NEXUS,0,0,0,,,,MACHINE_EXTRACTED_CONTEXT_NOT_HUMAN_CODING_EVIDENCE_OR_PIN_CITE
ICJ-181-2021-12-07||SC_FORMAL_VOTE::SCV|1952,S/PV.8926,1,1,GENERAL_OR_PARTIAL_NEXUS_ONLY,0,0,0,armenia,armenia,"nal peace and security Palau, Panama, Papua New Guinea, Poland, Portugal, Climate and security Qatar, the Republic of Korea, the Republic of Moldova, The President (spoke in French): In accordance Romania, Rwanda, Saint Lucia, Saint Vincent and the with rule 37 of the Council’s provisional rules of Grenadines, Samoa, San Marino, Senegal, Seychelles, procedure, I invite the representatives of Afghanistan, Sierra Leone, Singapore, Slovakia, Slovenia, Solomon Albania, Andorra, Antigua and Barbuda, Armenia, Islands, Spain, the Sudan, Sweden, Switzerland, Australia, Austria, Bahamas, Belgium, Belize, Bosnia Timor-Leste, Tonga, Trinidad and Tobago, Tunisia, and Herzegovina, Botswana, Bulgaria, Burkina Faso, Tuvalu, Uganda, Ukraine, the United Arab Emirates, Cabo Verde, Canada, Chad, Comoros, Costa Rica, the United Kingdom of Great Britain and Northern Côte d’Ivoire, Croatia, Cyprus, Czechia, Denmark, Ireland, the United Republic of Tanzania, the United Djibouti, Dominica, the Dominican Republic, Ec",MACHINE_EXTRACTED_CONTEXT_NOT_HUMAN_CODING_EVIDENCE_OR_PIN_CITE
ICJ-181-2021-12-07||SC_MEETING::SCM|S/PV.8926,S/PV.8926,1,1,GENERAL_OR_PARTIAL_NEXUS_ONLY,0,0,0,armenia,armenia,"nal peace and security Palau, Panama, Papua New Guinea, Poland, Portugal, Climate and security Qatar, the Republic of Korea, the Republic of Moldova, The President (spoke in French): In accordance Romania, Rwanda, Saint Lucia, Saint Vincent and the with rule 37 of the Council’s provisional rules of Grenadines, Samoa, San Marino, Senegal, Seychelles, procedure, I invite the representatives of Afghanistan, Sierra Leone, Singapore, Slovakia, Slovenia, Solomon Albania, Andorra, Antigua and Barbuda, Armenia, Islands, Spain, the Sudan, Sweden, Switzerland, Australia, Austria, Bahamas, Belgium, Belize, Bosnia Timor-Leste, Tonga, Trinidad and Tobago, Tunisia, and Herzegovina, Botswana, Bulgaria, Burkina Faso, Tuvalu, Uganda, Ukraine, the United Arab Emirates, Cabo Verde, Canada, Chad, Comoros, Costa Rica, the United Kingdom of Great Britain and Northern Côte d’Ivoire, Croatia, Cyprus, Czechia, Denmark, Ireland, the United Republic of Tanzania, the United Djibouti, Dominica, the Dominican Republic, Ec",MACHINE_EXTRACTED_CONTEXT_NOT_HUMAN_CODING_EVIDENCE_OR_PIN_CITE
ICJ-181-2021-12-07||SC_FORMAL_VOTE::SCV|1960,S/PV.8942,0,0,NO_CASE_OR_ICJ_NEXUS,0,0,0,,,,MACHINE_EXTRACTED_CONTEXT_NOT_HUMAN_CODING_EVIDENCE_OR_PIN_CITE
ICJ-181-2021-12-07||SC_MEETING::SCM|S/PV.8942,S/PV.8942,0,0,NO_CASE_OR_ICJ_NEXUS,0,0,0,,,,MACHINE_EXTRACTED_CONTEXT_NOT_HUMAN_CODING_EVIDENCE_OR_PIN_CITE
ICJ-181-2021-12-07||SC_MEETING::SCM|S/PV.9014,S/PV.9014,0,0,NO_CASE_OR_ICJ_NEXUS,0,0,0,,,,MACHINE_EXTRACTED_CONTEXT_NOT_HUMAN_CODING_EVIDENCE_OR_PIN_CITE
ICJ-181-2021-12-07||SC_MEETING::SCM|S/PV.9036,S/PV.9036,1,1,GENERAL_OR_PARTIAL_NEXUS_ONLY,0,0,0,azerbaijan,azerbaijan,"n order to achieve and responsible investment. We must work together better production and nutrition, a better environment with the private sector and get every key partner on and a better life, leaving no one behind. board. That is why we must stress the importance of hand-in-hand initiatives. In the past three months I have been to Bangladesh, where farmers are using innovation to improve their States can put policies in place that both increase rice yields. Earlier this month, I travelled to Azerbaijan productivity and protect natural resources. We always to see young farmers, who are producing seven tons per say that we should produce more and better with hectare of winter wheat, using a new variety of wheat and less, but less what? Is it less impact, less input or less irrigation systems and appropriate fertilizer. The yield negative impact on the environment? The solution is 6/32 22-35447 19/05/2022 Maintenance of international peace and security S/PV.9036 technology and good policies and",MACHINE_EXTRACTED_CONTEXT_NOT_HUMAN_CODING_EVIDENCE_OR_PIN_CITE
ICJ-181-2021-12-07||SC_MEETING::SCM|S/PV.9036 (Resumption 1),S/PV.9036 (RESUMPTION 1),0,0,NO_CASE_OR_ICJ_NEXUS,0,0,0,,,,MACHINE_EXTRACTED_CONTEXT_NOT_HUMAN_CODING_EVIDENCE_OR_PIN_CITE
ICJ-181-2021-12-07||SC_MEETING::SCM|S/PV.9039,S/PV.9039,0,0,NO_CASE_OR_ICJ_NEXUS,0,0,0,,,,MACHINE_EXTRACTED_CONTEXT_NOT_HUMAN_CODING_EVIDENCE_OR_PIN_CITE
ICJ-181-2021-12-07||SC_MEETING::SCM|S/PV.9052,S/PV.9052,2,3,STRICT_CANDIDATE_3_COLLECTIVE_ACTION_AND_ORDER_NEXUS,1,1,1,armenia|azerbaijan,armenia|azerbaijan,"he Security Council Chamber. Their in this signature event, which I am pleased to join via presence today underscores the importance of the video-teleconference from the seat of the International subject matter under discussion. Court of Justice in The Hague, the Netherlands. I In accordance with rule 37 of the Council’s welcome this opportunity to share with the Security provisional rules of procedure, I invite the Council and the broader United Nations membership representatives of Argentina, Armenia, Australia, some reflections on the ways in which the Court can Austria, Azerbaijan, Belgium, Bulgaria, Canada, contribute to the pursuit of accountability for atrocities Chile, Colombia, Croatia, Cyprus, the Czech Republic, that violate international law. Denmark, Ecuador, Estonia, Georgia, Germany, Before I do so, allow me to say a few words about Guatemala, the Islamic Republic of Iran, Italy, Japan, Judge Antônio Augusto Cançado Trindade, who passed Jordan, Latvia, Liechtenstein, Lithuania, ||  join via presence today underscores the importance of the video-teleconference from the seat of the International subject matter under discussion. Court of Justice in The Hague, the Netherlands. I In accordance with rule 37 of the Council’s welcome this opportunity to share with the Security provisional rules of procedure, I invite the Council and the broader United Nations membership representatives of Argentina, Armenia, Australia, some reflections on the ways in which the Court can Austria, Azerbaijan, Belgium, Bulgaria, Canada, contribute to the pursuit of accountability for atrocities Chile, Colombia, Croatia, Cyprus, the Czech Republic, that violate international law. Denmark, Ecuador, Estonia, Georgia, Germany, Before I do so, allow me to say a few words about Guatemala, the Islamic Republic of Iran, Italy, Japan, Judge Antônio Augusto Cançado Trindade, who passed Jordan, Latvia, Liechtenstein, Lithuania, Luxembourg, away in Brasilia only a few days ago. Judge Cançado Malaysia, Malta, th || rsuit of accountability for atrocities Chile, Colombia, Croatia, Cyprus, the Czech Republic, that violate international law. Denmark, Ecuador, Estonia, Georgia, Germany, Before I do so, allow me to say a few words about Guatemala, the Islamic Republic of Iran, Italy, Japan, Judge Antônio Augusto Cançado Trindade, who passed Jordan, Latvia, Liechtenstein, Lithuania, Luxembourg, away in Brasilia only a few days ago. Judge Cançado Malaysia, Malta, the Marshall Islands, Morocco, Trindade joined the International Court of Justice in Myanmar, the Netherlands, North Macedonia, 2009, having already served as a Judge and President Pakistan, the Philippines, Poland, the Republic of of the Inter-American Court of Human Rights, as Korea, Romania, Sierra Leone, Slovakia, Slovenia, Legal Adviser to the Ministry of External Relations of South Africa, Spain, Switzerland, Türkiye, Ukraine Brazil and as a professor at several universities across and the Bolivarian Republic of Venezuela to participate four continents. Much more can a || nce collection can later be used in also ordered the United States to make sure that all criminal proceedings, and those various mechanisms necessary permits and authorizations are in place and therefore play a crucial role as we strive to achieve and that payment and other financial activities linked to strengthen accountability. humanitarian goods and services are not restricted. Unfortunately, the United States has not only failed The President: I now give the floor to the to comply with the Court’s order, but also defied it by representative of the Islamic Republic of Iran. imposing additional sanctions, particularly during the Mr. Takht Ravanchi (Islamic Republic of Iran): I coronavirus disease pandemic. would like to thank you, Mr. President, for convening In a statement made during her recent visit to Tehran this high-level open debate. I also thank the briefers for on 18 May, the United Nations Special Rapporteur on their insightful briefings. the negative impact of unilateral coercive meas",MACHINE_EXTRACTED_CONTEXT_NOT_HUMAN_CODING_EVIDENCE_OR_PIN_CITE
ICJ-181-2021-12-07||SC_MEETING::SCM|S/PV.9052 (Resumption 1),S/PV.9052 (RESUMPTION 1),2,2,SAME_CASE_OR_DISPUTE_NO_PROVEN_COLLECTIVE_FOLLOW_THROUGH,1,1,0,armenia|armenian|azerbaijan|azerbaijani,armenia|azerbaijan,"to good use. As a candidate to tribunals, accountability mechanisms, the exercise the Security Council, Switzerland remains committed of universal jurisdiction and international judicial to ensuring that combating impunity is not just words assistance. Switzerland encourages all Member States but actions we take together. to ratify the Rome Statute, cooperate fully with the The President: I now give the floor to the International Criminal Court (ICC), and support representative of Slovenia. the International Court of Justice and comply with its decisions. We must also develop the tools at our Mrs. Ponikvar Velázquez (Slovenia): At the outset, disposal, such as by adopting a convention on crimes we would like to thank and congratulate the Albanian against humanity. presidency of the Security Council for organizing today’s important open debate. We also thank the Secondly, the Security Council should act in briefers for their insightful remarks. a unified manner to support national, regional and international account || and mapping serious and continues to be an obstacle to the achievement of violations of international law. We are confident that all 22-3700111/42 S/PV.9052 (Resumption 1) Maintenance of international peace and security 02/06/2022 such national and international efforts, combined with such incendiary acts are led, conducted or cultivated by efforts by civil society, will lead to accountability. States at the highest political level. Yet accountability is not only about criminal Time and again, Armenia has alerted the investigations and prosecution. It is also about State international community to the dangerously mounting responsibility and compliance with judicial rulings and level of hate speech and racist rhetoric dominating orders. In that regard, we strongly urge Russia to comply the political discourse in Azerbaijan, where State-led with the legally binding order of the International Court anti-Armenian policies, extensively reported and of Justice of 16 March. And accountability is al || ed or cultivated by efforts by civil society, will lead to accountability. States at the highest political level. Yet accountability is not only about criminal Time and again, Armenia has alerted the investigations and prosecution. It is also about State international community to the dangerously mounting responsibility and compliance with judicial rulings and level of hate speech and racist rhetoric dominating orders. In that regard, we strongly urge Russia to comply the political discourse in Azerbaijan, where State-led with the legally binding order of the International Court anti-Armenian policies, extensively reported and of Justice of 16 March. And accountability is also about documented by international institutions, seek to preventing atrocities. We therefore support the work on dehumanize one particular nation, in a manifest formulating a convention on crimes against humanity demonstration that genocidal ideology does not belong that will fill a gap in the treaty framework and give mere || ghest political level. Yet accountability is not only about criminal Time and again, Armenia has alerted the investigations and prosecution. It is also about State international community to the dangerously mounting responsibility and compliance with judicial rulings and level of hate speech and racist rhetoric dominating orders. In that regard, we strongly urge Russia to comply the political discourse in Azerbaijan, where State-led with the legally binding order of the International Court anti-Armenian policies, extensively reported and of Justice of 16 March. And accountability is also about documented by international institutions, seek to preventing atrocities. We therefore support the work on dehumanize one particular nation, in a manifest formulating a convention on crimes against humanity demonstration that genocidal ideology does not belong that will fill a gap in the treaty framework and give merely to the past. The fact that a large-scale military additional tools to States to preven || ctive. Council for convening today’s important meeting. 32/42 22-37001 02/06/2022 Maintenance of international peace and security S/PV.9052 (Resumption 1) As far as general international law, as laid down Another act of aggression by Armenia, in the fall in the articles on responsibility of States, adopted by of 2020, became a logical consequence of its decades- the International Law Commission on 9 August 2001, long impunity. Direct and indiscriminate missile is concerned, attacks that struck Azerbaijani cities and districts, including with the use of internationally banned cluster “[e]very internationally wrongful act of a State bombs, killed and wounded hundreds of civilians entails the international responsibility of that State”. and destroyed numerous civilian objects. Azerbaijan Under international criminal law, all those who engage resolutely responded in order to liberate the occupied in conduct considered to be prohibited and criminalized territories, restore its territorial integrity a",MACHINE_EXTRACTED_CONTEXT_NOT_HUMAN_CODING_EVIDENCE_OR_PIN_CITE
ICJ-182-2022-03-16||GA_FORMAL_VOTE::GAV|3967778,A/ES-11/PV.10,2,2,SAME_CASE_OR_DISPUTE_NO_PROVEN_COLLECTIVE_FOLLOW_THROUGH,0,0,0,russia|russian|russian federation|ukraine|ukrainian,russian federation|ukraine,"New York President: Mr. Shahid . . . . . . . . . . . . . . . . . . . . . . . . . . . . . . . . . . . . . . . . . . . (Maldives) In the absence of the President, Mr. Gastorn I intend to conduct the proceedings of this meeting (United Republic of Tanzania), Vice-President, in accordance with the rules of procedure of the General took the Chair. Assembly and the past practices of emergency special sessions. The meeting was called to order at 10.20 a.m. I now give the floor to the representative of Ukraine Agenda item 5 (continued) to introduce draft resolution A/ES-11/L.4. Letter dated 28 February 2014 from the Mr. Kyslytsya (Ukraine): One early morning of Permanent Representative of Ukraine to the April 1993, United Nations country representatives United Nations addressed to the President of had coffee, kissed their loved ones and went to the the Security Council (S/2014/136) quiet and comfortable United Nations Headquarters to do business as usual — perhaps as many of us did Draft resolutions  || orporated in a copy of the record and sent under the signature of a member of the delegation concerned to the Chief of the Verbatim Reporting Service, room U-0506 (verbatimrecords@un.org). Corrected records will be reissued electronically on the Official Document System of the United Nations (http://documents.un.org). 22-31171 (E) *2231171* A/ES-11/PV.10 07/04/2022 genocidal regime to influence other members’ view of this case is unique and today’s response is obvious and the situation, just as Russia’s presence in the Security self-explanatory. Let me read a quote: Council today allows it to spread lies almost daily. In “Our top priority is to guarantee all human April 2006, in New York harbour, by the Hudson River, rights and freedoms in their entirety, including an ocean-sized state-of-the-art liner was launched. political and civil rights and decent socioeconomic That magnificent liner then docked on the shores of and environmental living standards; Lake Geneva. Beautiful as it was, it w || er “Human Rights Council”. The the United Nations Charter, international covenants adoption of resolution 60/251 was a culmination of five and conventions. We want to see this approach months of consultations and negotiations facilitated become a universal norm.” (S/PV.3046, p. 46) by President of the Assembly Jan Eliasson and Ambassadors Arias of Panama and Kumalo of South It is hard to believe that those were the words Africa. Let me remind the Assembly of the words of of the President of the Russian Federation. It was Mr. Eliasson, President of the General Assembly at its another President, however, and different times. It sixtieth session, before the adoption of the resolution. was said by President Yeltsin in 1992 in his statement He said: at the Security Council. We can only regret that the democratic aspirations of the peoples of Russia in the “But we have now reached a decisive moment, early 1990s have been incrementally transformed into both for the promotion and protection of human  || er “Human Rights Council”. The the United Nations Charter, international covenants adoption of resolution 60/251 was a culmination of five and conventions. We want to see this approach months of consultations and negotiations facilitated become a universal norm.” (S/PV.3046, p. 46) by President of the Assembly Jan Eliasson and Ambassadors Arias of Panama and Kumalo of South It is hard to believe that those were the words Africa. Let me remind the Assembly of the words of of the President of the Russian Federation. It was Mr. Eliasson, President of the General Assembly at its another President, however, and different times. It sixtieth session, before the adoption of the resolution. was said by President Yeltsin in 1992 in his statement He said: at the Security Council. We can only regret that the democratic aspirations of the peoples of Russia in the “But we have now reached a decisive moment, early 1990s have been incrementally transformed into both for the promotion and protection of human the opposit",MACHINE_EXTRACTED_CONTEXT_NOT_HUMAN_CODING_EVIDENCE_OR_PIN_CITE
ICJ-188-2023-11-16||SC_MEETING::SCM|S/PV.9484,S/PV.9484,2,2,SAME_CASE_OR_DISPUTE_NO_PROVEN_COLLECTIVE_FOLLOW_THROUGH,0,0,0,syria|syrian,syria|torture,"dle East, including the Palestinian question S/PV.9484 In Israel, too, parents have grieved the unfathomable the indiscriminate bombing targets. This must stop trauma of children taken hostage by Hamas into the immediately. There can be no justification for attacks Gaza Strip. The 7 October attack on Israel also brought that imperil large groups of civilians, especially women horrific reports to the world of the killing of innocent and children. The laws of war, especially for the civilians and torture and sexual violence against protection of civilians, are not optional or reciprocal. women. They were rightly condemned and must be And they apply to all, including Hamas, and must be investigated, with the perpetrators held accountable. abided by. Trauma has unleashed trauma in its response. In the West Bank too, Israel’s growing restrictions We are witnessing grief and horror of immense on Palestinians’ freedom of movement is limiting proportions, as well as the normalization of hate speech w || s alleviate their suffering. operations, as well as attacks on schools and hospitals 12/28 23-36746 22/11/2023 The situation in the Middle East, including the Palestinian question S/PV.9484 that have claimed innocent lives, are of the utmost on the conflict for the first time since 2016. At the same concern. The strikes are also targeting other civilian time, the resolution left out Israel’s violent raids on sites — mosques, churches, refugee camps and the West Bank, the arbitrary air raids on Syria and the the United Nations facilities where the women and growing tensions along the Blue Line with Lebanon, children of Gaza seek refuge from the bombing — in which create a risk of the crisis spreading out further blatant violation of international humanitarian law. We throughout the Middle East region. have heard allegations of Hamas command posts and The absolute moral and humanitarian imperative to bunkers being located in such facilities, but we have end hostilities was reduced to a vague ||  the map that he showed ensure hope prevails, that peace prevails. For that to be from the rostrum of the General Assembly, erasing the possible we need to start with ending this madness, and nation of Palestine and the Palestinian people — Israel to ensure that morality prevails, legality prevails and from the river to the sea, by the Prime Minister of the humanity prevails. State of Israel. And, for good measure, he added the We unequivocally oppose the killing of civilians unlawfully annexed Syrian Golan. What outrage did and remain committed to the rule of international it spark? None. Because every Council member knew law. I repeat — we unequivocally oppose the killing that that was Israel’s intention — to wipe us from the of civilians and remain committed to the rule of face of the Earth, which will never happen. It will never international law. We have been clear — we believe in happen because we have existed from the beginning justice, not vengeance. We did not justify the killing of",MACHINE_EXTRACTED_CONTEXT_NOT_HUMAN_CODING_EVIDENCE_OR_PIN_CITE
ICJ-188-2023-11-16||SC_MEETING::SCM|S/PV.9486,S/PV.9486,0,0,NO_CASE_OR_ICJ_NEXUS,0,0,0,,,,MACHINE_EXTRACTED_CONTEXT_NOT_HUMAN_CODING_EVIDENCE_OR_PIN_CITE
ICJ-188-2023-11-16||GA_FORMAL_VOTE::GAV|4028491,A/78/PV.40,2,2,SAME_CASE_OR_DISPUTE_NO_PROVEN_COLLECTIVE_FOLLOW_THROUGH,1,0,0,canada|netherlands|syria|syrian|syrian arab republic,canada|netherlands|syria|torture,"s. Brattested (Norway): It remains Norway’s represents a blatant violation of the Charter of the firm position that only a negotiated two-State solution United Nations, the principles of international law based on the internationally agreed parameters can lead and the relevant international resolutions, including to durable peace. The period after 7 October has clearly Security Council resolution 2334 (2016), the 2004 illustrated that lasting stability between Israel and advisory opinion of the International Court of Justice Palestine, let alone in the region, cannot be achieved and the Fourth Geneva Convention of 1949. without addressing the question of Palestine. We also condemn the fact that Israel continues More than seven weeks of hostilities in Gaza and to build settlements in the occupied Palestinian Israel have led to a scale of human suffering that is territories. We urge the international community to put unprecedented and has shocked the world. That includes pressure on the Israeli authorities to end set || Government and people to the brotherly towards achieving a two-State solution, with Israel and Palestinian people and our historical and principled Palestine living side-by-side in peace. solidarity with their just question. Kuwait salutes the My delegation acknowledges the plight of the steadfastness of the fraternal Palestinian people and Palestinian refugees in all fields of operation, namely, supports their legitimate struggle against occupation the Hashemite Kingdom of Jordan, Lebanon, the Syrian in order to attain their full legitimate political rights. Arab Republic and the occupied Palestinian territory, We reiterate our commitment to the Arab, Islamic and and reiterates the need for continued humanitarian international position reaffirming that peace is the and socioeconomic assistance to the most vulnerable, strategic choice and that a just, comprehensive and especially the aged, women, children and youth, sustainable solution is based on the two-State solution through the recogni || Government and people to the brotherly towards achieving a two-State solution, with Israel and Palestinian people and our historical and principled Palestine living side-by-side in peace. solidarity with their just question. Kuwait salutes the My delegation acknowledges the plight of the steadfastness of the fraternal Palestinian people and Palestinian refugees in all fields of operation, namely, supports their legitimate struggle against occupation the Hashemite Kingdom of Jordan, Lebanon, the Syrian in order to attain their full legitimate political rights. Arab Republic and the occupied Palestinian territory, We reiterate our commitment to the Arab, Islamic and and reiterates the need for continued humanitarian international position reaffirming that peace is the and socioeconomic assistance to the most vulnerable, strategic choice and that a just, comprehensive and especially the aged, women, children and youth, sustainable solution is based on the two-State solution through the recogniz || d Syrian Golan and its resolution and those that will be supporting it and people, including such crimes as settlement expansion, voting in its favour. altering the demographic composition and institutional For more than five decades, the General Assembly structures, confiscation of land and property, the has at every session called upon Israel, the occupying plundering of the natural resources of the Golan, Power, to end its occupation of the Syrian Golan. It killings, arbitrary detentions and torture. reaffirms that any measures taken by Israel to impose The Syrian Arab Republic reaffirms its legitimate its laws, jurisdiction and governance on the occupied right to fully reclaim the occupied Syrian Golan to Syrian Golan are null and void and have no legal effect the line of 4 June 1967, however long it takes. This is whatsoever. In that respect, the General Assembly is an established right that is not subject to compromise fully in line with the position expressed unanimously or pressure. I || he catastrophic South Africa, Sri Lanka, Sudan, Suriname, Syrian consequences of which cannot be predicted. Arab Republic, Tajikistan, Thailand, Trinidad and Tobago, Tunisia, Türkiye, Turkmenistan, Uganda, Let us work together, hand in hand, to stop the United Arab Emirates, Uzbekistan, Viet Nam, tragedy that has been repeated for 75 years. We must Yemen, Zimbabwe preserve security and stability in the Middle East region, whose peoples love life and deserve to live in peace. Against: Australia, Canada, Israel, Marshall Islands, The Acting President: We have heard the last Micronesia (Federated States of), Palau, United speaker in the debate on this item. Kingdom of Great Britain and Northern Ireland, We shall now proceed to consider draft resolution United States of America A/78/L.10. Abstaining: I now give the floor to the representative of the Albania, Andorra, Austria, Belgium, Bosnia and Secretariat. Herzegovina, Bulgaria, Cameroon, Central African Mr. Nakano (Department for General Asse || Estonia, Finland, since the submission of draft resolution A/78/L.10, and France, Georgia, Germany, Greece, Guatemala, in addition to the delegations listed in the document, the Hungary, Iceland, Ireland, Italy, Japan, Kenya, following countries have also become co-sponsors of the Latvia, Liechtenstein, Lithuania, Luxembourg, draft resolution: Bahrain, Bangladesh, the Plurinational Madagascar, Malawi, Malta, Mexico, Monaco, State of Bolivia, Brunei Darussalam, Cuba, Djibouti, Montenegro, Nauru, Netherlands (Kingdom of the), Indonesia, Iraq, Malaysia, Morocco, Nicaragua, Oman, New Zealand, North Macedonia, Norway, Panama, the State of Palestine, Saudi Arabia, Senegal, Somalia, Papua New Guinea, Paraguay, Poland, Portugal, South Africa, the Sudan and the United Arab Emirates. Republic of Korea, Republic of Moldova, Romania, The Acting President: The General Assembly will San Marino, Serbia, Slovakia, Slovenia, South now take a decision on draft resolution A/78/L.10, entitled Sudan, Spain, Sweden, S",MACHINE_EXTRACTED_CONTEXT_NOT_HUMAN_CODING_EVIDENCE_OR_PIN_CITE
ICJ-188-2023-11-16||SC_MEETING::SCM|S/PV.9487,S/PV.9487,2,2,SAME_CASE_OR_DISPUTE_NO_PROVEN_COLLECTIVE_FOLLOW_THROUGH,1,1,0,syria|syrian|syrian arab republic,syria|torture,"They should be incorporated in a copy of the record and sent under the signature of a member of the delegation concerned to the Chief of the Verbatim Reporting Service, room AB-0601 (verbatimrecords@un.org). Corrected records will be reissued electronically on the Official Document System of the United Nations (http://documents.un.org). 23-37172 (E) Accessible document Please recycle *2337172* S/PV.9487 The situation in the Middle East 28/11/2023 The meeting was called to order at 10.05 a.m. in Syria against which the IDF says it carried out air strikes in response. Adoption of the agenda Near-daily reports of attacks on United States The agenda was adopted. forces in north-east Syria continue, mostly claimed by the so-called Islamic Resistance in Iraq, although none The situation in the Middle East have been reported in the past few days. The United States, which claims that groups behind those attacks The President (spoke in Chinese): In accordance with rule 37 of the Council’s provisiona || laimed by the so-called Islamic Resistance in Iraq, although none The situation in the Middle East have been reported in the past few days. The United States, which claims that groups behind those attacks The President (spoke in Chinese): In accordance with rule 37 of the Council’s provisional rules of are backed by Iran, carried out two more rounds of what procedure, I invite the representatives of the Islamic it says are retaliatory strikes on facilities in Syria that it Republic of Iran, the Syrian Arab Republic and Türkiye claims are used by Iran’s Islamic Revolutionary Guard to participate in this meeting. Corps and groups that it backs. Iran denies claims that those groups are affiliated with it. In accordance with rule 39 of the Council’s provisional rules of procedure, I invite the following Meanwhile, the Syrian conflict continues in all briefers to participate in the meeting: Ms. Najat Rochdi, its other dimensions, with this reporting period seeing Deputy Special Envoy of the Secre || laimed by the so-called Islamic Resistance in Iraq, although none The situation in the Middle East have been reported in the past few days. The United States, which claims that groups behind those attacks The President (spoke in Chinese): In accordance with rule 37 of the Council’s provisional rules of are backed by Iran, carried out two more rounds of what procedure, I invite the representatives of the Islamic it says are retaliatory strikes on facilities in Syria that it Republic of Iran, the Syrian Arab Republic and Türkiye claims are used by Iran’s Islamic Revolutionary Guard to participate in this meeting. Corps and groups that it backs. Iran denies claims that those groups are affiliated with it. In accordance with rule 39 of the Council’s provisional rules of procedure, I invite the following Meanwhile, the Syrian conflict continues in all briefers to participate in the meeting: Ms. Najat Rochdi, its other dimensions, with this reporting period seeing Deputy Special Envoy of the Secretary-General f ||  attempts to achieve progress on the political track. the Syrian regime and Russian forces in northern Syria. As a result, the Syrian people continue to flee their Those attacks killed scores of civilians, displaced over homes in droves, with refugees showing no indication 120,000 people and destroyed vital infrastructure. of a wish to return, not because of economic conditions, as the regime maintains, but because they fear regime It was my great hope that this briefing would be oppression and torture, arbitrary detention, enforced different — that we would not have to discuss more disappearance, mandatory conscription and sexual and bloodshed, more displacement and more brutality. gender-based violence. And yet, sadly, the Syrian regime’s ruthless bombing campaigns in Idlib and Aleppo governorates continue, We welcome the provisional measures issued by killing hundreds more civilians. What is more, the the International Court of Justice earlier this month, 23-371727/20 S/PV.9487 The situat || y fear regime It was my great hope that this briefing would be oppression and torture, arbitrary detention, enforced different — that we would not have to discuss more disappearance, mandatory conscription and sexual and bloodshed, more displacement and more brutality. gender-based violence. And yet, sadly, the Syrian regime’s ruthless bombing campaigns in Idlib and Aleppo governorates continue, We welcome the provisional measures issued by killing hundreds more civilians. What is more, the the International Court of Justice earlier this month, 23-371727/20 S/PV.9487 The situation in the Middle East 28/11/2023 which order Syria to prevent acts of torture and cruel, months, the country’s food and water crisis has worsened. inhuman and degrading treatment or punishment and That, combined with persistent socioeconomic decline, the destruction of evidence of such acts. That is vitally is driving more people into deeper poverty and severely important in holding the Al-Assad regime accountable straining their coping mec",MACHINE_EXTRACTED_CONTEXT_NOT_HUMAN_CODING_EVIDENCE_OR_PIN_CITE
ICJ-188-2023-11-16||SC_MEETING::SCM|S/PV.9489,S/PV.9489,2,2,SAME_CASE_OR_DISPUTE_NO_PROVEN_COLLECTIVE_FOLLOW_THROUGH,0,0,0,syria|syrian|syrian arab republic,syria,"ffairs of the Observer State of Palestine. remains volatile, as it was during the reporting period. Mr. Al-Malki (Palestine): I thank you, Approximately 100,000 Israelis remain displaced from Mr. President, for your decision to hold this meeting at communities in the north, and some 50,000 Lebanese the ministerial level and for presiding over it. I thank all are displaced from southern areas near the Blue Line. the ministers who decided to attend — notably the Arab On the Golan, firing from the Syrian Arab Republic and Organization of Islamic Cooperation ministers, towards the Israeli-occupied Golan and strikes by Israel who have been touring the world to advocate for an against targets in the Syrian Arab Republic took place. end to the Israeli aggression. I also wish to thank the From further afield, missiles and drones were also Secretary-General for his briefing and his efforts and reportedly launched from Yemen towards Israel. Most the United Nations for its vital role on the ground. we || ffairs of the Observer State of Palestine. remains volatile, as it was during the reporting period. Mr. Al-Malki (Palestine): I thank you, Approximately 100,000 Israelis remain displaced from Mr. President, for your decision to hold this meeting at communities in the north, and some 50,000 Lebanese the ministerial level and for presiding over it. I thank all are displaced from southern areas near the Blue Line. the ministers who decided to attend — notably the Arab On the Golan, firing from the Syrian Arab Republic and Organization of Islamic Cooperation ministers, towards the Israeli-occupied Golan and strikes by Israel who have been touring the world to advocate for an against targets in the Syrian Arab Republic took place. end to the Israeli aggression. I also wish to thank the From further afield, missiles and drones were also Secretary-General for his briefing and his efforts and reportedly launched from Yemen towards Israel. Most the United Nations for its vital role on the ground. wer || ffairs of the Observer State of Palestine. remains volatile, as it was during the reporting period. Mr. Al-Malki (Palestine): I thank you, Approximately 100,000 Israelis remain displaced from Mr. President, for your decision to hold this meeting at communities in the north, and some 50,000 Lebanese the ministerial level and for presiding over it. I thank all are displaced from southern areas near the Blue Line. the ministers who decided to attend — notably the Arab On the Golan, firing from the Syrian Arab Republic and Organization of Islamic Cooperation ministers, towards the Israeli-occupied Golan and strikes by Israel who have been touring the world to advocate for an against targets in the Syrian Arab Republic took place. end to the Israeli aggression. I also wish to thank the From further afield, missiles and drones were also Secretary-General for his briefing and his efforts and reportedly launched from Yemen towards Israel. Most the United Nations for its vital role on the ground. were intercepted.",MACHINE_EXTRACTED_CONTEXT_NOT_HUMAN_CODING_EVIDENCE_OR_PIN_CITE
ICJ-188-2023-11-16||SC_FORMAL_VOTE::SCV|2076,S/PV.9499,0,0,NO_CASE_OR_ICJ_NEXUS,0,0,0,,,,MACHINE_EXTRACTED_CONTEXT_NOT_HUMAN_CODING_EVIDENCE_OR_PIN_CITE
ICJ-188-2023-11-16||SC_MEETING::SCM|S/PV.9498,S/PV.9498,2,2,SAME_CASE_OR_DISPUTE_NO_PROVEN_COLLECTIVE_FOLLOW_THROUGH,0,0,0,syria|syrian,syria,"ccessible document Please recycle *2339545* S/PV.9498 The situation in the Middle East, including the Palestinian question 08/12/2023 The meeting was called to order at 10.05 a.m. that it would result in a complete breakdown of public order and increased pressure for mass displacement into Adoption of the agenda Egypt. I fear the consequences could be devastating for the security of the entire region. We have already The agenda was adopted. seen the spillover in the occupied West Bank, Lebanon, Syria, Iraq and Yemen. There is clearly, in my view, The situation in the Middle East, including the a serious risk of aggravating existing threats to the Palestinian question maintenance of international peace and security. Letter dated 6 December 2023 from the The risk of collapse of the humanitarian system is Secretary-General addressed to the President fundamentally linked with a complete lack of safety of the Security Council (S/2023/962) and security for our staff in Gaza and with the nature Th ||  the international community. hundreds of thousands, were killed, and millions were Hamas, like any terror entity, only responds when displaced, yet not once — not even once — has Article its existence is threatened. And without the military 99 of the Charter of the United Nations been invoked. pressure applied on Hamas, no amount of diplomacy Is the war in Ukraine not a threat to international peace can secure the release of hostages. Is this what the and security? Do the millions of displaced Syrians and Council desires — that Hamas continue its reign of the children whose corpses were found foaming at the terror forever, that the hostages, among them women mouth in Douma not symbolize a threat to regional and children, never leave Gaza? Hamas will not even stability? Is watching thousands of Yemeni children permit the Red Cross to visit them. Hamas has a die in war, while tens of thousands starve not worthy clear script. Calling for a ceasefire is following that enough to invoke Article 9",MACHINE_EXTRACTED_CONTEXT_NOT_HUMAN_CODING_EVIDENCE_OR_PIN_CITE
ICJ-188-2023-11-16||SC_MEETING::SCM|S/PV.9499,S/PV.9499,0,0,NO_CASE_OR_ICJ_NEXUS,0,0,0,,,,MACHINE_EXTRACTED_CONTEXT_NOT_HUMAN_CODING_EVIDENCE_OR_PIN_CITE
ICJ-188-2023-11-16||SC_MEETING::SCM|S/PV.9513,S/PV.9513,2,2,SAME_CASE_OR_DISPUTE_NO_PROVEN_COLLECTIVE_FOLLOW_THROUGH,0,0,0,syria|syrian|syrian arab republic,syria,"ation and resolving the conflict, in line with host nations. international law, relevant United Nations resolutions At the operational level, from 8 October, many and bilateral agreements, in pursuit of the two-State solution — Israel and an independent, democratic, ceasefire violations have occurred across the Blue viable and sovereign Palestinian State, of which Gaza Line, between Israel and Lebanon, and on the Golan is an integral part, living side by side in peace and between Israel and the Syrian Arab Republic. UNTSO’s security, within secure and recognized borders, on the military observers, who constitute Observer Group basis of the 1967 lines, with Jerusalem as the capital of Lebanon (OGL) and Observer Group Golan (OGG), both States. under the operational control of the United Nations Interim Force in Lebanon (UNIFIL) and the United The President (spoke in Spanish): I thank Nations Disengagement Observer Force, respectively, Mr. Wennesland for his briefing. took appropriate and adap || ation and resolving the conflict, in line with host nations. international law, relevant United Nations resolutions At the operational level, from 8 October, many and bilateral agreements, in pursuit of the two-State solution — Israel and an independent, democratic, ceasefire violations have occurred across the Blue viable and sovereign Palestinian State, of which Gaza Line, between Israel and Lebanon, and on the Golan is an integral part, living side by side in peace and between Israel and the Syrian Arab Republic. UNTSO’s security, within secure and recognized borders, on the military observers, who constitute Observer Group basis of the 1967 lines, with Jerusalem as the capital of Lebanon (OGL) and Observer Group Golan (OGG), both States. under the operational control of the United Nations Interim Force in Lebanon (UNIFIL) and the United The President (spoke in Spanish): I thank Nations Disengagement Observer Force, respectively, Mr. Wennesland for his briefing. took appropriate and adapt || ation and resolving the conflict, in line with host nations. international law, relevant United Nations resolutions At the operational level, from 8 October, many and bilateral agreements, in pursuit of the two-State solution — Israel and an independent, democratic, ceasefire violations have occurred across the Blue viable and sovereign Palestinian State, of which Gaza Line, between Israel and Lebanon, and on the Golan is an integral part, living side by side in peace and between Israel and the Syrian Arab Republic. UNTSO’s security, within secure and recognized borders, on the military observers, who constitute Observer Group basis of the 1967 lines, with Jerusalem as the capital of Lebanon (OGL) and Observer Group Golan (OGG), both States. under the operational control of the United Nations Interim Force in Lebanon (UNIFIL) and the United The President (spoke in Spanish): I thank Nations Disengagement Observer Force, respectively, Mr. Wennesland for his briefing. took appropriate and adapted security me",MACHINE_EXTRACTED_CONTEXT_NOT_HUMAN_CODING_EVIDENCE_OR_PIN_CITE
ICJ-188-2023-11-16||SC_FORMAL_VOTE::SCV|2079,S/PV.9516,0,0,NO_CASE_OR_ICJ_NEXUS,0,0,0,,,,MACHINE_EXTRACTED_CONTEXT_NOT_HUMAN_CODING_EVIDENCE_OR_PIN_CITE
ICJ-188-2023-11-16||SC_MEETING::SCM|S/PV.9516,S/PV.9516,0,0,NO_CASE_OR_ICJ_NEXUS,0,0,0,,,,MACHINE_EXTRACTED_CONTEXT_NOT_HUMAN_CODING_EVIDENCE_OR_PIN_CITE
ICJ-188-2023-11-16||SC_MEETING::SCM|S/PV.9517,S/PV.9517,2,2,SAME_CASE_OR_DISPUTE_NO_PROVEN_COLLECTIVE_FOLLOW_THROUGH,1,0,0,syria|syrian|syrian arab republic,syria|torture,"he record and sent under the signature of a member of the delegation concerned to the Chief of the Verbatim Reporting Service, room AB-0601 (verbatimrecords@un.org). Corrected records will be reissued electronically on the Official Document System of the United Nations (http://documents.un.org). 23-41594 (E) Accessible document Please recycle *2341594* S/PV.9517 The situation in the Middle East 21/12/2023 The meeting was called to order at 10.10 a.m. And in parallel, violence in all theatres of Syria continues and is even escalating once again in some Adoption of the agenda respects, with alarming reports of civilian casualties. In just the past few weeks, we have seen escalating The agenda was adopted. violence in north-west Syria. Pro-government air strikes intensified, as did front-line clashes, with very The situation in the Middle East serious incidents of shelling by government forces The President (spoke in Spanish): In accordance on Idlib. Intensified shelling was also carried out b || Pro-government air strikes intensified, as did front-line clashes, with very The situation in the Middle East serious incidents of shelling by government forces The President (spoke in Spanish): In accordance on Idlib. Intensified shelling was also carried out by with rule 37 of the Council’s provisional rules of listed terrorist group Hayat Tahrir Al-Sham and armed procedure, I invite the representatives of the Islamic opposition forces, including on Nubl and Al-Zahraa in Republic of Iran, the Syrian Arab Republic and Türkiye Aleppo. There were further drone attacks on government to participate in this meeting. areas attributed to Hayat Tahrir Al-Sham or other actors In accordance with rule 39 of the Council’s based in Idlib, which the Government says it intercepted. provisional rules of procedure, I invite the following Turkish drone strikes took place amid intense artillery briefers to participate in this meeting: Mr. Geir Pedersen, exchanges between Turkish and armed opposition forces Sp || Pro-government air strikes intensified, as did front-line clashes, with very The situation in the Middle East serious incidents of shelling by government forces The President (spoke in Spanish): In accordance on Idlib. Intensified shelling was also carried out by with rule 37 of the Council’s provisional rules of listed terrorist group Hayat Tahrir Al-Sham and armed procedure, I invite the representatives of the Islamic opposition forces, including on Nubl and Al-Zahraa in Republic of Iran, the Syrian Arab Republic and Türkiye Aleppo. There were further drone attacks on government to participate in this meeting. areas attributed to Hayat Tahrir Al-Sham or other actors In accordance with rule 39 of the Council’s based in Idlib, which the Government says it intercepted. provisional rules of procedure, I invite the following Turkish drone strikes took place amid intense artillery briefers to participate in this meeting: Mr. Geir Pedersen, exchanges between Turkish and armed opposition forces Special Envoy of || the Office in Gaziantep for spontaneous visits to Idlib on a United States co-facilitated draft resolution that are not coordinated with Damascus. OCHA should (A/C.3/78/L.43) on the human rights situation in Syria report strictly to the authorities of the Syrian Arab that reminded the world of the abuses the regime wants Republic on the matter. We know that the United Nations us to forget: the use of chemical weapons, extrajudicial is planning to finally send a cross-line humanitarian killings, torture, other ill-treatment, unjust detentions, convoy to the north-western regions of Syria by the enforced disappearances and gender-based violence. end of the year — the first since the non-renewal of We join the majority of United Nations States resolution 2672 (2023). We are counting on the success Members in reiterating the call on the Syrian regime of the operation. After all, as they keep telling us, the to immediately release all those arbitrarily held and humanitarian needs in areas outside  ||  of violence. The effects of such a scenario is fundamental to provide some relief for the victims will further complicate the humanitarian and security of torture and gross human rights violations, to restore situation in Syria and the region. We regret that the human dignity and to provide closure for the families of current conflict landscape in the region has produced an missing persons and detainees. The decision last month upsurge in violence in Syria and multiplied threats against by the International Court of Justice that Syria must the civilian population. The escalation of hostilities in take all measures to prevent acts of torture and other Damascus, Idlib and western Aleppo show that Syria is cruel treatment is a landmark for accountability. undergoing its most violent period since 2019. Another potential positive development is the It is unacceptable that 45,000 people in the city upcoming launch of the Independent Institution on of Ebreha remain without access to drinking water Missing Persons in the ",MACHINE_EXTRACTED_CONTEXT_NOT_HUMAN_CODING_EVIDENCE_OR_PIN_CITE
ICJ-188-2023-11-16||SC_FORMAL_VOTE::SCV|2081,S/PV.9520,0,0,NO_CASE_OR_ICJ_NEXUS,0,0,0,,,,MACHINE_EXTRACTED_CONTEXT_NOT_HUMAN_CODING_EVIDENCE_OR_PIN_CITE
ICJ-188-2023-11-16||SC_MEETING::SCM|S/PV.9519,S/PV.9519,2,2,SAME_CASE_OR_DISPUTE_NO_PROVEN_COLLECTIVE_FOLLOW_THROUGH,0,0,0,syria|syrian|syrian arab republic,syria," at 10.10 a.m. Organization for the Prohibition of Chemical Weapons (OPCW) Technical Secretariat on activities related to Adoption of the agenda resolution 2118 (2013). The agenda was adopted. Since the Council’s previous meeting on this matter, the OPCW Declaration Assessment Team (DAT) has The situation in the Middle East continued its efforts to clarify all outstanding issues regarding the initial declaration and subsequent Letter dated 27 November 2023 from the declarations submitted by the Syrian Arab Republic. Secretary-General addressed to the President I am very pleased to report that, after a gap of more of the Security Council (S/2023/920) than two and a half years, the twenty-fifth round of Letter dated 27 October 2023 from the consultations between the DAT and the Syrian National Secretary-General addressed to the President Authority took place from 30 October to 5 November. of the Security Council (S/2023/926) I have been informed that all DAT experts, as The President (spoke i ||  at 10.10 a.m. Organization for the Prohibition of Chemical Weapons (OPCW) Technical Secretariat on activities related to Adoption of the agenda resolution 2118 (2013). The agenda was adopted. Since the Council’s previous meeting on this matter, the OPCW Declaration Assessment Team (DAT) has The situation in the Middle East continued its efforts to clarify all outstanding issues regarding the initial declaration and subsequent Letter dated 27 November 2023 from the declarations submitted by the Syrian Arab Republic. Secretary-General addressed to the President I am very pleased to report that, after a gap of more of the Security Council (S/2023/920) than two and a half years, the twenty-fifth round of Letter dated 27 October 2023 from the consultations between the DAT and the Syrian National Secretary-General addressed to the President Authority took place from 30 October to 5 November. of the Security Council (S/2023/926) I have been informed that all DAT experts, as The President (spoke in ||  at 10.10 a.m. Organization for the Prohibition of Chemical Weapons (OPCW) Technical Secretariat on activities related to Adoption of the agenda resolution 2118 (2013). The agenda was adopted. Since the Council’s previous meeting on this matter, the OPCW Declaration Assessment Team (DAT) has The situation in the Middle East continued its efforts to clarify all outstanding issues regarding the initial declaration and subsequent Letter dated 27 November 2023 from the declarations submitted by the Syrian Arab Republic. Secretary-General addressed to the President I am very pleased to report that, after a gap of more of the Security Council (S/2023/920) than two and a half years, the twenty-fifth round of Letter dated 27 October 2023 from the consultations between the DAT and the Syrian National Secretary-General addressed to the President Authority took place from 30 October to 5 November. of the Security Council (S/2023/926) I have been informed that all DAT experts, as The President (spoke in Spanish): In ",MACHINE_EXTRACTED_CONTEXT_NOT_HUMAN_CODING_EVIDENCE_OR_PIN_CITE
ICJ-188-2023-11-16||SC_MEETING::SCM|S/PV.9520,S/PV.9520,0,0,NO_CASE_OR_ICJ_NEXUS,0,0,0,,,,MACHINE_EXTRACTED_CONTEXT_NOT_HUMAN_CODING_EVIDENCE_OR_PIN_CITE
ICJ-188-2023-11-16||SC_SPECIAL_VETO::SCX|13,S/PV.9520,0,0,NO_CASE_OR_ICJ_NEXUS,0,0,0,,,,MACHINE_EXTRACTED_CONTEXT_NOT_HUMAN_CODING_EVIDENCE_OR_PIN_CITE
ICJ-188-2023-11-16||SC_MEETING::SCM|S/PV.9522,S/PV.9522,2,1,GENERAL_OR_PARTIAL_NEXUS_ONLY,0,0,0,syria,syria,"pose that the Council invite the observer of and further escalation increasing as the conflict in the Observer State of Palestine to participate in the Gaza continues, it is vital that all actors immediately meeting, in accordance with the provisional rules of de-escalate and return to a cessation of hostilities under procedure and the previous practice in this regard. the framework of resolution 1701 (2006). There being no objection, it is so decided. Attacks on United States bases in Iraq and Syria now take place on a daily basis, with the United States In accordance with rule 39 of the Council’s conducting some air strikes against groups suspected of provisional rules of procedure, I invite the following those actions in Iraq and Syria. There are also reported briefers to participate in this meeting: Mr. Khaled Israeli air strikes inside Syria. Khiari, Assistant Secretary-General for the Middle East, Asia and the Pacific in the Departments of Political The continued Houthi threats to mar",MACHINE_EXTRACTED_CONTEXT_NOT_HUMAN_CODING_EVIDENCE_OR_PIN_CITE
ICJ-188-2023-11-16||SC_MEETING::SCM|S/PV.9531,S/PV.9531,2,1,GENERAL_OR_PARTIAL_NEXUS_ONLY,0,0,0,syria,syria,"ngle out Council’s obsession against Israel? It dedicates hours Israel; the only country in the world singled out for to talking about Israel and attempting to tie our hands condemnation with its very own special agenda item when brutal dictatorships and murderous regimes, such was the Jewish State. At that same annual meeting, as Iran and others, are hardly the focus here. Sadly, North Korea was elected to the WHO Executive Board, Council members are not the captains of this ship. The on which Syria and Yemen also sit. That is how distorted Council is being led by the poisonous political goals of the United Nations has become. the biased majority in the United Nations. Every United Nations body is now a weapon against Israel, and as a The same goes for the United Nations Relief and result, those in real need remain helpless. By focusing Works Agency for Palestine Refugees in the Near East mainly on Israel, a country that represents one tenth of (UNRWA). Just this week, a Telegram group of ",MACHINE_EXTRACTED_CONTEXT_NOT_HUMAN_CODING_EVIDENCE_OR_PIN_CITE
ICJ-188-2023-11-16||SC_MEETING::SCM|S/PV.9534,S/PV.9534,2,3,STRICT_CANDIDATE_3_COLLECTIVE_ACTION_AND_ORDER_NEXUS,1,1,0,netherlands|syria|syrian|syrian arab republic,netherlands|syria|torture,"anded and sustained humanitarian access throughout Gaza. scale up the distribution of food items, tents and shelter materials, medicines, clean water and spare parts to I repeat my call for an end to all violations of repair critical sanitation infrastructure. international humanitarian law. The use of human 24-017673/59 S/PV.9534 The situation in the Middle East, including the Palestinian question 23/01/2024 shields is unacceptable, as are the unprecedented levels coalition forces in Iraq and Syria. In response, the of devastation and civilian killings. I am also deeply United States has launched air strikes targeting troubled by reports of Israel’s inhumane treatment of individuals and groups suspected of those actions. In Palestinians detained during military operations. Syria, air strikes that Iran and Syria have attributed to I renew my appeal for an immediate humanitarian Israel have targeted officials of Hamas and the Islamic ceasefire. This will ensure sufficient aid gets to where  || evelopments across the each situation demands the implementation of a clear occupied West Bank, including East Jerusalem, where political road map that would contribute to long-term tensions are off the charts, with a dramatic increase in regional stability. In Syria, that is a United Nations- casualties. Dozens of Palestinians are being arrested facilitated political solution in line with resolution 2254 daily. Over 6,000 Palestinians have been detained since (2015) that meets the needs of all Syrians. Along the 7 October, with many subsequently released. Settler violence is also another major concern. The demolition Blue Line, we need the full implementation of resolution and seizure of Palestinian-owned houses and other 1701 (2006). In Yemen, we need the establishment of a structures continues. The Palestinian economy is in United Nations road map to implement the commitments crisis. Israel’s withholding of a significant portion of made by the parties and prepare for a Yemeni-owned, Pales || f an independent and sovereign Palestinian State occupying Power to justice before international bodies across the 1967 borders, with Al-Quds Al-Sharif as its in order to end the decades of impunity and lack of capital. We also call for adopting a new approach aimed accountability it has enjoyed. I would also mention the at activating the peace option and achieving a fair and initiative by the Republic of South Africa, which has comprehensive solution to the Palestinian question. petitioned the International Court of Justice in relation to the genocidal war waged by the Israeli occupying In these decisive times, it is vital that we oppose the Power against Gaza. illusion of the Israeli settler occupation that security can be achieved by eliminating the Palestinian national There are other initiatives, such as those by Chile project. It is vital that we prevent and ultimately end and Mexico to seize the International Criminal Court the continuing occupation campaign to seize and annex of the various types of crimes  || nd enforced? Where must Palestine go when, for decades, International Affairs of the Republic of Austria. the Council fails to act on its own resolutions while Israel kills Palestinians with impunity? Mr. Schallenberg (Austria): In a region that has seen more than its fair share of suffering, the last 109 I once again urge Council members to stop the days have brought a new dimension of devastation for everyday horrors faced by the Palestinians in Gaza and Israelis traumatized by the slaughter, torture and sexual the West Bank. Is the death of more than 25,000 people, violence of 7 October and who still fear for the more with increasing numbers dying from hunger and the than 130 innocent hostages held captive in Gaza, among freezing cold, including babies and children, too little them an Austrian citizen. The same holds true for Jews for us to act? We all have the responsibility to uphold around the world who are facing rising antisemitism international humanitarian law, without exception, in || ples of human rights. That is also civilian population and the rapidly deteriorating an ethical, legal and political duty that the international humanitarian situation, the large-scale loss of civilian community and the Security Council should shoulder. life, in particular the shocking number of children killed, and the incalculable suffering that continues to Furthermore, the Arab Group condemns the be visited on the people of Gaza. repeated Israeli acts of aggression on the territories of the Syrian Arab Republic and the Lebanese Republic. Liechtenstein’s most immediate priority remains It is important to safeguard safety and security in the the protection of civilians. To that end, the conflict neighbouring countries, so that war does not spill parties must fully respect international humanitarian over. The Arab Group believes that the crises in the law without exception, including by granting Middle East are intertwined, and the latest dangerous immediate, full and unhindered access to humanitarian de ||  the day resistance fighters as subversive actors and outlaws. after. Members must determine their position regarding 50/59 24-01767 23/01/2024 The situation in the Middle East, including the Palestinian question S/PV.9534 the representatives of the occupation forces who openly (spoke in English) rejected the establishment of a Palestinian State. More I have the honour to speak on behalf of the three recently, prior to the events of 7 October, their Prime Benelux countries — the Kingdom of the Netherlands, Minister held up a map of his presumed State here the Grand Duchy of Luxembourg, and my own country, at the United Nations, which included no place for the Kingdom of Belgium. the land of Palestine. What is the Council’s position on that? Palestine’s political future concerns only While aligning ourselves fully with the statement Palestinians. No one has the right to design solutions of the representative of the European Union and for the Palestinian people. notwithstanding our respective and ",MACHINE_EXTRACTED_CONTEXT_NOT_HUMAN_CODING_EVIDENCE_OR_PIN_CITE
ICJ-188-2023-11-16||SC_MEETING::SCM|S/PV.9534 (Resumption 1),S/PV.9534 (RESUMPTION 1),2,3,STRICT_CANDIDATE_3_COLLECTIVE_ACTION_AND_ORDER_NEXUS,1,1,0,syria|syrian|syrian arab republic,syria|torture,"ession against the Palestinian put an end to those criminal acts and hold those people that has been ongoing for the past 109 days. responsible accountable for their crimes. It has resulted thus far in the loss of thousands of innocent lives, the injury of tens of thousands of Furthermore, the OIC draws attention to the civilians, the destruction of vital civilian infrastructure disturbing reports of abuse, ill-treatment, collective and the forced displacement of the majority of the punishment, torture and violence perpetrated against Gaza Strip’s population in in blatant violation of Palestinian detainees. The plight of more than 11,000 international humanitarian law and the relevant United detained Palestinians, including the 5,800 who Nations resolutions. have been arrested since 7 October 2023, and the death of seven prisoners inside Israeli jails demand The atrocities being committed by the Israeli independent investigations into those violations. They occupying forces, akin to acts of g || half of the Chairperson the United Nations can no longer be delayed. 24-019403/18 S/PV.9534 (Resumption 1) The situation in the Middle East, including the Palestinian question 24/01/2024 We reaffirm Cuba’s willingness to contribute ceremony commemorating the fourth anniversary of to legitimate international efforts to put an end to the assassination of General Qasem Soleimani. We the current situation. We support South Africa’s express our solidarity with the Iranian people and petition to the International Court of Justice against Government. Our heartfelt condolences go to the Israel, with regard to that country’s violations of its families of the victims. obligations under the Convention on the Prevention and Punishment of the Crime of Genocide, to which Cuba We demand an immediate and unconditional end to is a State party. the arbitrary and illegal unilateral coercive measures imposed by the United States against sovereign nations We reiterate the proposal presented by our in the Middle East. Stop the double s || tability and peace in the entire The Middle East peace process has long stalled — not Middle East region. That noble purpose would also be on its own but owing to deliberate actions taken by served by an end to other Israeli abuses in the region, various sides. Now we are witnessing the cruellest war, supported by the United States. one that seriously threatens the prospect of a peaceful coexistence between Israelis and Palestinians. We demand Israel’s full and unconditional withdrawal from the Syrian Golan and all occupied Let me repeat what Brazil has been urging the Arab territories. Aggressions against Syria that violate Council to demand for far too long: an immediate its sovereignty and territorial integrity, as well as ceasefire in Gaza, before nothing is left to be external interference in that Arab nation must cease. saved. That is the urgent call from the international We support the search for a peaceful and negotiated community, translated in powerful General Assembly solution t || tability and peace in the entire The Middle East peace process has long stalled — not Middle East region. That noble purpose would also be on its own but owing to deliberate actions taken by served by an end to other Israeli abuses in the region, various sides. Now we are witnessing the cruellest war, supported by the United States. one that seriously threatens the prospect of a peaceful coexistence between Israelis and Palestinians. We demand Israel’s full and unconditional withdrawal from the Syrian Golan and all occupied Let me repeat what Brazil has been urging the Arab territories. Aggressions against Syria that violate Council to demand for far too long: an immediate its sovereignty and territorial integrity, as well as ceasefire in Gaza, before nothing is left to be external interference in that Arab nation must cease. saved. That is the urgent call from the international We support the search for a peaceful and negotiated community, translated in powerful General Assembly solution to || human connection, we wish to express our full support for rights, protecting and assisting civilians and ensuring Palestine to be granted full membership in the United accountability: where is their zeal for those principles Nations at the earliest opportunity. today? What are they doing to protect the Palestinian people from the Israeli killing machine? What about The President (spoke in French): I now give the ensuring that Israel does not go unpunished? How floor to the representative of the Syrian Arab Republic. will they hold Israel accountable for its criminal acts Mr. Dandy (Syrian Arab Republic) (spoke in against Palestinians? Arabic): At the outset, my delegation aligns itself with My country calls upon the Security Council to the statement delivered by the Permanent Representative take effective and immediate steps to end the suffering of the sisterly Kingdom of Bahrain on behalf of the of the Palestinian people by stopping the ongoing Group of Arab States and wishes to make the following Israel",MACHINE_EXTRACTED_CONTEXT_NOT_HUMAN_CODING_EVIDENCE_OR_PIN_CITE
ICJ-188-2023-11-16||SC_MEETING::SCM|S/PV.9540,S/PV.9540,2,2,SAME_CASE_OR_DISPUTE_NO_PROVEN_COLLECTIVE_FOLLOW_THROUGH,1,1,1,syria,syria,"e French presidency by the alleged actions of a few individuals. It is a matter for its prompt response to our request to convene this of extraordinary disproportion. meeting. I also thank Mr. Martin Griffiths for his thorough briefing. Likewise, UNRWA’s support for Palestinians in need in the West Bank, where we have significant concerns Our meeting is held at a time when the aggression over the worsening situation — as in Lebanon, Jordan against the Palestinian people has been ongoing for and Syria — must also be safeguarded. We seldom talk almost five months. It is held after the International about the West Bank, as Gaza is the centre of gravity Court of Justice agreed to consider the case regarding of this terrible tragedy. It is tragic to think that the very the violations of the United Nations Convention on the small steps that we have been observing and that we Prevention and Punishment of the Crime of Genocide discussed in the closed meeting the other day on Syria committed in the  || international community to ensure that Israel quite remarkable how, in recent days and months, health fully complies with those measures. It is imperative institutions, of all things, have become a target — not just to put an end to the bloodbath and the genocide of the Palestinians. in Gaza, not just in occupied territories, but in different parts of the world. The same applies to humanitarian aid The provisional measures adopted by the workers, of all people. I therefore reiterate my call for International Court of Justice cannot be implemented in the immediate release of all hostages. I have met them any other way than through a ceasefire. It is imperative and their families as well. I call for their unconditional to cease this absurd aggression immediately. It is release and their humane treatment. I cannot end crucial to reach a ceasefire immediately. Those who without repeating the Secretary-General’s appeal for a oppose the ceasefire must appeal to their conscience humanitarian ceasefire, so that we can star || land stands ready to work with a united Council measures are binding on the parties. Switzerland expects to that end. The elements I have mentioned — respect Israel to comply with its order and in particular to take for international law, including the establishment of a the necessary measures to prevent the commission of any humanitarian ceasefire, access to aid in Gaza and the act of genocide and any kind of incitement to commit it. release of hostages — are only the first steps towards a The Court’s order also includes effective measures to be political resolution of the conflict. Switzerland stands taken without delay to enable the provision of urgently ready to support efforts to rebuild hope for peace needed basic services and humanitarian aid in order to through a two-State solution, with two democratic alleviate the difficult conditions that the Palestinians of States, living side by side in peace, within secure and the Gaza Strip are living in. recognized borders, with Gaza as an integral ",MACHINE_EXTRACTED_CONTEXT_NOT_HUMAN_CODING_EVIDENCE_OR_PIN_CITE
ICJ-188-2023-11-16||SC_MEETING::SCM|S/PV.9548,S/PV.9548,2,2,SAME_CASE_OR_DISPUTE_NO_PROVEN_COLLECTIVE_FOLLOW_THROUGH,0,0,0,canada|netherlands|syria,canada|netherlands|syria,"rian aid help the people of Yemen transition towards self- in the region. Furthermore, those illegal and unjustified sufficiency. Lastly, we ask Council members to urge all attacks risk exacerbating the humanitarian suffering involved to choose the path of de-escalation and peace. in Yemen. That is why we have taken necessary, proportionate and legal action in self-defence, alongside The President: I thank Ms. Wosornu for the United States and with support from Australia, her briefing. Bahrain, Canada, Denmark, the Netherlands and New I shall now give the floor to those members of the Zealand, against targets tied to the Houthi attacks. Council who wish to make statements. In conclusion, let me underscore our commitment to Dame Barbara Woodward (United Kingdom): the peace process in Yemen and to the Special Envoy’s Let me start by thanking Special Envoy Grundberg and personal efforts to bring sustainable peace to its people. Director Wosornu for their timely briefings. Mr. Kim (Republic of K || ple of Yemen transition towards self- in the region. Furthermore, those illegal and unjustified sufficiency. Lastly, we ask Council members to urge all attacks risk exacerbating the humanitarian suffering involved to choose the path of de-escalation and peace. in Yemen. That is why we have taken necessary, proportionate and legal action in self-defence, alongside The President: I thank Ms. Wosornu for the United States and with support from Australia, her briefing. Bahrain, Canada, Denmark, the Netherlands and New I shall now give the floor to those members of the Zealand, against targets tied to the Houthi attacks. Council who wish to make statements. In conclusion, let me underscore our commitment to Dame Barbara Woodward (United Kingdom): the peace process in Yemen and to the Special Envoy’s Let me start by thanking Special Envoy Grundberg and personal efforts to bring sustainable peace to its people. Director Wosornu for their timely briefings. Mr. Kim (Republic of Korea): At the outset, I to || volved to exercise maximum restraint, prioritize diplomatic channels over military The A3+1 stresses that the parties have a legal options and call for de-escalation. obligation to ensure that humanitarian personnel are allowed to carry out their work unhindered and It is imperative to underscore that the Middle free from harm. Hostage-taking and other threats East is at a crossroads, with the current situations to their existence and ability to effectively carry out in Yemen, Lebanon, Iraq and Syria escalating to a their duties, including by denying them freedom of point where regional spillover from the conflict in movement, must cease. We urge strongly for the release Gaza could become a reality. It will be prudent for all of all humanitarian workers and for an immediate end parties to exercise restraint and abstain from further to all forms of intimidation employed to discourage escalating tensions. A wider regional conflagration in them from carrying out their vital work. the immediate",MACHINE_EXTRACTED_CONTEXT_NOT_HUMAN_CODING_EVIDENCE_OR_PIN_CITE
ICJ-188-2023-11-16||SC_FORMAL_VOTE::SCV|2085,S/PV.9552,2,3,STRICT_CANDIDATE_3_COLLECTIVE_ACTION_AND_ORDER_NEXUS,1,1,1,syria,syria,"imrecords@un.org). Corrected records will be reissued electronically on the Official Document System of the United Nations (http://documents.un.org). 24-04552 (E) Accessible document Please recycle *2404552* S/PV.9552 The situation in the Middle East, including the Palestinian question 20/02/2024 The meeting was called to order at 10.05 a.m. thirdly, the rejection of the forced displacement of Palestinians; fourthly, compliance with the provisional Adoption of the agenda measures ordered by the International Court of Justice; and fifthly, and lastly, the imperative for all The agenda was adopted. parties to respect their obligations under international humanitarian law. The situation in the Middle East, including the Palestinian question Throughout the process, we heard calls for giving time to a parallel track in order to preserve its chances, The President: In accordance with rule 37 of the with concerns raised that any action from the Council Council’s provisional rules of procedure, I invite the would jeopardiz ||  that it is bound to fully Palestinian people, who every day are facing death and comply with its obligations under the Convention on the destruction and the torment of starvation and repeated Prevention and Punishment of the Crime of Genocide forced displacement. and all provisional measures ordered by the Court on 26 January. The Court also had to remind Israel that its It has been nearly three weeks since I last obligations should be effective immediately. addressed the Council following the Court’s order (see S/PV.9540), appealing for action to be taken to ensure The call for a ceasefire should have been agreed the implementation of the provisional measures, to to long ago. What threshold has to be crossed for the ensure a ceasefire that would protect the Palestinian Council to finally demand a ceasefire? What could be people and to avert the further ravaging of their lives by more serious than the crime of genocide? As my brother the Israeli onslaught. But our appeals have regrettably Amar sai || and United Nations offices, and kill dozens of credibility of this important United Nations organ. United Nations and humanitarian staff and journalists? 24-0455219/21 S/PV.9552 The situation in the Middle East, including the Palestinian question 20/02/2024 The Arab Group also condemns in the strongest situation in Gaza, particularly on the border with Egypt terms the occupying Power’s repeated acts of aggression in Rafah, not sufficient to convince the United States against the territories of Syria and Lebanon, its violation delegation to vote in favour of a ceasefire after 140 days of their sovereignty and its killing of innocent civilians, into the conflict and more than 30,000 people, mostly acts that undermine security, peace and stability in the women and children, having lost their lives as a result region and the world The Arab Group will continue to of the unjust war in Gaza? take action at all levels and in all forums to ensure that Egypt was the first Arab country to make peace ",MACHINE_EXTRACTED_CONTEXT_NOT_HUMAN_CODING_EVIDENCE_OR_PIN_CITE
ICJ-188-2023-11-16||SC_MEETING::SCM|S/PV.9552,S/PV.9552,2,3,STRICT_CANDIDATE_3_COLLECTIVE_ACTION_AND_ORDER_NEXUS,1,1,1,syria,syria,"imrecords@un.org). Corrected records will be reissued electronically on the Official Document System of the United Nations (http://documents.un.org). 24-04552 (E) Accessible document Please recycle *2404552* S/PV.9552 The situation in the Middle East, including the Palestinian question 20/02/2024 The meeting was called to order at 10.05 a.m. thirdly, the rejection of the forced displacement of Palestinians; fourthly, compliance with the provisional Adoption of the agenda measures ordered by the International Court of Justice; and fifthly, and lastly, the imperative for all The agenda was adopted. parties to respect their obligations under international humanitarian law. The situation in the Middle East, including the Palestinian question Throughout the process, we heard calls for giving time to a parallel track in order to preserve its chances, The President: In accordance with rule 37 of the with concerns raised that any action from the Council Council’s provisional rules of procedure, I invite the would jeopardiz ||  that it is bound to fully Palestinian people, who every day are facing death and comply with its obligations under the Convention on the destruction and the torment of starvation and repeated Prevention and Punishment of the Crime of Genocide forced displacement. and all provisional measures ordered by the Court on 26 January. The Court also had to remind Israel that its It has been nearly three weeks since I last obligations should be effective immediately. addressed the Council following the Court’s order (see S/PV.9540), appealing for action to be taken to ensure The call for a ceasefire should have been agreed the implementation of the provisional measures, to to long ago. What threshold has to be crossed for the ensure a ceasefire that would protect the Palestinian Council to finally demand a ceasefire? What could be people and to avert the further ravaging of their lives by more serious than the crime of genocide? As my brother the Israeli onslaught. But our appeals have regrettably Amar sai || and United Nations offices, and kill dozens of credibility of this important United Nations organ. United Nations and humanitarian staff and journalists? 24-0455219/21 S/PV.9552 The situation in the Middle East, including the Palestinian question 20/02/2024 The Arab Group also condemns in the strongest situation in Gaza, particularly on the border with Egypt terms the occupying Power’s repeated acts of aggression in Rafah, not sufficient to convince the United States against the territories of Syria and Lebanon, its violation delegation to vote in favour of a ceasefire after 140 days of their sovereignty and its killing of innocent civilians, into the conflict and more than 30,000 people, mostly acts that undermine security, peace and stability in the women and children, having lost their lives as a result region and the world The Arab Group will continue to of the unjust war in Gaza? take action at all levels and in all forums to ensure that Egypt was the first Arab country to make peace ",MACHINE_EXTRACTED_CONTEXT_NOT_HUMAN_CODING_EVIDENCE_OR_PIN_CITE
ICJ-188-2023-11-16||SC_MEETING::SCM|S/PV.9556,S/PV.9556,2,2,SAME_CASE_OR_DISPUTE_NO_PROVEN_COLLECTIVE_FOLLOW_THROUGH,1,1,1,syria|syrian,syria,"to Gaza. I am also encouraged restoring single, effective Palestinian governance that the Palestinian Prime Minister announced several across the occupied Palestinian territories, including judicial, security, administrative and financial reforms Gaza. International support to strengthen and reform last month, but more remains to be done. the Palestinian Authority in order to improve domestic In the international arena, on 26 January, the and international legitimacy will be critical. To create International Court of Justice issued provisional the conditions for this to work, there must be time-bound measures in the case of South Africa vs. Israel, on the steps within a political framework to end the occupation application of the Convention on the Prevention and and establish a two-State solution in line with the Punishment of the Crime of Genocide in the Gaza Strip. relevant United Nations resolutions, international law I welcome the recent visit of the Special Representative and bilateral agreements. Those effort || erious risk The President: I thank Mr. Wennesland for of further regional escalation. Across the Blue Line, his briefing. exchanges of fire between Israel and Hizbullah continue I now give the floor to Mr. Lockyear. to intensify, with several civilian casualties reported in recent days. Approximately 100,000 Israelis and Mr. Lockyear: As I speak, more than 1.5 million more than 87,000 Lebanese are displaced from their people are trapped in Rafah. People violently forced communities. Firing from Syria towards the Israeli- into that strip of land in southern Gaza are bearing the occupied Golan and strikes by Israel against targets in brunt of Israel’s military campaign. We live in fear of a Syria also continued, including Syrian claims of Israeli ground invasion. Our fears are rooted in experience. Just strikes on locations in Damascus and Homs. 48 hours ago, as a family sat around their kitchen table in a house sheltering Médecins sans frontières (MSF) On 28 January, three United States sold || with several civilian casualties reported in recent days. Approximately 100,000 Israelis and Mr. Lockyear: As I speak, more than 1.5 million more than 87,000 Lebanese are displaced from their people are trapped in Rafah. People violently forced communities. Firing from Syria towards the Israeli- into that strip of land in southern Gaza are bearing the occupied Golan and strikes by Israel against targets in brunt of Israel’s military campaign. We live in fear of a Syria also continued, including Syrian claims of Israeli ground invasion. Our fears are rooted in experience. Just strikes on locations in Damascus and Homs. 48 hours ago, as a family sat around their kitchen table in a house sheltering Médecins sans frontières (MSF) On 28 January, three United States soldiers were staff and their families in Khan Younis, a 120mm tank killed and more than 40 were injured in a drone attack shell exploded through the walls, igniting a fire and on a United States military outpost in the northern part o || ustice thousands of civilians are under siege, facing starvation has been clear — Israel must take effective measures and epidemics. The majority of them are in Rafah, a without delay to enable the provision of urgently refuge for more than 1 million civilians fleeing the needed basic services and humanitarian aid throughout fighting and a vital conduit for humanitarian aid to the Gaza Strip. Switzerland reminds Israel that it must Gaza. Switzerland is deeply concerned about the comply with the Court’s order and, in particular, take catastrophic humanitarian consequences that an the necessary measures to that end. Israeli large-scale military offensive in Rafah could have — both directly for the civilian population and for As we have heard, already fragile humanitarian aid operations cannot be kept afloat without the delivery of humanitarian aid. adequate security guarantees and sufficient access We condemn the fact that hostilities continue to for humanitarian personnel. In the short term, we clai",MACHINE_EXTRACTED_CONTEXT_NOT_HUMAN_CODING_EVIDENCE_OR_PIN_CITE
ICJ-188-2023-11-16||SC_MEETING::SCM|S/PV.9559,S/PV.9559,2,2,SAME_CASE_OR_DISPUTE_NO_PROVEN_COLLECTIVE_FOLLOW_THROUGH,0,0,0,syria|syrian|syrian arab republic,syria,"The situation in the Middle East 27/02/2024 The meeting was called to order at 10 a.m. has seen multiple front-line skirmishes, exchanges of artillery and rocket and sniper fire, along with pro- Adoption of the agenda Government and Hayat Tahrir Al-Sham and Turkish drone strikes. Attacks by the Islamic State in Iraq The agenda was adopted. and the Levant continued to increase in quantity and impact, particularly in the central and north-eastern The situation in the Middle East regions. Southern Syria remains violent and unstable, The President: In accordance with rule 37 of the with further killings and clashes in Dara’a and fresh Council’s provisional rules of procedure, I invite the confrontations between the Jordanian army and representatives of the Islamic Republic of Iran, the what it says were armed smugglers on the Syrian- Syrian Arab Republic and Türkiye to participate in Jordanian border. this meeting. Plainly, the tensions in the region must be In accordance with rule 39 of the Co || dopted. and the Levant continued to increase in quantity and impact, particularly in the central and north-eastern The situation in the Middle East regions. Southern Syria remains violent and unstable, The President: In accordance with rule 37 of the with further killings and clashes in Dara’a and fresh Council’s provisional rules of procedure, I invite the confrontations between the Jordanian army and representatives of the Islamic Republic of Iran, the what it says were armed smugglers on the Syrian- Syrian Arab Republic and Türkiye to participate in Jordanian border. this meeting. Plainly, the tensions in the region must be In accordance with rule 39 of the Council’s urgently de-escalated, starting with the immediate provisional rules of procedure, I invite the following humanitarian ceasefire in Gaza that the Secretary- briefers to participate in this meeting: Mr. Geir General has called for. And we equally plainly need Pedersen, Special Envoy of the Secretary-General for urgent de-escal || and the Levant continued to increase in quantity and impact, particularly in the central and north-eastern The situation in the Middle East regions. Southern Syria remains violent and unstable, The President: In accordance with rule 37 of the with further killings and clashes in Dara’a and fresh Council’s provisional rules of procedure, I invite the confrontations between the Jordanian army and representatives of the Islamic Republic of Iran, the what it says were armed smugglers on the Syrian- Syrian Arab Republic and Türkiye to participate in Jordanian border. this meeting. Plainly, the tensions in the region must be In accordance with rule 39 of the Council’s urgently de-escalated, starting with the immediate provisional rules of procedure, I invite the following humanitarian ceasefire in Gaza that the Secretary- briefers to participate in this meeting: Mr. Geir General has called for. And we equally plainly need Pedersen, Special Envoy of the Secretary-General for urgent de-escalation inside Syria, bu",MACHINE_EXTRACTED_CONTEXT_NOT_HUMAN_CODING_EVIDENCE_OR_PIN_CITE
ICJ-188-2023-11-16||SC_MEETING::SCM|S/PV.9562,S/PV.9562,2,2,SAME_CASE_OR_DISPUTE_NO_PROVEN_COLLECTIVE_FOLLOW_THROUGH,0,0,0,syria|syrian|syrian arab republic,syria,"ent System of the United Nations (http://documents.un.org). 24-05780 (E) Accessible document Please recycle *2405780* S/PV.9562 The situation in the Middle East 04/03/2024 The meeting was called to order at 10.05 a.m. Since the Council’s previous meeting on this matter, the OPCW Declaration Assessment Team (DAT) has Adoption of the agenda continued its efforts to clarify all outstanding issues regarding the initial declaration and subsequent The agenda was adopted. declarations submitted by the Syrian Arab Republic. As was reported at the last briefing, consultations between The situation in the Middle East the DAT and the Syrian National Authority resumed in Letter dated 29 January 2024 from the October 2023 after a gap of more than two and a half Secretary-General addressed to the President years. I am also pleased to report that another round of of the Security Council (S/2024/111) consultations took place from 23 January to 1 February, which is the twenty-sixth round of consultations. L || ent System of the United Nations (http://documents.un.org). 24-05780 (E) Accessible document Please recycle *2405780* S/PV.9562 The situation in the Middle East 04/03/2024 The meeting was called to order at 10.05 a.m. Since the Council’s previous meeting on this matter, the OPCW Declaration Assessment Team (DAT) has Adoption of the agenda continued its efforts to clarify all outstanding issues regarding the initial declaration and subsequent The agenda was adopted. declarations submitted by the Syrian Arab Republic. As was reported at the last briefing, consultations between The situation in the Middle East the DAT and the Syrian National Authority resumed in Letter dated 29 January 2024 from the October 2023 after a gap of more than two and a half Secretary-General addressed to the President years. I am also pleased to report that another round of of the Security Council (S/2024/111) consultations took place from 23 January to 1 February, which is the twenty-sixth round of consultations. Le || ent System of the United Nations (http://documents.un.org). 24-05780 (E) Accessible document Please recycle *2405780* S/PV.9562 The situation in the Middle East 04/03/2024 The meeting was called to order at 10.05 a.m. Since the Council’s previous meeting on this matter, the OPCW Declaration Assessment Team (DAT) has Adoption of the agenda continued its efforts to clarify all outstanding issues regarding the initial declaration and subsequent The agenda was adopted. declarations submitted by the Syrian Arab Republic. As was reported at the last briefing, consultations between The situation in the Middle East the DAT and the Syrian National Authority resumed in Letter dated 29 January 2024 from the October 2023 after a gap of more than two and a half Secretary-General addressed to the President years. I am also pleased to report that another round of of the Security Council (S/2024/111) consultations took place from 23 January to 1 February, which is the twenty-sixth round of consultations. Letter dated 26 ",MACHINE_EXTRACTED_CONTEXT_NOT_HUMAN_CODING_EVIDENCE_OR_PIN_CITE
ICJ-188-2023-11-16||SC_MEETING::SCM|S/PV.9572,S/PV.9572,0,2,SAME_CASE_OR_DISPUTE_NO_PROVEN_COLLECTIVE_FOLLOW_THROUGH,1,1,0,canada,canada|torture,"ng suffering and clear instructions for the public release of my report abducting the maximum possible number of men, and its immediate transmission to the Security Council. women and children, soldiers and civilians alike, in the The mission team conducted meetings with a range minimum possible amount of time. It was a catalogue of Israeli national institutions, including relevant line of the most extreme and inhumane forms of killing, ministries. We met with families and relatives of hostages torture and other horrors — people shot, often in held in captivity and members of communities displaced the head and at close range; families burned alive in from several kibbutzim, as well as representatives from their homes as they tried to hide in safe rooms; people Israeli civil society organizations and academia. We gunned down or killed by grenades in bomb shelters conducted confidential interviews with 34 individuals, where they sought refuge; partygoers hunted down at including survivors and w || s aimed at the report received as a result of the mission cannot be shedding light on the crimes committed during the called exhaustive, even on its stated subject. According Palestinian-Israeli conflict. We are convinced that to the report, Ms. Patten’s team was unable to meet with the United Nations is not taking sufficient measures victims of the sexual violence that took place during in that area. Thousands of people are dying, and the tragic events of 7 October. Overall, as the Special the International Court of Justice has noted a high Representative admits, the data was received in large likelihood of genocide currently taking place in the part from the Government of Israel and requires further Gaza Strip. The United Nations essentially lacks the study and investigation. access required to obtain reliable information. Israel is deliberately creating obstacles to such access. On a separate note, we would like to point out that the definitions and methods of work used by Ms. Patten Against that backdrop, West  || ster Hamas crimes are even worse than the terrorist for Foreign Affairs of the State of Israel. actions carried out by Al-Qaida, the Islamic State in Iraq and the Sham and other terrorist organizations that Mr. Katz (Israel): I would like to thank the United were sanctioned by the United Nations. Many countries States, France and the United Kingdom for heeding have declared Hamas a terrorist organization, including our call to summon the Council today and Japan for the United States, Australia, Canada, Japan, Paraguay, enabling this emergency meeting of the Council. New Zealand, the United Kingdom, the European Union Today we are able to shine a light in the darkness and others. I implore Council members to not look of the families that have been harmed by the Hamas away from the facts. Hamas must be declared a terrorist murderers who committed crimes against Israeli organization and face the heaviest sanctions possible. innocent people and against humanity. The Muslim world is today celebra",MACHINE_EXTRACTED_CONTEXT_NOT_HUMAN_CODING_EVIDENCE_OR_PIN_CITE
ICJ-188-2023-11-16||SC_MEETING::SCM|S/PV.9576,S/PV.9576,0,0,NO_CASE_OR_ICJ_NEXUS,0,0,0,,,,MACHINE_EXTRACTED_CONTEXT_NOT_HUMAN_CODING_EVIDENCE_OR_PIN_CITE
ICJ-188-2023-11-16||SC_MEETING::SCM|S/PV.9583,S/PV.9583,2,2,SAME_CASE_OR_DISPUTE_NO_PROVEN_COLLECTIVE_FOLLOW_THROUGH,0,0,0,canada|syria|syrian|syrian arab republic,canada|syria|torture," They should be incorporated in a copy of the record and sent under the signature of a member of the delegation concerned to the Chief of the Verbatim Reporting Service, room AB-0928 (verbatimrecords@un.org). Corrected records will be reissued electronically on the Official Document System of the United Nations (http://documents.un.org). 24-07764 (E) Accessible document Please recycle *2407764* S/PV.9583 The situation in the Middle East 21/03/2024 The meeting was called to order at 10 a.m. with Syria, where there were reports of drones about to enter Jordanian territory; shelling exchanges between Adoption of the agenda Government forces and the Syrian Democratic Forces along the Euphrates; and new attacks by Da’esh that The agenda was adopted. killed civilians, including, once again, large numbers of civilians searching for truffles in the desert. The situation in the Middle East The conflict in Gaza and its regional ramifications The President: In accordance with rule 37 of the remain an  || orting Service, room AB-0928 (verbatimrecords@un.org). Corrected records will be reissued electronically on the Official Document System of the United Nations (http://documents.un.org). 24-07764 (E) Accessible document Please recycle *2407764* S/PV.9583 The situation in the Middle East 21/03/2024 The meeting was called to order at 10 a.m. with Syria, where there were reports of drones about to enter Jordanian territory; shelling exchanges between Adoption of the agenda Government forces and the Syrian Democratic Forces along the Euphrates; and new attacks by Da’esh that The agenda was adopted. killed civilians, including, once again, large numbers of civilians searching for truffles in the desert. The situation in the Middle East The conflict in Gaza and its regional ramifications The President: In accordance with rule 37 of the remain an acute source of concern, and de-escalation Council’s provisional rules of procedure, I invite the there is essential, starting with an immediate representa || d. killed civilians, including, once again, large numbers of civilians searching for truffles in the desert. The situation in the Middle East The conflict in Gaza and its regional ramifications The President: In accordance with rule 37 of the remain an acute source of concern, and de-escalation Council’s provisional rules of procedure, I invite the there is essential, starting with an immediate representatives of the Islamic Republic of Iran, the humanitarian ceasefire. The de-escalation of the Syrian Arab Republic and Türkiye to participate in conflict in Syria itself is equally urgent, building this meeting. on existing ceasefire arrangements and aimed at a In accordance with rule 39 of the Council’s provisional nationwide ceasefire in line with resolution 2254 rules of procedure, I invite the following briefers to (2015). Civilians and civilian infrastructure must be participate in this meeting: Mr. Geir Pedersen, Special protected, and actions against groups that the Security Envoy of the Secretary-Ge || iatus and where the listed terrorist group to releases at scale, information about the fate and Hayat Tahrir Al-Sham has launched drone strikes and whereabouts of the missing and access to all places of cross-line raids into Government areas; further Turkish detention, we have seen no progress on any of those drone strikes in north-eastern Syria, with exchanges points. Worrisome reports continue of arbitrary arrests of shelling and rocket fire between armed opposition and abductions, as well as torture, including sexual groups and the Syrian Democratic Forces; the violence, in places of detention across several parts mobilization of the Jordanian Air Force on its border of Syria. Half the pre-war population has continued to 2/17 24-07764 21/03/2024 The situation in the Middle East S/PV.9583 languish in displacement or exile, in many cases for can do that. This month I discussed the depth of the more than a decade. They are not returning in large crisis with Syria’s Foreign Minister Fayssal M || 7 million people are We have also taken note of the work of Syrian women’s in need of aid. Mobilizing everyone to meet the needs civil society organizations and of women human of the Syrian population remains essential. We feel rights defenders across north-western Syria. They compelled to point out that the aid is currently being are facing increasing pressure from local authorities, funded almost exclusively by Europe, the United States, which threatens their vital civil and legal work in the Canada and Japan. Humanitarian access, including public arena, and we reiterate their calls for support and cross-border access, must not only be guaranteed but be protection. Without bridging the humanitarian gap and predictable and durable, and the relevant international providing those groups with support and protection, humanitarian law applies to all. we will see a reduction in medical, protection and education services whose impact will be most acutely In an increasingly volatile context, France",MACHINE_EXTRACTED_CONTEXT_NOT_HUMAN_CODING_EVIDENCE_OR_PIN_CITE
ICJ-188-2023-11-16||SC_FORMAL_VOTE::SCV|2090,S/PV.9584,2,1,GENERAL_OR_PARTIAL_NEXUS_ONLY,0,1,0,syria,syria,"mpede, that process. draft resolution (S/2023/773), which clearly condemned The United Nations Relief and Works Agency for those acts. But while France insists on its tireless Palestine Refugees in the Near East (UNRWA) plays a commitment to Israel’s security and its solidarity with the Israeli people following those attacks, they cannot vital role in assisting Palestinian refugees — not only justify the suffering to which the Palestinians have been in Palestine, but also in Jordan, Lebanon and Syria. It is subjected. France remains committed to a settlement a tool of regional stability. Any resolution undermining to the Israeli-Palestinian conflict, and we want to UNRWA’s mandate would exacerbate the already emphasize that only a two-State solution can ensure dire humanitarian situation. The Agency’s continuing the security needs of Israel and the Palestinian people’s operation is essential until Palestinian refugees are able legitimate aspirations for a State. It is the duty of the to sus",MACHINE_EXTRACTED_CONTEXT_NOT_HUMAN_CODING_EVIDENCE_OR_PIN_CITE
ICJ-188-2023-11-16||SC_MEETING::SCM|S/PV.9584,S/PV.9584,2,1,GENERAL_OR_PARTIAL_NEXUS_ONLY,0,1,0,syria,syria,"mpede, that process. draft resolution (S/2023/773), which clearly condemned The United Nations Relief and Works Agency for those acts. But while France insists on its tireless Palestine Refugees in the Near East (UNRWA) plays a commitment to Israel’s security and its solidarity with the Israeli people following those attacks, they cannot vital role in assisting Palestinian refugees — not only justify the suffering to which the Palestinians have been in Palestine, but also in Jordan, Lebanon and Syria. It is subjected. France remains committed to a settlement a tool of regional stability. Any resolution undermining to the Israeli-Palestinian conflict, and we want to UNRWA’s mandate would exacerbate the already emphasize that only a two-State solution can ensure dire humanitarian situation. The Agency’s continuing the security needs of Israel and the Palestinian people’s operation is essential until Palestinian refugees are able legitimate aspirations for a State. It is the duty of the to sus",MACHINE_EXTRACTED_CONTEXT_NOT_HUMAN_CODING_EVIDENCE_OR_PIN_CITE
ICJ-188-2023-11-16||SC_FORMAL_VOTE::SCV|2091,S/PV.9586,0,2,SAME_CASE_OR_DISPUTE_NO_PROVEN_COLLECTIVE_FOLLOW_THROUGH,1,0,0,,torture,"ut an the Council to achieve that path. end to it. There can be no justification for war crimes, crimes against humanity and genocide. Accepting any I now resume my functions as President of justification for such crimes means renouncing our the Council. humanity and destroying the rule of international law I give the floor to the Permanent Observer of the beyond repair. Observer State of Palestine. Two months ago, the highest international court, Mr. Mansour (Palestine): I wish to begin my the International Court of Justice, determined there was statement by conveying my deepest condolences to the a real and imminent risk of irreparable prejudice to the people and Government of the Russian Federation, and plausible rights of Palestinians under the Convention 12/16 24-07916 25/03/2024 The situation in the Middle East, including the Palestinian question S/PV.9586 on the Prevention and Punishment of the Crime of without enforcement. Israel has been treated as a State Genocide. It ordered Israel to undertake immediat || ens terror”. We must the siege were lifted now, it would take generations to defend the Secretary-General and the United Nations. deal with the trauma and the devastation. That outrageous incitement has real-life Now that the Council has finally called for a consequences for United Nations and humanitarian ceasefire, all forces should coalesce to make sure that it staff on the ground, who are targets of attacks; who is enforced. I extend apologies to those who the world are killed, arrested and tortured; who are humiliated has failed and to those who could have been saved but and harassed. It also has real-life consequences for were not. Let us save the lives of those who survived Palestinians, as Israel has used that stance as a pretext against all odds. Let us tell them that help is on the to block humanitarian aid to be distributed by UNRWA. way. Let us hold accountable those who inflicted such It is time for all those Israeli actions to trigger a serious suffering upon them. Let us end th",MACHINE_EXTRACTED_CONTEXT_NOT_HUMAN_CODING_EVIDENCE_OR_PIN_CITE
ICJ-188-2023-11-16||SC_MEETING::SCM|S/PV.9586,S/PV.9586,0,2,SAME_CASE_OR_DISPUTE_NO_PROVEN_COLLECTIVE_FOLLOW_THROUGH,1,0,0,,torture,"ut an the Council to achieve that path. end to it. There can be no justification for war crimes, crimes against humanity and genocide. Accepting any I now resume my functions as President of justification for such crimes means renouncing our the Council. humanity and destroying the rule of international law I give the floor to the Permanent Observer of the beyond repair. Observer State of Palestine. Two months ago, the highest international court, Mr. Mansour (Palestine): I wish to begin my the International Court of Justice, determined there was statement by conveying my deepest condolences to the a real and imminent risk of irreparable prejudice to the people and Government of the Russian Federation, and plausible rights of Palestinians under the Convention 12/16 24-07916 25/03/2024 The situation in the Middle East, including the Palestinian question S/PV.9586 on the Prevention and Punishment of the Crime of without enforcement. Israel has been treated as a State Genocide. It ordered Israel to undertake immediat || ens terror”. We must the siege were lifted now, it would take generations to defend the Secretary-General and the United Nations. deal with the trauma and the devastation. That outrageous incitement has real-life Now that the Council has finally called for a consequences for United Nations and humanitarian ceasefire, all forces should coalesce to make sure that it staff on the ground, who are targets of attacks; who is enforced. I extend apologies to those who the world are killed, arrested and tortured; who are humiliated has failed and to those who could have been saved but and harassed. It also has real-life consequences for were not. Let us save the lives of those who survived Palestinians, as Israel has used that stance as a pretext against all odds. Let us tell them that help is on the to block humanitarian aid to be distributed by UNRWA. way. Let us hold accountable those who inflicted such It is time for all those Israeli actions to trigger a serious suffering upon them. Let us end th",MACHINE_EXTRACTED_CONTEXT_NOT_HUMAN_CODING_EVIDENCE_OR_PIN_CITE
ICJ-188-2023-11-16||SC_MEETING::SCM|S/PV.9588,S/PV.9588,0,3,STRICT_CANDIDATE_3_COLLECTIVE_ACTION_AND_ORDER_NEXUS,1,1,0,,torture,"rridor from Cyprus, with a first shipment settlements that violate international law, they risk arriving on 15 March, alongside the opening of an contributing to violations of international humanitarian access point in the north of Gaza. law or human rights”. Resolution 2334 (2016) also On 29 December 2023, the Republic of South called upon all parties to continue, inter alia, to exert Africa instituted proceedings against Israel before collective efforts to launch credible negotiations. In the International Court of Justice concerning alleged the context of the current hostilities in Gaza, intense violations in the Gaza Strip of Israel’s obligations under negotiations between international mediators and the the Convention on the Prevention and Punishment of parties continued to formulate a deal for the release of the Crime of Genocide. On 26 January, the International the hostages and a ceasefire. Court of Justice indicated provisional measures in On 1 February, the United States issued an executive the case. orde || ency staff members and 6 million and Works Agency for Palestine Refugees in the Near Palestinians under its care, as well as regarding the East (UNRWA) and are alarmed by today’s reports lack of concrete information on the allegations made that Israeli authorities have denied UNRWA access to by Israel about the involvement of UNRWA staff in the northern Gaza. events of 7 October. At the same time, there are deeply Against the backdrop of Israel’s deadly cleansing of disturbing reports about the torture and ill-treatment of the Gaza Strip, tensions persist in the West Bank, where UNRWA staff during their questioning for the purpose of extracting confessions. equally violent clashes have continued this entire time between the Israeli military and extremist settlers and The appalling trends I have described result Palestinian civilians. According to the United Nations, from Israel’s complete disregard for its obligations some 500 Palestinians, including more than 100 children, to implement the p",MACHINE_EXTRACTED_CONTEXT_NOT_HUMAN_CODING_EVIDENCE_OR_PIN_CITE
ICJ-188-2023-11-16||SC_MEETING::SCM|S/PV.9596,S/PV.9596,0,3,STRICT_CANDIDATE_3_COLLECTIVE_ACTION_AND_ORDER_NEXUS,1,1,1,,torture,"anizations provide hundreds destruction and human suffering of the past six months. of thousands of people in Gaza with food each week. It It does not bring an end to the ordeal of those still is unclear when their work will resume. held hostage and the torment for their families. And that is despite clear obligations under international That comes amid an unprecedented food insecurity humanitarian law; despite the provisional order of the crisis in Gaza that is teetering on the edge of famine, International Court of Justice requiring Israel to take if it has not already fallen into it. Across Gaza, food all necessary and effective measures to ensure, without and safe water are increasingly scarce, and practically delay, the unhindered provision at scale of urgently the entire population of Gaza is relying on woefully needed basic services and humanitarian assistance; inadequate food assistance to survive. Diseases are despite the Council recognizing the need to expand rife, contributing to a surge in acute malnutr || ace in the Security Council. that resolution 2417 (2018) clearly states that the use Instead of such unscrupulous moves by our colleagues of starvation as a weapon of war may constitute a from the United States, they should have concentrated war crime. on putting pressure on Israel, and they should also stop 18/25 24-09328 05/04/2024 The situation in the Middle East, including the Palestinian question S/PV.9596 supplying it with weapons that are being used to kill executed people, arrested and tortured them, including Palestinians in the occupied Palestinian territory. the wounded, the sick and medical personnel, without feeling the need to provide much explanation or any The President: I now give the floor to the evidence. It then burned down the most important Permanent Observer of the Observer State of Palestine. hospital in the entire Gaza Strip, continuing to bring Mr. Mansour (Palestine): We want to express our the health system to its knees at the time it is most appreciation to Alger",MACHINE_EXTRACTED_CONTEXT_NOT_HUMAN_CODING_EVIDENCE_OR_PIN_CITE
ICJ-188-2023-11-16||SC_MEETING::SCM|S/PV.9602,S/PV.9602,2,2,SAME_CASE_OR_DISPUTE_NO_PROVEN_COLLECTIVE_FOLLOW_THROUGH,1,0,0,syria|syrian|syrian arab republic,syria,"y struck within Israeli territory, one of which The agenda was adopted. damaged an Israeli military facility in the south of the country. Overall, a few civilians were injured. The situation in the Middle East When the nature of the attack became clear, I stated The President: In accordance with rule 37 of the following last night: the Council’s provisional rules of procedure, I invite the representatives of the Islamic Republic of Iran, “I strongly condemn the serious escalation Israel and the Syrian Arab Republic to participate in represented by the large-scale attack launched on this meeting. Israel by Iran this evening. I call for an immediate cessation of these hostilities.” (SG/SM/22186) The Security Council will now begin its I remind all Member States that the Charter of the United consideration of the item on its agenda. Nations prohibits the use of force against the territorial I warmly welcome His Excellency Secretary- integrity or political independence of any State, or in Gener || y struck within Israeli territory, one of which The agenda was adopted. damaged an Israeli military facility in the south of the country. Overall, a few civilians were injured. The situation in the Middle East When the nature of the attack became clear, I stated The President: In accordance with rule 37 of the following last night: the Council’s provisional rules of procedure, I invite the representatives of the Islamic Republic of Iran, “I strongly condemn the serious escalation Israel and the Syrian Arab Republic to participate in represented by the large-scale attack launched on this meeting. Israel by Iran this evening. I call for an immediate cessation of these hostilities.” (SG/SM/22186) The Security Council will now begin its I remind all Member States that the Charter of the United consideration of the item on its agenda. Nations prohibits the use of force against the territorial I warmly welcome His Excellency Secretary- integrity or political independence of any State, or in Genera || y struck within Israeli territory, one of which The agenda was adopted. damaged an Israeli military facility in the south of the country. Overall, a few civilians were injured. The situation in the Middle East When the nature of the attack became clear, I stated The President: In accordance with rule 37 of the following last night: the Council’s provisional rules of procedure, I invite the representatives of the Islamic Republic of Iran, “I strongly condemn the serious escalation Israel and the Syrian Arab Republic to participate in represented by the large-scale attack launched on this meeting. Israel by Iran this evening. I call for an immediate cessation of these hostilities.” (SG/SM/22186) The Security Council will now begin its I remind all Member States that the Charter of the United consideration of the item on its agenda. Nations prohibits the use of force against the territorial I warmly welcome His Excellency Secretary- integrity or political independence of any State, or in General António Gute || the Charter in response to Israel’s reckless defiance. international law. The Islamic Republic of Iran will not It must take urgent and punitive measures to compel the hesitate to exercise that right when required. regime to stop its genocide and massacre of the people of Gaza and uphold its obligations, especially to fully Iran has no intention of engaging in conflict with implement the Council’s resolutions and the legally the United States in the region. We demonstrated binding orders of the International Court of Justice. our commitment to peace by exercising restraint in involving the United States army in intercepting Iranian The main and long-standing threat to the peace and drones and missiles bound for military targets in the security of our region is well known to all, and the attempts occupied Palestinian territories. That underscores our to conceal it through disinformation, smear campaigns dedication to de-escalating tensions and avoiding the or baseless accusations against others are pointless expansi",MACHINE_EXTRACTED_CONTEXT_NOT_HUMAN_CODING_EVIDENCE_OR_PIN_CITE
ICJ-188-2023-11-16||SC_MEETING::SCM|S/PV.9603,S/PV.9603,0,0,NO_CASE_OR_ICJ_NEXUS,0,0,0,,,,MACHINE_EXTRACTED_CONTEXT_NOT_HUMAN_CODING_EVIDENCE_OR_PIN_CITE
ICJ-188-2023-11-16||SC_MEETING::SCM|S/PV.9607,S/PV.9607,2,3,STRICT_CANDIDATE_3_COLLECTIVE_ACTION_AND_ORDER_NEXUS,1,1,0,syria|syrian|syrian arab republic,syria|torture,"g the brunt of the war. More under discussion. than 17,000 have been separated from their families, left to face the horrors of Gaza alone. Children are being In accordance with rule 37 of the Council’s killed, injured and starved, deprived of any physical provisional rules of procedure, I invite the or psychological safety. Across Gaza, a human-made representatives of Denmark, Egypt, Israel, Jordan, famine is tightening its grip. In the north, infants and Lebanon, Luxembourg, Saudi Arabia, the Syrian Arab young children have begun to die of malnutrition and Republic and Türkiye to participate in this meeting. dehydration. Across the border, food and clean water I propose that the Council invite the Special await. But UNRWA is being denied permission to deliver that aid and save lives. That outrage is occurring Representative of the President of the Observer State of despite successive orders by the International Court of Palestine to participate in this meeting, in accordance Justice to in || g the brunt of the war. More under discussion. than 17,000 have been separated from their families, left to face the horrors of Gaza alone. Children are being In accordance with rule 37 of the Council’s killed, injured and starved, deprived of any physical provisional rules of procedure, I invite the or psychological safety. Across Gaza, a human-made representatives of Denmark, Egypt, Israel, Jordan, famine is tightening its grip. In the north, infants and Lebanon, Luxembourg, Saudi Arabia, the Syrian Arab young children have begun to die of malnutrition and Republic and Türkiye to participate in this meeting. dehydration. Across the border, food and clean water I propose that the Council invite the Special await. But UNRWA is being denied permission to deliver that aid and save lives. That outrage is occurring Representative of the President of the Observer State of despite successive orders by the International Court of Palestine to participate in this meeting, in accordance Justice to inc || eadquarters has been refugee status are false and dishonest. The Agency occupied militarily, and allegations have emerged exists because a political solution does not. It exists in concerning the existence of tunnels under our premises. lieu of a State that can deliver critical public services. UNRWA personnel detained by Israeli security forces The international community has long attempted have shared harrowing accounts of mistreatment and to contain, rather than resolve, the Israel-Palestine torture in detention. conflict. Lip service is paid to the two-State solution We demand an independent investigation and each time an escalation occurs, costing lives and hope. accountability for the blatant disregard of the protected status of humanitarian workers, operations and facilities UNRWA was created 75 years ago as a temporary under international law. To do anything else would set agency — a stop-gap measure pending a political a dangerous precedent and compromise humanitarian answer to the q ||  Then, are starving to death. A whole generation is being lost when that happens — when the world can actually see to violence and to a vicious cycle of indignation and the amount of destruction and death and suffering that impoverishment. That is insulting to our humanity. Israel has brought to Gaza — the world will recognize even more how much it needs UNRWA and how vital Security Council resolutions demanding an UNRWA’s role is. immediate ceasefire and the preliminary measures ordered by the International Court of Justice have We thank all our partners who continue to help not been implemented. International law is brazenly UNRWA. We urge them all to protect UNRWA now, just breached. Against that painful backdrop, UNRWA like they protected it in the past. Support it financially shines as a beacon of hope for the Palestinian and politically, for supporting UNRWA is supporting people — and indeed, for all of us. UNRWA workers regional stability. Saving UNRWA is saving lives, saving and staff are selfless in distri || hen I once again tell Mr. Lazzarini and all our dear the United States Administration repeatedly prevented colleagues at UNRWA that they do not face these the Security Council from adopting a clear resolution challenges alone and that they have all our thanks calling for an immediate and permanent end to the and appreciation. Israeli aggression, using the veto four times to that The President: I now give the floor to the end. Immediately following the Council’s adoption of representative of the Syrian Arab Republic. resolution 2728 (2024), the United States Administration announced that the resolution was not binding and did Mr. Aldahhak (Syrian Arab Republic) (spoke in not entail any new commitments for any party. That is Arabic): We thank you, Madam President, for convening a blatant expression of selectivity and double standards this meeting. We also thank Mr. Philippe Lazzarini, when it comes to United Nations resolutions. It also Commissioner-General of the United Nations Relief provides more time fo",MACHINE_EXTRACTED_CONTEXT_NOT_HUMAN_CODING_EVIDENCE_OR_PIN_CITE
ICJ-188-2023-11-16||SC_MEETING::SCM|S/PV.9608,S/PV.9608,2,2,SAME_CASE_OR_DISPUTE_NO_PROVEN_COLLECTIVE_FOLLOW_THROUGH,1,1,0,syria|syrian|syrian arab republic,syria|torture,"ted Nations, is prohibited under the Charter Israel, Jordan, Kuwait, Lebanon, Liechtenstein, Libya, of the United Nations. And — as I stated earlier this Malaysia, the Maldives, Mauritania, Mexico, Morocco, month when I condemned the attack on the Iranian Nicaragua, Nigeria, Norway, Oman, Pakistan, Panama, Consulate in Damascus — the principle of inviolability Peru, the Philippines, Poland, Portugal, Qatar, Saudi of diplomatic and consular premises and personnel Arabia, South Africa, Spain, the Syrian Arab Republic, must be respected in all cases, in accordance with Thailand, Tunisia, Türkiye, Uganda, the United Arab international law. Emirates, the Bolivarian Republic of Venezuela and It is high time to end the bloody cycle of retaliation. Viet Nam to participate in this meeting. It is high time to stop. The international community I propose that the Council invite the Special must work together to prevent any actions that could Representative of the President of the Observer State push th || ted Nations, is prohibited under the Charter Israel, Jordan, Kuwait, Lebanon, Liechtenstein, Libya, of the United Nations. And — as I stated earlier this Malaysia, the Maldives, Mauritania, Mexico, Morocco, month when I condemned the attack on the Iranian Nicaragua, Nigeria, Norway, Oman, Pakistan, Panama, Consulate in Damascus — the principle of inviolability Peru, the Philippines, Poland, Portugal, Qatar, Saudi of diplomatic and consular premises and personnel Arabia, South Africa, Spain, the Syrian Arab Republic, must be respected in all cases, in accordance with Thailand, Tunisia, Türkiye, Uganda, the United Arab international law. Emirates, the Bolivarian Republic of Venezuela and It is high time to end the bloody cycle of retaliation. Viet Nam to participate in this meeting. It is high time to stop. The international community I propose that the Council invite the Special must work together to prevent any actions that could Representative of the President of the Observer State push the || ted Nations, is prohibited under the Charter Israel, Jordan, Kuwait, Lebanon, Liechtenstein, Libya, of the United Nations. And — as I stated earlier this Malaysia, the Maldives, Mauritania, Mexico, Morocco, month when I condemned the attack on the Iranian Nicaragua, Nigeria, Norway, Oman, Pakistan, Panama, Consulate in Damascus — the principle of inviolability Peru, the Philippines, Poland, Portugal, Qatar, Saudi of diplomatic and consular premises and personnel Arabia, South Africa, Spain, the Syrian Arab Republic, must be respected in all cases, in accordance with Thailand, Tunisia, Türkiye, Uganda, the United Arab international law. Emirates, the Bolivarian Republic of Venezuela and It is high time to end the bloody cycle of retaliation. Viet Nam to participate in this meeting. It is high time to stop. The international community I propose that the Council invite the Special must work together to prevent any actions that could Representative of the President of the Observer State push the entire Middle ||  an immediate humanitarian provisional rules of procedure, I also invite the ceasefire and the immediate release of all hostages following individuals to participate in this meeting: His held in Gaza. The horrific terror attacks on 7 October Excellency Mr. Cheikh Niang, Chair of the Committee by Hamas and other Palestinian armed groups, which on the Exercise of the Inalienable Rights of the included mass killings, the use of sexual violence, Palestinian People; His Excellency Mr. Sven Koopmans, torture and the taking of hostages, were an intolerable European Union Special Representative for the Middle denial of humankind’s most basic values and a breach East Peace Process; His Excellency Mr. Hossam Zaki, of the most fundamental rules of international law. Assistant Secretary-General and Chef de Cabinet of the In Gaza, six and a half months of Israeli military Secretary-General of the League of Arab States; and operations have created a humanitarian hellscape. Tens Mr. Nasser Kamel, Secretary- || e of force, in violation of the United Nations Charter, Nations. Our support is in line and within the context relevant international law, including the development of our consideration of Article 4 of the Charter of the and conduct of friendly relations, diplomatic and United Nations, rules 58 and 60 of the Security Council consular protections, as well as conduct in the region provisional rules of procedure and the guidance provided that may lead to an escalation or exacerbation of the by the International Court of Justice in its 28 May 1948 already volatile situation in the Middle East. We advisory opinion on conditions of admission of a State regrettably further note, with concern, the rising to membership in the United Nations. tensions in the occupied West Bank, and across the Blue This request for reconsideration of the State of Line in Lebanon, with the exchange of rockets, missiles Palestine’s 2011 application for membership to the and other attacks. Such developments are dangerous United Nations comes six",MACHINE_EXTRACTED_CONTEXT_NOT_HUMAN_CODING_EVIDENCE_OR_PIN_CITE
ICJ-188-2023-11-16||SC_MEETING::SCM|S/PV.9608 (Resumption 1),S/PV.9608 (RESUMPTION 1),2,3,STRICT_CANDIDATE_3_COLLECTIVE_ACTION_AND_ORDER_NEXUS,1,1,0,syria,syria," told us that the rate international law or to the Council’s authority. The of killings in Gaza is the highest in the world since the Council must ensure the prompt implementation of Rwandan genocide, which was commemorated a few resolution 2728 (2024) of 25 March 2024, which called weeks ago. for an immediate ceasefire, the unconditional release of hostages, an expansion of humanitarian assistance and It is no wonder that today Israel is on trial before the protection of civilians in Gaza. the International Court of Justice for violating the Convention on Genocide. Israel’s actions and policies The incessant violence that we have been aimed at changing the character and status of the witnessing in the Middle East for more than six months occupied Palestinian territories are also violations of is unacceptable. Despite repeated calls by almost all international law. Türkiye has contributed our written Member States to bring an end to the attacks in the Gaza and oral statements to the International Court of Justice S || st and open must stop the forced eviction, whether inside Gaza or new war fronts to distract international public opinion to neighbouring States. We also ask the Council to from the brutal war it is waging in Gaza, and the adopt a draft resolution that would prevent the export terrible human tragedy that has resulted from it. Egypt of weapons to Israel pursuant to Human Rights Council also condemns the Israeli attacks against Lebanon and resolutions. It must also hold Israel accountable for its Syria. Israel is not the policeman of the region, and crimes and oblige it to pay reparations. 24-105359/19 S/PV.9608 (Resumption 1) The situation in the Middle East, including the Palestinian question 18/04/2024 Egypt calls on the members of the Council to support the Council’s work. We also welcome the presence of the State of Palestine’s request for full membership. It is the Minister for Foreign Affairs of Malta at today’s a State that has fulfilled all requirements. It has historic morning meet",MACHINE_EXTRACTED_CONTEXT_NOT_HUMAN_CODING_EVIDENCE_OR_PIN_CITE
ICJ-188-2023-11-16||SC_MEETING::SCM|S/PV.9617,S/PV.9617,0,1,GENERAL_OR_PARTIAL_NEXUS_ONLY,1,1,0,,,"ry action and using them at full capacity. According to the in Rafah. Such an offensive should not be allowed by 24-112227/19 S/PV.9617 The situation in the Middle East, including the Palestinian question 24/04/2024 under any circumstances, as 1.5 million Palestinians The adoption of immediate measures to guarantee the have been crammed into Rafah, which has become provision of basic services and humanitarian aid has the humanitarian hub of Gaza. The survival of Gaza’s also been ordered by the International Court of Justice entire population depends on the situation in this in the provisional measures issued in January and city. A ground offensive would leave people with no March. The resolutions of the Security Council and the choice but to flee to Egypt. It would become not only provisions of the International Court of Justice must a humanitarian catastrophe, but also an irreversible be respected. Regarding the mechanism for expediting breach of peace and security in the region and beyond. the delivery of humani",MACHINE_EXTRACTED_CONTEXT_NOT_HUMAN_CODING_EVIDENCE_OR_PIN_CITE
ICJ-188-2023-11-16||SC_MEETING::SCM|S/PV.9608 (Resumption 2),S/PV.9608 (RESUMPTION 2),2,3,STRICT_CANDIDATE_3_COLLECTIVE_ACTION_AND_ORDER_NEXUS,1,1,0,syria|syrian|syrian arab republic,syria|torture,"t, including the Palestinian question 25/04/2024 The meeting was resumed at 3.05 p.m. Palestinian territories. We support the convening of a peace conference, under the auspices of the General The President: I wish to remind all speakers to Assembly, to preserve the inalienable rights of the limit their statements to no more than three minutes to Palestinian people. We demand, once again, Israel’s enable the Council to carry out its work expeditiously. full and unconditional withdrawal from the Syrian Flashing lights on the collars of the microphones will Golan and all occupied Arab territories. The aggression prompt speakers to bring their remarks to a close after against Syria, which violates its sovereignty and three minutes. territorial integrity, must end. External interference in I now give the floor to the representative of Cuba. that sister Arab nation must end. Ms. Rodríguez Camejo (Cuba) (spoke in Spanish): We strongly condemn Israel’s attack on Iran’s Cuba endorses the statement  || t, including the Palestinian question 25/04/2024 The meeting was resumed at 3.05 p.m. Palestinian territories. We support the convening of a peace conference, under the auspices of the General The President: I wish to remind all speakers to Assembly, to preserve the inalienable rights of the limit their statements to no more than three minutes to Palestinian people. We demand, once again, Israel’s enable the Council to carry out its work expeditiously. full and unconditional withdrawal from the Syrian Flashing lights on the collars of the microphones will Golan and all occupied Arab territories. The aggression prompt speakers to bring their remarks to a close after against Syria, which violates its sovereignty and three minutes. territorial integrity, must end. External interference in I now give the floor to the representative of Cuba. that sister Arab nation must end. Ms. Rodríguez Camejo (Cuba) (spoke in Spanish): We strongly condemn Israel’s attack on Iran’s Cuba endorses the statement t ||  the Thirdly, the humanitarian situation in Gaza is dire. reality of famine and pestilence for the 2 million people It is imperative that humanitarian aid for the people of Gaza. It has defied the demand of the Security Council of Gaza be scaled up immediately in order to avert in resolution 2728 (2024) for an immediate ceasefire. It a further deterioration in that situation. We urge all has refused to abide by the provisional orders of the parties to come together in that endeavour. We welcome International Court of Justice. The Security Council, the efforts of the United Nations and the international the General Assembly and the international community community in that regard. As far as India is concerned, must consider the further measures that are required to we have provided humanitarian aid to the people of secure adherence to a ceasefire in Gaza and an end to Palestine and will continue to do so. We note the recent what can plausibly be called its genocide. 8/29 24-11309 25/04/2024 The situation in the Mid || itarian aid to reach all those in In that vein, Portugal will be ready to support the full need immediately and for as long as necessary. In that membership requested by Palestine as a significant step vein, we acknowledge recent news regarding a certain towards future statehood. improvement in humanitarian access to Gaza, even though it is insufficient. The United Nations Relief The President: I now give the floor to the and Works Agency for Palestine Refugees in the Near representative of the Syrian Arab Republic. East (UNRWA) remains an indispensable stabilizing Mr. Aldahhak (Syrian Arab Republic) (spoke actor in the region. We welcome the final report of the in Arabic): I deliver this statement on behalf of the external review group, and we reiterate our support Minister for Foreign Affairs and Expatriates of the for the ongoing investigations of the Office of Internal Syrian Arab Republic, Mr. Faisal Mekdad. Oversight Services. Since the beginning of the war in “I address the Security Council today a || ement activities, their medical and other humanitarian needs. We in grave breach of international law, and rising violence, reiterate our call for an immediate and permanent provocation and incitement, particularly settler violence ceasefire. NAM members express their grave concern about the treatment of Palestinian prisoners by Israel, and terror, which has led to the tragic loss of life of especially child prisoners and detainees, including more civilians, including children, the detention of torture, solitary confinement, prolonged administrative thousands of Palestinian civilians and countless other detention, inadequate access to proper medical care, human rights abuses and violations of international law. education and family visits, and military trials. In that Action must be taken immediately to help to regard, NAM calls for proper international access to de-escalate that volatile situation. That must include a Palestinian prisoners and detainees, including children. halt to all unila",MACHINE_EXTRACTED_CONTEXT_NOT_HUMAN_CODING_EVIDENCE_OR_PIN_CITE
ICJ-188-2023-11-16||SC_MEETING::SCM|S/PV.9618,S/PV.9618,2,2,SAME_CASE_OR_DISPUTE_NO_PROVEN_COLLECTIVE_FOLLOW_THROUGH,0,0,0,syria|syrian|syrian arab republic,syria|torture,"rporated in a copy of the record and sent under the signature of a member of the delegation concerned to the Chief of the Verbatim Reporting Service, room AB-0928 (verbatimrecords@un.org). Corrected records will be reissued electronically on the Official Document System of the United Nations (http://documents.un.org). 24-11315 (E) Accessible document Please recycle *2411315* S/PV.9618 The situation in the Middle East 25/04/2024 The meeting was called to order at 10 a.m. its effects felt only in Syria. In fact, there are no signs of calm in any of Syria’s theatres — only unresolved Adoption of the agenda conflicts, simmering violence and sharp flare-ups of hostilities, any of which could be the kindling for a The agenda was adopted. new conflagration. The situation in the Middle East During this month, pro-Government missile and drone strikes were reported again in the north-west, The President: In accordance with rule 37 of the and the Security Council-listed terrorist group Hayat Council’s || for a The agenda was adopted. new conflagration. The situation in the Middle East During this month, pro-Government missile and drone strikes were reported again in the north-west, The President: In accordance with rule 37 of the and the Security Council-listed terrorist group Hayat Council’s provisional rules of procedure, I invite the Tahrir Al-Sham launched multiple cross-line attacks. representatives of the Islamic Republic of Iran, the In the north-east, there were reports of Turkish drone Syrian Arab Republic and Türkiye to participate in strikes and of exchanges of fire between armed this meeting. opposition groups and the Syrian Democratic Forces In accordance with rule 39 of the Council’s (SDF), alongside a growing insurgency by some tribal provisional rules of procedure, I invite the following elements against the SDF. In the south-west, security briefers to participate in this meeting: Mr. Geir Pedersen, incidents remain at elevated levels, with reports of open Special Envoy of th || for a The agenda was adopted. new conflagration. The situation in the Middle East During this month, pro-Government missile and drone strikes were reported again in the north-west, The President: In accordance with rule 37 of the and the Security Council-listed terrorist group Hayat Council’s provisional rules of procedure, I invite the Tahrir Al-Sham launched multiple cross-line attacks. representatives of the Islamic Republic of Iran, the In the north-east, there were reports of Turkish drone Syrian Arab Republic and Türkiye to participate in strikes and of exchanges of fire between armed this meeting. opposition groups and the Syrian Democratic Forces In accordance with rule 39 of the Council’s (SDF), alongside a growing insurgency by some tribal provisional rules of procedure, I invite the following elements against the SDF. In the south-west, security briefers to participate in this meeting: Mr. Geir Pedersen, incidents remain at elevated levels, with reports of open Special Envoy of the Secretary-Ge || en and men — of all ages and across in that regard. In the meantime, I continue to appeal all parts of Syria — remain subjected to unlawful for sessions to resume in Geneva as a bridging option arbitrary detention, forced conscription and forced and for the parties to prepare on substance, including separation from their families. Reports continue of constitutional proposals. detainees being deprived of food and medical treatment Step-for-step confidence-building measures could and subjected to torture and sexual violence across all also show Syrians the kind of compromise needed areas of Syria. Such practices must stop. Children, the to move forward. I remind all parties that there elderly and the sick should be released immediately. are concrete ideas on the table. The invitation to a The authorities in Government areas, and those in de deepened and concrete dialogue remains, and I remain facto control of other areas too, must grant specialized willing to listen to and facilitate any altern",MACHINE_EXTRACTED_CONTEXT_NOT_HUMAN_CODING_EVIDENCE_OR_PIN_CITE
ICJ-188-2023-11-16||SC_MEETING::SCM|S/PV.9623,S/PV.9623,0,0,NO_CASE_OR_ICJ_NEXUS,0,0,0,,,,MACHINE_EXTRACTED_CONTEXT_NOT_HUMAN_CODING_EVIDENCE_OR_PIN_CITE
ICJ-192-2024-01-26||SC_MEETING::SCM|S/PV.9540,S/PV.9540,2,2,SAME_CASE_OR_DISPUTE_NO_PROVEN_COLLECTIVE_FOLLOW_THROUGH,1,1,1,israel|israeli|south africa,gaza|genocide convention|israel|rafah|south africa,"d records will be reissued electronically on the Official Document System of the United Nations (http://documents.un.org). 24-02656 (E) Accessible document Please recycle *2402656* S/PV.9540 The situation in the Middle East, including the Palestinian question 31/01/2024 The meeting was called to order at 11.05 a.m. well as the thousands of internally displaced persons seeking refuge there. The intense fighting around Khan Adoption of the agenda Younis continues to drive thousands of people into Rafah, which is already hosting over half of Gaza’s The agenda was adopted. population of 2.2 million people. The compression of people in Rafah is a major issue of concern for all of The situation in the Middle East, including the us, but especially for us in the humanitarian agencies. Palestinian question Across Gaza, over 60 per cent of housing units are The President (spoke in French): In accordance reportedly — allegedly — destroyed or damaged. We with rule 37 of the Council’s provisional rules  || the Official Document System of the United Nations (http://documents.un.org). 24-02656 (E) Accessible document Please recycle *2402656* S/PV.9540 The situation in the Middle East, including the Palestinian question 31/01/2024 The meeting was called to order at 11.05 a.m. well as the thousands of internally displaced persons seeking refuge there. The intense fighting around Khan Adoption of the agenda Younis continues to drive thousands of people into Rafah, which is already hosting over half of Gaza’s The agenda was adopted. population of 2.2 million people. The compression of people in Rafah is a major issue of concern for all of The situation in the Middle East, including the us, but especially for us in the humanitarian agencies. Palestinian question Across Gaza, over 60 per cent of housing units are The President (spoke in French): In accordance reportedly — allegedly — destroyed or damaged. We with rule 37 of the Council’s provisional rules of now estimate that some 75 per cent of the || The compression of people in Rafah is a major issue of concern for all of The situation in the Middle East, including the us, but especially for us in the humanitarian agencies. Palestinian question Across Gaza, over 60 per cent of housing units are The President (spoke in French): In accordance reportedly — allegedly — destroyed or damaged. We with rule 37 of the Council’s provisional rules of now estimate that some 75 per cent of the total population procedure, I invite the representatives of Israel and has been displaced. Their living conditions are getting South Africa to participate in this meeting. worse each day. Heavy rains are flooding the makeshift I propose that the Council invite the observer of tent camps, forcing children, parents and the elderly to the Observer State of Palestine to participate in the sleep in the mud, if they can. And clean water is almost meeting, in accordance with the provisional rules of completely inaccessible. With little public health procedure and the || all of The situation in the Middle East, including the us, but especially for us in the humanitarian agencies. Palestinian question Across Gaza, over 60 per cent of housing units are The President (spoke in French): In accordance reportedly — allegedly — destroyed or damaged. We with rule 37 of the Council’s provisional rules of now estimate that some 75 per cent of the total population procedure, I invite the representatives of Israel and has been displaced. Their living conditions are getting South Africa to participate in this meeting. worse each day. Heavy rains are flooding the makeshift I propose that the Council invite the observer of tent camps, forcing children, parents and the elderly to the Observer State of Palestine to participate in the sleep in the mud, if they can. And clean water is almost meeting, in accordance with the provisional rules of completely inaccessible. With little public health procedure and the previous practice in this regard. support available, preventable disease || e closed meeting the other day on Syria committed in the Gaza Strip. The Court’s historic are at risk because of these events. But to put it very decision reaffirms that the time of impunity has simply and bluntly: our humanitarian response for the irrevocably come to an end. The United Nations and the occupied Palestinian territory is completely dependent international community have committed to ensuring on UNRWA being adequately funded and operational, that no criminal escapes sanctions. The Israeli occupier and rest assured that we will all be spending all our must not be an exception to that rule. It is essential efforts to try to make that happen in a way that meets to guarantee accountability in order to protect future the requirements of neutrality and assurances to those generations from atrocities such as those currently interested. UNRWA is playing an indispensable role being committed in Gaza. in terms of distribution, warehousing, logistics and As has been affirmed by the Preside || international community to ensure that Israel quite remarkable how, in recent days and months, health fully complies with those measures. It is imperative institutions, of all things, have become a target — not just to put an end to the bloodbath and the genocide of the Palestinians. in Gaza, not just in occupied territories, but in different parts of the world. The same applies to humanitarian aid The provisional measures adopted by the workers, of all people. I therefore reiterate my call for International Court of Justice cannot be implemented in the immediate release of all hostages. I have met them any other way than through a ceasefire. It is imperative and their families as well. I call for their unconditional to cease this absurd aggression immediately. It is release and their humane treatment. I cannot end crucial to reach a ceasefire immediately. Those who without repeating the Secretary-General’s appeal for a oppose the ceasefire must appeal to their conscience humanitarian ceasefire, so that we can star || land stands ready to work with a united Council measures are binding on the parties. Switzerland expects to that end. The elements I have mentioned — respect Israel to comply with its order and in particular to take for international law, including the establishment of a the necessary measures to prevent the commission of any humanitarian ceasefire, access to aid in Gaza and the act of genocide and any kind of incitement to commit it. release of hostages — are only the first steps towards a The Court’s order also includes effective measures to be political resolution of the conflict. Switzerland stands taken without delay to enable the provision of urgently ready to support efforts to rebuild hope for peace needed basic services and humanitarian aid in order to through a two-State solution, with two democratic alleviate the difficult conditions that the Palestinians of States, living side by side in peace, within secure and the Gaza Strip are living in. recognized borders, with Gaza as an integral  || tions the Palestinian people in the occupied Gaza Strip from to those in need in Gaza, that all the hostages can be indiscriminate killing, harm and elimination, in whole released and that the peace process in the region can or in part. In its order, the Court states that make progress. We therefore reiterate our call for the Council to stand united in the support of actions and “Israel must, in accordance with its obligations initiatives that aim to address and reverse the calamitous under the Genocide Convention, in relation to situation in Gaza. Palestinians in Gaza, take all measures within its power to prevent the commission of all acts Mr. Sowa (Sierra Leone): I thank you, Madam within the scope of Article II of this Convention...” President, for convening this meeting. I also want to (Application of the Convention on the Prevention thank the Algerian delegation for requesting it and and Punishment of the Crime of Genocide in the Under-Secretary-General Martin Griffiths for his detailed briefing to",MACHINE_EXTRACTED_CONTEXT_NOT_HUMAN_CODING_EVIDENCE_OR_PIN_CITE
ICJ-192-2024-01-26||SC_FORMAL_VOTE::SCV|2085,S/PV.9552,3,3,STRICT_CANDIDATE_3_COLLECTIVE_ACTION_AND_ORDER_NEXUS,1,1,1,israel|israeli|south africa,gaza|genocide convention|israel|rafah|south africa,"imrecords@un.org). Corrected records will be reissued electronically on the Official Document System of the United Nations (http://documents.un.org). 24-04552 (E) Accessible document Please recycle *2404552* S/PV.9552 The situation in the Middle East, including the Palestinian question 20/02/2024 The meeting was called to order at 10.05 a.m. thirdly, the rejection of the forced displacement of Palestinians; fourthly, compliance with the provisional Adoption of the agenda measures ordered by the International Court of Justice; and fifthly, and lastly, the imperative for all The agenda was adopted. parties to respect their obligations under international humanitarian law. The situation in the Middle East, including the Palestinian question Throughout the process, we heard calls for giving time to a parallel track in order to preserve its chances, The President: In accordance with rule 37 of the with concerns raised that any action from the Council Council’s provisional rules of procedure, I invite the would jeopardiz || was adopted. parties to respect their obligations under international humanitarian law. The situation in the Middle East, including the Palestinian question Throughout the process, we heard calls for giving time to a parallel track in order to preserve its chances, The President: In accordance with rule 37 of the with concerns raised that any action from the Council Council’s provisional rules of procedure, I invite the would jeopardize that effort. However, almost one representatives of Egypt, Israel, Qatar and Tunisia to month after the International Court of Justice issued its participate in this meeting. orders, there are still no signs of hope for improvement I propose that the Council invite the observer of in the situation in Gaza. Silence, we contend, is not a the Observer State of Palestine to participate in the viable option. Now is the time for action and the time meeting, in accordance with the provisional rules of for truth. procedure and the previous practice in this regard. Th ||  preserve its chances, The President: In accordance with rule 37 of the with concerns raised that any action from the Council Council’s provisional rules of procedure, I invite the would jeopardize that effort. However, almost one representatives of Egypt, Israel, Qatar and Tunisia to month after the International Court of Justice issued its participate in this meeting. orders, there are still no signs of hope for improvement I propose that the Council invite the observer of in the situation in Gaza. Silence, we contend, is not a the Observer State of Palestine to participate in the viable option. Now is the time for action and the time meeting, in accordance with the provisional rules of for truth. procedure and the previous practice in this regard. The members of the Security Council have a There being no objection, it is so decided. responsibility to vote in favour of measures that uphold international peace and security. The draft resolution The Security Council will now begin its take || ter of history. submitted numerous rounds of edits. All were ignored. Mrs. Thomas-Greenfield (United States of Therefore, for that reason, the United States has offered America): For months, the United States has tirelessly an alternative draft resolution that would do what the pushed towards a goal to which all of us should text before us does not: pressure Hamas to take the aspire — a sustainable resolution of the Gaza conflict hostage deal that is on the table and help secure a pause so that Israelis and Palestinians can live side by side that allows humanitarian assistance to reach Palestinian and enjoy equal measures of security, dignity and civilians in desperate need. freedom. To build towards that future, the United Once again, there is much more we all agree on, States is working on a hostage deal between Israel and the alternative draft resolution put forward by the and Hamas, along with Egypt and Qatar. That hostage United States is rooted in those shared beliefs. To start, deal wo || t me repeat, only — path there can be no reduction of territory in the Gaza Strip available towards a longer, durable peace. That is why and rejects, as we did before in resolution 2720 (2023), we have all heard me say over and over again that any any forced displacements of civilians in Gaza. It also action that the Council takes right now should help, not highlights the concerns that many Council members hinder, those sensitive and ongoing negotiations. have regarding the fate of civilians in Rafah, making it clear that, under the current circumstances, a major We believe that the draft resolution on the table right ground offensive into Rafah should not proceed. now (S/2024/173) would in fact negatively impact those negotiations. Demanding an immediate, unconditional This is not, as some members have claimed, an ceasefire without an agreement requiring Hamas to American effort to cover for an imminent ground release the hostages will not bring about a durable peace. incursion. Rather, it || ire, as the draft resolution does, will not humanitarian catastrophe that we are now seeing in make it happen. Indeed, because it could endanger the Gaza. As Council members, we were urged to demand hostage negotiations, it could actually make a ceasefire an immediate humanitarian ceasefire. The International less likely. The way to stop the fighting and potentially Court of Justice has acted promptly and rightly when stop it from restarting is to begin with a pause to get called on to do so by South Africa. Following the hostages out and aid in. That is what we are calling for. requests for an indication of provisional measures, the It could end the fighting now. We will continue to work Court, in its 26 January order, specifically ordered, for a stop to the fighting, a humanitarian response at among other things, that scale, the release of all hostages and the delivery of the two sovereign States of Israel and Palestine, which will “the State of Israel shall take immediate and ensure peace, secu ||  that it is bound to fully Palestinian people, who every day are facing death and comply with its obligations under the Convention on the destruction and the torment of starvation and repeated Prevention and Punishment of the Crime of Genocide forced displacement. and all provisional measures ordered by the Court on 26 January. The Court also had to remind Israel that its It has been nearly three weeks since I last obligations should be effective immediately. addressed the Council following the Court’s order (see S/PV.9540), appealing for action to be taken to ensure The call for a ceasefire should have been agreed the implementation of the provisional measures, to to long ago. What threshold has to be crossed for the ensure a ceasefire that would protect the Palestinian Council to finally demand a ceasefire? What could be people and to avert the further ravaging of their lives by more serious than the crime of genocide? As my brother the Israeli onslaught. But our appeals have regrettably Amar sai || me — the again, the other entities of the international system are root cause of all the ills that our people are suffering, upholding their responsibilities, and one day, Palestinian including this genocidal war. The Court has fulfilled children will not be viewed as a demographic threat but its solemn duty, acting swiftly both in its response as children with a right to life and to the fulfilment of to the case brought before it by South Africa against their hopes and dreams. Israel under the Genocide Convention and in response The President: I now give the floor to the to the General Assembly’s request for an advisory representative of Israel. opinion, which we hope will be a true turning point in the quest for accountability and for justice for the Mr. Erdan (Israel): Since 7 October the Security Palestinian people. Council has voted on numerous draft resolutions constructed around the same flawed theme — the When will the Security Council finally fulfil its concept of a ceasefire. The word is consta",MACHINE_EXTRACTED_CONTEXT_NOT_HUMAN_CODING_EVIDENCE_OR_PIN_CITE
ICJ-192-2024-01-26||SC_MEETING::SCM|S/PV.9552,S/PV.9552,3,3,STRICT_CANDIDATE_3_COLLECTIVE_ACTION_AND_ORDER_NEXUS,1,1,1,israel|israeli|south africa,gaza|genocide convention|israel|rafah|south africa,"imrecords@un.org). Corrected records will be reissued electronically on the Official Document System of the United Nations (http://documents.un.org). 24-04552 (E) Accessible document Please recycle *2404552* S/PV.9552 The situation in the Middle East, including the Palestinian question 20/02/2024 The meeting was called to order at 10.05 a.m. thirdly, the rejection of the forced displacement of Palestinians; fourthly, compliance with the provisional Adoption of the agenda measures ordered by the International Court of Justice; and fifthly, and lastly, the imperative for all The agenda was adopted. parties to respect their obligations under international humanitarian law. The situation in the Middle East, including the Palestinian question Throughout the process, we heard calls for giving time to a parallel track in order to preserve its chances, The President: In accordance with rule 37 of the with concerns raised that any action from the Council Council’s provisional rules of procedure, I invite the would jeopardiz || was adopted. parties to respect their obligations under international humanitarian law. The situation in the Middle East, including the Palestinian question Throughout the process, we heard calls for giving time to a parallel track in order to preserve its chances, The President: In accordance with rule 37 of the with concerns raised that any action from the Council Council’s provisional rules of procedure, I invite the would jeopardize that effort. However, almost one representatives of Egypt, Israel, Qatar and Tunisia to month after the International Court of Justice issued its participate in this meeting. orders, there are still no signs of hope for improvement I propose that the Council invite the observer of in the situation in Gaza. Silence, we contend, is not a the Observer State of Palestine to participate in the viable option. Now is the time for action and the time meeting, in accordance with the provisional rules of for truth. procedure and the previous practice in this regard. Th ||  preserve its chances, The President: In accordance with rule 37 of the with concerns raised that any action from the Council Council’s provisional rules of procedure, I invite the would jeopardize that effort. However, almost one representatives of Egypt, Israel, Qatar and Tunisia to month after the International Court of Justice issued its participate in this meeting. orders, there are still no signs of hope for improvement I propose that the Council invite the observer of in the situation in Gaza. Silence, we contend, is not a the Observer State of Palestine to participate in the viable option. Now is the time for action and the time meeting, in accordance with the provisional rules of for truth. procedure and the previous practice in this regard. The members of the Security Council have a There being no objection, it is so decided. responsibility to vote in favour of measures that uphold international peace and security. The draft resolution The Security Council will now begin its take || ter of history. submitted numerous rounds of edits. All were ignored. Mrs. Thomas-Greenfield (United States of Therefore, for that reason, the United States has offered America): For months, the United States has tirelessly an alternative draft resolution that would do what the pushed towards a goal to which all of us should text before us does not: pressure Hamas to take the aspire — a sustainable resolution of the Gaza conflict hostage deal that is on the table and help secure a pause so that Israelis and Palestinians can live side by side that allows humanitarian assistance to reach Palestinian and enjoy equal measures of security, dignity and civilians in desperate need. freedom. To build towards that future, the United Once again, there is much more we all agree on, States is working on a hostage deal between Israel and the alternative draft resolution put forward by the and Hamas, along with Egypt and Qatar. That hostage United States is rooted in those shared beliefs. To start, deal wo || t me repeat, only — path there can be no reduction of territory in the Gaza Strip available towards a longer, durable peace. That is why and rejects, as we did before in resolution 2720 (2023), we have all heard me say over and over again that any any forced displacements of civilians in Gaza. It also action that the Council takes right now should help, not highlights the concerns that many Council members hinder, those sensitive and ongoing negotiations. have regarding the fate of civilians in Rafah, making it clear that, under the current circumstances, a major We believe that the draft resolution on the table right ground offensive into Rafah should not proceed. now (S/2024/173) would in fact negatively impact those negotiations. Demanding an immediate, unconditional This is not, as some members have claimed, an ceasefire without an agreement requiring Hamas to American effort to cover for an imminent ground release the hostages will not bring about a durable peace. incursion. Rather, it || ire, as the draft resolution does, will not humanitarian catastrophe that we are now seeing in make it happen. Indeed, because it could endanger the Gaza. As Council members, we were urged to demand hostage negotiations, it could actually make a ceasefire an immediate humanitarian ceasefire. The International less likely. The way to stop the fighting and potentially Court of Justice has acted promptly and rightly when stop it from restarting is to begin with a pause to get called on to do so by South Africa. Following the hostages out and aid in. That is what we are calling for. requests for an indication of provisional measures, the It could end the fighting now. We will continue to work Court, in its 26 January order, specifically ordered, for a stop to the fighting, a humanitarian response at among other things, that scale, the release of all hostages and the delivery of the two sovereign States of Israel and Palestine, which will “the State of Israel shall take immediate and ensure peace, secu ||  that it is bound to fully Palestinian people, who every day are facing death and comply with its obligations under the Convention on the destruction and the torment of starvation and repeated Prevention and Punishment of the Crime of Genocide forced displacement. and all provisional measures ordered by the Court on 26 January. The Court also had to remind Israel that its It has been nearly three weeks since I last obligations should be effective immediately. addressed the Council following the Court’s order (see S/PV.9540), appealing for action to be taken to ensure The call for a ceasefire should have been agreed the implementation of the provisional measures, to to long ago. What threshold has to be crossed for the ensure a ceasefire that would protect the Palestinian Council to finally demand a ceasefire? What could be people and to avert the further ravaging of their lives by more serious than the crime of genocide? As my brother the Israeli onslaught. But our appeals have regrettably Amar sai || me — the again, the other entities of the international system are root cause of all the ills that our people are suffering, upholding their responsibilities, and one day, Palestinian including this genocidal war. The Court has fulfilled children will not be viewed as a demographic threat but its solemn duty, acting swiftly both in its response as children with a right to life and to the fulfilment of to the case brought before it by South Africa against their hopes and dreams. Israel under the Genocide Convention and in response The President: I now give the floor to the to the General Assembly’s request for an advisory representative of Israel. opinion, which we hope will be a true turning point in the quest for accountability and for justice for the Mr. Erdan (Israel): Since 7 October the Security Palestinian people. Council has voted on numerous draft resolutions constructed around the same flawed theme — the When will the Security Council finally fulfil its concept of a ceasefire. The word is consta",MACHINE_EXTRACTED_CONTEXT_NOT_HUMAN_CODING_EVIDENCE_OR_PIN_CITE
ICJ-192-2024-01-26||SC_MEETING::SCM|S/PV.9556,S/PV.9556,2,2,SAME_CASE_OR_DISPUTE_NO_PROVEN_COLLECTIVE_FOLLOW_THROUGH,1,1,1,israel|israeli|south africa,gaza|israel|rafah|south africa,"o the Chief of the Verbatim Reporting Service, room AB-0928 (verbatimrecords@un.org). Corrected records will be reissued electronically on the Official Document System of the United Nations (http://documents.un.org). 24-04787 (E) Accessible document Please recycle *2404787* S/PV.9556 The situation in the Middle East, including the Palestinian question 22/02/2024 The meeting was called to order at 10.20 a.m. to addressing the complex humanitarian, security and political crises affecting not only Gaza, but the whole of Adoption of the agenda the occupied Palestinian territory, Israel and the region. The agenda was adopted. I am convinced that there is no time to lose in laying the framework for Gaza’s recovery and for a long-term The situation in the Middle East, including the political resolution of the Israeli-Palestinian conflict, Palestinian question including by advancing meaningful, irreversible steps towards a two-State solution. The President: In accordance with rule 39 of the Counci || g). Corrected records will be reissued electronically on the Official Document System of the United Nations (http://documents.un.org). 24-04787 (E) Accessible document Please recycle *2404787* S/PV.9556 The situation in the Middle East, including the Palestinian question 22/02/2024 The meeting was called to order at 10.20 a.m. to addressing the complex humanitarian, security and political crises affecting not only Gaza, but the whole of Adoption of the agenda the occupied Palestinian territory, Israel and the region. The agenda was adopted. I am convinced that there is no time to lose in laying the framework for Gaza’s recovery and for a long-term The situation in the Middle East, including the political resolution of the Israeli-Palestinian conflict, Palestinian question including by advancing meaningful, irreversible steps towards a two-State solution. The President: In accordance with rule 39 of the Council’s provisional rules of procedure, I invite the According to the Ministry of Health || ast, including the Palestinian question 22/02/2024 The meeting was called to order at 10.20 a.m. to addressing the complex humanitarian, security and political crises affecting not only Gaza, but the whole of Adoption of the agenda the occupied Palestinian territory, Israel and the region. The agenda was adopted. I am convinced that there is no time to lose in laying the framework for Gaza’s recovery and for a long-term The situation in the Middle East, including the political resolution of the Israeli-Palestinian conflict, Palestinian question including by advancing meaningful, irreversible steps towards a two-State solution. The President: In accordance with rule 39 of the Council’s provisional rules of procedure, I invite the According to the Ministry of Health in Gaza, from following briefers to participate in this meeting: Mr. Tor 18 January through 16 February, 4,327 Palestinians Wennesland, Special Coordinator for the Middle East were killed and over 7,000 injured in fighting and Israe || za — the largest I was in Gaza this week to see at first-hand the single loss of life in the history of the Organization. unfolding tragedy and to meet with our tireless and brave Battles have continued across Gaza, including a teams on the ground, who face impossible challenges campaign in Khan Younis that began in late January, to deliver life-saving assistance to Palestinian and more recently intensified airstrikes in the densely civilians in the Gaza Strip. What I saw was shocking populated Rafah area. Hospitals, schools and other and unsustainable. I am deeply concerned about a protected sites continue to be severely impacted by possible full-scale Israeli military operation in the military operations. The IDF has said that its forces densely populated Rafah area, where some 1.4 million are targeting Hamas fighters and equipment as well Palestinians are sheltering and where we have the only as large-scale tunnel networks under those and other point of entry for humanitarian goods. civi || to Gaza. I am also encouraged restoring single, effective Palestinian governance that the Palestinian Prime Minister announced several across the occupied Palestinian territories, including judicial, security, administrative and financial reforms Gaza. International support to strengthen and reform last month, but more remains to be done. the Palestinian Authority in order to improve domestic In the international arena, on 26 January, the and international legitimacy will be critical. To create International Court of Justice issued provisional the conditions for this to work, there must be time-bound measures in the case of South Africa vs. Israel, on the steps within a political framework to end the occupation application of the Convention on the Prevention and and establish a two-State solution in line with the Punishment of the Crime of Genocide in the Gaza Strip. relevant United Nations resolutions, international law I welcome the recent visit of the Special Representative and bilateral agreements. Those effort || al across the occupied Palestinian territories, including judicial, security, administrative and financial reforms Gaza. International support to strengthen and reform last month, but more remains to be done. the Palestinian Authority in order to improve domestic In the international arena, on 26 January, the and international legitimacy will be critical. To create International Court of Justice issued provisional the conditions for this to work, there must be time-bound measures in the case of South Africa vs. Israel, on the steps within a political framework to end the occupation application of the Convention on the Prevention and and establish a two-State solution in line with the Punishment of the Crime of Genocide in the Gaza Strip. relevant United Nations resolutions, international law I welcome the recent visit of the Special Representative and bilateral agreements. Those efforts must coalesce of the Secretary-General on Sexual Violence in Conflict and accelerate if we are to emerge from th || ustice thousands of civilians are under siege, facing starvation has been clear — Israel must take effective measures and epidemics. The majority of them are in Rafah, a without delay to enable the provision of urgently refuge for more than 1 million civilians fleeing the needed basic services and humanitarian aid throughout fighting and a vital conduit for humanitarian aid to the Gaza Strip. Switzerland reminds Israel that it must Gaza. Switzerland is deeply concerned about the comply with the Court’s order and, in particular, take catastrophic humanitarian consequences that an the necessary measures to that end. Israeli large-scale military offensive in Rafah could have — both directly for the civilian population and for As we have heard, already fragile humanitarian aid operations cannot be kept afloat without the delivery of humanitarian aid. adequate security guarantees and sufficient access We condemn the fact that hostilities continue to for humanitarian personnel. In the short term, we clai",MACHINE_EXTRACTED_CONTEXT_NOT_HUMAN_CODING_EVIDENCE_OR_PIN_CITE
ICJ-192-2024-01-26||SC_MEETING::SCM|S/PV.9572,S/PV.9572,2,2,SAME_CASE_OR_DISPUTE_NO_PROVEN_COLLECTIVE_FOLLOW_THROUGH,1,1,0,israel|israeli,gaza|israel|rafah,"signature of a member of the delegation concerned to the Chief of the Verbatim Reporting Service, room AB-0928 (verbatimrecords@un.org). Corrected records will be reissued electronically on the Official Document System of the United Nations (http://documents.un.org). 24-06558 (E) Accessible document Please recycle *2406558* S/PV.9572 The situation in the Middle East, including the Palestinian question 11/03/2024 The meeting was called to order at 3.05 p.m. at the invitation of the Government of Israel, I led an official visit to Israel from 29 January to 14 February. Adoption of the agenda The mission was not investigative in nature. As per its scope and parameters as agreed in advance with the The agenda was adopted. Israeli authorities, the objective was to gather, analyse and verify reports of conflict-related sexual violence The situation in the Middle East, including the related to 7 October and in its aftermath, in order to Palestinian question inform reporting, including to the Securi || ited Nations (http://documents.un.org). 24-06558 (E) Accessible document Please recycle *2406558* S/PV.9572 The situation in the Middle East, including the Palestinian question 11/03/2024 The meeting was called to order at 3.05 p.m. at the invitation of the Government of Israel, I led an official visit to Israel from 29 January to 14 February. Adoption of the agenda The mission was not investigative in nature. As per its scope and parameters as agreed in advance with the The agenda was adopted. Israeli authorities, the objective was to gather, analyse and verify reports of conflict-related sexual violence The situation in the Middle East, including the related to 7 October and in its aftermath, in order to Palestinian question inform reporting, including to the Security Council, The President: In accordance with rule 37 of the given the absence of relevant United Nations entities Council’s provisional rules of procedure, I invite the in Israel. representative of Israel to participate in this  ||  and men, one of I propose that the Council invite the Permanent the agreed parameters was a visit to the occupied West Observer of the Observer State of Palestine to the United Bank, to engage with the Palestinian authorities on Nations to participate in this meeting, in accordance these issues and to raise such concerns with the Israeli with the provisional rules of procedure and the previous authorities. Considering the ongoing hostilities, I did practice in this regard. not request to visit Gaza, where other United Nations There being no objection, it is so decided. entities are operational, including some that monitor sexual violence. I must highlight that information In accordance with rule 39 of the Council’s received during my visit, along with other United provisional rules of procedure, I invite Ms. Pramila Nations-verified information on Gaza and the occupied Patten, Special Representative of the Secretary- West Bank, will be included in the 2023 report of the General on Sexual  || le. or understated. The ongoing conflict in Gaza has disproportionate On the other hand, the scale of the human suffering effects on women. Statistics show that 70 per cent of and humanitarian catastrophe that continues to unfold the civilians killed were women or children, and nearly in Gaza is deeply troubling and concerning. Equally 1 million women and girls have been displaced. We worrisome is the prospect of an expansion of the conflict are deeply concerned that prolonged humanitarian into Rafah, the deteriorating situation in the West Bank catastrophe over the past five months has led to limited and other violence throughout the wider region. access to food, clean water and medical supplies in Gaza. Malnutrition and starvation have inflicted The prospect of further hostilities and conflict unspeakable pain and hardship on innocent people, will only result in further suffering. In that vein, an in particular women, including pregnant and breast- immediate and permanent ceasefire remain || s aimed at the report received as a result of the mission cannot be shedding light on the crimes committed during the called exhaustive, even on its stated subject. According Palestinian-Israeli conflict. We are convinced that to the report, Ms. Patten’s team was unable to meet with the United Nations is not taking sufficient measures victims of the sexual violence that took place during in that area. Thousands of people are dying, and the tragic events of 7 October. Overall, as the Special the International Court of Justice has noted a high Representative admits, the data was received in large likelihood of genocide currently taking place in the part from the Government of Israel and requires further Gaza Strip. The United Nations essentially lacks the study and investigation. access required to obtain reliable information. Israel is deliberately creating obstacles to such access. On a separate note, we would like to point out that the definitions and methods of work used by Ms. Patten Against that backdrop, West ",MACHINE_EXTRACTED_CONTEXT_NOT_HUMAN_CODING_EVIDENCE_OR_PIN_CITE
ICJ-192-2024-01-26||SC_FORMAL_VOTE::SCV|2090,S/PV.9584,2,2,SAME_CASE_OR_DISPUTE_NO_PROVEN_COLLECTIVE_FOLLOW_THROUGH,0,1,0,israel|israeli,gaza|israel|rafah,"batimrecords@un.org). Corrected records will be reissued electronically on the Official Document System of the United Nations (http://documents.un.org). 24-07904 (E) Accessible document Please recycle *2407904* S/PV.9584 The situation in the Middle East, including the Palestinian question 22/03/2024 The meeting was called to order at 9.05 a.m. than 100 hostages, including a one-year-old child, being held in captivity by Hamas and other groups; for innocent Adoption of the agenda Palestinians in Gaza, who have been displaced, who are starving and who desperately need peace; and for The agenda was adopted. Israelis who have continued to face missile attacks from Hamas, a terrorist group that set this conflict in motion The situation in the Middle East, including the on 7 October 2023. Every day without a deal means more Palestinian question needless suffering. The President: In accordance with rule 37 of the This draft resolution will move us closer to securing Council’s provisional rules of || nited Nations (http://documents.un.org). 24-07904 (E) Accessible document Please recycle *2407904* S/PV.9584 The situation in the Middle East, including the Palestinian question 22/03/2024 The meeting was called to order at 9.05 a.m. than 100 hostages, including a one-year-old child, being held in captivity by Hamas and other groups; for innocent Adoption of the agenda Palestinians in Gaza, who have been displaced, who are starving and who desperately need peace; and for The agenda was adopted. Israelis who have continued to face missile attacks from Hamas, a terrorist group that set this conflict in motion The situation in the Middle East, including the on 7 October 2023. Every day without a deal means more Palestinian question needless suffering. The President: In accordance with rule 37 of the This draft resolution will move us closer to securing Council’s provisional rules of procedure, I invite the that deal and help us to alleviate that suffering, and I urge representative of Israel to || nited Nations (http://documents.un.org). 24-07904 (E) Accessible document Please recycle *2407904* S/PV.9584 The situation in the Middle East, including the Palestinian question 22/03/2024 The meeting was called to order at 9.05 a.m. than 100 hostages, including a one-year-old child, being held in captivity by Hamas and other groups; for innocent Adoption of the agenda Palestinians in Gaza, who have been displaced, who are starving and who desperately need peace; and for The agenda was adopted. Israelis who have continued to face missile attacks from Hamas, a terrorist group that set this conflict in motion The situation in the Middle East, including the on 7 October 2023. Every day without a deal means more Palestinian question needless suffering. The President: In accordance with rule 37 of the This draft resolution will move us closer to securing Council’s provisional rules of procedure, I invite the that deal and help us to alleviate that suffering, and I urge representative of Israel to  || ution that, at long last, condemns Hamas consideration of the item on its agenda. for its horrific terrorist attacks and sexual violence; that makes clear that all civilians — Palestinians and Members of the Council have before them document Israelis — should be able to live without fear of violence; S/2024/239, which contains the text of a draft resolution that demands the protection of civilians in Gaza and submitted by the United States of America. stresses that a major ground offensive into Rafah poses The Council is ready to proceed to the vote on the a grave threat to civilians, even as we still work towards draft resolution before it. eliminating Hamas from all parts of Gaza; that calls on Israel to eliminate all barriers and restrictions to I shall now give the floor to those members of the humanitarian aid, especially as the threat of famine Council who wish to make statements before the voting. looms large in northern Gaza; that condemns calls Mrs. Thomas-Greenfield (United States",MACHINE_EXTRACTED_CONTEXT_NOT_HUMAN_CODING_EVIDENCE_OR_PIN_CITE
ICJ-192-2024-01-26||SC_MEETING::SCM|S/PV.9584,S/PV.9584,2,2,SAME_CASE_OR_DISPUTE_NO_PROVEN_COLLECTIVE_FOLLOW_THROUGH,0,1,0,israel|israeli,gaza|israel|rafah,"batimrecords@un.org). Corrected records will be reissued electronically on the Official Document System of the United Nations (http://documents.un.org). 24-07904 (E) Accessible document Please recycle *2407904* S/PV.9584 The situation in the Middle East, including the Palestinian question 22/03/2024 The meeting was called to order at 9.05 a.m. than 100 hostages, including a one-year-old child, being held in captivity by Hamas and other groups; for innocent Adoption of the agenda Palestinians in Gaza, who have been displaced, who are starving and who desperately need peace; and for The agenda was adopted. Israelis who have continued to face missile attacks from Hamas, a terrorist group that set this conflict in motion The situation in the Middle East, including the on 7 October 2023. Every day without a deal means more Palestinian question needless suffering. The President: In accordance with rule 37 of the This draft resolution will move us closer to securing Council’s provisional rules of || nited Nations (http://documents.un.org). 24-07904 (E) Accessible document Please recycle *2407904* S/PV.9584 The situation in the Middle East, including the Palestinian question 22/03/2024 The meeting was called to order at 9.05 a.m. than 100 hostages, including a one-year-old child, being held in captivity by Hamas and other groups; for innocent Adoption of the agenda Palestinians in Gaza, who have been displaced, who are starving and who desperately need peace; and for The agenda was adopted. Israelis who have continued to face missile attacks from Hamas, a terrorist group that set this conflict in motion The situation in the Middle East, including the on 7 October 2023. Every day without a deal means more Palestinian question needless suffering. The President: In accordance with rule 37 of the This draft resolution will move us closer to securing Council’s provisional rules of procedure, I invite the that deal and help us to alleviate that suffering, and I urge representative of Israel to || nited Nations (http://documents.un.org). 24-07904 (E) Accessible document Please recycle *2407904* S/PV.9584 The situation in the Middle East, including the Palestinian question 22/03/2024 The meeting was called to order at 9.05 a.m. than 100 hostages, including a one-year-old child, being held in captivity by Hamas and other groups; for innocent Adoption of the agenda Palestinians in Gaza, who have been displaced, who are starving and who desperately need peace; and for The agenda was adopted. Israelis who have continued to face missile attacks from Hamas, a terrorist group that set this conflict in motion The situation in the Middle East, including the on 7 October 2023. Every day without a deal means more Palestinian question needless suffering. The President: In accordance with rule 37 of the This draft resolution will move us closer to securing Council’s provisional rules of procedure, I invite the that deal and help us to alleviate that suffering, and I urge representative of Israel to  || ution that, at long last, condemns Hamas consideration of the item on its agenda. for its horrific terrorist attacks and sexual violence; that makes clear that all civilians — Palestinians and Members of the Council have before them document Israelis — should be able to live without fear of violence; S/2024/239, which contains the text of a draft resolution that demands the protection of civilians in Gaza and submitted by the United States of America. stresses that a major ground offensive into Rafah poses The Council is ready to proceed to the vote on the a grave threat to civilians, even as we still work towards draft resolution before it. eliminating Hamas from all parts of Gaza; that calls on Israel to eliminate all barriers and restrictions to I shall now give the floor to those members of the humanitarian aid, especially as the threat of famine Council who wish to make statements before the voting. looms large in northern Gaza; that condemns calls Mrs. Thomas-Greenfield (United States",MACHINE_EXTRACTED_CONTEXT_NOT_HUMAN_CODING_EVIDENCE_OR_PIN_CITE
ICJ-192-2024-01-26||SC_FORMAL_VOTE::SCV|2091,S/PV.9586,2,2,SAME_CASE_OR_DISPUTE_NO_PROVEN_COLLECTIVE_FOLLOW_THROUGH,1,0,0,israel|israeli,gaza|israel|rafah,"r to take action on condolences and sympathy to the Government and the this important draft resolution on the Middle East, people of Russia and in the memory of the victims of including the Palestinian question. We express our deep the heinous and cowardly terrorist act at a concert hall, appreciation to all members of the Council for their in the Moscow region of the Russian Federation, on efforts and input on this draft resolution and towards 22 March. ending the catastrophic situation in the Gaza Strip. I now invite everyone to stand and observe a minute The situation in Gaza is a matter of grave concern of silence. to the entire international community. Indeed, the escalation of the conflict in the Gaza Strip and The members of the Security Council observed a its catastrophic consequences are clear threats to minute of silence. international peace and security. In that context, the E10 felt compelled to submit the draft resolution before the Adoption of the agenda Council. The 15 membe || United Nations to work for the maintenance of international peace and security, and their actions have The situation in the Middle East, including the an impact on the entire international community. That Palestinian question is the strong conviction that led to the drafting of the The President: In accordance with rule 37 of the text that we are considering this morning. Council’s provisional rules of procedure, I invite the The Council has been consistently unanimous in its representatives of Israel and Yemen to participate in agreement on the obligation of the parties to the conflict this meeting. to respect international law, including international I propose that the Council invite the Permanent humanitarian law and international human rights Observer of the Observer State of Palestine to the United law. The E10 has always supported the call for an Nations to participate in this meeting, in accordance immediate ceasefire in Gaza as a fundamental step. For with the provisional rules of p || ge to the Palestinian people that the entire international community feels their suffering and has not So today, my request to members of the Council abandoned them. and to Member States in every region of the world is this: speak out and demand unequivocally that Hamas The adoption of today’s resolution 2728 (2024) is accept the deal on the table. only the beginning of efforts to meet the aspirations of the Palestinian people. We look forward to the Now, I hope I am wrong — I really do — but I Israeli occupier’s compliance with the resolution and do not expect that from Russia and China, especially immediate cessation of killing without conditions, because they still cannot bring themselves to condemn thereby ending the suffering of the Palestinian people. It Hamas’s terrorist attacks on 7 October 2023. Just is the responsibility of the Security Council to ensure the last week, Russia and China vetoed draft resolution implementation of the provisions of the resolution. S/2024/239, which cond || n rights law. Switzerland voted in favour of resolution 2728 (2024) and welcomes its adoption by the Security Council. For the resolution we have just adopted to be Finally, there is cause for hope. effectively implemented, the immediate ceasefire must lead to a durable sustainable ceasefire, without This vote should mark a return to greater humanity delay. Similarly, given the catastrophic humanitarian in the Middle East conflict. “Human dignity and consequences that a large-scale operation in Rafah decency must define us as a global community”. That would have on the civilian population and humanitarian is how the Secretary-General, whom I wish to thank operations, such an operation must be avoided. alongside all humanitarian stakeholders, underlined that necessity yesterday, at the Rafah crossing. The Secretary-General said yesterday at the Rafah crossing: “It is time to silence the guns.” Hope is being Today’s vote demonstrates the importance and able to see the light despite the darkne || ut an the Council to achieve that path. end to it. There can be no justification for war crimes, crimes against humanity and genocide. Accepting any I now resume my functions as President of justification for such crimes means renouncing our the Council. humanity and destroying the rule of international law I give the floor to the Permanent Observer of the beyond repair. Observer State of Palestine. Two months ago, the highest international court, Mr. Mansour (Palestine): I wish to begin my the International Court of Justice, determined there was statement by conveying my deepest condolences to the a real and imminent risk of irreparable prejudice to the people and Government of the Russian Federation, and plausible rights of Palestinians under the Convention 12/16 24-07916 25/03/2024 The situation in the Middle East, including the Palestinian question S/PV.9586 on the Prevention and Punishment of the Crime of without enforcement. Israel has been treated as a State Genocide. It ordered Israel to undertake immediat",MACHINE_EXTRACTED_CONTEXT_NOT_HUMAN_CODING_EVIDENCE_OR_PIN_CITE
ICJ-192-2024-01-26||SC_MEETING::SCM|S/PV.9586,S/PV.9586,2,2,SAME_CASE_OR_DISPUTE_NO_PROVEN_COLLECTIVE_FOLLOW_THROUGH,1,0,0,israel|israeli,gaza|israel|rafah,"r to take action on condolences and sympathy to the Government and the this important draft resolution on the Middle East, people of Russia and in the memory of the victims of including the Palestinian question. We express our deep the heinous and cowardly terrorist act at a concert hall, appreciation to all members of the Council for their in the Moscow region of the Russian Federation, on efforts and input on this draft resolution and towards 22 March. ending the catastrophic situation in the Gaza Strip. I now invite everyone to stand and observe a minute The situation in Gaza is a matter of grave concern of silence. to the entire international community. Indeed, the escalation of the conflict in the Gaza Strip and The members of the Security Council observed a its catastrophic consequences are clear threats to minute of silence. international peace and security. In that context, the E10 felt compelled to submit the draft resolution before the Adoption of the agenda Council. The 15 membe || United Nations to work for the maintenance of international peace and security, and their actions have The situation in the Middle East, including the an impact on the entire international community. That Palestinian question is the strong conviction that led to the drafting of the The President: In accordance with rule 37 of the text that we are considering this morning. Council’s provisional rules of procedure, I invite the The Council has been consistently unanimous in its representatives of Israel and Yemen to participate in agreement on the obligation of the parties to the conflict this meeting. to respect international law, including international I propose that the Council invite the Permanent humanitarian law and international human rights Observer of the Observer State of Palestine to the United law. The E10 has always supported the call for an Nations to participate in this meeting, in accordance immediate ceasefire in Gaza as a fundamental step. For with the provisional rules of p || ge to the Palestinian people that the entire international community feels their suffering and has not So today, my request to members of the Council abandoned them. and to Member States in every region of the world is this: speak out and demand unequivocally that Hamas The adoption of today’s resolution 2728 (2024) is accept the deal on the table. only the beginning of efforts to meet the aspirations of the Palestinian people. We look forward to the Now, I hope I am wrong — I really do — but I Israeli occupier’s compliance with the resolution and do not expect that from Russia and China, especially immediate cessation of killing without conditions, because they still cannot bring themselves to condemn thereby ending the suffering of the Palestinian people. It Hamas’s terrorist attacks on 7 October 2023. Just is the responsibility of the Security Council to ensure the last week, Russia and China vetoed draft resolution implementation of the provisions of the resolution. S/2024/239, which cond || n rights law. Switzerland voted in favour of resolution 2728 (2024) and welcomes its adoption by the Security Council. For the resolution we have just adopted to be Finally, there is cause for hope. effectively implemented, the immediate ceasefire must lead to a durable sustainable ceasefire, without This vote should mark a return to greater humanity delay. Similarly, given the catastrophic humanitarian in the Middle East conflict. “Human dignity and consequences that a large-scale operation in Rafah decency must define us as a global community”. That would have on the civilian population and humanitarian is how the Secretary-General, whom I wish to thank operations, such an operation must be avoided. alongside all humanitarian stakeholders, underlined that necessity yesterday, at the Rafah crossing. The Secretary-General said yesterday at the Rafah crossing: “It is time to silence the guns.” Hope is being Today’s vote demonstrates the importance and able to see the light despite the darkne || ut an the Council to achieve that path. end to it. There can be no justification for war crimes, crimes against humanity and genocide. Accepting any I now resume my functions as President of justification for such crimes means renouncing our the Council. humanity and destroying the rule of international law I give the floor to the Permanent Observer of the beyond repair. Observer State of Palestine. Two months ago, the highest international court, Mr. Mansour (Palestine): I wish to begin my the International Court of Justice, determined there was statement by conveying my deepest condolences to the a real and imminent risk of irreparable prejudice to the people and Government of the Russian Federation, and plausible rights of Palestinians under the Convention 12/16 24-07916 25/03/2024 The situation in the Middle East, including the Palestinian question S/PV.9586 on the Prevention and Punishment of the Crime of without enforcement. Israel has been treated as a State Genocide. It ordered Israel to undertake immediat",MACHINE_EXTRACTED_CONTEXT_NOT_HUMAN_CODING_EVIDENCE_OR_PIN_CITE
ICJ-192-2024-01-26||SC_MEETING::SCM|S/PV.9588,S/PV.9588,2,3,STRICT_CANDIDATE_3_COLLECTIVE_ACTION_AND_ORDER_NEXUS,1,1,0,israel|israeli|south africa,gaza|israel|rafah|south africa," including the settlers and shrinking grazing land. Palestinian question Resolution 2334 (2016) calls for immediate steps to The President: In accordance with rule 39 of the prevent all acts of violence against civilians, including Council’s provisional rules of procedure I invite Mr. Tor acts of terror, as well as all acts of provocation and Wennesland, Special Coordinator for the Middle East destruction. Unfortunately, the devastating conflict Peace Process, to participate in this meeting. in Gaza has continued, alongside daily violence in the The Security Council will now begin its occupied West Bank. consideration of the item on its agenda. In Gaza, according to the Gaza Ministry of I now give the floor to Mr. Wennesland. Health, from 8 December to 18 March, at least 14,550 Palestinians were killed, including approximately 4,200 Mr. Wennesland: Before turning to the report, women and 6,000 children, and at least 27,800 were I wish to acknowledge the important message from injured. That || ennesland: Before turning to the report, women and 6,000 children, and at least 27,800 were I wish to acknowledge the important message from injured. That brings the total number reported by the the Security Council in yesterday’s adoption of Ministry of Health since 7 October to more than 31,790 resolution 2728 (2024). We need a ceasefire now. We Palestinians killed, a majority of whom are reportedly need the release of all hostages now. The suffering women and children. must end. According to Israeli sources, 134 hostages of the This is the twenty-ninth quarterly report of the approximately 250 taken hostage on 7 October 2023 Secretary-General on the implementation of resolution are still being held captive. Israeli sources also report 2334 (2016). It covers the period from 8 December to more than 1,461 Israelis and foreign nationals killed by 18 March. The resolution calls on Israel to immediately Hamas and other Palestinian armed groups, including and completely cease all settlement acti || ennesland: Before turning to the report, women and 6,000 children, and at least 27,800 were I wish to acknowledge the important message from injured. That brings the total number reported by the the Security Council in yesterday’s adoption of Ministry of Health since 7 October to more than 31,790 resolution 2728 (2024). We need a ceasefire now. We Palestinians killed, a majority of whom are reportedly need the release of all hostages now. The suffering women and children. must end. According to Israeli sources, 134 hostages of the This is the twenty-ninth quarterly report of the approximately 250 taken hostage on 7 October 2023 Secretary-General on the implementation of resolution are still being held captive. Israeli sources also report 2334 (2016). It covers the period from 8 December to more than 1,461 Israelis and foreign nationals killed by 18 March. The resolution calls on Israel to immediately Hamas and other Palestinian armed groups, including and completely cease all settlement activ || d approximately 3,420 launch attacks at Israeli forces and indiscriminately housing units in three settlements in the occupied fire rockets towards Israel. West Bank, including 2,400 in the Ma’ale Adumim settlement on 6 March. Another 580 housing units The Israeli operations in Khan Younis continued, were approved in two plans in Area C, in Revava driving tens of thousands more Palestinians, including and Mevo’ot Yeriho. In occupied East Jerusalem, 700 those already displaced multiple times, to Rafah, where housing units were advanced and approved in the Givat airstrikes have intensified amid concerns of a major Hashaked settlement. In addition to that, tenders for Israeli military operation. The fighting has seriously approximately 430 housing units were announced for affected the remaining functioning hospitals in Gaza. settlements in Area C in the West Bank. The Israel Defense Forces (IDF) stated that its operations are targeting Hamas fighters and equipment, in addition Demolitions and  || rridor from Cyprus, with a first shipment settlements that violate international law, they risk arriving on 15 March, alongside the opening of an contributing to violations of international humanitarian access point in the north of Gaza. law or human rights”. Resolution 2334 (2016) also On 29 December 2023, the Republic of South called upon all parties to continue, inter alia, to exert Africa instituted proceedings against Israel before collective efforts to launch credible negotiations. In the International Court of Justice concerning alleged the context of the current hostilities in Gaza, intense violations in the Gaza Strip of Israel’s obligations under negotiations between international mediators and the the Convention on the Prevention and Punishment of parties continued to formulate a deal for the release of the Crime of Genocide. On 26 January, the International the hostages and a ceasefire. Court of Justice indicated provisional measures in On 1 February, the United States issued an executive the case. orde || of Article 99 of the complementary diplomatic efforts of Egypt, Qatar Charter of the United Nations and the International and the United States in the ongoing negotiations for Court of Justice’s indication of provisional measures a deal that can lay a foundation for durable peace in in its 26 January 2024 order on the Application of the Gaza and guarantee the protection of all civilians and Convention on the Prevention and Punishment of the civilian objects. Crime of Genocide in the Gaza Strip (South Africa v. Israel) all speak to the imperative for an immediate ceasefire Thirdly, and regarding the West Bank and East respected by all parties, the immediate and unconditional Jerusalem, we recall resolution 2334 (2016) and reiterate release of all hostages, and the urgent need to expand the call for a cessation of all settlement activities that the flow of humanitarian assistance to and reinforce the obstruct the historical landscape and eliminate features protection of civilians in the entire Gaza ",MACHINE_EXTRACTED_CONTEXT_NOT_HUMAN_CODING_EVIDENCE_OR_PIN_CITE
ICJ-192-2024-01-26||SC_MEETING::SCM|S/PV.9596,S/PV.9596,2,3,STRICT_CANDIDATE_3_COLLECTIVE_ACTION_AND_ORDER_NEXUS,1,1,1,israel|israeli,gaza|israel|rafah,"4-09328 (E) Accessible document Please recycle *2409328* S/PV.9596 The situation in the Middle East, including the Palestinian question 05/04/2024 The meeting was called to order at 10.05 a.m. into tents, overcrowded shelters or even onto the streets and lacking the most basic necessities for dignified life Adoption of the agenda and survival. Some 60 per cent of housing has now been damaged or destroyed. Therefore, it is clear that there is The agenda was adopted. no protection of civilians in Gaza, and if they have no protection from the dangers of armed conflict there, they The situation in the Middle East, including the must be allowed to seek it elsewhere. Some Palestinians Palestinian question in Gaza have already left through Egypt, and we know The President: In accordance with rule 37 of the that more are trying. It is vital to recall that any persons Council’s provisional rules of procedure, I invite the displaced from Gaza must be guaranteed the right to representatives of Austra ||  if they have no protection from the dangers of armed conflict there, they The situation in the Middle East, including the must be allowed to seek it elsewhere. Some Palestinians Palestinian question in Gaza have already left through Egypt, and we know The President: In accordance with rule 37 of the that more are trying. It is vital to recall that any persons Council’s provisional rules of procedure, I invite the displaced from Gaza must be guaranteed the right to representatives of Australia, Israel, Poland and Saudi voluntary return, as international law demands. Arabia to participate in this meeting. I come now to the events of last week, which laid I propose that the Council invite the Permanent bare with clear evidence the unconscionable brutality of Observer of the Observer State of Palestine to the United this conflict. Intense Israeli bombardment and ground Nations to participate in this meeting, in accordance operations, as well as heavy fighting between Israeli with the provisiona || at any persons Council’s provisional rules of procedure, I invite the displaced from Gaza must be guaranteed the right to representatives of Australia, Israel, Poland and Saudi voluntary return, as international law demands. Arabia to participate in this meeting. I come now to the events of last week, which laid I propose that the Council invite the Permanent bare with clear evidence the unconscionable brutality of Observer of the Observer State of Palestine to the United this conflict. Intense Israeli bombardment and ground Nations to participate in this meeting, in accordance operations, as well as heavy fighting between Israeli with the provisional rules of procedure and previous forces and Palestinian armed groups, have continued practice in this regard. across much of the Gaza Strip, leaving hundreds more There being no objection, it is so decided. dead and injured. The prospect of a military operation on Rafah continues. As we all know, the consequences In accordance with rule 39 of the || ver of the Observer State of Palestine to the United this conflict. Intense Israeli bombardment and ground Nations to participate in this meeting, in accordance operations, as well as heavy fighting between Israeli with the provisional rules of procedure and previous forces and Palestinian armed groups, have continued practice in this regard. across much of the Gaza Strip, leaving hundreds more There being no objection, it is so decided. dead and injured. The prospect of a military operation on Rafah continues. As we all know, the consequences In accordance with rule 39 of the Council’s would be incomprehensible. provisional rules of procedure, I invite the following briefest to participate in this meeting: Mr. Ramesh On 1 April, the withdrawal of Israeli forces from Rajasingham, Director of Coordination, United Nations the besieged Al-Shifa medical complex in Gaza Office for the Coordination of Humanitarian Affairs; City revealed a hospital and many buildings in the and Ms. Janti Soeripto, || anizations provide hundreds destruction and human suffering of the past six months. of thousands of people in Gaza with food each week. It It does not bring an end to the ordeal of those still is unclear when their work will resume. held hostage and the torment for their families. And that is despite clear obligations under international That comes amid an unprecedented food insecurity humanitarian law; despite the provisional order of the crisis in Gaza that is teetering on the edge of famine, International Court of Justice requiring Israel to take if it has not already fallen into it. Across Gaza, food all necessary and effective measures to ensure, without and safe water are increasingly scarce, and practically delay, the unhindered provision at scale of urgently the entire population of Gaza is relying on woefully needed basic services and humanitarian assistance; inadequate food assistance to survive. Diseases are despite the Council recognizing the need to expand rife, contributing to a surge in acute malnutr",MACHINE_EXTRACTED_CONTEXT_NOT_HUMAN_CODING_EVIDENCE_OR_PIN_CITE
ICJ-192-2024-01-26||SC_MEETING::SCM|S/PV.9607,S/PV.9607,2,3,STRICT_CANDIDATE_3_COLLECTIVE_ACTION_AND_ORDER_NEXUS,1,1,0,israel|israeli,gaza|israel|rafah,"gations of the Russian Federation, The Security Council will now begin its Algeria and China, and on behalf of the members of the consideration of the item on its agenda. Security Council, I would like to ask everyone present I give the floor to Mr. Lazzarini. to stand and join in observing a minute of silence to honour all the humanitarian workers who have lost their Mr. Lazzarini: This is a time of seismic change in the Middle East. At the heart of the region, the lives in the line of duty in Gaza helping those in need, United Nations Relief and Works Agency for Palestine and to express the Council’s condolences and sympathy Refugees in the Near East (UNRWA) is a stabilizing to their families. force. In Gaza, the Agency is the backbone of the The members of the Security Council observed a humanitarian operation, coordinating and providing minute of silence. life-saving assistance. Beyond Gaza, it has championed human development for Palestine refugees across the Adoption of the agenda re || der which countless bodies are today underscores the importance of the subject matter lying. Children are bearing the brunt of the war. More under discussion. than 17,000 have been separated from their families, left to face the horrors of Gaza alone. Children are being In accordance with rule 37 of the Council’s killed, injured and starved, deprived of any physical provisional rules of procedure, I invite the or psychological safety. Across Gaza, a human-made representatives of Denmark, Egypt, Israel, Jordan, famine is tightening its grip. In the north, infants and Lebanon, Luxembourg, Saudi Arabia, the Syrian Arab young children have begun to die of malnutrition and Republic and Türkiye to participate in this meeting. dehydration. Across the border, food and clean water I propose that the Council invite the Special await. But UNRWA is being denied permission to deliver that aid and save lives. That outrage is occurring Representative of the President of the Observer State of despite succes || have been targeted since the beginning of the the refugee status of millions of Palestinians. They war, with 178 UNRWA personnel killed. More than 160 seek to change the long-standing political parameters UNRWA premises, mostly used as shelters, have been for peace in the occupied Palestinian territory set by damaged or destroyed, killing more than 400 people. the relevant resolutions of the General Assembly and Premises vacated by the Agency have been used for the Council. military purposes by Israeli forces, Hamas and other Accusations that UNRWA deliberately perpetuates Palestinian armed groups. Our headquarters has been refugee status are false and dishonest. The Agency occupied militarily, and allegations have emerged exists because a political solution does not. It exists in concerning the existence of tunnels under our premises. lieu of a State that can deliver critical public services. UNRWA personnel detained by Israeli security forces The international community has long attempted h || za over the past six months, bringing hope for Although the month of Ramadan is over, a ceasefire, survival to the suffering people in Gaza. UNRWA regrettably, has still has not materialized. We urge Israel staff, while facing gunfire and bombardment, deliver to comply with the demands of the resolution, stop its and distribute life-saving supplies and do everything military offensive in Gaza, abandon its offensive plans they can to provide shelter and relief to the local people. with regard to Rafah, lift its blockade of Gaza, open They have worked hard, shed sweat and blood, and up all land crossings, ensure rapid, adequate and safe some have made the ultimate sacrifice. So far, more access for humanitarian supplies and provide necessary than 170 UNRWA staff have been killed in the conflict. security guarantees for the operations of humanitarian We would like to express our deepest condolences and agencies. We also urge the United States to uphold pay our highest regard to the humanitaria ||  Then, are starving to death. A whole generation is being lost when that happens — when the world can actually see to violence and to a vicious cycle of indignation and the amount of destruction and death and suffering that impoverishment. That is insulting to our humanity. Israel has brought to Gaza — the world will recognize even more how much it needs UNRWA and how vital Security Council resolutions demanding an UNRWA’s role is. immediate ceasefire and the preliminary measures ordered by the International Court of Justice have We thank all our partners who continue to help not been implemented. International law is brazenly UNRWA. We urge them all to protect UNRWA now, just breached. Against that painful backdrop, UNRWA like they protected it in the past. Support it financially shines as a beacon of hope for the Palestinian and politically, for supporting UNRWA is supporting people — and indeed, for all of us. UNRWA workers regional stability. Saving UNRWA is saving lives, saving and staff are selfless in distri",MACHINE_EXTRACTED_CONTEXT_NOT_HUMAN_CODING_EVIDENCE_OR_PIN_CITE
ICJ-192-2024-01-26||SC_MEETING::SCM|S/PV.9608,S/PV.9608,2,2,SAME_CASE_OR_DISPUTE_NO_PROVEN_COLLECTIVE_FOLLOW_THROUGH,1,1,0,israel|israeli|south africa,gaza|israel|rafah|south africa,"nthinkable: a full-scale regional conflict that would be level representatives present in the Security Council devastating for all involved and for the rest of the world. Chamber. Their presence today underscores the The moment of maximum peril must be a time for importance of the subject matter under discussion. maximum restraint. I want to reiterate my strong condemnation of the serious escalation represented by In accordance with rule 37 of the Council’s provisional the large-scale attack on Israel launched by the Islamic rules of procedure, I invite the representatives of Republic of Iran on 13 April. The use of force against Bahrain, Bangladesh, Belgium, the Plurinational State the territorial integrity or political independence of any of Bolivia, Brazil, Chile, Colombia, Cuba, Egypt, India, State, or in any manner inconsistent with the purposes Indonesia, Iraq, Ireland, the Islamic Republic of Iran, of the United Nations, is prohibited under the Charter Israel, Jordan, Kuwait, Lebanon, || ublic of Iran, of the United Nations, is prohibited under the Charter Israel, Jordan, Kuwait, Lebanon, Liechtenstein, Libya, of the United Nations. And — as I stated earlier this Malaysia, the Maldives, Mauritania, Mexico, Morocco, month when I condemned the attack on the Iranian Nicaragua, Nigeria, Norway, Oman, Pakistan, Panama, Consulate in Damascus — the principle of inviolability Peru, the Philippines, Poland, Portugal, Qatar, Saudi of diplomatic and consular premises and personnel Arabia, South Africa, Spain, the Syrian Arab Republic, must be respected in all cases, in accordance with Thailand, Tunisia, Türkiye, Uganda, the United Arab international law. Emirates, the Bolivarian Republic of Venezuela and It is high time to end the bloody cycle of retaliation. Viet Nam to participate in this meeting. It is high time to stop. The international community I propose that the Council invite the Special must work together to prevent any actions that could Representative of the President of the Obse || ting impact on civilians. Let me be clear. The risks are spiralling on many fronts. We have a shared with the provisional rules of procedure and the previous responsibility to address those risks and to pull the practice in this regard. region back from the precipice. The way to do so is There being no objection, it is so decided. by advancing comprehensive diplomatic action for de-escalation in the Middle East. On behalf of the Council, I welcome His Excellency Mr. Ziad Abu Amr. It starts with Gaza. Ending the hostilities in Gaza would significantly defuse tensions across the region. In accordance with rule 39 of the Council’s I reiterate my calls for an immediate humanitarian provisional rules of procedure, I also invite the ceasefire and the immediate release of all hostages following individuals to participate in this meeting: His held in Gaza. The horrific terror attacks on 7 October Excellency Mr. Cheikh Niang, Chair of the Committee by Hamas and other Palestinian armed groups, which || rcise of the Inalienable Rights of the included mass killings, the use of sexual violence, Palestinian People; His Excellency Mr. Sven Koopmans, torture and the taking of hostages, were an intolerable European Union Special Representative for the Middle denial of humankind’s most basic values and a breach East Peace Process; His Excellency Mr. Hossam Zaki, of the most fundamental rules of international law. Assistant Secretary-General and Chef de Cabinet of the In Gaza, six and a half months of Israeli military Secretary-General of the League of Arab States; and operations have created a humanitarian hellscape. Tens Mr. Nasser Kamel, Secretary-General of the Union for of thousands of people have been killed. Two million the Mediterranean. Palestinians have endured death, destruction and the 2/33 24-10529 18/04/2024 The situation in the Middle East, including the Palestinian question S/PV.9608 denial of life-saving humanitarian aid, and they are routes and crossings, into and throughout every || s Mr. Nasser Kamel, Secretary-General of the Union for of thousands of people have been killed. Two million the Mediterranean. Palestinians have endured death, destruction and the 2/33 24-10529 18/04/2024 The situation in the Middle East, including the Palestinian question S/PV.9608 denial of life-saving humanitarian aid, and they are routes and crossings, into and throughout every part of now staring down starvation. An Israeli operation in Gaza. That requires improved delivery systems around Rafah would compound that humanitarian catastrophe. all supply routes and entry points. Humanitarians also The numbers of casualties are overwhelming and need security. Nearly 250 aid workers, including more have no precedent in speed or scale during my time as than 180 of our own staff, have been killed in Gaza, Secretary-General. According to UNICEF, more than and I repeat my call for thorough investigations into 13,900 Palestinian children have reportedly been killed those tragic deaths. Just last || e of force, in violation of the United Nations Charter, Nations. Our support is in line and within the context relevant international law, including the development of our consideration of Article 4 of the Charter of the and conduct of friendly relations, diplomatic and United Nations, rules 58 and 60 of the Security Council consular protections, as well as conduct in the region provisional rules of procedure and the guidance provided that may lead to an escalation or exacerbation of the by the International Court of Justice in its 28 May 1948 already volatile situation in the Middle East. We advisory opinion on conditions of admission of a State regrettably further note, with concern, the rising to membership in the United Nations. tensions in the occupied West Bank, and across the Blue This request for reconsideration of the State of Line in Lebanon, with the exchange of rockets, missiles Palestine’s 2011 application for membership to the and other attacks. Such developments are dangerous United Nations comes six",MACHINE_EXTRACTED_CONTEXT_NOT_HUMAN_CODING_EVIDENCE_OR_PIN_CITE
ICJ-192-2024-01-26||SC_MEETING::SCM|S/PV.9608 (Resumption 1),S/PV.9608 (RESUMPTION 1),2,3,STRICT_CANDIDATE_3_COLLECTIVE_ACTION_AND_ORDER_NEXUS,1,1,0,israel|israeli|south africa,gaza|genocide convention|israel|rafah|south africa,"ive the floor to the Minister for Foreign The President: I now give the floor to the Affairs of Colombia. representative of Türkiye. Mr. Murillo Urrutia (Colombia) (spoke in Mr. Yıldız (Türkiye): We have gathered countless Spanish): Colombia is here to speak about solutions for times in this Chamber since 7 October 2023. We peace and vital human security. have made very strong statements, and we have unequivocally condemned the atrocities committed We thank your country, Madam President, for by Israel, which led to unspeakable destruction and convening this open debate and recognize the important an unprecedented civilian death toll. The numbers are work that you have carried out this month as President very clear: approximately 30,000 in a short time. of the Security Council. Nevertheless, the Charter of the United The lack of a substantive solution to the Palestinian Nations — the bedrock of international law — is still question is putting to the test the capabilities of the United being r || tting to the test the capabilities of the United being routinely breached. Security Council resolutions Nations, in particular the Council’s ability to fulfil its are still being ignored by Israel. The question should primary mandate: the maintenance of international be asked: how long will this continue? After all, United peace and security. This cannot be an exception to Nations officials themselves have told us that the rate international law or to the Council’s authority. The of killings in Gaza is the highest in the world since the Council must ensure the prompt implementation of Rwandan genocide, which was commemorated a few resolution 2728 (2024) of 25 March 2024, which called weeks ago. for an immediate ceasefire, the unconditional release of hostages, an expansion of humanitarian assistance and It is no wonder that today Israel is on trial before the protection of civilians in Gaza. the International Court of Justice for violating the Convention on Genocide. Israel’s actions and p ||  told us that the rate international law or to the Council’s authority. The of killings in Gaza is the highest in the world since the Council must ensure the prompt implementation of Rwandan genocide, which was commemorated a few resolution 2728 (2024) of 25 March 2024, which called weeks ago. for an immediate ceasefire, the unconditional release of hostages, an expansion of humanitarian assistance and It is no wonder that today Israel is on trial before the protection of civilians in Gaza. the International Court of Justice for violating the Convention on Genocide. Israel’s actions and policies The incessant violence that we have been aimed at changing the character and status of the witnessing in the Middle East for more than six months occupied Palestinian territories are also violations of is unacceptable. Despite repeated calls by almost all international law. Türkiye has contributed our written Member States to bring an end to the attacks in the Gaza and oral statements to the International Court of Justice S || nternational humanitarian law. It must prevention and removing threats to the peace are its not result in the suffering of innocent civilians or in the number one task. The Security Council is supposed to death of those who come to help them. be the voice of the international community. We cannot overlook the humanitarian crisis in Where the international community stands on Gaza, the fate of the hostages or the potential military this matter is pretty obvious, as summarized by the operation in Rafah. We express our grave concern Secretary-General. The international community is regarding Israeli military activities in the vicinity of looking to the Council to implement the job needed. Rafah, where the civilian population is sheltering. Simply coming together for regular meetings in the Those civilians are at risk of being forced towards Chamber to make the same points over and over again Egypt, the only direction available. and leaving the Chamber empty handed will not solve In the face of || result in the suffering of innocent civilians or in the number one task. The Security Council is supposed to death of those who come to help them. be the voice of the international community. We cannot overlook the humanitarian crisis in Where the international community stands on Gaza, the fate of the hostages or the potential military this matter is pretty obvious, as summarized by the operation in Rafah. We express our grave concern Secretary-General. The international community is regarding Israeli military activities in the vicinity of looking to the Council to implement the job needed. Rafah, where the civilian population is sheltering. Simply coming together for regular meetings in the Those civilians are at risk of being forced towards Chamber to make the same points over and over again Egypt, the only direction available. and leaving the Chamber empty handed will not solve In the face of the current crisis, it is important to any problems. continue assistance through bilateral and mu || te actions to end the cycle of violence in month of Ramadan, many months after similar calls the region. by the General Assembly. We commend, in particular, Liechtenstein is committed to the rule of law at the 10 elected members of the Security Council on the international level and supports the role of the their crucial role leading up to the successful adoption International Court of Justice in the settlement of of resolution 2728 (2024). However, we deplore that disputes, including under the Genocide Convention. the holy month of Ramadan has now ended without Liechtenstein is following the ongoing proceedings in its implementation. the case brought by South Africa against Israel closely, We were also disturbed to witness a including the consideration of provisional measures, counterproductive and unfounded suggestion that and emphasizes the importance of compliance with any resolution 2728 (2024) might not be legally binding. We measures ordered by the Court. simply wish to quote the text of Article 2 || enstein is committed to the rule of law at the 10 elected members of the Security Council on the international level and supports the role of the their crucial role leading up to the successful adoption International Court of Justice in the settlement of of resolution 2728 (2024). However, we deplore that disputes, including under the Genocide Convention. the holy month of Ramadan has now ended without Liechtenstein is following the ongoing proceedings in its implementation. the case brought by South Africa against Israel closely, We were also disturbed to witness a including the consideration of provisional measures, counterproductive and unfounded suggestion that and emphasizes the importance of compliance with any resolution 2728 (2024) might not be legally binding. We measures ordered by the Court. simply wish to quote the text of Article 25 of the United In conclusion, Liechtenstein reaffirms the right Nations Charter, that: of the Palestinian people to self-determination and its “(t)he Membe",MACHINE_EXTRACTED_CONTEXT_NOT_HUMAN_CODING_EVIDENCE_OR_PIN_CITE
ICJ-192-2024-01-26||SC_MEETING::SCM|S/PV.9617,S/PV.9617,2,2,SAME_CASE_OR_DISPUTE_NO_PROVEN_COLLECTIVE_FOLLOW_THROUGH,1,1,0,israel|israeli,gaza|israel|rafah,"ature of a member of the delegation concerned to the Chief of the Verbatim Reporting Service, room AB-0928 (verbatimrecords@un.org). Corrected records will be reissued electronically on the Official Document System of the United Nations (http://documents.un.org). 24-11222 (E) Accessible document Please recycle *2411222* S/PV.9617 The situation in the Middle East, including the Palestinian question 24/04/2024 The meeting was called to order at 4.15 p.m. detailed proposals with the Governments of Israel, Jordan, Egypt and Cyprus to accelerate and streamline Adoption of the agenda the delivery of goods into Gaza and ensure a consistent pipeline of goods for safe distribution across the The agenda was adopted. Gaza Strip. Today I will share with the Council my assessment of the implementation of resolution 2720 The situation in the Middle East, including the (2023), including areas in which progress has been Palestinian question made or is lacking. Allow me to say from the outset The President:  || atimrecords@un.org). Corrected records will be reissued electronically on the Official Document System of the United Nations (http://documents.un.org). 24-11222 (E) Accessible document Please recycle *2411222* S/PV.9617 The situation in the Middle East, including the Palestinian question 24/04/2024 The meeting was called to order at 4.15 p.m. detailed proposals with the Governments of Israel, Jordan, Egypt and Cyprus to accelerate and streamline Adoption of the agenda the delivery of goods into Gaza and ensure a consistent pipeline of goods for safe distribution across the The agenda was adopted. Gaza Strip. Today I will share with the Council my assessment of the implementation of resolution 2720 The situation in the Middle East, including the (2023), including areas in which progress has been Palestinian question made or is lacking. Allow me to say from the outset The President: In accordance with rule 37 of the that a paradigm shift is needed to continue to meet the Council’s provisiona || ential power outages. As summer approaches and temperatures social services, particularly in health and education, to rise, communicable diseases threaten to sweep through Palestine refugees. As such, UNRWA is irreplaceable Gaza. Children, who suffer the worst and the most in and indispensable as a humanitarian lifeline and must every crisis, have been deprived of nutrition, protection be allowed to deliver on its mandate. and education, with their future hanging in the balance. On 5 April, the Israeli Government made several The scarcity of food and other essential goods has commitments to improve aid delivery in response to also led to a breakdown in civil order and a gradual requests by the United Nations and the international unravelling of the social fabric in Gaza. There is no community. A number of steps have been taken, effective law enforcement. As the Secretary-General including an increase in the volume of aid cleared, has said, we have a shared responsibility to secure inspected a || ana across the region. I have also submitted and discussed crossings; the resumption of operations by some 2/19 24-11222 24/04/2024 The situation in the Middle East, including the Palestinian question S/PV.9617 bakeries in northern and central Gaza; and the ongoing optimization of the efficiency of aid delivery through repair of the Nahal Oz water pipeline. I have also been Egypt. To further streamline access for humanitarian advised of the approval of critical communication cargo to Gaza from Rafah, the United Nations equipment and an increase in the allocation of fuel. has proposed the establishment of an inspection, monitoring and verification unit on the Palestinian side While the implementation of some measures is of Rafah. The Egypt land corridor, in particular via the ongoing, further definitive and urgent steps are needed Rafah crossing, is important, given its volume for both to set the course for a sustained flow of humanitarian humanitarian assistance and for early recovery and  || ry action and using them at full capacity. According to the in Rafah. Such an offensive should not be allowed by 24-112227/19 S/PV.9617 The situation in the Middle East, including the Palestinian question 24/04/2024 under any circumstances, as 1.5 million Palestinians The adoption of immediate measures to guarantee the have been crammed into Rafah, which has become provision of basic services and humanitarian aid has the humanitarian hub of Gaza. The survival of Gaza’s also been ordered by the International Court of Justice entire population depends on the situation in this in the provisional measures issued in January and city. A ground offensive would leave people with no March. The resolutions of the Security Council and the choice but to flee to Egypt. It would become not only provisions of the International Court of Justice must a humanitarian catastrophe, but also an irreversible be respected. Regarding the mechanism for expediting breach of peace and security in the region and beyond. the delivery of humani",MACHINE_EXTRACTED_CONTEXT_NOT_HUMAN_CODING_EVIDENCE_OR_PIN_CITE
ICJ-192-2024-01-26||SC_MEETING::SCM|S/PV.9608 (Resumption 2),S/PV.9608 (RESUMPTION 2),2,3,STRICT_CANDIDATE_3_COLLECTIVE_ACTION_AND_ORDER_NEXUS,1,1,0,israel|israeli|south africa,gaza|israel|rafah|south africa,"09 (E) Accessible document Please recycle *2411309* S/PV.9608 (Resumption 2) The situation in the Middle East, including the Palestinian question 25/04/2024 The meeting was resumed at 3.05 p.m. Palestinian territories. We support the convening of a peace conference, under the auspices of the General The President: I wish to remind all speakers to Assembly, to preserve the inalienable rights of the limit their statements to no more than three minutes to Palestinian people. We demand, once again, Israel’s enable the Council to carry out its work expeditiously. full and unconditional withdrawal from the Syrian Flashing lights on the collars of the microphones will Golan and all occupied Arab territories. The aggression prompt speakers to bring their remarks to a close after against Syria, which violates its sovereignty and three minutes. territorial integrity, must end. External interference in I now give the floor to the representative of Cuba. that sister Arab nation must end. Ms. Rodríguez C || l community that the State Mr. Chindawongse (Thailand): Thailand wishes of Palestine, recognized by 140 countries, remains to commend Malta for convening this important an observer, while the occupying Power enjoys full open debate against the backdrop of the deteriorating membership in the United Nations. situation in the region. Formalizing Palestinian membership is precisely The central issue of urgency remains the one of the first steps we can — and must — take to deteriorating situation in Gaza. Thailand continues to achieve the long sought-after comprehensive, just and be deeply concerned about the current catastrophic lasting solution to the Israeli-Palestinian conflict. The humanitarian situation in Gaza, with its unprecedented United States must stop blocking Palestinian admission levels of destruction and suffering, including tens of to the United Nations and must put an end to the thousands of casualties. The situation is intolerable and double standards and selectivity of its G || s important an observer, while the occupying Power enjoys full open debate against the backdrop of the deteriorating membership in the United Nations. situation in the region. Formalizing Palestinian membership is precisely The central issue of urgency remains the one of the first steps we can — and must — take to deteriorating situation in Gaza. Thailand continues to achieve the long sought-after comprehensive, just and be deeply concerned about the current catastrophic lasting solution to the Israeli-Palestinian conflict. The humanitarian situation in Gaza, with its unprecedented United States must stop blocking Palestinian admission levels of destruction and suffering, including tens of to the United Nations and must put an end to the thousands of casualties. The situation is intolerable and double standards and selectivity of its Government, cannot continue. which constantly thinks up new ploys to ensure Israel’s impunity and exonerate it of its responsibility for war An immediate ceasefi || d its obligations worthy of membership, through its active participation under international law and ignore the repeated calls in all United Nations platforms. Clearly, there is by the international community, including from among no plausible reason for Palestine to continue being its staunchest allies, to do more to protect civilians. denied full membership. Supporting Palestine’s full We are appalled by Israel’s planned military assault membership would have been the crucial first step to on Rafah, despite warnings from the international address the root cause of the incessant instability in the community and humanitarian agencies that it would region, namely, the long-standing illegal occupation of lead to disastrous outcomes. Palestinian lands by Israel. It is ludicrous that those who Israel’s brutality against Palestinians has enraged have repeatedly expressed their support for the two- people across the region and beyond. The impunity State solution as the only way to guarantee susta ||  the Thirdly, the humanitarian situation in Gaza is dire. reality of famine and pestilence for the 2 million people It is imperative that humanitarian aid for the people of Gaza. It has defied the demand of the Security Council of Gaza be scaled up immediately in order to avert in resolution 2728 (2024) for an immediate ceasefire. It a further deterioration in that situation. We urge all has refused to abide by the provisional orders of the parties to come together in that endeavour. We welcome International Court of Justice. The Security Council, the efforts of the United Nations and the international the General Assembly and the international community community in that regard. As far as India is concerned, must consider the further measures that are required to we have provided humanitarian aid to the people of secure adherence to a ceasefire in Gaza and an end to Palestine and will continue to do so. We note the recent what can plausibly be called its genocide. 8/29 24-11309 25/04/2024 The situation in the Mid || ples. This dehumanizing their homeland. 20/29 24-11309 25/04/2024 The situation in the Middle East, including the Palestinian question S/PV.9608 (Resumption 2) The OIC welcomes the provisional measures of untold trauma and suffering. More than 14,000 children 26 January 2024 and the additional provisional measures have been killed by the Israeli occupation forces since of 28 March 2024, ordered by the International Court 7 October 2023, and tens of thousands have been of Justice in the case of South Africa v. Israel under injured, with thousands losing limbs and becoming the Convention on the Prevention and Punishment of permanently disabled. We also welcome the Human the Crime of Genocide, aimed at ending the genocide Rights Council resolution (Human Rights Council being committed by the Israeli occupation against resolution 55/28) calling on States to cease the sale, the Palestinian people in the Gaza Strip. The OIC transfer and diversion of arms, munitions and other emphasizes the obligation t",MACHINE_EXTRACTED_CONTEXT_NOT_HUMAN_CODING_EVIDENCE_OR_PIN_CITE
ICJ-192-2024-01-26||SC_MEETING::SCM|S/PV.9631,S/PV.9631,2,2,SAME_CASE_OR_DISPUTE_NO_PROVEN_COLLECTIVE_FOLLOW_THROUGH,1,1,0,israel|israeli|south africa,gaza|israel|rafah|south africa,"estion 20/05/2024 The meeting was called to order at 4.05 p.m. the hostages held in unimaginable conditions for more than 225 days and for an overstretched humanitarian Adoption of the agenda operation that remains on the brink in the Strip. The agenda was adopted. My colleague from the Office for the Coordination of Humanitarian Affairs will provide a briefing in The situation in the Middle East, including the greater detail on the dire humanitarian situation in and Palestinian question around Rafah momentarily but allow me to highlight some critical observations from the ground. The President: In accordance with rule 37 of the Council’s provisional rules of procedure, I invite the Since the first week of May, the security situation representatives of Egypt and Israel to participate in in Rafah has rapidly worsened as the Israel Defence this meeting. Forces (IDF) operations and military manoeuvres in and around the city have intensified. On 5 May, I propose that the Council invite the obse || eague from the Office for the Coordination of Humanitarian Affairs will provide a briefing in The situation in the Middle East, including the greater detail on the dire humanitarian situation in and Palestinian question around Rafah momentarily but allow me to highlight some critical observations from the ground. The President: In accordance with rule 37 of the Council’s provisional rules of procedure, I invite the Since the first week of May, the security situation representatives of Egypt and Israel to participate in in Rafah has rapidly worsened as the Israel Defence this meeting. Forces (IDF) operations and military manoeuvres in and around the city have intensified. On 5 May, I propose that the Council invite the observer of Hamas launched mortars and rockets at IDF soldiers the Observer State of Palestine to participate in this massed on the Israeli side of Karem Abu Salem/ meeting, in accordance with the provisional rules of Kerem Shalom crossing, killing four IDF soldiers and procedu || the Council’s provisional rules of procedure, I invite the Since the first week of May, the security situation representatives of Egypt and Israel to participate in in Rafah has rapidly worsened as the Israel Defence this meeting. Forces (IDF) operations and military manoeuvres in and around the city have intensified. On 5 May, I propose that the Council invite the observer of Hamas launched mortars and rockets at IDF soldiers the Observer State of Palestine to participate in this massed on the Israeli side of Karem Abu Salem/ meeting, in accordance with the provisional rules of Kerem Shalom crossing, killing four IDF soldiers and procedure and previous practice in that regard. wounding ten. IDF tank shelling and a series of air There being no objection, it is so decided. strikes in Rafah killed at least 19 Palestinians on the same day, according to the Ministry of Health in Gaza. In accordance with rule 39 of the Council’s The following day, the IDF said that it would prepare provisional rul || unched mortars and rockets at IDF soldiers the Observer State of Palestine to participate in this massed on the Israeli side of Karem Abu Salem/ meeting, in accordance with the provisional rules of Kerem Shalom crossing, killing four IDF soldiers and procedure and previous practice in that regard. wounding ten. IDF tank shelling and a series of air There being no objection, it is so decided. strikes in Rafah killed at least 19 Palestinians on the same day, according to the Ministry of Health in Gaza. In accordance with rule 39 of the Council’s The following day, the IDF said that it would prepare provisional rules of procedure, I invite the following to operate with extreme force against Hamas in eastern briefers to participate in this meeting: Mr. Tor Rafah and ordered approximately 100,000 Palestinians Wennesland, Special Coordinator for the Middle East to immediately evacuate to what it described as an Peace Process, and Ms. Edem Wosornu, Director of “expanded humanitarian area in Al-Ma || acts and ensure accountability. and attacks on them. We reject and condemn forced The children, the women, the people of Gaza deserve displacement. We repeat our call for full respect for 6/21 24-14042 20/05/2024 The situation in the Middle East, including the Palestinian question S/PV.9631 international law, including international humanitarian The Republic of Korea has repeatedly condemned law and human rights law. The provisional orders of the the terrorist attacks by Hamas on 7 October and International Court of Justice and the resolutions of the reiterated that Israel has a right and duty to protect its Security Council must be respected. We underline that citizens. However, in a conflict that has now lasted for evacuation orders do not absolve people of obligations more than six months, more than 35,000 Palestinian under international humanitarian law. Any war crimes civilians have been killed, many of them women and or crimes against humanity committed on the territory children, and the entire world has bee || d the release international community warned against and rejected. of hostages and prisoners on both sides. That is That is a manifestation of Israeli persistence in imposing based on our firm commitment to international law collective punishment on Palestinians. Israel aims to and international humanitarian law. It is the same tighten the siege on civilians by militarily controlling the commitment that prompted us to join the case filed border and creating conditions on the ground that make by South Africa at the International Court of Justice. any humanitarian effort nearly impossible. We did so because we believe in the role of the Court Deliberate Israeli actions have led to clashes and in achieving justice, as Egypt has played a pioneering a security situation that has become a direct threat to role in achieving peace in the region, and because we the lives of humanitarian workers, some of whom have are fully committed to the rights of the Palestinians. already lost their lives. Engaging in h",MACHINE_EXTRACTED_CONTEXT_NOT_HUMAN_CODING_EVIDENCE_OR_PIN_CITE
ICJ-192-2024-01-26||SC_MEETING::SCM|S/PV.9638,S/PV.9638,2,3,STRICT_CANDIDATE_3_COLLECTIVE_ACTION_AND_ORDER_NEXUS,1,1,1,israel|israeli|south africa,gaza|genocide convention|israel|palestinian group|rafah|south africa,"ssure cooker of negative trends. The risk of a regional Adoption of the agenda conflagration is constant and is mounting every day the war continues. That trajectory must change if we are to The agenda was adopted. avoid further catastrophe. I urge all parties to return to The situation in the Middle East, including the the negotiating table immediately and in good faith. I Palestinian question reiterate my and the Secretary-General’s repeated calls for the immediate release of hostages held in Gaza and The President: In accordance with rule 37 of the for an immediate humanitarian ceasefire. Council’s provisional rules of procedure, I invite the representatives of Israel, South Africa and the United Palestinians in Gaza face another round of mass Arab Emirates to participate in this meeting. displacement, with 1 million fleeing from Rafah, many being displaced multiples times. Overcrowded I propose that the Council invite the observer of the conditions and acute shortages of food, water an || ange if we are to The agenda was adopted. avoid further catastrophe. I urge all parties to return to The situation in the Middle East, including the the negotiating table immediately and in good faith. I Palestinian question reiterate my and the Secretary-General’s repeated calls for the immediate release of hostages held in Gaza and The President: In accordance with rule 37 of the for an immediate humanitarian ceasefire. Council’s provisional rules of procedure, I invite the representatives of Israel, South Africa and the United Palestinians in Gaza face another round of mass Arab Emirates to participate in this meeting. displacement, with 1 million fleeing from Rafah, many being displaced multiples times. Overcrowded I propose that the Council invite the observer of the conditions and acute shortages of food, water and Observer State of Palestine to participate in the meeting, medicine have led to misery and the spread of diseases. in accordance with the provisional rules of procedure The  || we are to The agenda was adopted. avoid further catastrophe. I urge all parties to return to The situation in the Middle East, including the the negotiating table immediately and in good faith. I Palestinian question reiterate my and the Secretary-General’s repeated calls for the immediate release of hostages held in Gaza and The President: In accordance with rule 37 of the for an immediate humanitarian ceasefire. Council’s provisional rules of procedure, I invite the representatives of Israel, South Africa and the United Palestinians in Gaza face another round of mass Arab Emirates to participate in this meeting. displacement, with 1 million fleeing from Rafah, many being displaced multiples times. Overcrowded I propose that the Council invite the observer of the conditions and acute shortages of food, water and Observer State of Palestine to participate in the meeting, medicine have led to misery and the spread of diseases. in accordance with the provisional rules of procedure The humanitarian r || mmediately and in good faith. I Palestinian question reiterate my and the Secretary-General’s repeated calls for the immediate release of hostages held in Gaza and The President: In accordance with rule 37 of the for an immediate humanitarian ceasefire. Council’s provisional rules of procedure, I invite the representatives of Israel, South Africa and the United Palestinians in Gaza face another round of mass Arab Emirates to participate in this meeting. displacement, with 1 million fleeing from Rafah, many being displaced multiples times. Overcrowded I propose that the Council invite the observer of the conditions and acute shortages of food, water and Observer State of Palestine to participate in the meeting, medicine have led to misery and the spread of diseases. in accordance with the provisional rules of procedure The humanitarian response is woefully inadequate to and the previous practice in this regard. address those needs. There being no objection, it is so decided. On 24 May, the I || h, many being displaced multiples times. Overcrowded I propose that the Council invite the observer of the conditions and acute shortages of food, water and Observer State of Palestine to participate in the meeting, medicine have led to misery and the spread of diseases. in accordance with the provisional rules of procedure The humanitarian response is woefully inadequate to and the previous practice in this regard. address those needs. There being no objection, it is so decided. On 24 May, the International Court of Justice In accordance with rule 39 of the Council’s delivered its order on the request of South Africa for provisional rules of procedure, I invite Mr. Tor the modification of the order of 28 March in the case Wennesland, Special Coordinator for the Middle East Application of the Convention on the Prevention and Peace Process, to participate in the meeting. Punishment of the Crime of Genocide in the Gaza Strip (South Africa v. Israel), reaffirming its previous The Security Council will now begin its co || es and indicating new measures. of the item on its agenda. Humanitarians are heroically continuing to I give the floor to Mr. Wennesland. deliver life-saving assistance in an incredibly Mr. Wennesland: Over seven months have now difficult environment. Unsafe conditions resulting passed since 7 October. The horrific terror attacks from dangerously deficient humanitarian notification perpetrated by Hamas and other Palestinian armed mechanisms are compounded by overcrowding, groups and the ensuing Israeli military campaign and desperation and a breakdown of law and order, relentless hostilities in Gaza have caused widespread imperilling humanitarian operations and costing the suffering on a totally unimaginable scale. There are a lives of humanitarian workers — including some 200 reported more than 36,000 Palestinians and over 1,500 United Nations staff. Just hours ago, that breakdown of Israelis and foreign nationals killed, while 125 hostages law and order resulted in a well-organized looting  || Sierra Leone notes with deep concern the events Israel), para. 57 (2)(a)) and maintain open the Rafah in recent days, in particular the attack on a camp crossing for unhindered provision at scale of urgently for displaced people in Rafah that killed at least 45 needed basic services and humanitarian assistance. 6/25 24-14969 29/05/2024 The situation in the Middle East, including the Palestinian question S/PV.9638 Thirdly, we reiterate the need and legal obligation, Switzerland recalls that the Court’s orders are binding as per the International Court of Justice orders, for the on all parties. We expect Israel to comply and take all immediate and unconditional release of all hostages necessary measures to do so. held by Hamas since 7 October 2023. Furthermore, the Council must ensure the Fourthly, we call on parties to the conflict to ensure implementation of the three resolutions it has adopted the protection and safety of humanitarian agencies since the acts of terror of 7 October, which Switzerl ||  actions, which are plausibly genocidal. discuss the perilous situation in the Middle East. We remind the members of the Security Council that the We regret that, since the provisional measures were situation in Palestine and Israel has been on its agenda issued by the Court — including in its latest decision for almost as long as this Organization has been on 10 May 2024 where it ordered Israel to halt any in existence. We remind Council members of their action in Rafah that may inflict on the Palestinian group mandated role, under the Charter of the United Nations, in Gaza conditions of life that could bring about its to maintain international peace and security. We remind physical destruction, in whole or in part — Palestinians Council members that a failure to act decisively in continue to suffer immeasurably under the occupying order to contribute to preventing and stopping wars will Power’s intensified military operations. The events result in more people dying, being injured and living of the pa",MACHINE_EXTRACTED_CONTEXT_NOT_HUMAN_CODING_EVIDENCE_OR_PIN_CITE
ICJ-192-2024-01-26||SC_FORMAL_VOTE::SCV|2101,S/PV.9650,2,2,SAME_CASE_OR_DISPUTE_NO_PROVEN_COLLECTIVE_FOLLOW_THROUGH,1,1,0,israel|israeli,gaza|israel|rafah,"e recycle *2416393* S/PV.9650 The situation in the Middle East, including the Palestinian question 10/06/2024 The meeting was called to order at 3.25 p.m. that are near civilians and who are doing nothing to shelter those civilians. I have rarely seen anything so Adoption of the agenda egregious and cowardly. The agenda was adopted. Palestinian civilians are living through sheer hell through no fault of their own. And the humanitarian The situation in the Middle East, including the situation in Gaza has gotten worse and worse and worse. Palestinian question Families are living in makeshift conditions, unsure of what the next day holds. Millions are grappling with the The President: In accordance with rule 37 of the uncertainty of what will be left when they are allowed Council’s provisional rules of procedure, I invite the to return home. I think about the parents trying to find representative of Israel to participate in this meeting. food for their families, about the child who has been T || ir own. And the humanitarian The situation in the Middle East, including the situation in Gaza has gotten worse and worse and worse. Palestinian question Families are living in makeshift conditions, unsure of what the next day holds. Millions are grappling with the The President: In accordance with rule 37 of the uncertainty of what will be left when they are allowed Council’s provisional rules of procedure, I invite the to return home. I think about the parents trying to find representative of Israel to participate in this meeting. food for their families, about the child who has been The Security Council will now begin its forced to stop their education, about the elderly person who no longer has access to essential medicines. After consideration of the item on its agenda. eight months of devastation and pain and trauma, what Members of the Council have before them document is needed now more than ever is for the fighting to end S/2024/448, which contains the text of a draft resolution in  || se calls time and time again since 7 October. Now the opportunity is here. I shall first give the floor to those members of the We must seize it, and we must speak with one voice. Council who wish to make statements before the voting. For months, the United States has worked around Mrs. Thomas-Greenfield (United States of the clock, alongside Egypt and Qatar, to broker a America): The past eight months have been nothing ceasefire deal between Israel and Hamas because we short of devastating for Israelis who lost loved ones on know that this is the best way — actually, the only 7 October when Hamas set the conflict into motion by way — to bring about a durable end to this war. Since carrying out acts of unthinkable violence; for Israelis and the brief ceasefire and hostage release in November, people from more than 16 other countries, whose sons such a deal has proven elusive because Hamas has and daughters, brothers and sisters are still being held refused to accept any agreement. hostage by  || t the Gaza Strip. Crucially, aid distribution request of several delegations, including our own, the must also be safe and unhindered. call for respect for international law, and in particular international humanitarian law and human rights law, We need full compliance and implementation of the did not get the recognition in the text voted on today relevant Council resolutions and the full, immediate that it had received in previous resolutions. and effective implementation of the orders of the International Court of Justice. A ceasefire, as outlined The events of the past few days have once again in the proposal, remains essential to dealing with the demonstrated that respect by the parties to the conflict deepening and immediate-term humanitarian concerns. with their obligations under international law is vital if 6/11 24-16393 10/06/2024 The situation in the Middle East, including the Palestinian question S/PV.9650 further bloodshed and civilian deaths are to be avoided. Mrs. Blokar Drobič (Slovenia): Slovenia  ||  prosperity. for months, and it has also been the most fervent hope of the people of Gaza, who are suffering acutely. Given Mr. Fu Cong (China) (spoke in Chinese): The the urgent need to stop more killings and alleviate the conflict in Gaza has lasted over eight months, killing humanitarian catastrophe, China voted in favour of more than 37,000 Palestinians and leaving more than the resolution. 2 million people in an unprecedented humanitarian catastrophe. Israel’s large-scale offensive against Rafah All Council resolutions are legally binding. The and its attack on the Nuseirat refugee camp over the resolution just adopted has the same binding force as past two days have caused additional heavy casualties. resolutions 2712 (2023), 2720 (2023) and 2728 (2024) — all of which should be fully and effectively implemented. In the face of this human tragedy, the international We hope that the sponsor will make sincere efforts and community long ago reached an overwhelming work in an impartial and",MACHINE_EXTRACTED_CONTEXT_NOT_HUMAN_CODING_EVIDENCE_OR_PIN_CITE
ICJ-192-2024-01-26||SC_MEETING::SCM|S/PV.9650,S/PV.9650,2,2,SAME_CASE_OR_DISPUTE_NO_PROVEN_COLLECTIVE_FOLLOW_THROUGH,1,1,0,israel|israeli,gaza|israel|rafah,"e recycle *2416393* S/PV.9650 The situation in the Middle East, including the Palestinian question 10/06/2024 The meeting was called to order at 3.25 p.m. that are near civilians and who are doing nothing to shelter those civilians. I have rarely seen anything so Adoption of the agenda egregious and cowardly. The agenda was adopted. Palestinian civilians are living through sheer hell through no fault of their own. And the humanitarian The situation in the Middle East, including the situation in Gaza has gotten worse and worse and worse. Palestinian question Families are living in makeshift conditions, unsure of what the next day holds. Millions are grappling with the The President: In accordance with rule 37 of the uncertainty of what will be left when they are allowed Council’s provisional rules of procedure, I invite the to return home. I think about the parents trying to find representative of Israel to participate in this meeting. food for their families, about the child who has been T || ir own. And the humanitarian The situation in the Middle East, including the situation in Gaza has gotten worse and worse and worse. Palestinian question Families are living in makeshift conditions, unsure of what the next day holds. Millions are grappling with the The President: In accordance with rule 37 of the uncertainty of what will be left when they are allowed Council’s provisional rules of procedure, I invite the to return home. I think about the parents trying to find representative of Israel to participate in this meeting. food for their families, about the child who has been The Security Council will now begin its forced to stop their education, about the elderly person who no longer has access to essential medicines. After consideration of the item on its agenda. eight months of devastation and pain and trauma, what Members of the Council have before them document is needed now more than ever is for the fighting to end S/2024/448, which contains the text of a draft resolution in  || se calls time and time again since 7 October. Now the opportunity is here. I shall first give the floor to those members of the We must seize it, and we must speak with one voice. Council who wish to make statements before the voting. For months, the United States has worked around Mrs. Thomas-Greenfield (United States of the clock, alongside Egypt and Qatar, to broker a America): The past eight months have been nothing ceasefire deal between Israel and Hamas because we short of devastating for Israelis who lost loved ones on know that this is the best way — actually, the only 7 October when Hamas set the conflict into motion by way — to bring about a durable end to this war. Since carrying out acts of unthinkable violence; for Israelis and the brief ceasefire and hostage release in November, people from more than 16 other countries, whose sons such a deal has proven elusive because Hamas has and daughters, brothers and sisters are still being held refused to accept any agreement. hostage by  || t the Gaza Strip. Crucially, aid distribution request of several delegations, including our own, the must also be safe and unhindered. call for respect for international law, and in particular international humanitarian law and human rights law, We need full compliance and implementation of the did not get the recognition in the text voted on today relevant Council resolutions and the full, immediate that it had received in previous resolutions. and effective implementation of the orders of the International Court of Justice. A ceasefire, as outlined The events of the past few days have once again in the proposal, remains essential to dealing with the demonstrated that respect by the parties to the conflict deepening and immediate-term humanitarian concerns. with their obligations under international law is vital if 6/11 24-16393 10/06/2024 The situation in the Middle East, including the Palestinian question S/PV.9650 further bloodshed and civilian deaths are to be avoided. Mrs. Blokar Drobič (Slovenia): Slovenia  ||  prosperity. for months, and it has also been the most fervent hope of the people of Gaza, who are suffering acutely. Given Mr. Fu Cong (China) (spoke in Chinese): The the urgent need to stop more killings and alleviate the conflict in Gaza has lasted over eight months, killing humanitarian catastrophe, China voted in favour of more than 37,000 Palestinians and leaving more than the resolution. 2 million people in an unprecedented humanitarian catastrophe. Israel’s large-scale offensive against Rafah All Council resolutions are legally binding. The and its attack on the Nuseirat refugee camp over the resolution just adopted has the same binding force as past two days have caused additional heavy casualties. resolutions 2712 (2023), 2720 (2023) and 2728 (2024) — all of which should be fully and effectively implemented. In the face of this human tragedy, the international We hope that the sponsor will make sincere efforts and community long ago reached an overwhelming work in an impartial and",MACHINE_EXTRACTED_CONTEXT_NOT_HUMAN_CODING_EVIDENCE_OR_PIN_CITE
ICJ-192-2024-01-26||SC_MEETING::SCM|S/PV.9667,S/PV.9667,2,2,SAME_CASE_OR_DISPUTE_NO_PROVEN_COLLECTIVE_FOLLOW_THROUGH,1,1,0,israel|israeli,gaza|israel|palestinian group|rafah,"er at 10.05 a.m. I will now turn to my regular briefing on the situation in the Middle East devoted to the thirtieth Adoption of the agenda report on the implementation of Security Council resolution 2334 (2016) (S/2024/480). The Secretary- The agenda was adopted. General’s written report covers the period between 19 March and 10 June 2024. The situation in the Middle East, including the Palestinian question Since the submission of the written report, intensive hostilities between Hamas and the Israel The President: In accordance with rule 37 of the Defense Forces (IDF) in Gaza have continued, resulting Council’s provisional rules of procedure, I invite the in hundreds of fatalities. The devastating impact of representative of Israel to participate in this meeting. the hostilities on the civilian population in Gaza and I propose that the Council invite the Permanent the unprecedented humanitarian crisis remain deeply Observer of the Observer State of Palestine to the United alarming. I mysel || Middle East devoted to the thirtieth Adoption of the agenda report on the implementation of Security Council resolution 2334 (2016) (S/2024/480). The Secretary- The agenda was adopted. General’s written report covers the period between 19 March and 10 June 2024. The situation in the Middle East, including the Palestinian question Since the submission of the written report, intensive hostilities between Hamas and the Israel The President: In accordance with rule 37 of the Defense Forces (IDF) in Gaza have continued, resulting Council’s provisional rules of procedure, I invite the in hundreds of fatalities. The devastating impact of representative of Israel to participate in this meeting. the hostilities on the civilian population in Gaza and I propose that the Council invite the Permanent the unprecedented humanitarian crisis remain deeply Observer of the Observer State of Palestine to the United alarming. I myself have witnessed the deterioration of Nations to participate in this meeting,  || ations stands ready to West Bank. Announcements by Israel’s Finance Minister support its implementation. that he intends to continue blocking the transfer of all 2/19 24-18288 25/06/2024 The situation in the Middle East, including the Palestinian question S/PV.9667 clearance revenues to the Palestinian Authority and to population. While it is positive that Israel has opened take measures that would end corresponding banking additional entry points for humanitarian aid, others relations between Israeli and Palestinian banks at the have been closed, and it is imperative that all necessary end of this month threaten to plunge the Palestinian access points be opened and made operational and for fiscal situation into an even greater crisis, potentially humanitarian access to be sustained. All parties must upending the entire Palestinian financial system. protect humanitarian workers at all times. Attacks on humanitarian aid workers and facilities are unacceptable, I take note of the recent appoin ||  that The amount of essential goods, including ignore or sidestep fundamental political questions are humanitarian assistance, that has been allowed into doomed to fail. All stakeholders must urgently take Gaza continues to fall short of meeting the needs of the steps that will lead to a two-State reality. The United 24-182883/19 S/PV.9667 The situation in the Middle East, including the Palestinian question 25/06/2024 Nations will continue to support all such efforts. The designated a militant Palestinian group — Lions’ United Nations remains committed to supporting Den — for violent activity in the West Bank. Those steps towards ending the occupation and resolving the sanctions, implemented under an executive order that conflict, in line with international law, the relevant aims to promote peace, security and security in the West United Nations resolutions and bilateral agreements Bank, make clear that we will act in response to acts of in pursuit of the vision of two States — Israel and violence in  || ould not be restraint and abide by Council resolutions, including clearer in its scope and content. Inter alia, it emphasizes resolutions 2712 (2023), 2720 (2023), 2728 (2024) and the following. 2735 (2024). 24-182885/19 S/PV.9667 The situation in the Middle East, including the Palestinian question 25/06/2024 Mozambique supports all diplomatic initiatives all hostages held since the heinous 7 October terror by the international community, the countries of the attacks. The ground offensive into Rafah has only region and the United Nations, along with the active exacerbated the dire humanitarian conditions and led and tireless involvement of the Council, to find the best to the further displacement of over 1 million civilians. ways to bring about a lasting peace to the region. As we The recently published reports by the Office of the have stated time and again, the only alternative to the United Nations High Commissioner for Human conflict between Israel and Palestine lies in the solution Ri || ical pauses. Parties must ensure the unimpeded, resulted from settler violence. We stress that Israel, as safe delivery of humanitarian aid at scale into and the occupying Power, must exercise maximum restraint. across Gaza. The implementation of the relevant It must abide by its obligations under international law Security Council resolutions and the full, immediate and protect the Palestinian population against all acts and effective implementation of the orders of the or threats of violence. International Court of Justice remains essential. Israeli illegal settlement expansion, the demolition De-escalation and the revival of a political horizon of Palestinian property and forced evictions must cease. must remain a core priority. Key to that are efforts Settlements are illegal under international law. They focusing on fiscally and politically reinforcing the constitute an obstacle to peace, threaten the viability of Palestinian Authority for effective governance over both a two-State solution and are pushing the ",MACHINE_EXTRACTED_CONTEXT_NOT_HUMAN_CODING_EVIDENCE_OR_PIN_CITE
ICJ-192-2024-01-26||SC_MEETING::SCM|S/PV.9678,S/PV.9678,2,3,STRICT_CANDIDATE_3_COLLECTIVE_ACTION_AND_ORDER_NEXUS,1,1,0,israel|israeli,gaza|israel|rafah,"f of the Verbatim Reporting Service, room AB-0928 (verbatimrecords@un.org). Corrected records will be reissued electronically on the Official Document System of the United Nations (http://documents.un.org). 24-19259 (E) Accessible document Please recycle *2419259* S/PV.9678 The situation in the Middle East, including the Palestinian question 02/07/2024 The meeting was called to order at 10.05 a.m. orders, issued in the area of Khan Younis, which have a deep impact on the civilian population. In Gaza, Expression of thanks to the outgoing President nowhere is safe. Behind every statistic is a human story of hope, dignity and aspirations. On my visits to Gaza, I The President (spoke in Russian): I should like am met with voices that echo a single, heart-wrenching to take this opportunity to pay tribute, on behalf of question: will our suffering ever end? the Council, to His Excellency Mr. Joonkook Hwang, Permanent Representative of the Republic of Korea, for It cannot be repeated often enough ||  for Palestine Refugees in the Near East The President (spoke in Russian): In accordance must be allowed to deliver on its mandated role. with rule 39 of the Council’s provisional rules Since my previous briefing (see S/PV.9617), I have of procedure, I invite Ms. Sigrid Kaag, Senior continued to engage with key Governments and other Humanitarian and Reconstruction Coordinator for regional stakeholders at the highest political levels. I Gaza pursuant to resolution 2720 (2023), to participate met Israeli Prime Minister Benjamin Netanyahu and in this meeting. key Cabinet members again two weeks ago, further The Security Council will now begin its to resolution 2720 (2023). The resolution establishes a consideration of the item on its agenda. framework to expedite, streamline and accelerate the delivery of humanitarian assistance throughout Gaza. I give the floor to Ms. Kaag. As expected, that has been fraught with challenges. Ms. Kaag: Nearly nine months have passed since Yet deliverables inclu ||  for Palestine Refugees in the Near East The President (spoke in Russian): In accordance must be allowed to deliver on its mandated role. with rule 39 of the Council’s provisional rules Since my previous briefing (see S/PV.9617), I have of procedure, I invite Ms. Sigrid Kaag, Senior continued to engage with key Governments and other Humanitarian and Reconstruction Coordinator for regional stakeholders at the highest political levels. I Gaza pursuant to resolution 2720 (2023), to participate met Israeli Prime Minister Benjamin Netanyahu and in this meeting. key Cabinet members again two weeks ago, further The Security Council will now begin its to resolution 2720 (2023). The resolution establishes a consideration of the item on its agenda. framework to expedite, streamline and accelerate the delivery of humanitarian assistance throughout Gaza. I give the floor to Ms. Kaag. As expected, that has been fraught with challenges. Ms. Kaag: Nearly nine months have passed since Yet deliverables includ ||  establishment in a matter of months is the result of soaring and severe shortages of basic services, such tremendous collaboration and support from the United as waste management, sanitation facilities and water Nations Office for Project Services. The activation of supplies, the spectre of outbreaks of infectious and the mechanism for supplies from Egypt is expected communicable diseases looms large. by mid-July. Subject to visa approval, United Nations Following the Israeli offensive against Rafah since monitors are getting ready to deploy to the mechanism’s 6 May, more than 1 million people have been displaced newly established offices in Gaza. Options are being once again, desperately seeking shelter and safety. In discussed on the feasibility and longer-term planning total, 1.9 million people are now displaced across Gaza. of the Cyprus maritime corridor with continued direct I am deeply concerned about reports of new evacuation access to Gaza. 2/18 24-19259 02/07/2024 The situation  || ce again the international community, take concrete actions call on Israel to take all necessary measures to ensure to ensure the rapid and safe entry of humanitarian the provision of basic services and humanitarian aid supplies at scale into Gaza, ensure the safe and orderly throughout the Gaza Strip. Israel must allow immediate, distribution of humanitarian supplies throughout Gaza safe and unhindered humanitarian access, as ordered by and cooperate fully with the United Nations and other the International Court of Justice. That means issuing humanitarian organizations. the necessary permits to all humanitarian programmes 6/18 24-19259 02/07/2024 The situation in the Middle East, including the Palestinian question S/PV.9678 and agencies, including the United Nations Relief and presidency this month. I also thank you for organizing Works Agency for Palestine Refugees in the Near East. this briefing and express appreciation to Ms. Kaag for the updates provided on her work, pursuant to the mandate I thank the Speci",MACHINE_EXTRACTED_CONTEXT_NOT_HUMAN_CODING_EVIDENCE_OR_PIN_CITE
ICJ-192-2024-01-26||SC_MEETING::SCM|S/PV.9687,S/PV.9687,2,2,SAME_CASE_OR_DISPUTE_NO_PROVEN_COLLECTIVE_FOLLOW_THROUGH,1,1,1,israel|israeli|south africa,gaza|israel|rafah|south africa,"r at 10.05 a.m. The Security Council will now begin its consideration of the item on its agenda. Adoption of the agenda I give the floor to Mr. Rattray. The agenda was adopted. Mr. Rattray: I am pleased to deliver the Secretary- General’s briefing on the situation in the Middle East, The situation in the Middle East, including the including the Palestinian question. His remarks are Palestinian question as follows. The President (spoke in Russian): I would like “Last December, the hostilities in Gaza to warmly welcome the Ministers and other high- and Israel, which have created appalling human level representatives present in the Security Council suffering, physical destruction and collective Chamber. Their participation here today underscores trauma, led to my exceptional invocation of Article the continuing relevance of the subject under discussion. 99 of the Charter of the United Nations. Seven In accordance with rule 37 of the Council’s months later, the war rages on. According to the p || onsideration of the item on its agenda. Adoption of the agenda I give the floor to Mr. Rattray. The agenda was adopted. Mr. Rattray: I am pleased to deliver the Secretary- General’s briefing on the situation in the Middle East, The situation in the Middle East, including the including the Palestinian question. His remarks are Palestinian question as follows. The President (spoke in Russian): I would like “Last December, the hostilities in Gaza to warmly welcome the Ministers and other high- and Israel, which have created appalling human level representatives present in the Security Council suffering, physical destruction and collective Chamber. Their participation here today underscores trauma, led to my exceptional invocation of Article the continuing relevance of the subject under discussion. 99 of the Charter of the United Nations. Seven In accordance with rule 37 of the Council’s months later, the war rages on. According to the provisional rules of procedure, I invite the Ministry of Hea || he United Nations. Seven In accordance with rule 37 of the Council’s months later, the war rages on. According to the provisional rules of procedure, I invite the Ministry of Health in Gaza, more than 38,000 representatives of Australia, Bahrain, Bangladesh, Palestinians have been reported killed, with some Belgium, the Plurinational State of Bolivia, Brazil, 87,000 injured and thousands missing, many of Chile, Colombia, Cuba, Egypt, India, Indonesia, Iraq, them women and children. According to Israeli the Islamic Republic of Iran, Ireland, Israel, Jordan, sources, more than 1,500 Israelis and foreign Kazakhstan, Kuwait, Lebanon, Libya, Liechtenstein, nationals have been reported killed, with more Malaysia, Maldives, Mauritania, Mexico, Morocco, than 7,000 injured and 125 hostages still held in Namibia, New Zealand, Nicaragua, Norway, Oman, Gaza. The humanitarian support system in Gaza is Pakistan, Peru, the Philippines, Portugal, Qatar, Saudi close to total collapse. There has been a complet || ic Republic of Iran, Ireland, Israel, Jordan, sources, more than 1,500 Israelis and foreign Kazakhstan, Kuwait, Lebanon, Libya, Liechtenstein, nationals have been reported killed, with more Malaysia, Maldives, Mauritania, Mexico, Morocco, than 7,000 injured and 125 hostages still held in Namibia, New Zealand, Nicaragua, Norway, Oman, Gaza. The humanitarian support system in Gaza is Pakistan, Peru, the Philippines, Portugal, Qatar, Saudi close to total collapse. There has been a complete Arabia, South Africa, Spain, Sri Lanka, the Syrian Arab breakdown of public order. And the spectre of Republic, Thailand, Timor-Leste, Tunisia, Türkiye, further regional spillover is increasing by the day, Uganda, the United Arab Emirates, the Bolivarian as exchanges of fire across the Blue Line between Republic of Venezuela and Viet Nam to participate in Hizbullah and Israel continue. Nothing can justify this meeting. the horrific acts of terror committed by Hamas and other armed groups in Israel on 7 October and  || ent of the Observer of the Observer State of Palestine to the United Palestinian people. Nations to participate in this meeting, in accordance with the provisional rules of procedure and the previous “In recent weeks, Israeli military operations practice in this regard. and fighting have intensified across Gaza. Palestinian armed groups continue to launch There being no objection, it is so decided. rockets from Gaza towards Israeli population In accordance with rule 39 of the Council’s centres. Rafah is in ruins and the Rafah crossing provisional rules of procedure, I invite Mr. Earle remains closed, further hampering humanitarian Courtenay Rattray, Chef de Cabinet of the Secretary- operations. Almost 2 million people — nearly the General, to participate in this meeting. entire population of Gaza — have been displaced, many of them multiple times. Nowhere in Gaza In accordance with rule 39 of the Council’s is safe. Meanwhile, the Integrated Food Security provisional rules of procedure, I al || d children, humanitarians, doctors and journalists. It continued reports of serious abuses of Palestinians has defied every nation on earth and every entity ever in Israeli custody, I reiterate that all detainees must set up to uphold the most fundamental rules, from the be treated humanely and those held without lawful highest political organs to the highest judicial body, cause must be released. from the Security Council and the General Assembly “And this terrible war must end. We must to the International Court of Justice. It is doing refocus on finding a political solution that will end so unapologetically. It is committing crimes openly, the occupation and resolve the conflict in line with brazenly and repeatedly. Its own soldiers do not hesitate international law and the relevant United Nations to share recordings of those crimes with the rest of the resolutions. Ensuring that governance is restored world. What is happening in Gaza will go down as the in Gaza under a single, legitimate Palestinian most thorou || sential services General on Sexual Violence in Conflict reported and humanitarian aid to Palestinians in Gaza. Instead, that, based on the information gathered by her the occupation authorities have responded with more Office’s mission team from multiple and independent obstacles, targeting aid trucks and preventing UNRWA sources, there are reasonable grounds to believe that from carrying out its vital work. The Rafah crossing, conflict-related sexual violence occurred during the which, per the Court’s order, must remain open, has 7 October 2023 attacks in multiple locations around the been completely destroyed by the occupiers. Gaza periphery. The ongoing policy of ethnic cleansing and The narration of the facts surrounding the 7 October collective punishment against Palestinians mocks the 2023 attacks is followed by even more brutal human Security Council’s inability to enforce its resolutions. tragedy. Lest we forget, go quiet or grow numb, the Those resolutions remain words on paper, raising nu",MACHINE_EXTRACTED_CONTEXT_NOT_HUMAN_CODING_EVIDENCE_OR_PIN_CITE
ICJ-192-2024-01-26||SC_MEETING::SCM|S/PV.9687 (Resumption 1),S/PV.9687 (RESUMPTION 1),2,3,STRICT_CANDIDATE_3_COLLECTIVE_ACTION_AND_ORDER_NEXUS,1,1,0,israel|israeli|south africa,gaza|genocide convention|israel|palestinian group|rafah|south africa,"f a member of the delegation concerned to the Chief of the Verbatim Reporting Service, room AB-0928 (verbatimrecords@un.org). Corrected records will be reissued electronically on the Official Document System of the United Nations (http://documents.un.org). 24-21158 (E) Accessible document Please recycle *2421158* S/PV.9687 (Resumption 1) The situation in the Middle East, including the Palestinian question 17/07/2024 The meeting resumed at 3 p.m. closed and controlled vital crossings, making the Gaza Strip uninhabitable and filled with more than 39 million The President (spoke in Russian): I now give the tons of rubble. Tents filled with internally displaced floor to the representative of Iraq. persons are accumulating, as are mass graves, filthy Mr. Al-Fatlawi (Iraq) (spoke in Arabic): At the wastewater and the spread of all kinds of diseases, as outset, I would like to express my sincere thanks to the well as hunger and deprivation. Doctors have told of delegation of the Russian Federatio || n Federation, which assumed witnessing unprecedented incidents in every conflict the presidency of the Security Council this month, for area, of injured and burned people, of amputated limbs convening this high-level meeting. On behalf of the that could not be treated, of wounds turned septic due Group of Arab States and in my personal capacity, lack of medicines and medical equipment and of deaths I would like to thank Mr. Sergey Lavrov, Minister that could have been avoided absent the illegal Israeli for Foreign Affairs, for presiding over the meeting blockade of the Gaza Strip. earlier, which serves to underscore the importance of the Palestinian question to the agenda of the Security Israel has eradicated all means of livelihood, Council. restoration and relief aid from the Gaza Strip, while it continues its aggression against the civilians and the It is my honour to deliver this statement on behalf infrastructure. That is evident after nine months of of the Arab Group. war and the exace || n Federation, which assumed witnessing unprecedented incidents in every conflict the presidency of the Security Council this month, for area, of injured and burned people, of amputated limbs convening this high-level meeting. On behalf of the that could not be treated, of wounds turned septic due Group of Arab States and in my personal capacity, lack of medicines and medical equipment and of deaths I would like to thank Mr. Sergey Lavrov, Minister that could have been avoided absent the illegal Israeli for Foreign Affairs, for presiding over the meeting blockade of the Gaza Strip. earlier, which serves to underscore the importance of the Palestinian question to the agenda of the Security Israel has eradicated all means of livelihood, Council. restoration and relief aid from the Gaza Strip, while it continues its aggression against the civilians and the It is my honour to deliver this statement on behalf infrastructure. That is evident after nine months of of the Arab Group. war and the exacer || e call It has targeted homes, destroying them even though upon the Council to firmly and immediately implement people were living in them. It has eradicated entire its resolutions to save humanity and the purposes families and targeted hospitals, schools, universities, and principles of the Charter of the United Nations mosques, churches and United Nations facilities. and international law, along with implementing the Israel has also targeted the personnel of humanitarian decisions taken by the International Court of Justice, organizations, medical and paramedical staff, civil which has clearly called for a permanent and immediate defence workers and Palestinian journalists. It has ceasefire and the delivery of unhindered humanitarian prevented international journalists from entering Gaza assistance. Israel must implement Security Council to cover the horrors of its war and aggression. resolutions, including resolution 2720 (2023), and must Israel has also obstructed the delivery of water, cooperate fully with all  || the population of the reject any attempt to change it — demographically or Gaza Strip is on the brink of famine. The escalation geographically — pursuant to resolution 2735 (2024). constitutes a disregard for international warnings and clear defiance of the International Court of Justice’s In that context, we welcome the recognition by a provisional orders, especially that of 24 May, which growing number of countries of the State of Palestine. It called for an immediate halt to the offensive on Rafah, is high time that it became a full member of the United the opening of the Rafah crossing for the passage of aid Nations since it meets the conditions for membership, and the granting of access to commissions of inquiry as confirmed by the recent resolution adopted during to investigate allegations of genocide. Facilitating the the tenth emergency special session of the General broad delivery of humanitarian assistance, meeting all Assembly (General Assembly resolution ES-10/23). basic needs a || ians. It has Response Conference, with the participation of 75 violated all jus cogens norms that prevent such war countries. The Conference called for the coordination crimes, crimes against humanity and genocide. Israel of humanitarian assistance and the provision of must be compelled to implement the decisions of the humanitarian aid to the Gaza Strip. In that regard, we International Court of Justice pertaining to the case reiterate the need to coordinate with all international presented by South Africa against Israel in accordance partners to increase the volume of such assistance with the 1948 Convention on the Prevention and through all crossings. Punishment of the Crime of Genocide, especially in relation to the protection of civilians and ensuring We reiterate our call to all countries and donor humanitarian access. entities to provide the necessary assistance to the United Nations Relief and Works Agency for Palestine We call upon the Council to shoulder its Refugees in the Near East (UN ||  operations must be strictly carried out in line with the International Court of Justice. In its third such principles of necessity, precaution and proportionality. pronouncement, on 24 May, the Court ordered Israel The use of weapons to achieve military ends must not to immediately halt its military offensive and any other be indiscriminate, and the recent targeting of facilities action in the Rafah governorate, which could inflict on protected under international law, notably those of the the Palestinian group in Gaza, conditions of life that United Nations Relief and Works Agency for Palestine 24-2115815/35 S/PV.9687 (Resumption 1) The situation in the Middle East, including the Palestinian question 17/07/2024 Refugees in the Near East (UNRWA), is inexcusable. Going forward, Liechtenstein is deeply concerned UNRWA, whose work we continue to support politically about the risk of further escalation in the region. We and financially, provides a vital lifeline for protecting call on all parties to exer || e will continue to bombardment. Attacking humanitarian facilities and speak up against political attacks on the Court, as we locations where civilians are sheltering is abhorrent, did recently in a joint statement with 92 other States. We and the continued cynical use of civilian infrastructure also strongly support the International Court of Justice, for military purposes by Hamas and other armed groups including its role in the settlement of disputes under the in Gaza is utterly unacceptable. Genocide Convention. We emphasize the importance Over the past nine months, we have seen the of compliance with the provisional measures ordered Security Council call for a ceasefire, the release of by the Court, which are legally binding, and we look hostages and the provision of humanitarian aid, while forward to the advisory opinion to be released by the the International Court of Justice has issued a number Court in the coming days. of legally binding orders aimed at protecting innocent Settlement activities i",MACHINE_EXTRACTED_CONTEXT_NOT_HUMAN_CODING_EVIDENCE_OR_PIN_CITE
ICJ-192-2024-01-26||SC_MEETING::SCM|S/PV.9687 (Resumption 2),S/PV.9687 (RESUMPTION 2),2,3,STRICT_CANDIDATE_3_COLLECTIVE_ACTION_AND_ORDER_NEXUS,1,1,0,israel|israeli|south africa,gaza|israel|palestinian group|rafah|south africa,"eporting Service, room AB-0928 (verbatimrecords@un.org). Corrected records will be reissued electronically on the Official Document System of the United Nations (http://documents.un.org). 24-21429 (E) Accessible document Please recycle *2421429* S/PV.9687 (Resumption 2) The situation in the Middle East, including the Palestinian question 19/07/2024 The meeting was suspended at 6.15 p.m. on new facts on the ground. Those decisions, taken together Wednesday, 17 July, and resumed at 3.30 p.m. with Israel’s decades-long policy of dispossession, land confiscation, house demolitions and the establishment The President (spoke in Russian): I would like of illegal settlements, undermine efforts to achieve a to remind all speakers to limit their statements to no peaceful resolution to the conflict and threaten regional more than three minutes in order to enable the Council stability. Norway condemns any action aimed at altering to carry out its work expeditiously. Flashing lights on the demographic co || stability. Norway condemns any action aimed at altering to carry out its work expeditiously. Flashing lights on the demographic composition, character and status of the collars of the microphones will prompt speakers to the territory occupied since 1967. bring their remarks to a close after three minutes. Thirdly, the Palestinian people have the right to I now give the floor to the representative of Norway. self-determination. They deserve a well-functioning Ms. Havn (Norway): As the horrors in Gaza Palestinian Government. We urge Israel to release continue in the aftermath of the terror attack by Hamas all Palestinian clearance revenues and maintain on Israel on 7 October 2023, which Norway has strongly corresponding bank relations. We encourage donors to condemned, we would like to make four points. increase their support for the Palestinian Authority. First, the civilian population must be protected. The Fourthly, we also remain deeply worried about the series of recent attacks across G || in the aftermath of the terror attack by Hamas all Palestinian clearance revenues and maintain on Israel on 7 October 2023, which Norway has strongly corresponding bank relations. We encourage donors to condemned, we would like to make four points. increase their support for the Palestinian Authority. First, the civilian population must be protected. The Fourthly, we also remain deeply worried about the series of recent attacks across Gaza — in Gaza city and regional situation, including on the Israeli-Lebanese Khan Younis, in a designated safe zone — has killed border. De-escalation is urgently needed. and injured hundreds of civilians, including children In May, Norway recognized the State of Palestine. and rescue workers. Any presence of Palestinian armed That recognition followed from our long-held groups among civilians in violation of international commitment to the two-State solution as the only viable humanitarian law does not exempt Israel from path to freedom, peace and security for || ian aid. We remain very concerned about the profoundly empathizes with the struggles of the people hostages still in Gaza, the conditions they are being of Palestine. Given our unique history of resistance, held in and reports of mistreatment. We call for their persistence and independence, we are extraordinarily immediate and unconditional release. well-placed to understand and express solidarity with In its advisory opinion rendered today, the those enduring prolonged conflict and occupation. International Court of Justice is crystal clear: Israeli Timor-Leste also recognizes the right of every State to policies and practices are to be considered annexation defend itself, based on international law. of large parts of the occupied Palestinian territory. That Timor-Leste unequivocally supports the two-State is in violation of international law and must come to solution, which envisions Israel and Palestine living an end. The advisory opinion sends an unequivocal side by side in peace and security within recognized  || only solution with sustainable, lasting peace in Gaza has been turned into a battlefield and that it 4/15 24-21429 19/07/2024 The situation in the Middle East, including the Palestinian question S/PV.9687 (Resumption 2) has been destroyed. That is unacceptable. Respect for Strip. However, that decision was not implemented by international law and international humanitarian law the parties, and we are witnessing a military ground must guide the actions of the international community invasion of Rafah, despite all the warnings against it and and the decisions of the International Court of Justice, a humanitarian disaster unfolding over the Palestinian which must be enforced and implemented immediately. population in the Gaza Strip. After the cessation of hostilities, it will be essential We underline the importance of respecting the to move towards stabilization and reconstruction. The Security Council’s decisions and international law, with assumption of the full responsibilities of governa || ernance need the full support of the international community. we live in. Full compliance with international That support therefore needs to be directed towards humanitarian law is not an option; it is a legal obligation the ambitious reform programme that Prime Minister and a moral responsibility towards humankind. Mohammad Mustafa has begun to implement. However, Portugal will always reaffirm its condemnation all of that support will be insufficient if the Palestinian of Hamas and other armed Palestinian groups for the Authority does not have access to its own resources, terrorist attacks of 7 October and for keeping hostages which must be released immediately. captive. However, that attack, as horrifying as it was, In any case, the most important support that can be does not justify stripping a population of 2 million given to the Palestinian Authority in order to enable it people of water, food, health-care services, education to take on the challenges ahead is to give the Palestinian and civilian  || n of international law and further undermine the In keeping with our firm commitment to support efforts to achieve a two-State solution. We are also very and contribute as much as possible to international concerned about reports of violence from Palestinians efforts to put an end to genocide, Cuba has decided to against Israelis. The year 2024 is already the worst year intervene as a third party in the contentious proceedings in the West Bank since the second intifada, an alarming initiated by South Africa against the State of Israel trend that must be redressed. Tensions along the Blue before the International Court of Justice. Line are also worrisome. Against that background, it In view of the increasingly catastrophic is crucial to prevent an expansion of hostilities in the humanitarian situation, it is essential to remove the north of Israel and in Lebanon. obstacles to the delivery of humanitarian aid. We support In conclusion, Portugal calls on all parties to the immediate admission of Pale",MACHINE_EXTRACTED_CONTEXT_NOT_HUMAN_CODING_EVIDENCE_OR_PIN_CITE
ICJ-192-2024-03-28||SC_MEETING::SCM|S/PV.9596,S/PV.9596,2,3,STRICT_CANDIDATE_3_COLLECTIVE_ACTION_AND_ORDER_NEXUS,1,1,1,israel|israeli,gaza|israel|rafah,"4-09328 (E) Accessible document Please recycle *2409328* S/PV.9596 The situation in the Middle East, including the Palestinian question 05/04/2024 The meeting was called to order at 10.05 a.m. into tents, overcrowded shelters or even onto the streets and lacking the most basic necessities for dignified life Adoption of the agenda and survival. Some 60 per cent of housing has now been damaged or destroyed. Therefore, it is clear that there is The agenda was adopted. no protection of civilians in Gaza, and if they have no protection from the dangers of armed conflict there, they The situation in the Middle East, including the must be allowed to seek it elsewhere. Some Palestinians Palestinian question in Gaza have already left through Egypt, and we know The President: In accordance with rule 37 of the that more are trying. It is vital to recall that any persons Council’s provisional rules of procedure, I invite the displaced from Gaza must be guaranteed the right to representatives of Austra ||  if they have no protection from the dangers of armed conflict there, they The situation in the Middle East, including the must be allowed to seek it elsewhere. Some Palestinians Palestinian question in Gaza have already left through Egypt, and we know The President: In accordance with rule 37 of the that more are trying. It is vital to recall that any persons Council’s provisional rules of procedure, I invite the displaced from Gaza must be guaranteed the right to representatives of Australia, Israel, Poland and Saudi voluntary return, as international law demands. Arabia to participate in this meeting. I come now to the events of last week, which laid I propose that the Council invite the Permanent bare with clear evidence the unconscionable brutality of Observer of the Observer State of Palestine to the United this conflict. Intense Israeli bombardment and ground Nations to participate in this meeting, in accordance operations, as well as heavy fighting between Israeli with the provisiona || at any persons Council’s provisional rules of procedure, I invite the displaced from Gaza must be guaranteed the right to representatives of Australia, Israel, Poland and Saudi voluntary return, as international law demands. Arabia to participate in this meeting. I come now to the events of last week, which laid I propose that the Council invite the Permanent bare with clear evidence the unconscionable brutality of Observer of the Observer State of Palestine to the United this conflict. Intense Israeli bombardment and ground Nations to participate in this meeting, in accordance operations, as well as heavy fighting between Israeli with the provisional rules of procedure and previous forces and Palestinian armed groups, have continued practice in this regard. across much of the Gaza Strip, leaving hundreds more There being no objection, it is so decided. dead and injured. The prospect of a military operation on Rafah continues. As we all know, the consequences In accordance with rule 39 of the || ver of the Observer State of Palestine to the United this conflict. Intense Israeli bombardment and ground Nations to participate in this meeting, in accordance operations, as well as heavy fighting between Israeli with the provisional rules of procedure and previous forces and Palestinian armed groups, have continued practice in this regard. across much of the Gaza Strip, leaving hundreds more There being no objection, it is so decided. dead and injured. The prospect of a military operation on Rafah continues. As we all know, the consequences In accordance with rule 39 of the Council’s would be incomprehensible. provisional rules of procedure, I invite the following briefest to participate in this meeting: Mr. Ramesh On 1 April, the withdrawal of Israeli forces from Rajasingham, Director of Coordination, United Nations the besieged Al-Shifa medical complex in Gaza Office for the Coordination of Humanitarian Affairs; City revealed a hospital and many buildings in the and Ms. Janti Soeripto, || anizations provide hundreds destruction and human suffering of the past six months. of thousands of people in Gaza with food each week. It It does not bring an end to the ordeal of those still is unclear when their work will resume. held hostage and the torment for their families. And that is despite clear obligations under international That comes amid an unprecedented food insecurity humanitarian law; despite the provisional order of the crisis in Gaza that is teetering on the edge of famine, International Court of Justice requiring Israel to take if it has not already fallen into it. Across Gaza, food all necessary and effective measures to ensure, without and safe water are increasingly scarce, and practically delay, the unhindered provision at scale of urgently the entire population of Gaza is relying on woefully needed basic services and humanitarian assistance; inadequate food assistance to survive. Diseases are despite the Council recognizing the need to expand rife, contributing to a surge in acute malnutr",MACHINE_EXTRACTED_CONTEXT_NOT_HUMAN_CODING_EVIDENCE_OR_PIN_CITE
ICJ-192-2024-03-28||SC_MEETING::SCM|S/PV.9607,S/PV.9607,2,3,STRICT_CANDIDATE_3_COLLECTIVE_ACTION_AND_ORDER_NEXUS,1,1,0,israel|israeli,gaza|israel|rafah,"gations of the Russian Federation, The Security Council will now begin its Algeria and China, and on behalf of the members of the consideration of the item on its agenda. Security Council, I would like to ask everyone present I give the floor to Mr. Lazzarini. to stand and join in observing a minute of silence to honour all the humanitarian workers who have lost their Mr. Lazzarini: This is a time of seismic change in the Middle East. At the heart of the region, the lives in the line of duty in Gaza helping those in need, United Nations Relief and Works Agency for Palestine and to express the Council’s condolences and sympathy Refugees in the Near East (UNRWA) is a stabilizing to their families. force. In Gaza, the Agency is the backbone of the The members of the Security Council observed a humanitarian operation, coordinating and providing minute of silence. life-saving assistance. Beyond Gaza, it has championed human development for Palestine refugees across the Adoption of the agenda re || der which countless bodies are today underscores the importance of the subject matter lying. Children are bearing the brunt of the war. More under discussion. than 17,000 have been separated from their families, left to face the horrors of Gaza alone. Children are being In accordance with rule 37 of the Council’s killed, injured and starved, deprived of any physical provisional rules of procedure, I invite the or psychological safety. Across Gaza, a human-made representatives of Denmark, Egypt, Israel, Jordan, famine is tightening its grip. In the north, infants and Lebanon, Luxembourg, Saudi Arabia, the Syrian Arab young children have begun to die of malnutrition and Republic and Türkiye to participate in this meeting. dehydration. Across the border, food and clean water I propose that the Council invite the Special await. But UNRWA is being denied permission to deliver that aid and save lives. That outrage is occurring Representative of the President of the Observer State of despite succes || have been targeted since the beginning of the the refugee status of millions of Palestinians. They war, with 178 UNRWA personnel killed. More than 160 seek to change the long-standing political parameters UNRWA premises, mostly used as shelters, have been for peace in the occupied Palestinian territory set by damaged or destroyed, killing more than 400 people. the relevant resolutions of the General Assembly and Premises vacated by the Agency have been used for the Council. military purposes by Israeli forces, Hamas and other Accusations that UNRWA deliberately perpetuates Palestinian armed groups. Our headquarters has been refugee status are false and dishonest. The Agency occupied militarily, and allegations have emerged exists because a political solution does not. It exists in concerning the existence of tunnels under our premises. lieu of a State that can deliver critical public services. UNRWA personnel detained by Israeli security forces The international community has long attempted h || za over the past six months, bringing hope for Although the month of Ramadan is over, a ceasefire, survival to the suffering people in Gaza. UNRWA regrettably, has still has not materialized. We urge Israel staff, while facing gunfire and bombardment, deliver to comply with the demands of the resolution, stop its and distribute life-saving supplies and do everything military offensive in Gaza, abandon its offensive plans they can to provide shelter and relief to the local people. with regard to Rafah, lift its blockade of Gaza, open They have worked hard, shed sweat and blood, and up all land crossings, ensure rapid, adequate and safe some have made the ultimate sacrifice. So far, more access for humanitarian supplies and provide necessary than 170 UNRWA staff have been killed in the conflict. security guarantees for the operations of humanitarian We would like to express our deepest condolences and agencies. We also urge the United States to uphold pay our highest regard to the humanitaria ||  Then, are starving to death. A whole generation is being lost when that happens — when the world can actually see to violence and to a vicious cycle of indignation and the amount of destruction and death and suffering that impoverishment. That is insulting to our humanity. Israel has brought to Gaza — the world will recognize even more how much it needs UNRWA and how vital Security Council resolutions demanding an UNRWA’s role is. immediate ceasefire and the preliminary measures ordered by the International Court of Justice have We thank all our partners who continue to help not been implemented. International law is brazenly UNRWA. We urge them all to protect UNRWA now, just breached. Against that painful backdrop, UNRWA like they protected it in the past. Support it financially shines as a beacon of hope for the Palestinian and politically, for supporting UNRWA is supporting people — and indeed, for all of us. UNRWA workers regional stability. Saving UNRWA is saving lives, saving and staff are selfless in distri",MACHINE_EXTRACTED_CONTEXT_NOT_HUMAN_CODING_EVIDENCE_OR_PIN_CITE
ICJ-192-2024-03-28||SC_MEETING::SCM|S/PV.9608,S/PV.9608,2,2,SAME_CASE_OR_DISPUTE_NO_PROVEN_COLLECTIVE_FOLLOW_THROUGH,1,1,0,israel|israeli|south africa,gaza|israel|rafah|south africa,"nthinkable: a full-scale regional conflict that would be level representatives present in the Security Council devastating for all involved and for the rest of the world. Chamber. Their presence today underscores the The moment of maximum peril must be a time for importance of the subject matter under discussion. maximum restraint. I want to reiterate my strong condemnation of the serious escalation represented by In accordance with rule 37 of the Council’s provisional the large-scale attack on Israel launched by the Islamic rules of procedure, I invite the representatives of Republic of Iran on 13 April. The use of force against Bahrain, Bangladesh, Belgium, the Plurinational State the territorial integrity or political independence of any of Bolivia, Brazil, Chile, Colombia, Cuba, Egypt, India, State, or in any manner inconsistent with the purposes Indonesia, Iraq, Ireland, the Islamic Republic of Iran, of the United Nations, is prohibited under the Charter Israel, Jordan, Kuwait, Lebanon, || ublic of Iran, of the United Nations, is prohibited under the Charter Israel, Jordan, Kuwait, Lebanon, Liechtenstein, Libya, of the United Nations. And — as I stated earlier this Malaysia, the Maldives, Mauritania, Mexico, Morocco, month when I condemned the attack on the Iranian Nicaragua, Nigeria, Norway, Oman, Pakistan, Panama, Consulate in Damascus — the principle of inviolability Peru, the Philippines, Poland, Portugal, Qatar, Saudi of diplomatic and consular premises and personnel Arabia, South Africa, Spain, the Syrian Arab Republic, must be respected in all cases, in accordance with Thailand, Tunisia, Türkiye, Uganda, the United Arab international law. Emirates, the Bolivarian Republic of Venezuela and It is high time to end the bloody cycle of retaliation. Viet Nam to participate in this meeting. It is high time to stop. The international community I propose that the Council invite the Special must work together to prevent any actions that could Representative of the President of the Obse || ting impact on civilians. Let me be clear. The risks are spiralling on many fronts. We have a shared with the provisional rules of procedure and the previous responsibility to address those risks and to pull the practice in this regard. region back from the precipice. The way to do so is There being no objection, it is so decided. by advancing comprehensive diplomatic action for de-escalation in the Middle East. On behalf of the Council, I welcome His Excellency Mr. Ziad Abu Amr. It starts with Gaza. Ending the hostilities in Gaza would significantly defuse tensions across the region. In accordance with rule 39 of the Council’s I reiterate my calls for an immediate humanitarian provisional rules of procedure, I also invite the ceasefire and the immediate release of all hostages following individuals to participate in this meeting: His held in Gaza. The horrific terror attacks on 7 October Excellency Mr. Cheikh Niang, Chair of the Committee by Hamas and other Palestinian armed groups, which || rcise of the Inalienable Rights of the included mass killings, the use of sexual violence, Palestinian People; His Excellency Mr. Sven Koopmans, torture and the taking of hostages, were an intolerable European Union Special Representative for the Middle denial of humankind’s most basic values and a breach East Peace Process; His Excellency Mr. Hossam Zaki, of the most fundamental rules of international law. Assistant Secretary-General and Chef de Cabinet of the In Gaza, six and a half months of Israeli military Secretary-General of the League of Arab States; and operations have created a humanitarian hellscape. Tens Mr. Nasser Kamel, Secretary-General of the Union for of thousands of people have been killed. Two million the Mediterranean. Palestinians have endured death, destruction and the 2/33 24-10529 18/04/2024 The situation in the Middle East, including the Palestinian question S/PV.9608 denial of life-saving humanitarian aid, and they are routes and crossings, into and throughout every || s Mr. Nasser Kamel, Secretary-General of the Union for of thousands of people have been killed. Two million the Mediterranean. Palestinians have endured death, destruction and the 2/33 24-10529 18/04/2024 The situation in the Middle East, including the Palestinian question S/PV.9608 denial of life-saving humanitarian aid, and they are routes and crossings, into and throughout every part of now staring down starvation. An Israeli operation in Gaza. That requires improved delivery systems around Rafah would compound that humanitarian catastrophe. all supply routes and entry points. Humanitarians also The numbers of casualties are overwhelming and need security. Nearly 250 aid workers, including more have no precedent in speed or scale during my time as than 180 of our own staff, have been killed in Gaza, Secretary-General. According to UNICEF, more than and I repeat my call for thorough investigations into 13,900 Palestinian children have reportedly been killed those tragic deaths. Just last || e of force, in violation of the United Nations Charter, Nations. Our support is in line and within the context relevant international law, including the development of our consideration of Article 4 of the Charter of the and conduct of friendly relations, diplomatic and United Nations, rules 58 and 60 of the Security Council consular protections, as well as conduct in the region provisional rules of procedure and the guidance provided that may lead to an escalation or exacerbation of the by the International Court of Justice in its 28 May 1948 already volatile situation in the Middle East. We advisory opinion on conditions of admission of a State regrettably further note, with concern, the rising to membership in the United Nations. tensions in the occupied West Bank, and across the Blue This request for reconsideration of the State of Line in Lebanon, with the exchange of rockets, missiles Palestine’s 2011 application for membership to the and other attacks. Such developments are dangerous United Nations comes six",MACHINE_EXTRACTED_CONTEXT_NOT_HUMAN_CODING_EVIDENCE_OR_PIN_CITE
ICJ-192-2024-03-28||SC_MEETING::SCM|S/PV.9608 (Resumption 1),S/PV.9608 (RESUMPTION 1),2,3,STRICT_CANDIDATE_3_COLLECTIVE_ACTION_AND_ORDER_NEXUS,1,1,0,israel|israeli|south africa,gaza|genocide convention|israel|rafah|south africa,"ive the floor to the Minister for Foreign The President: I now give the floor to the Affairs of Colombia. representative of Türkiye. Mr. Murillo Urrutia (Colombia) (spoke in Mr. Yıldız (Türkiye): We have gathered countless Spanish): Colombia is here to speak about solutions for times in this Chamber since 7 October 2023. We peace and vital human security. have made very strong statements, and we have unequivocally condemned the atrocities committed We thank your country, Madam President, for by Israel, which led to unspeakable destruction and convening this open debate and recognize the important an unprecedented civilian death toll. The numbers are work that you have carried out this month as President very clear: approximately 30,000 in a short time. of the Security Council. Nevertheless, the Charter of the United The lack of a substantive solution to the Palestinian Nations — the bedrock of international law — is still question is putting to the test the capabilities of the United being r || tting to the test the capabilities of the United being routinely breached. Security Council resolutions Nations, in particular the Council’s ability to fulfil its are still being ignored by Israel. The question should primary mandate: the maintenance of international be asked: how long will this continue? After all, United peace and security. This cannot be an exception to Nations officials themselves have told us that the rate international law or to the Council’s authority. The of killings in Gaza is the highest in the world since the Council must ensure the prompt implementation of Rwandan genocide, which was commemorated a few resolution 2728 (2024) of 25 March 2024, which called weeks ago. for an immediate ceasefire, the unconditional release of hostages, an expansion of humanitarian assistance and It is no wonder that today Israel is on trial before the protection of civilians in Gaza. the International Court of Justice for violating the Convention on Genocide. Israel’s actions and p ||  told us that the rate international law or to the Council’s authority. The of killings in Gaza is the highest in the world since the Council must ensure the prompt implementation of Rwandan genocide, which was commemorated a few resolution 2728 (2024) of 25 March 2024, which called weeks ago. for an immediate ceasefire, the unconditional release of hostages, an expansion of humanitarian assistance and It is no wonder that today Israel is on trial before the protection of civilians in Gaza. the International Court of Justice for violating the Convention on Genocide. Israel’s actions and policies The incessant violence that we have been aimed at changing the character and status of the witnessing in the Middle East for more than six months occupied Palestinian territories are also violations of is unacceptable. Despite repeated calls by almost all international law. Türkiye has contributed our written Member States to bring an end to the attacks in the Gaza and oral statements to the International Court of Justice S || nternational humanitarian law. It must prevention and removing threats to the peace are its not result in the suffering of innocent civilians or in the number one task. The Security Council is supposed to death of those who come to help them. be the voice of the international community. We cannot overlook the humanitarian crisis in Where the international community stands on Gaza, the fate of the hostages or the potential military this matter is pretty obvious, as summarized by the operation in Rafah. We express our grave concern Secretary-General. The international community is regarding Israeli military activities in the vicinity of looking to the Council to implement the job needed. Rafah, where the civilian population is sheltering. Simply coming together for regular meetings in the Those civilians are at risk of being forced towards Chamber to make the same points over and over again Egypt, the only direction available. and leaving the Chamber empty handed will not solve In the face of || result in the suffering of innocent civilians or in the number one task. The Security Council is supposed to death of those who come to help them. be the voice of the international community. We cannot overlook the humanitarian crisis in Where the international community stands on Gaza, the fate of the hostages or the potential military this matter is pretty obvious, as summarized by the operation in Rafah. We express our grave concern Secretary-General. The international community is regarding Israeli military activities in the vicinity of looking to the Council to implement the job needed. Rafah, where the civilian population is sheltering. Simply coming together for regular meetings in the Those civilians are at risk of being forced towards Chamber to make the same points over and over again Egypt, the only direction available. and leaving the Chamber empty handed will not solve In the face of the current crisis, it is important to any problems. continue assistance through bilateral and mu || te actions to end the cycle of violence in month of Ramadan, many months after similar calls the region. by the General Assembly. We commend, in particular, Liechtenstein is committed to the rule of law at the 10 elected members of the Security Council on the international level and supports the role of the their crucial role leading up to the successful adoption International Court of Justice in the settlement of of resolution 2728 (2024). However, we deplore that disputes, including under the Genocide Convention. the holy month of Ramadan has now ended without Liechtenstein is following the ongoing proceedings in its implementation. the case brought by South Africa against Israel closely, We were also disturbed to witness a including the consideration of provisional measures, counterproductive and unfounded suggestion that and emphasizes the importance of compliance with any resolution 2728 (2024) might not be legally binding. We measures ordered by the Court. simply wish to quote the text of Article 2 || enstein is committed to the rule of law at the 10 elected members of the Security Council on the international level and supports the role of the their crucial role leading up to the successful adoption International Court of Justice in the settlement of of resolution 2728 (2024). However, we deplore that disputes, including under the Genocide Convention. the holy month of Ramadan has now ended without Liechtenstein is following the ongoing proceedings in its implementation. the case brought by South Africa against Israel closely, We were also disturbed to witness a including the consideration of provisional measures, counterproductive and unfounded suggestion that and emphasizes the importance of compliance with any resolution 2728 (2024) might not be legally binding. We measures ordered by the Court. simply wish to quote the text of Article 25 of the United In conclusion, Liechtenstein reaffirms the right Nations Charter, that: of the Palestinian people to self-determination and its “(t)he Membe",MACHINE_EXTRACTED_CONTEXT_NOT_HUMAN_CODING_EVIDENCE_OR_PIN_CITE
ICJ-192-2024-03-28||SC_MEETING::SCM|S/PV.9617,S/PV.9617,2,2,SAME_CASE_OR_DISPUTE_NO_PROVEN_COLLECTIVE_FOLLOW_THROUGH,1,1,0,israel|israeli,gaza|israel|rafah,"ature of a member of the delegation concerned to the Chief of the Verbatim Reporting Service, room AB-0928 (verbatimrecords@un.org). Corrected records will be reissued electronically on the Official Document System of the United Nations (http://documents.un.org). 24-11222 (E) Accessible document Please recycle *2411222* S/PV.9617 The situation in the Middle East, including the Palestinian question 24/04/2024 The meeting was called to order at 4.15 p.m. detailed proposals with the Governments of Israel, Jordan, Egypt and Cyprus to accelerate and streamline Adoption of the agenda the delivery of goods into Gaza and ensure a consistent pipeline of goods for safe distribution across the The agenda was adopted. Gaza Strip. Today I will share with the Council my assessment of the implementation of resolution 2720 The situation in the Middle East, including the (2023), including areas in which progress has been Palestinian question made or is lacking. Allow me to say from the outset The President:  || atimrecords@un.org). Corrected records will be reissued electronically on the Official Document System of the United Nations (http://documents.un.org). 24-11222 (E) Accessible document Please recycle *2411222* S/PV.9617 The situation in the Middle East, including the Palestinian question 24/04/2024 The meeting was called to order at 4.15 p.m. detailed proposals with the Governments of Israel, Jordan, Egypt and Cyprus to accelerate and streamline Adoption of the agenda the delivery of goods into Gaza and ensure a consistent pipeline of goods for safe distribution across the The agenda was adopted. Gaza Strip. Today I will share with the Council my assessment of the implementation of resolution 2720 The situation in the Middle East, including the (2023), including areas in which progress has been Palestinian question made or is lacking. Allow me to say from the outset The President: In accordance with rule 37 of the that a paradigm shift is needed to continue to meet the Council’s provisiona || ential power outages. As summer approaches and temperatures social services, particularly in health and education, to rise, communicable diseases threaten to sweep through Palestine refugees. As such, UNRWA is irreplaceable Gaza. Children, who suffer the worst and the most in and indispensable as a humanitarian lifeline and must every crisis, have been deprived of nutrition, protection be allowed to deliver on its mandate. and education, with their future hanging in the balance. On 5 April, the Israeli Government made several The scarcity of food and other essential goods has commitments to improve aid delivery in response to also led to a breakdown in civil order and a gradual requests by the United Nations and the international unravelling of the social fabric in Gaza. There is no community. A number of steps have been taken, effective law enforcement. As the Secretary-General including an increase in the volume of aid cleared, has said, we have a shared responsibility to secure inspected a || ana across the region. I have also submitted and discussed crossings; the resumption of operations by some 2/19 24-11222 24/04/2024 The situation in the Middle East, including the Palestinian question S/PV.9617 bakeries in northern and central Gaza; and the ongoing optimization of the efficiency of aid delivery through repair of the Nahal Oz water pipeline. I have also been Egypt. To further streamline access for humanitarian advised of the approval of critical communication cargo to Gaza from Rafah, the United Nations equipment and an increase in the allocation of fuel. has proposed the establishment of an inspection, monitoring and verification unit on the Palestinian side While the implementation of some measures is of Rafah. The Egypt land corridor, in particular via the ongoing, further definitive and urgent steps are needed Rafah crossing, is important, given its volume for both to set the course for a sustained flow of humanitarian humanitarian assistance and for early recovery and  || ry action and using them at full capacity. According to the in Rafah. Such an offensive should not be allowed by 24-112227/19 S/PV.9617 The situation in the Middle East, including the Palestinian question 24/04/2024 under any circumstances, as 1.5 million Palestinians The adoption of immediate measures to guarantee the have been crammed into Rafah, which has become provision of basic services and humanitarian aid has the humanitarian hub of Gaza. The survival of Gaza’s also been ordered by the International Court of Justice entire population depends on the situation in this in the provisional measures issued in January and city. A ground offensive would leave people with no March. The resolutions of the Security Council and the choice but to flee to Egypt. It would become not only provisions of the International Court of Justice must a humanitarian catastrophe, but also an irreversible be respected. Regarding the mechanism for expediting breach of peace and security in the region and beyond. the delivery of humani",MACHINE_EXTRACTED_CONTEXT_NOT_HUMAN_CODING_EVIDENCE_OR_PIN_CITE
ICJ-192-2024-03-28||SC_MEETING::SCM|S/PV.9608 (Resumption 2),S/PV.9608 (RESUMPTION 2),2,3,STRICT_CANDIDATE_3_COLLECTIVE_ACTION_AND_ORDER_NEXUS,1,1,0,israel|israeli|south africa,gaza|israel|rafah|south africa,"09 (E) Accessible document Please recycle *2411309* S/PV.9608 (Resumption 2) The situation in the Middle East, including the Palestinian question 25/04/2024 The meeting was resumed at 3.05 p.m. Palestinian territories. We support the convening of a peace conference, under the auspices of the General The President: I wish to remind all speakers to Assembly, to preserve the inalienable rights of the limit their statements to no more than three minutes to Palestinian people. We demand, once again, Israel’s enable the Council to carry out its work expeditiously. full and unconditional withdrawal from the Syrian Flashing lights on the collars of the microphones will Golan and all occupied Arab territories. The aggression prompt speakers to bring their remarks to a close after against Syria, which violates its sovereignty and three minutes. territorial integrity, must end. External interference in I now give the floor to the representative of Cuba. that sister Arab nation must end. Ms. Rodríguez C || l community that the State Mr. Chindawongse (Thailand): Thailand wishes of Palestine, recognized by 140 countries, remains to commend Malta for convening this important an observer, while the occupying Power enjoys full open debate against the backdrop of the deteriorating membership in the United Nations. situation in the region. Formalizing Palestinian membership is precisely The central issue of urgency remains the one of the first steps we can — and must — take to deteriorating situation in Gaza. Thailand continues to achieve the long sought-after comprehensive, just and be deeply concerned about the current catastrophic lasting solution to the Israeli-Palestinian conflict. The humanitarian situation in Gaza, with its unprecedented United States must stop blocking Palestinian admission levels of destruction and suffering, including tens of to the United Nations and must put an end to the thousands of casualties. The situation is intolerable and double standards and selectivity of its G || s important an observer, while the occupying Power enjoys full open debate against the backdrop of the deteriorating membership in the United Nations. situation in the region. Formalizing Palestinian membership is precisely The central issue of urgency remains the one of the first steps we can — and must — take to deteriorating situation in Gaza. Thailand continues to achieve the long sought-after comprehensive, just and be deeply concerned about the current catastrophic lasting solution to the Israeli-Palestinian conflict. The humanitarian situation in Gaza, with its unprecedented United States must stop blocking Palestinian admission levels of destruction and suffering, including tens of to the United Nations and must put an end to the thousands of casualties. The situation is intolerable and double standards and selectivity of its Government, cannot continue. which constantly thinks up new ploys to ensure Israel’s impunity and exonerate it of its responsibility for war An immediate ceasefi || d its obligations worthy of membership, through its active participation under international law and ignore the repeated calls in all United Nations platforms. Clearly, there is by the international community, including from among no plausible reason for Palestine to continue being its staunchest allies, to do more to protect civilians. denied full membership. Supporting Palestine’s full We are appalled by Israel’s planned military assault membership would have been the crucial first step to on Rafah, despite warnings from the international address the root cause of the incessant instability in the community and humanitarian agencies that it would region, namely, the long-standing illegal occupation of lead to disastrous outcomes. Palestinian lands by Israel. It is ludicrous that those who Israel’s brutality against Palestinians has enraged have repeatedly expressed their support for the two- people across the region and beyond. The impunity State solution as the only way to guarantee susta ||  the Thirdly, the humanitarian situation in Gaza is dire. reality of famine and pestilence for the 2 million people It is imperative that humanitarian aid for the people of Gaza. It has defied the demand of the Security Council of Gaza be scaled up immediately in order to avert in resolution 2728 (2024) for an immediate ceasefire. It a further deterioration in that situation. We urge all has refused to abide by the provisional orders of the parties to come together in that endeavour. We welcome International Court of Justice. The Security Council, the efforts of the United Nations and the international the General Assembly and the international community community in that regard. As far as India is concerned, must consider the further measures that are required to we have provided humanitarian aid to the people of secure adherence to a ceasefire in Gaza and an end to Palestine and will continue to do so. We note the recent what can plausibly be called its genocide. 8/29 24-11309 25/04/2024 The situation in the Mid || ples. This dehumanizing their homeland. 20/29 24-11309 25/04/2024 The situation in the Middle East, including the Palestinian question S/PV.9608 (Resumption 2) The OIC welcomes the provisional measures of untold trauma and suffering. More than 14,000 children 26 January 2024 and the additional provisional measures have been killed by the Israeli occupation forces since of 28 March 2024, ordered by the International Court 7 October 2023, and tens of thousands have been of Justice in the case of South Africa v. Israel under injured, with thousands losing limbs and becoming the Convention on the Prevention and Punishment of permanently disabled. We also welcome the Human the Crime of Genocide, aimed at ending the genocide Rights Council resolution (Human Rights Council being committed by the Israeli occupation against resolution 55/28) calling on States to cease the sale, the Palestinian people in the Gaza Strip. The OIC transfer and diversion of arms, munitions and other emphasizes the obligation t",MACHINE_EXTRACTED_CONTEXT_NOT_HUMAN_CODING_EVIDENCE_OR_PIN_CITE
ICJ-192-2024-03-28||SC_MEETING::SCM|S/PV.9631,S/PV.9631,2,2,SAME_CASE_OR_DISPUTE_NO_PROVEN_COLLECTIVE_FOLLOW_THROUGH,1,1,0,israel|israeli|south africa,gaza|israel|rafah|south africa,"estion 20/05/2024 The meeting was called to order at 4.05 p.m. the hostages held in unimaginable conditions for more than 225 days and for an overstretched humanitarian Adoption of the agenda operation that remains on the brink in the Strip. The agenda was adopted. My colleague from the Office for the Coordination of Humanitarian Affairs will provide a briefing in The situation in the Middle East, including the greater detail on the dire humanitarian situation in and Palestinian question around Rafah momentarily but allow me to highlight some critical observations from the ground. The President: In accordance with rule 37 of the Council’s provisional rules of procedure, I invite the Since the first week of May, the security situation representatives of Egypt and Israel to participate in in Rafah has rapidly worsened as the Israel Defence this meeting. Forces (IDF) operations and military manoeuvres in and around the city have intensified. On 5 May, I propose that the Council invite the obse || eague from the Office for the Coordination of Humanitarian Affairs will provide a briefing in The situation in the Middle East, including the greater detail on the dire humanitarian situation in and Palestinian question around Rafah momentarily but allow me to highlight some critical observations from the ground. The President: In accordance with rule 37 of the Council’s provisional rules of procedure, I invite the Since the first week of May, the security situation representatives of Egypt and Israel to participate in in Rafah has rapidly worsened as the Israel Defence this meeting. Forces (IDF) operations and military manoeuvres in and around the city have intensified. On 5 May, I propose that the Council invite the observer of Hamas launched mortars and rockets at IDF soldiers the Observer State of Palestine to participate in this massed on the Israeli side of Karem Abu Salem/ meeting, in accordance with the provisional rules of Kerem Shalom crossing, killing four IDF soldiers and procedu || the Council’s provisional rules of procedure, I invite the Since the first week of May, the security situation representatives of Egypt and Israel to participate in in Rafah has rapidly worsened as the Israel Defence this meeting. Forces (IDF) operations and military manoeuvres in and around the city have intensified. On 5 May, I propose that the Council invite the observer of Hamas launched mortars and rockets at IDF soldiers the Observer State of Palestine to participate in this massed on the Israeli side of Karem Abu Salem/ meeting, in accordance with the provisional rules of Kerem Shalom crossing, killing four IDF soldiers and procedure and previous practice in that regard. wounding ten. IDF tank shelling and a series of air There being no objection, it is so decided. strikes in Rafah killed at least 19 Palestinians on the same day, according to the Ministry of Health in Gaza. In accordance with rule 39 of the Council’s The following day, the IDF said that it would prepare provisional rul || unched mortars and rockets at IDF soldiers the Observer State of Palestine to participate in this massed on the Israeli side of Karem Abu Salem/ meeting, in accordance with the provisional rules of Kerem Shalom crossing, killing four IDF soldiers and procedure and previous practice in that regard. wounding ten. IDF tank shelling and a series of air There being no objection, it is so decided. strikes in Rafah killed at least 19 Palestinians on the same day, according to the Ministry of Health in Gaza. In accordance with rule 39 of the Council’s The following day, the IDF said that it would prepare provisional rules of procedure, I invite the following to operate with extreme force against Hamas in eastern briefers to participate in this meeting: Mr. Tor Rafah and ordered approximately 100,000 Palestinians Wennesland, Special Coordinator for the Middle East to immediately evacuate to what it described as an Peace Process, and Ms. Edem Wosornu, Director of “expanded humanitarian area in Al-Ma || acts and ensure accountability. and attacks on them. We reject and condemn forced The children, the women, the people of Gaza deserve displacement. We repeat our call for full respect for 6/21 24-14042 20/05/2024 The situation in the Middle East, including the Palestinian question S/PV.9631 international law, including international humanitarian The Republic of Korea has repeatedly condemned law and human rights law. The provisional orders of the the terrorist attacks by Hamas on 7 October and International Court of Justice and the resolutions of the reiterated that Israel has a right and duty to protect its Security Council must be respected. We underline that citizens. However, in a conflict that has now lasted for evacuation orders do not absolve people of obligations more than six months, more than 35,000 Palestinian under international humanitarian law. Any war crimes civilians have been killed, many of them women and or crimes against humanity committed on the territory children, and the entire world has bee || d the release international community warned against and rejected. of hostages and prisoners on both sides. That is That is a manifestation of Israeli persistence in imposing based on our firm commitment to international law collective punishment on Palestinians. Israel aims to and international humanitarian law. It is the same tighten the siege on civilians by militarily controlling the commitment that prompted us to join the case filed border and creating conditions on the ground that make by South Africa at the International Court of Justice. any humanitarian effort nearly impossible. We did so because we believe in the role of the Court Deliberate Israeli actions have led to clashes and in achieving justice, as Egypt has played a pioneering a security situation that has become a direct threat to role in achieving peace in the region, and because we the lives of humanitarian workers, some of whom have are fully committed to the rights of the Palestinians. already lost their lives. Engaging in h",MACHINE_EXTRACTED_CONTEXT_NOT_HUMAN_CODING_EVIDENCE_OR_PIN_CITE
ICJ-192-2024-03-28||SC_MEETING::SCM|S/PV.9638,S/PV.9638,2,3,STRICT_CANDIDATE_3_COLLECTIVE_ACTION_AND_ORDER_NEXUS,1,1,1,israel|israeli|south africa,gaza|genocide convention|israel|palestinian group|rafah|south africa,"ssure cooker of negative trends. The risk of a regional Adoption of the agenda conflagration is constant and is mounting every day the war continues. That trajectory must change if we are to The agenda was adopted. avoid further catastrophe. I urge all parties to return to The situation in the Middle East, including the the negotiating table immediately and in good faith. I Palestinian question reiterate my and the Secretary-General’s repeated calls for the immediate release of hostages held in Gaza and The President: In accordance with rule 37 of the for an immediate humanitarian ceasefire. Council’s provisional rules of procedure, I invite the representatives of Israel, South Africa and the United Palestinians in Gaza face another round of mass Arab Emirates to participate in this meeting. displacement, with 1 million fleeing from Rafah, many being displaced multiples times. Overcrowded I propose that the Council invite the observer of the conditions and acute shortages of food, water an || ange if we are to The agenda was adopted. avoid further catastrophe. I urge all parties to return to The situation in the Middle East, including the the negotiating table immediately and in good faith. I Palestinian question reiterate my and the Secretary-General’s repeated calls for the immediate release of hostages held in Gaza and The President: In accordance with rule 37 of the for an immediate humanitarian ceasefire. Council’s provisional rules of procedure, I invite the representatives of Israel, South Africa and the United Palestinians in Gaza face another round of mass Arab Emirates to participate in this meeting. displacement, with 1 million fleeing from Rafah, many being displaced multiples times. Overcrowded I propose that the Council invite the observer of the conditions and acute shortages of food, water and Observer State of Palestine to participate in the meeting, medicine have led to misery and the spread of diseases. in accordance with the provisional rules of procedure The  || we are to The agenda was adopted. avoid further catastrophe. I urge all parties to return to The situation in the Middle East, including the the negotiating table immediately and in good faith. I Palestinian question reiterate my and the Secretary-General’s repeated calls for the immediate release of hostages held in Gaza and The President: In accordance with rule 37 of the for an immediate humanitarian ceasefire. Council’s provisional rules of procedure, I invite the representatives of Israel, South Africa and the United Palestinians in Gaza face another round of mass Arab Emirates to participate in this meeting. displacement, with 1 million fleeing from Rafah, many being displaced multiples times. Overcrowded I propose that the Council invite the observer of the conditions and acute shortages of food, water and Observer State of Palestine to participate in the meeting, medicine have led to misery and the spread of diseases. in accordance with the provisional rules of procedure The humanitarian r || mmediately and in good faith. I Palestinian question reiterate my and the Secretary-General’s repeated calls for the immediate release of hostages held in Gaza and The President: In accordance with rule 37 of the for an immediate humanitarian ceasefire. Council’s provisional rules of procedure, I invite the representatives of Israel, South Africa and the United Palestinians in Gaza face another round of mass Arab Emirates to participate in this meeting. displacement, with 1 million fleeing from Rafah, many being displaced multiples times. Overcrowded I propose that the Council invite the observer of the conditions and acute shortages of food, water and Observer State of Palestine to participate in the meeting, medicine have led to misery and the spread of diseases. in accordance with the provisional rules of procedure The humanitarian response is woefully inadequate to and the previous practice in this regard. address those needs. There being no objection, it is so decided. On 24 May, the I || h, many being displaced multiples times. Overcrowded I propose that the Council invite the observer of the conditions and acute shortages of food, water and Observer State of Palestine to participate in the meeting, medicine have led to misery and the spread of diseases. in accordance with the provisional rules of procedure The humanitarian response is woefully inadequate to and the previous practice in this regard. address those needs. There being no objection, it is so decided. On 24 May, the International Court of Justice In accordance with rule 39 of the Council’s delivered its order on the request of South Africa for provisional rules of procedure, I invite Mr. Tor the modification of the order of 28 March in the case Wennesland, Special Coordinator for the Middle East Application of the Convention on the Prevention and Peace Process, to participate in the meeting. Punishment of the Crime of Genocide in the Gaza Strip (South Africa v. Israel), reaffirming its previous The Security Council will now begin its co || es and indicating new measures. of the item on its agenda. Humanitarians are heroically continuing to I give the floor to Mr. Wennesland. deliver life-saving assistance in an incredibly Mr. Wennesland: Over seven months have now difficult environment. Unsafe conditions resulting passed since 7 October. The horrific terror attacks from dangerously deficient humanitarian notification perpetrated by Hamas and other Palestinian armed mechanisms are compounded by overcrowding, groups and the ensuing Israeli military campaign and desperation and a breakdown of law and order, relentless hostilities in Gaza have caused widespread imperilling humanitarian operations and costing the suffering on a totally unimaginable scale. There are a lives of humanitarian workers — including some 200 reported more than 36,000 Palestinians and over 1,500 United Nations staff. Just hours ago, that breakdown of Israelis and foreign nationals killed, while 125 hostages law and order resulted in a well-organized looting  || Sierra Leone notes with deep concern the events Israel), para. 57 (2)(a)) and maintain open the Rafah in recent days, in particular the attack on a camp crossing for unhindered provision at scale of urgently for displaced people in Rafah that killed at least 45 needed basic services and humanitarian assistance. 6/25 24-14969 29/05/2024 The situation in the Middle East, including the Palestinian question S/PV.9638 Thirdly, we reiterate the need and legal obligation, Switzerland recalls that the Court’s orders are binding as per the International Court of Justice orders, for the on all parties. We expect Israel to comply and take all immediate and unconditional release of all hostages necessary measures to do so. held by Hamas since 7 October 2023. Furthermore, the Council must ensure the Fourthly, we call on parties to the conflict to ensure implementation of the three resolutions it has adopted the protection and safety of humanitarian agencies since the acts of terror of 7 October, which Switzerl ||  actions, which are plausibly genocidal. discuss the perilous situation in the Middle East. We remind the members of the Security Council that the We regret that, since the provisional measures were situation in Palestine and Israel has been on its agenda issued by the Court — including in its latest decision for almost as long as this Organization has been on 10 May 2024 where it ordered Israel to halt any in existence. We remind Council members of their action in Rafah that may inflict on the Palestinian group mandated role, under the Charter of the United Nations, in Gaza conditions of life that could bring about its to maintain international peace and security. We remind physical destruction, in whole or in part — Palestinians Council members that a failure to act decisively in continue to suffer immeasurably under the occupying order to contribute to preventing and stopping wars will Power’s intensified military operations. The events result in more people dying, being injured and living of the pa",MACHINE_EXTRACTED_CONTEXT_NOT_HUMAN_CODING_EVIDENCE_OR_PIN_CITE
ICJ-192-2024-03-28||SC_FORMAL_VOTE::SCV|2101,S/PV.9650,2,2,SAME_CASE_OR_DISPUTE_NO_PROVEN_COLLECTIVE_FOLLOW_THROUGH,1,1,0,israel|israeli,gaza|israel|rafah,"e recycle *2416393* S/PV.9650 The situation in the Middle East, including the Palestinian question 10/06/2024 The meeting was called to order at 3.25 p.m. that are near civilians and who are doing nothing to shelter those civilians. I have rarely seen anything so Adoption of the agenda egregious and cowardly. The agenda was adopted. Palestinian civilians are living through sheer hell through no fault of their own. And the humanitarian The situation in the Middle East, including the situation in Gaza has gotten worse and worse and worse. Palestinian question Families are living in makeshift conditions, unsure of what the next day holds. Millions are grappling with the The President: In accordance with rule 37 of the uncertainty of what will be left when they are allowed Council’s provisional rules of procedure, I invite the to return home. I think about the parents trying to find representative of Israel to participate in this meeting. food for their families, about the child who has been T || ir own. And the humanitarian The situation in the Middle East, including the situation in Gaza has gotten worse and worse and worse. Palestinian question Families are living in makeshift conditions, unsure of what the next day holds. Millions are grappling with the The President: In accordance with rule 37 of the uncertainty of what will be left when they are allowed Council’s provisional rules of procedure, I invite the to return home. I think about the parents trying to find representative of Israel to participate in this meeting. food for their families, about the child who has been The Security Council will now begin its forced to stop their education, about the elderly person who no longer has access to essential medicines. After consideration of the item on its agenda. eight months of devastation and pain and trauma, what Members of the Council have before them document is needed now more than ever is for the fighting to end S/2024/448, which contains the text of a draft resolution in  || se calls time and time again since 7 October. Now the opportunity is here. I shall first give the floor to those members of the We must seize it, and we must speak with one voice. Council who wish to make statements before the voting. For months, the United States has worked around Mrs. Thomas-Greenfield (United States of the clock, alongside Egypt and Qatar, to broker a America): The past eight months have been nothing ceasefire deal between Israel and Hamas because we short of devastating for Israelis who lost loved ones on know that this is the best way — actually, the only 7 October when Hamas set the conflict into motion by way — to bring about a durable end to this war. Since carrying out acts of unthinkable violence; for Israelis and the brief ceasefire and hostage release in November, people from more than 16 other countries, whose sons such a deal has proven elusive because Hamas has and daughters, brothers and sisters are still being held refused to accept any agreement. hostage by  || t the Gaza Strip. Crucially, aid distribution request of several delegations, including our own, the must also be safe and unhindered. call for respect for international law, and in particular international humanitarian law and human rights law, We need full compliance and implementation of the did not get the recognition in the text voted on today relevant Council resolutions and the full, immediate that it had received in previous resolutions. and effective implementation of the orders of the International Court of Justice. A ceasefire, as outlined The events of the past few days have once again in the proposal, remains essential to dealing with the demonstrated that respect by the parties to the conflict deepening and immediate-term humanitarian concerns. with their obligations under international law is vital if 6/11 24-16393 10/06/2024 The situation in the Middle East, including the Palestinian question S/PV.9650 further bloodshed and civilian deaths are to be avoided. Mrs. Blokar Drobič (Slovenia): Slovenia  ||  prosperity. for months, and it has also been the most fervent hope of the people of Gaza, who are suffering acutely. Given Mr. Fu Cong (China) (spoke in Chinese): The the urgent need to stop more killings and alleviate the conflict in Gaza has lasted over eight months, killing humanitarian catastrophe, China voted in favour of more than 37,000 Palestinians and leaving more than the resolution. 2 million people in an unprecedented humanitarian catastrophe. Israel’s large-scale offensive against Rafah All Council resolutions are legally binding. The and its attack on the Nuseirat refugee camp over the resolution just adopted has the same binding force as past two days have caused additional heavy casualties. resolutions 2712 (2023), 2720 (2023) and 2728 (2024) — all of which should be fully and effectively implemented. In the face of this human tragedy, the international We hope that the sponsor will make sincere efforts and community long ago reached an overwhelming work in an impartial and",MACHINE_EXTRACTED_CONTEXT_NOT_HUMAN_CODING_EVIDENCE_OR_PIN_CITE
ICJ-192-2024-03-28||SC_MEETING::SCM|S/PV.9650,S/PV.9650,2,2,SAME_CASE_OR_DISPUTE_NO_PROVEN_COLLECTIVE_FOLLOW_THROUGH,1,1,0,israel|israeli,gaza|israel|rafah,"e recycle *2416393* S/PV.9650 The situation in the Middle East, including the Palestinian question 10/06/2024 The meeting was called to order at 3.25 p.m. that are near civilians and who are doing nothing to shelter those civilians. I have rarely seen anything so Adoption of the agenda egregious and cowardly. The agenda was adopted. Palestinian civilians are living through sheer hell through no fault of their own. And the humanitarian The situation in the Middle East, including the situation in Gaza has gotten worse and worse and worse. Palestinian question Families are living in makeshift conditions, unsure of what the next day holds. Millions are grappling with the The President: In accordance with rule 37 of the uncertainty of what will be left when they are allowed Council’s provisional rules of procedure, I invite the to return home. I think about the parents trying to find representative of Israel to participate in this meeting. food for their families, about the child who has been T || ir own. And the humanitarian The situation in the Middle East, including the situation in Gaza has gotten worse and worse and worse. Palestinian question Families are living in makeshift conditions, unsure of what the next day holds. Millions are grappling with the The President: In accordance with rule 37 of the uncertainty of what will be left when they are allowed Council’s provisional rules of procedure, I invite the to return home. I think about the parents trying to find representative of Israel to participate in this meeting. food for their families, about the child who has been The Security Council will now begin its forced to stop their education, about the elderly person who no longer has access to essential medicines. After consideration of the item on its agenda. eight months of devastation and pain and trauma, what Members of the Council have before them document is needed now more than ever is for the fighting to end S/2024/448, which contains the text of a draft resolution in  || se calls time and time again since 7 October. Now the opportunity is here. I shall first give the floor to those members of the We must seize it, and we must speak with one voice. Council who wish to make statements before the voting. For months, the United States has worked around Mrs. Thomas-Greenfield (United States of the clock, alongside Egypt and Qatar, to broker a America): The past eight months have been nothing ceasefire deal between Israel and Hamas because we short of devastating for Israelis who lost loved ones on know that this is the best way — actually, the only 7 October when Hamas set the conflict into motion by way — to bring about a durable end to this war. Since carrying out acts of unthinkable violence; for Israelis and the brief ceasefire and hostage release in November, people from more than 16 other countries, whose sons such a deal has proven elusive because Hamas has and daughters, brothers and sisters are still being held refused to accept any agreement. hostage by  || t the Gaza Strip. Crucially, aid distribution request of several delegations, including our own, the must also be safe and unhindered. call for respect for international law, and in particular international humanitarian law and human rights law, We need full compliance and implementation of the did not get the recognition in the text voted on today relevant Council resolutions and the full, immediate that it had received in previous resolutions. and effective implementation of the orders of the International Court of Justice. A ceasefire, as outlined The events of the past few days have once again in the proposal, remains essential to dealing with the demonstrated that respect by the parties to the conflict deepening and immediate-term humanitarian concerns. with their obligations under international law is vital if 6/11 24-16393 10/06/2024 The situation in the Middle East, including the Palestinian question S/PV.9650 further bloodshed and civilian deaths are to be avoided. Mrs. Blokar Drobič (Slovenia): Slovenia  ||  prosperity. for months, and it has also been the most fervent hope of the people of Gaza, who are suffering acutely. Given Mr. Fu Cong (China) (spoke in Chinese): The the urgent need to stop more killings and alleviate the conflict in Gaza has lasted over eight months, killing humanitarian catastrophe, China voted in favour of more than 37,000 Palestinians and leaving more than the resolution. 2 million people in an unprecedented humanitarian catastrophe. Israel’s large-scale offensive against Rafah All Council resolutions are legally binding. The and its attack on the Nuseirat refugee camp over the resolution just adopted has the same binding force as past two days have caused additional heavy casualties. resolutions 2712 (2023), 2720 (2023) and 2728 (2024) — all of which should be fully and effectively implemented. In the face of this human tragedy, the international We hope that the sponsor will make sincere efforts and community long ago reached an overwhelming work in an impartial and",MACHINE_EXTRACTED_CONTEXT_NOT_HUMAN_CODING_EVIDENCE_OR_PIN_CITE
ICJ-192-2024-03-28||SC_MEETING::SCM|S/PV.9667,S/PV.9667,2,2,SAME_CASE_OR_DISPUTE_NO_PROVEN_COLLECTIVE_FOLLOW_THROUGH,1,1,0,israel|israeli,gaza|israel|palestinian group|rafah,"er at 10.05 a.m. I will now turn to my regular briefing on the situation in the Middle East devoted to the thirtieth Adoption of the agenda report on the implementation of Security Council resolution 2334 (2016) (S/2024/480). The Secretary- The agenda was adopted. General’s written report covers the period between 19 March and 10 June 2024. The situation in the Middle East, including the Palestinian question Since the submission of the written report, intensive hostilities between Hamas and the Israel The President: In accordance with rule 37 of the Defense Forces (IDF) in Gaza have continued, resulting Council’s provisional rules of procedure, I invite the in hundreds of fatalities. The devastating impact of representative of Israel to participate in this meeting. the hostilities on the civilian population in Gaza and I propose that the Council invite the Permanent the unprecedented humanitarian crisis remain deeply Observer of the Observer State of Palestine to the United alarming. I mysel || Middle East devoted to the thirtieth Adoption of the agenda report on the implementation of Security Council resolution 2334 (2016) (S/2024/480). The Secretary- The agenda was adopted. General’s written report covers the period between 19 March and 10 June 2024. The situation in the Middle East, including the Palestinian question Since the submission of the written report, intensive hostilities between Hamas and the Israel The President: In accordance with rule 37 of the Defense Forces (IDF) in Gaza have continued, resulting Council’s provisional rules of procedure, I invite the in hundreds of fatalities. The devastating impact of representative of Israel to participate in this meeting. the hostilities on the civilian population in Gaza and I propose that the Council invite the Permanent the unprecedented humanitarian crisis remain deeply Observer of the Observer State of Palestine to the United alarming. I myself have witnessed the deterioration of Nations to participate in this meeting,  || ations stands ready to West Bank. Announcements by Israel’s Finance Minister support its implementation. that he intends to continue blocking the transfer of all 2/19 24-18288 25/06/2024 The situation in the Middle East, including the Palestinian question S/PV.9667 clearance revenues to the Palestinian Authority and to population. While it is positive that Israel has opened take measures that would end corresponding banking additional entry points for humanitarian aid, others relations between Israeli and Palestinian banks at the have been closed, and it is imperative that all necessary end of this month threaten to plunge the Palestinian access points be opened and made operational and for fiscal situation into an even greater crisis, potentially humanitarian access to be sustained. All parties must upending the entire Palestinian financial system. protect humanitarian workers at all times. Attacks on humanitarian aid workers and facilities are unacceptable, I take note of the recent appoin ||  that The amount of essential goods, including ignore or sidestep fundamental political questions are humanitarian assistance, that has been allowed into doomed to fail. All stakeholders must urgently take Gaza continues to fall short of meeting the needs of the steps that will lead to a two-State reality. The United 24-182883/19 S/PV.9667 The situation in the Middle East, including the Palestinian question 25/06/2024 Nations will continue to support all such efforts. The designated a militant Palestinian group — Lions’ United Nations remains committed to supporting Den — for violent activity in the West Bank. Those steps towards ending the occupation and resolving the sanctions, implemented under an executive order that conflict, in line with international law, the relevant aims to promote peace, security and security in the West United Nations resolutions and bilateral agreements Bank, make clear that we will act in response to acts of in pursuit of the vision of two States — Israel and violence in  || ould not be restraint and abide by Council resolutions, including clearer in its scope and content. Inter alia, it emphasizes resolutions 2712 (2023), 2720 (2023), 2728 (2024) and the following. 2735 (2024). 24-182885/19 S/PV.9667 The situation in the Middle East, including the Palestinian question 25/06/2024 Mozambique supports all diplomatic initiatives all hostages held since the heinous 7 October terror by the international community, the countries of the attacks. The ground offensive into Rafah has only region and the United Nations, along with the active exacerbated the dire humanitarian conditions and led and tireless involvement of the Council, to find the best to the further displacement of over 1 million civilians. ways to bring about a lasting peace to the region. As we The recently published reports by the Office of the have stated time and again, the only alternative to the United Nations High Commissioner for Human conflict between Israel and Palestine lies in the solution Ri || ical pauses. Parties must ensure the unimpeded, resulted from settler violence. We stress that Israel, as safe delivery of humanitarian aid at scale into and the occupying Power, must exercise maximum restraint. across Gaza. The implementation of the relevant It must abide by its obligations under international law Security Council resolutions and the full, immediate and protect the Palestinian population against all acts and effective implementation of the orders of the or threats of violence. International Court of Justice remains essential. Israeli illegal settlement expansion, the demolition De-escalation and the revival of a political horizon of Palestinian property and forced evictions must cease. must remain a core priority. Key to that are efforts Settlements are illegal under international law. They focusing on fiscally and politically reinforcing the constitute an obstacle to peace, threaten the viability of Palestinian Authority for effective governance over both a two-State solution and are pushing the ",MACHINE_EXTRACTED_CONTEXT_NOT_HUMAN_CODING_EVIDENCE_OR_PIN_CITE
ICJ-192-2024-03-28||SC_MEETING::SCM|S/PV.9678,S/PV.9678,2,3,STRICT_CANDIDATE_3_COLLECTIVE_ACTION_AND_ORDER_NEXUS,1,1,0,israel|israeli,gaza|israel|rafah,"f of the Verbatim Reporting Service, room AB-0928 (verbatimrecords@un.org). Corrected records will be reissued electronically on the Official Document System of the United Nations (http://documents.un.org). 24-19259 (E) Accessible document Please recycle *2419259* S/PV.9678 The situation in the Middle East, including the Palestinian question 02/07/2024 The meeting was called to order at 10.05 a.m. orders, issued in the area of Khan Younis, which have a deep impact on the civilian population. In Gaza, Expression of thanks to the outgoing President nowhere is safe. Behind every statistic is a human story of hope, dignity and aspirations. On my visits to Gaza, I The President (spoke in Russian): I should like am met with voices that echo a single, heart-wrenching to take this opportunity to pay tribute, on behalf of question: will our suffering ever end? the Council, to His Excellency Mr. Joonkook Hwang, Permanent Representative of the Republic of Korea, for It cannot be repeated often enough ||  for Palestine Refugees in the Near East The President (spoke in Russian): In accordance must be allowed to deliver on its mandated role. with rule 39 of the Council’s provisional rules Since my previous briefing (see S/PV.9617), I have of procedure, I invite Ms. Sigrid Kaag, Senior continued to engage with key Governments and other Humanitarian and Reconstruction Coordinator for regional stakeholders at the highest political levels. I Gaza pursuant to resolution 2720 (2023), to participate met Israeli Prime Minister Benjamin Netanyahu and in this meeting. key Cabinet members again two weeks ago, further The Security Council will now begin its to resolution 2720 (2023). The resolution establishes a consideration of the item on its agenda. framework to expedite, streamline and accelerate the delivery of humanitarian assistance throughout Gaza. I give the floor to Ms. Kaag. As expected, that has been fraught with challenges. Ms. Kaag: Nearly nine months have passed since Yet deliverables inclu ||  for Palestine Refugees in the Near East The President (spoke in Russian): In accordance must be allowed to deliver on its mandated role. with rule 39 of the Council’s provisional rules Since my previous briefing (see S/PV.9617), I have of procedure, I invite Ms. Sigrid Kaag, Senior continued to engage with key Governments and other Humanitarian and Reconstruction Coordinator for regional stakeholders at the highest political levels. I Gaza pursuant to resolution 2720 (2023), to participate met Israeli Prime Minister Benjamin Netanyahu and in this meeting. key Cabinet members again two weeks ago, further The Security Council will now begin its to resolution 2720 (2023). The resolution establishes a consideration of the item on its agenda. framework to expedite, streamline and accelerate the delivery of humanitarian assistance throughout Gaza. I give the floor to Ms. Kaag. As expected, that has been fraught with challenges. Ms. Kaag: Nearly nine months have passed since Yet deliverables includ ||  establishment in a matter of months is the result of soaring and severe shortages of basic services, such tremendous collaboration and support from the United as waste management, sanitation facilities and water Nations Office for Project Services. The activation of supplies, the spectre of outbreaks of infectious and the mechanism for supplies from Egypt is expected communicable diseases looms large. by mid-July. Subject to visa approval, United Nations Following the Israeli offensive against Rafah since monitors are getting ready to deploy to the mechanism’s 6 May, more than 1 million people have been displaced newly established offices in Gaza. Options are being once again, desperately seeking shelter and safety. In discussed on the feasibility and longer-term planning total, 1.9 million people are now displaced across Gaza. of the Cyprus maritime corridor with continued direct I am deeply concerned about reports of new evacuation access to Gaza. 2/18 24-19259 02/07/2024 The situation  || ce again the international community, take concrete actions call on Israel to take all necessary measures to ensure to ensure the rapid and safe entry of humanitarian the provision of basic services and humanitarian aid supplies at scale into Gaza, ensure the safe and orderly throughout the Gaza Strip. Israel must allow immediate, distribution of humanitarian supplies throughout Gaza safe and unhindered humanitarian access, as ordered by and cooperate fully with the United Nations and other the International Court of Justice. That means issuing humanitarian organizations. the necessary permits to all humanitarian programmes 6/18 24-19259 02/07/2024 The situation in the Middle East, including the Palestinian question S/PV.9678 and agencies, including the United Nations Relief and presidency this month. I also thank you for organizing Works Agency for Palestine Refugees in the Near East. this briefing and express appreciation to Ms. Kaag for the updates provided on her work, pursuant to the mandate I thank the Speci",MACHINE_EXTRACTED_CONTEXT_NOT_HUMAN_CODING_EVIDENCE_OR_PIN_CITE
ICJ-192-2024-03-28||SC_MEETING::SCM|S/PV.9687,S/PV.9687,2,2,SAME_CASE_OR_DISPUTE_NO_PROVEN_COLLECTIVE_FOLLOW_THROUGH,1,1,1,israel|israeli|south africa,gaza|israel|rafah|south africa,"r at 10.05 a.m. The Security Council will now begin its consideration of the item on its agenda. Adoption of the agenda I give the floor to Mr. Rattray. The agenda was adopted. Mr. Rattray: I am pleased to deliver the Secretary- General’s briefing on the situation in the Middle East, The situation in the Middle East, including the including the Palestinian question. His remarks are Palestinian question as follows. The President (spoke in Russian): I would like “Last December, the hostilities in Gaza to warmly welcome the Ministers and other high- and Israel, which have created appalling human level representatives present in the Security Council suffering, physical destruction and collective Chamber. Their participation here today underscores trauma, led to my exceptional invocation of Article the continuing relevance of the subject under discussion. 99 of the Charter of the United Nations. Seven In accordance with rule 37 of the Council’s months later, the war rages on. According to the p || onsideration of the item on its agenda. Adoption of the agenda I give the floor to Mr. Rattray. The agenda was adopted. Mr. Rattray: I am pleased to deliver the Secretary- General’s briefing on the situation in the Middle East, The situation in the Middle East, including the including the Palestinian question. His remarks are Palestinian question as follows. The President (spoke in Russian): I would like “Last December, the hostilities in Gaza to warmly welcome the Ministers and other high- and Israel, which have created appalling human level representatives present in the Security Council suffering, physical destruction and collective Chamber. Their participation here today underscores trauma, led to my exceptional invocation of Article the continuing relevance of the subject under discussion. 99 of the Charter of the United Nations. Seven In accordance with rule 37 of the Council’s months later, the war rages on. According to the provisional rules of procedure, I invite the Ministry of Hea || he United Nations. Seven In accordance with rule 37 of the Council’s months later, the war rages on. According to the provisional rules of procedure, I invite the Ministry of Health in Gaza, more than 38,000 representatives of Australia, Bahrain, Bangladesh, Palestinians have been reported killed, with some Belgium, the Plurinational State of Bolivia, Brazil, 87,000 injured and thousands missing, many of Chile, Colombia, Cuba, Egypt, India, Indonesia, Iraq, them women and children. According to Israeli the Islamic Republic of Iran, Ireland, Israel, Jordan, sources, more than 1,500 Israelis and foreign Kazakhstan, Kuwait, Lebanon, Libya, Liechtenstein, nationals have been reported killed, with more Malaysia, Maldives, Mauritania, Mexico, Morocco, than 7,000 injured and 125 hostages still held in Namibia, New Zealand, Nicaragua, Norway, Oman, Gaza. The humanitarian support system in Gaza is Pakistan, Peru, the Philippines, Portugal, Qatar, Saudi close to total collapse. There has been a complet || ic Republic of Iran, Ireland, Israel, Jordan, sources, more than 1,500 Israelis and foreign Kazakhstan, Kuwait, Lebanon, Libya, Liechtenstein, nationals have been reported killed, with more Malaysia, Maldives, Mauritania, Mexico, Morocco, than 7,000 injured and 125 hostages still held in Namibia, New Zealand, Nicaragua, Norway, Oman, Gaza. The humanitarian support system in Gaza is Pakistan, Peru, the Philippines, Portugal, Qatar, Saudi close to total collapse. There has been a complete Arabia, South Africa, Spain, Sri Lanka, the Syrian Arab breakdown of public order. And the spectre of Republic, Thailand, Timor-Leste, Tunisia, Türkiye, further regional spillover is increasing by the day, Uganda, the United Arab Emirates, the Bolivarian as exchanges of fire across the Blue Line between Republic of Venezuela and Viet Nam to participate in Hizbullah and Israel continue. Nothing can justify this meeting. the horrific acts of terror committed by Hamas and other armed groups in Israel on 7 October and  || ent of the Observer of the Observer State of Palestine to the United Palestinian people. Nations to participate in this meeting, in accordance with the provisional rules of procedure and the previous “In recent weeks, Israeli military operations practice in this regard. and fighting have intensified across Gaza. Palestinian armed groups continue to launch There being no objection, it is so decided. rockets from Gaza towards Israeli population In accordance with rule 39 of the Council’s centres. Rafah is in ruins and the Rafah crossing provisional rules of procedure, I invite Mr. Earle remains closed, further hampering humanitarian Courtenay Rattray, Chef de Cabinet of the Secretary- operations. Almost 2 million people — nearly the General, to participate in this meeting. entire population of Gaza — have been displaced, many of them multiple times. Nowhere in Gaza In accordance with rule 39 of the Council’s is safe. Meanwhile, the Integrated Food Security provisional rules of procedure, I al || d children, humanitarians, doctors and journalists. It continued reports of serious abuses of Palestinians has defied every nation on earth and every entity ever in Israeli custody, I reiterate that all detainees must set up to uphold the most fundamental rules, from the be treated humanely and those held without lawful highest political organs to the highest judicial body, cause must be released. from the Security Council and the General Assembly “And this terrible war must end. We must to the International Court of Justice. It is doing refocus on finding a political solution that will end so unapologetically. It is committing crimes openly, the occupation and resolve the conflict in line with brazenly and repeatedly. Its own soldiers do not hesitate international law and the relevant United Nations to share recordings of those crimes with the rest of the resolutions. Ensuring that governance is restored world. What is happening in Gaza will go down as the in Gaza under a single, legitimate Palestinian most thorou || sential services General on Sexual Violence in Conflict reported and humanitarian aid to Palestinians in Gaza. Instead, that, based on the information gathered by her the occupation authorities have responded with more Office’s mission team from multiple and independent obstacles, targeting aid trucks and preventing UNRWA sources, there are reasonable grounds to believe that from carrying out its vital work. The Rafah crossing, conflict-related sexual violence occurred during the which, per the Court’s order, must remain open, has 7 October 2023 attacks in multiple locations around the been completely destroyed by the occupiers. Gaza periphery. The ongoing policy of ethnic cleansing and The narration of the facts surrounding the 7 October collective punishment against Palestinians mocks the 2023 attacks is followed by even more brutal human Security Council’s inability to enforce its resolutions. tragedy. Lest we forget, go quiet or grow numb, the Those resolutions remain words on paper, raising nu",MACHINE_EXTRACTED_CONTEXT_NOT_HUMAN_CODING_EVIDENCE_OR_PIN_CITE
ICJ-192-2024-03-28||SC_MEETING::SCM|S/PV.9687 (Resumption 1),S/PV.9687 (RESUMPTION 1),2,3,STRICT_CANDIDATE_3_COLLECTIVE_ACTION_AND_ORDER_NEXUS,1,1,0,israel|israeli|south africa,gaza|genocide convention|israel|palestinian group|rafah|south africa,"f a member of the delegation concerned to the Chief of the Verbatim Reporting Service, room AB-0928 (verbatimrecords@un.org). Corrected records will be reissued electronically on the Official Document System of the United Nations (http://documents.un.org). 24-21158 (E) Accessible document Please recycle *2421158* S/PV.9687 (Resumption 1) The situation in the Middle East, including the Palestinian question 17/07/2024 The meeting resumed at 3 p.m. closed and controlled vital crossings, making the Gaza Strip uninhabitable and filled with more than 39 million The President (spoke in Russian): I now give the tons of rubble. Tents filled with internally displaced floor to the representative of Iraq. persons are accumulating, as are mass graves, filthy Mr. Al-Fatlawi (Iraq) (spoke in Arabic): At the wastewater and the spread of all kinds of diseases, as outset, I would like to express my sincere thanks to the well as hunger and deprivation. Doctors have told of delegation of the Russian Federatio || n Federation, which assumed witnessing unprecedented incidents in every conflict the presidency of the Security Council this month, for area, of injured and burned people, of amputated limbs convening this high-level meeting. On behalf of the that could not be treated, of wounds turned septic due Group of Arab States and in my personal capacity, lack of medicines and medical equipment and of deaths I would like to thank Mr. Sergey Lavrov, Minister that could have been avoided absent the illegal Israeli for Foreign Affairs, for presiding over the meeting blockade of the Gaza Strip. earlier, which serves to underscore the importance of the Palestinian question to the agenda of the Security Israel has eradicated all means of livelihood, Council. restoration and relief aid from the Gaza Strip, while it continues its aggression against the civilians and the It is my honour to deliver this statement on behalf infrastructure. That is evident after nine months of of the Arab Group. war and the exace || n Federation, which assumed witnessing unprecedented incidents in every conflict the presidency of the Security Council this month, for area, of injured and burned people, of amputated limbs convening this high-level meeting. On behalf of the that could not be treated, of wounds turned septic due Group of Arab States and in my personal capacity, lack of medicines and medical equipment and of deaths I would like to thank Mr. Sergey Lavrov, Minister that could have been avoided absent the illegal Israeli for Foreign Affairs, for presiding over the meeting blockade of the Gaza Strip. earlier, which serves to underscore the importance of the Palestinian question to the agenda of the Security Israel has eradicated all means of livelihood, Council. restoration and relief aid from the Gaza Strip, while it continues its aggression against the civilians and the It is my honour to deliver this statement on behalf infrastructure. That is evident after nine months of of the Arab Group. war and the exacer || e call It has targeted homes, destroying them even though upon the Council to firmly and immediately implement people were living in them. It has eradicated entire its resolutions to save humanity and the purposes families and targeted hospitals, schools, universities, and principles of the Charter of the United Nations mosques, churches and United Nations facilities. and international law, along with implementing the Israel has also targeted the personnel of humanitarian decisions taken by the International Court of Justice, organizations, medical and paramedical staff, civil which has clearly called for a permanent and immediate defence workers and Palestinian journalists. It has ceasefire and the delivery of unhindered humanitarian prevented international journalists from entering Gaza assistance. Israel must implement Security Council to cover the horrors of its war and aggression. resolutions, including resolution 2720 (2023), and must Israel has also obstructed the delivery of water, cooperate fully with all  || the population of the reject any attempt to change it — demographically or Gaza Strip is on the brink of famine. The escalation geographically — pursuant to resolution 2735 (2024). constitutes a disregard for international warnings and clear defiance of the International Court of Justice’s In that context, we welcome the recognition by a provisional orders, especially that of 24 May, which growing number of countries of the State of Palestine. It called for an immediate halt to the offensive on Rafah, is high time that it became a full member of the United the opening of the Rafah crossing for the passage of aid Nations since it meets the conditions for membership, and the granting of access to commissions of inquiry as confirmed by the recent resolution adopted during to investigate allegations of genocide. Facilitating the the tenth emergency special session of the General broad delivery of humanitarian assistance, meeting all Assembly (General Assembly resolution ES-10/23). basic needs a || ians. It has Response Conference, with the participation of 75 violated all jus cogens norms that prevent such war countries. The Conference called for the coordination crimes, crimes against humanity and genocide. Israel of humanitarian assistance and the provision of must be compelled to implement the decisions of the humanitarian aid to the Gaza Strip. In that regard, we International Court of Justice pertaining to the case reiterate the need to coordinate with all international presented by South Africa against Israel in accordance partners to increase the volume of such assistance with the 1948 Convention on the Prevention and through all crossings. Punishment of the Crime of Genocide, especially in relation to the protection of civilians and ensuring We reiterate our call to all countries and donor humanitarian access. entities to provide the necessary assistance to the United Nations Relief and Works Agency for Palestine We call upon the Council to shoulder its Refugees in the Near East (UN ||  operations must be strictly carried out in line with the International Court of Justice. In its third such principles of necessity, precaution and proportionality. pronouncement, on 24 May, the Court ordered Israel The use of weapons to achieve military ends must not to immediately halt its military offensive and any other be indiscriminate, and the recent targeting of facilities action in the Rafah governorate, which could inflict on protected under international law, notably those of the the Palestinian group in Gaza, conditions of life that United Nations Relief and Works Agency for Palestine 24-2115815/35 S/PV.9687 (Resumption 1) The situation in the Middle East, including the Palestinian question 17/07/2024 Refugees in the Near East (UNRWA), is inexcusable. Going forward, Liechtenstein is deeply concerned UNRWA, whose work we continue to support politically about the risk of further escalation in the region. We and financially, provides a vital lifeline for protecting call on all parties to exer || e will continue to bombardment. Attacking humanitarian facilities and speak up against political attacks on the Court, as we locations where civilians are sheltering is abhorrent, did recently in a joint statement with 92 other States. We and the continued cynical use of civilian infrastructure also strongly support the International Court of Justice, for military purposes by Hamas and other armed groups including its role in the settlement of disputes under the in Gaza is utterly unacceptable. Genocide Convention. We emphasize the importance Over the past nine months, we have seen the of compliance with the provisional measures ordered Security Council call for a ceasefire, the release of by the Court, which are legally binding, and we look hostages and the provision of humanitarian aid, while forward to the advisory opinion to be released by the the International Court of Justice has issued a number Court in the coming days. of legally binding orders aimed at protecting innocent Settlement activities i",MACHINE_EXTRACTED_CONTEXT_NOT_HUMAN_CODING_EVIDENCE_OR_PIN_CITE
ICJ-192-2024-03-28||SC_MEETING::SCM|S/PV.9687 (Resumption 2),S/PV.9687 (RESUMPTION 2),2,3,STRICT_CANDIDATE_3_COLLECTIVE_ACTION_AND_ORDER_NEXUS,1,1,0,israel|israeli|south africa,gaza|israel|palestinian group|rafah|south africa,"eporting Service, room AB-0928 (verbatimrecords@un.org). Corrected records will be reissued electronically on the Official Document System of the United Nations (http://documents.un.org). 24-21429 (E) Accessible document Please recycle *2421429* S/PV.9687 (Resumption 2) The situation in the Middle East, including the Palestinian question 19/07/2024 The meeting was suspended at 6.15 p.m. on new facts on the ground. Those decisions, taken together Wednesday, 17 July, and resumed at 3.30 p.m. with Israel’s decades-long policy of dispossession, land confiscation, house demolitions and the establishment The President (spoke in Russian): I would like of illegal settlements, undermine efforts to achieve a to remind all speakers to limit their statements to no peaceful resolution to the conflict and threaten regional more than three minutes in order to enable the Council stability. Norway condemns any action aimed at altering to carry out its work expeditiously. Flashing lights on the demographic co || stability. Norway condemns any action aimed at altering to carry out its work expeditiously. Flashing lights on the demographic composition, character and status of the collars of the microphones will prompt speakers to the territory occupied since 1967. bring their remarks to a close after three minutes. Thirdly, the Palestinian people have the right to I now give the floor to the representative of Norway. self-determination. They deserve a well-functioning Ms. Havn (Norway): As the horrors in Gaza Palestinian Government. We urge Israel to release continue in the aftermath of the terror attack by Hamas all Palestinian clearance revenues and maintain on Israel on 7 October 2023, which Norway has strongly corresponding bank relations. We encourage donors to condemned, we would like to make four points. increase their support for the Palestinian Authority. First, the civilian population must be protected. The Fourthly, we also remain deeply worried about the series of recent attacks across G || in the aftermath of the terror attack by Hamas all Palestinian clearance revenues and maintain on Israel on 7 October 2023, which Norway has strongly corresponding bank relations. We encourage donors to condemned, we would like to make four points. increase their support for the Palestinian Authority. First, the civilian population must be protected. The Fourthly, we also remain deeply worried about the series of recent attacks across Gaza — in Gaza city and regional situation, including on the Israeli-Lebanese Khan Younis, in a designated safe zone — has killed border. De-escalation is urgently needed. and injured hundreds of civilians, including children In May, Norway recognized the State of Palestine. and rescue workers. Any presence of Palestinian armed That recognition followed from our long-held groups among civilians in violation of international commitment to the two-State solution as the only viable humanitarian law does not exempt Israel from path to freedom, peace and security for || ian aid. We remain very concerned about the profoundly empathizes with the struggles of the people hostages still in Gaza, the conditions they are being of Palestine. Given our unique history of resistance, held in and reports of mistreatment. We call for their persistence and independence, we are extraordinarily immediate and unconditional release. well-placed to understand and express solidarity with In its advisory opinion rendered today, the those enduring prolonged conflict and occupation. International Court of Justice is crystal clear: Israeli Timor-Leste also recognizes the right of every State to policies and practices are to be considered annexation defend itself, based on international law. of large parts of the occupied Palestinian territory. That Timor-Leste unequivocally supports the two-State is in violation of international law and must come to solution, which envisions Israel and Palestine living an end. The advisory opinion sends an unequivocal side by side in peace and security within recognized  || only solution with sustainable, lasting peace in Gaza has been turned into a battlefield and that it 4/15 24-21429 19/07/2024 The situation in the Middle East, including the Palestinian question S/PV.9687 (Resumption 2) has been destroyed. That is unacceptable. Respect for Strip. However, that decision was not implemented by international law and international humanitarian law the parties, and we are witnessing a military ground must guide the actions of the international community invasion of Rafah, despite all the warnings against it and and the decisions of the International Court of Justice, a humanitarian disaster unfolding over the Palestinian which must be enforced and implemented immediately. population in the Gaza Strip. After the cessation of hostilities, it will be essential We underline the importance of respecting the to move towards stabilization and reconstruction. The Security Council’s decisions and international law, with assumption of the full responsibilities of governa || ernance need the full support of the international community. we live in. Full compliance with international That support therefore needs to be directed towards humanitarian law is not an option; it is a legal obligation the ambitious reform programme that Prime Minister and a moral responsibility towards humankind. Mohammad Mustafa has begun to implement. However, Portugal will always reaffirm its condemnation all of that support will be insufficient if the Palestinian of Hamas and other armed Palestinian groups for the Authority does not have access to its own resources, terrorist attacks of 7 October and for keeping hostages which must be released immediately. captive. However, that attack, as horrifying as it was, In any case, the most important support that can be does not justify stripping a population of 2 million given to the Palestinian Authority in order to enable it people of water, food, health-care services, education to take on the challenges ahead is to give the Palestinian and civilian  || n of international law and further undermine the In keeping with our firm commitment to support efforts to achieve a two-State solution. We are also very and contribute as much as possible to international concerned about reports of violence from Palestinians efforts to put an end to genocide, Cuba has decided to against Israelis. The year 2024 is already the worst year intervene as a third party in the contentious proceedings in the West Bank since the second intifada, an alarming initiated by South Africa against the State of Israel trend that must be redressed. Tensions along the Blue before the International Court of Justice. Line are also worrisome. Against that background, it In view of the increasingly catastrophic is crucial to prevent an expansion of hostilities in the humanitarian situation, it is essential to remove the north of Israel and in Lebanon. obstacles to the delivery of humanitarian aid. We support In conclusion, Portugal calls on all parties to the immediate admission of Pale",MACHINE_EXTRACTED_CONTEXT_NOT_HUMAN_CODING_EVIDENCE_OR_PIN_CITE
ICJ-192-2024-03-28||SC_MEETING::SCM|S/PV.9694,S/PV.9694,2,3,STRICT_CANDIDATE_3_COLLECTIVE_ACTION_AND_ORDER_NEXUS,1,1,0,israel|israeli|south africa,gaza|israel|palestinian group|rafah|south africa,"gnature of a member of the delegation concerned to the Chief of the Verbatim Reporting Service, room AB-0928 (verbatimrecords@un.org). Corrected records will be reissued electronically on the Official Document System of the United Nations (http://documents.un.org). 24-22173 (E) Accessible document Please recycle *2422173* S/PV.9694 The situation in the Middle East, including the Palestinian question 26/07/2024 The meeting was called to order at 10 a.m. For nearly 10 months now, Palestinians and Israelis have lived through untold suffering, grief, sorrow and Adoption of the agenda loss. More than 2 million people in Gaza remain trapped in an endless nightmare of death and destruction on a The agenda was adopted. staggering scale. Their lives are dominated by fear, thirst, hunger, disease, dehumanization, lack of basic The situation in the Middle East, including the sanitation and repeated displacement. It is a relentless Palestinian question and often hourly struggle, day in and day out. The  || gnature of a member of the delegation concerned to the Chief of the Verbatim Reporting Service, room AB-0928 (verbatimrecords@un.org). Corrected records will be reissued electronically on the Official Document System of the United Nations (http://documents.un.org). 24-22173 (E) Accessible document Please recycle *2422173* S/PV.9694 The situation in the Middle East, including the Palestinian question 26/07/2024 The meeting was called to order at 10 a.m. For nearly 10 months now, Palestinians and Israelis have lived through untold suffering, grief, sorrow and Adoption of the agenda loss. More than 2 million people in Gaza remain trapped in an endless nightmare of death and destruction on a The agenda was adopted. staggering scale. Their lives are dominated by fear, thirst, hunger, disease, dehumanization, lack of basic The situation in the Middle East, including the sanitation and repeated displacement. It is a relentless Palestinian question and often hourly struggle, day in and day out. The P || ds@un.org). Corrected records will be reissued electronically on the Official Document System of the United Nations (http://documents.un.org). 24-22173 (E) Accessible document Please recycle *2422173* S/PV.9694 The situation in the Middle East, including the Palestinian question 26/07/2024 The meeting was called to order at 10 a.m. For nearly 10 months now, Palestinians and Israelis have lived through untold suffering, grief, sorrow and Adoption of the agenda loss. More than 2 million people in Gaza remain trapped in an endless nightmare of death and destruction on a The agenda was adopted. staggering scale. Their lives are dominated by fear, thirst, hunger, disease, dehumanization, lack of basic The situation in the Middle East, including the sanitation and repeated displacement. It is a relentless Palestinian question and often hourly struggle, day in and day out. The President (spoke in Russian): In accordance Famine remains a risk, including in southern Gaza. with rule 37 of the Counci || atch and delivery of all humanitarian assistance must be ensured immediately. The procedures currently I shall now make a statement in my capacity as the in place for getting aid and fuel consignments from representative of the Russian Federation. crossings to people in need are cumbersome, dangerous We would like to thank Ms. Antonia De Meo, and costly. All crossings must be utilized simultaneously Deputy Commissioner-General of the United Nations and with streamlined procedures, including the Rafah Relief and Works Agency for Palestine Refugees in crossing. Rafah must also be reopened for the medical the Near East (UNRWA), and Mr. Muhannad Hadi, evacuation of patients and the movement of people, Humanitarian Coordinator for the occupied Palestinian humanitarian workers, goods and fuel. territory and Deputy Special Coordinator for the Middle In order to expedite the delivery of aid, we have East Peace Process, for their detailed briefings and been asking that our trucks be allowed to drive ||  sewage, another silent threat poised of mothers, to the anguish of a people pushed to the brink to explode. This deadly virus now stalks a population of existence. Our actions shape their understanding of already brought to its knees, its health system having justice, compassion and the value of human life. been demolished. In the rubble of hospitals and clinics, a new epidemic looms. This is not just a crisis; it is an In this critical moment, the advisory opinion of the absolute catastrophe. International Court of Justice stands as a beacon of hope and a step towards a sustainable solution to the crisis in We cannot ignore the WHO warnings about disease the Middle East. The International Court of Justice’s outbreaks among displaced populations. Overcrowding, crystal-clear ruling declared Israel’s occupation illegal, poor hygiene and lack of water and sanitation in and its settlement activity a violation of international shelters create breeding grounds for hepatitis A and law. Those who believe in the internatio || halted and the ever- It has been almost two months since resolution worsening settler violence must be effectively curbed. 2735 (2024) was adopted. While certain countries keep China has always been a staunch supporter asserting that negotiations for a ceasefire are under way, of the restoration of the legitimate rights of the Israel has continued its large-scale military operations Palestinian people as a nation. Earlier this week, the over the past two months. From Rafah to Khan Younis, intra-Palestinian groups held a reconciliation dialogue from internally displaced persons camps to hospitals, in Beijing and reached an important consensus, making from United Nations schools to the “safe zones” a significant step forward for operationalizing the designated by Israel, the bombings and attacks have not principle of Palestinians governing Palestine and stopped even for a moment, and innocent civilians are preparing for post-war governance in Gaza. China dying each and every single day. firmly supports i || er the past 10 months, the arising from the policies and practices of Israel in the pleas of the people of Gaza, the United Nations and occupied Palestinian territory, including East Jerusalem, the countless medical and humanitarian staff who have and its provisional measures on the Application of sought to aid them have gone unanswered by Israel. the Convention on the Prevention and Punishment of Alternative attempts at aid delivery via sea and air have the Crime of Genocide in the Gaza Strip (South Africa failed, and the situation has quickly reverted to the v. Israel), all point to one direction, which is ending status quo: hopelessness. the unlawful occupation, ensuring unhindered access to humanitarian aid and releasing the hostages and Today the human-made humanitarian disaster in wrongfully detained prisoners. Gaza is worse than at any point in the past 10 months. Millions of people face starvation and dehydration. Sierra Leone reiterates the demand for an immediate Humanitarian assistance ",MACHINE_EXTRACTED_CONTEXT_NOT_HUMAN_CODING_EVIDENCE_OR_PIN_CITE
ICJ-192-2024-03-28||SC_MEETING::SCM|S/PV.9696,S/PV.9696,2,3,STRICT_CANDIDATE_3_COLLECTIVE_ACTION_AND_ORDER_NEXUS,1,1,0,israel|israeli,gaza|israel,"concerned to the Chief of the Verbatim Reporting Service, room AB-0928 (verbatimrecords@un.org). Corrected records will be reissued electronically on the Official Document System of the United Nations (http://documents.un.org). 24-22681 (E) Accessible document Please recycle *2422681* S/PV.9696 The situation in the Middle East, including the Palestinian question 31/07/2024 The meeting was called to order at 4.05 p.m. In a letter to the President of the Security Council dated today, Iran accused Israel of carrying out an Adoption of the Agenda attack that killed Mr. Haniyeh and claimed it was a serious infringement of Iran’s sovereignty and The agenda was adopted. territorial integrity and constituted a blatant violation of international law. Iran’s supreme leader and other The situation in the Middle East, including the senior officials have vowed to avenge Mr. Haniyeh’s Palestinian question death, warning Israel of “harsh punishment intended The President (spoke in Russian): In accordance t ||  avenge Mr. Haniyeh’s Palestinian question death, warning Israel of “harsh punishment intended The President (spoke in Russian): In accordance to instil deep regret in the perpetrator”. Various with rule 37 of the Council’s provisional rules of non-State armed groups aligned with Iran across the procedure, I invite the representatives of the Islamic region have also threatened to retaliate against Israel. Republic of Iran, Israel, Lebanon and the Syrian Arab In a live broadcast a few hours ago, Israeli Prime Republic to participate in this meeting. Minister Benjamin Netanyahu said that Israel had launched strikes against three fronts, including against I also propose to invite the representative of Iraq to Hamas, Hizbullah and the Houthis in recent days. He participate in this meeting. A request from this country emphasized that Israel was fighting an existential war was submitted at the last moment. We suggest making an with Iran. exception, barring any objections from members of the Today’s || in recent days. He participate in this meeting. A request from this country emphasized that Israel was fighting an existential war was submitted at the last moment. We suggest making an with Iran. exception, barring any objections from members of the Today’s strike in Tehran follows in the wake of Council, to satisfy that request, given the specificity of several recent escalatory events in the region. While this situation and the growing escalation in the region. violence continues unabated in Gaza after months of It is so decided. relentless diplomatic efforts, the situation across the Blue Line and inside Lebanon is on an increasingly I propose that the Council invite the Permanent worrisome path. Since I last briefed you on 22 July, Observer of the Observer State of Palestine to the United the negative trajectory has continued. In a tragic Nations to participate in this meeting, in accordance incident on 27 July, 12 children were killed and dozens with the provisional rules of procedur || r briefing. Accountability for any violation of those obligations must be equally prioritized. The implementation of Sierra Leone takes note of the identical letter dated all relevant Council resolutions, including resolutions 31 July 2024 from the Permanent Representative of the 2712 (2023), 2720 (2023) and 2728 (2024), and the full, Islamic Republic of Iran addressed to the Secretary- immediate and effective implementation of the orders General and the President of the Security Council of the International Court of Justice remain essential. (S/2024/584), informing them of an attack on Iranian territory that led to the death of Mr. Ismail Haniyeh, In conclusion, it is only through the prevention of political leader of Hamas. regional conflict that we can restore a credible political horizon to address the situation in the Middle East. Sierra Leone remains deeply concerned about Such a political horizon must be centred towards the this recent development, bearing in mind the overall comprehensive realization of a t",MACHINE_EXTRACTED_CONTEXT_NOT_HUMAN_CODING_EVIDENCE_OR_PIN_CITE
ICJ-192-2024-03-28||SC_MEETING::SCM|S/PV.9704,S/PV.9704,2,3,STRICT_CANDIDATE_3_COLLECTIVE_ACTION_AND_ORDER_NEXUS,1,1,1,israel|israeli|south africa,gaza|israel|rafah|south africa,"3/08/2024 The meeting was called to order at 3.10 p.m. As the Secretary-General underlined yesterday, international humanitarian law, including the principles Adoption of the agenda of distinction, proportionality and precautions in attack, must be upheld at all times. The agenda was adopted. Also yesterday, Hamas announced the killing of The situation in the Middle East, including the a hostage and the serious injuring of two others by Palestinian question Hamas militants while in captivity in Gaza. Both sides said they are looking into the incidents. The President: In accordance with rule 37 of the Council’s provisional rules of procedure, I invite the With hostilities continuing across the Gaza Strip, representatives of Israel and South Africa to participate including in the north around Gaza City, in the middle in this meeting. area in Khan Younis and in and around Rafah, the situation remains catastrophic for civilians. No place I propose that the Council invite the Permanent is safe  || attack, must be upheld at all times. The agenda was adopted. Also yesterday, Hamas announced the killing of The situation in the Middle East, including the a hostage and the serious injuring of two others by Palestinian question Hamas militants while in captivity in Gaza. Both sides said they are looking into the incidents. The President: In accordance with rule 37 of the Council’s provisional rules of procedure, I invite the With hostilities continuing across the Gaza Strip, representatives of Israel and South Africa to participate including in the north around Gaza City, in the middle in this meeting. area in Khan Younis and in and around Rafah, the situation remains catastrophic for civilians. No place I propose that the Council invite the Permanent is safe in Gaza, yet civilians continue to be ordered to Observer of the Observer State of Palestine to the United evacuate to ever-shrinking areas. My colleague Director Nations to participate in this meeting, in accordance Doughten, from the || t be upheld at all times. The agenda was adopted. Also yesterday, Hamas announced the killing of The situation in the Middle East, including the a hostage and the serious injuring of two others by Palestinian question Hamas militants while in captivity in Gaza. Both sides said they are looking into the incidents. The President: In accordance with rule 37 of the Council’s provisional rules of procedure, I invite the With hostilities continuing across the Gaza Strip, representatives of Israel and South Africa to participate including in the north around Gaza City, in the middle in this meeting. area in Khan Younis and in and around Rafah, the situation remains catastrophic for civilians. No place I propose that the Council invite the Permanent is safe in Gaza, yet civilians continue to be ordered to Observer of the Observer State of Palestine to the United evacuate to ever-shrinking areas. My colleague Director Nations to participate in this meeting, in accordance Doughten, from the Office for the C || ng the a hostage and the serious injuring of two others by Palestinian question Hamas militants while in captivity in Gaza. Both sides said they are looking into the incidents. The President: In accordance with rule 37 of the Council’s provisional rules of procedure, I invite the With hostilities continuing across the Gaza Strip, representatives of Israel and South Africa to participate including in the north around Gaza City, in the middle in this meeting. area in Khan Younis and in and around Rafah, the situation remains catastrophic for civilians. No place I propose that the Council invite the Permanent is safe in Gaza, yet civilians continue to be ordered to Observer of the Observer State of Palestine to the United evacuate to ever-shrinking areas. My colleague Director Nations to participate in this meeting, in accordance Doughten, from the Office for the Coordination of with the provisional rules of procedure and previous Humanitarian Affairs, will brief members shortly in practice in || e Blue Line into southern Lebanon. consideration of the item on its agenda. Uncrewed aerial vehicles crossing the Blue Line from I give the floor to Ms. DiCarlo. southern Lebanon have also continued. An IDF base was hit across the Blue Line, while another base was Ms. DiCarlo: Once again, the Council is coming hit near Nahariya, in northern Israel. An open area in together to discuss alarming developments and Nahariya city was also struck. increasing tensions in the Middle East. The devastating Israeli attack on the Al-Tabaeen school in Gaza City, I urge continued attention to the worsening which prompted this meeting, once again points to the situation and ongoing violence in the occupied West desperate need to reach a ceasefire, free the hostages Bank, including East Jerusalem. On 3 August, the IDF and scale up humanitarian aid to Gaza said it had conducted two air strikes on a Hamas cell in Tulkarem, killing nine Palestinians whom the IDF The Israel Defense Forces (IDF) air strike in said  ||  Council should, without delay, discuss and security. how to ensure compliance with its resolutions in the Given the gravity of the situation, it is imperative face of the immense suffering in Gaza. And indeed, that all parties involved, particularly Israel, comply as Director Doughten said, we should not leave any with international legal norms and agreements. In stone unturned. particular, they must abide by all orders and judgments Yesterday a journalist asked me how many more enacted by the International Court of Justice on the briefings the Council needs to start changing the matter. We reiterate our call for an immediate end to situation in Gaza. We are receiving briefings so that we this war. We urge the parties to implement, without can take action. We adopted four resolutions (resolutions reservation and without further delay, all the Security 2712 (2023), 2720 (2023), 2728 (2024) and 2735 (2024)), Council resolutions that we have adopted pertaining but we never followed up on their implementation. to this || rtunity in the already fragile region. to participate in this urgent meeting, which is most As an avid believer in the rule of law, in December likely not going to be the last on the same matter while last year South Africa approached the International civilians continue to be massacred by the implacable Court of Justice seeking an order to prevent Israel from Government of Israel. committing genocide against the Palestinian people. Unfortunately, some in this Chamber continue Israel defied the Court’s order and launched an offensive to support and defend Israel as it commits the most in Rafah. Once again, South Africa put its trust in the despicable crimes against humanity the world has seen global Court system and sought additional provisional in recent times, with impunity. It is indeed an indictment measures to prevent Israel’s persistent acts of genocide on the Security Council that a solution has to date not against the Palestinian people in Gaza. Deciding on been found on the intractable con",MACHINE_EXTRACTED_CONTEXT_NOT_HUMAN_CODING_EVIDENCE_OR_PIN_CITE
ICJ-192-2024-03-28||SC_MEETING::SCM|S/PV.9711,S/PV.9711,2,2,SAME_CASE_OR_DISPUTE_NO_PROVEN_COLLECTIVE_FOLLOW_THROUGH,1,0,0,israel|israeli,gaza|israel,"the record and sent under the signature of a member of the delegation concerned to the Chief of the Verbatim Reporting Service, room AB-0928 (verbatimrecords@un.org). Corrected records will be reissued electronically on the Official Document System of the United Nations (http://documents.un.org). 24-24646 (E) Accessible document Please recycle *2424646* S/PV.9711 The situation in the Middle East, including the Palestinian question 22/08/2024 The meeting was called to order at 10 a.m. The war in Gaza continues to take a staggering toll on human life. In the more than 10 months of war Adoption of the agenda since the horrific acts of terror perpetrated by Hamas and other Palestinian armed groups on 7 October 2023, The agenda was adopted. more than 40,000 Palestinians and over 1,600 Israelis and foreign nationals have been killed. One hundred The situation in the Middle East, including the and nine Israelis are still being held in Gaza, and the Palestinian question ones who are alive are deni || .org). 24-24646 (E) Accessible document Please recycle *2424646* S/PV.9711 The situation in the Middle East, including the Palestinian question 22/08/2024 The meeting was called to order at 10 a.m. The war in Gaza continues to take a staggering toll on human life. In the more than 10 months of war Adoption of the agenda since the horrific acts of terror perpetrated by Hamas and other Palestinian armed groups on 7 October 2023, The agenda was adopted. more than 40,000 Palestinians and over 1,600 Israelis and foreign nationals have been killed. One hundred The situation in the Middle East, including the and nine Israelis are still being held in Gaza, and the Palestinian question ones who are alive are denied humanitarian visits. The President: In accordance with rule 37 of the Tens of thousands of people have been injured, the vast Council’s provisional rules of procedure, I invite the majority of them Palestinians, including a staggering representative of Israel to participate in this meeting || .org). 24-24646 (E) Accessible document Please recycle *2424646* S/PV.9711 The situation in the Middle East, including the Palestinian question 22/08/2024 The meeting was called to order at 10 a.m. The war in Gaza continues to take a staggering toll on human life. In the more than 10 months of war Adoption of the agenda since the horrific acts of terror perpetrated by Hamas and other Palestinian armed groups on 7 October 2023, The agenda was adopted. more than 40,000 Palestinians and over 1,600 Israelis and foreign nationals have been killed. One hundred The situation in the Middle East, including the and nine Israelis are still being held in Gaza, and the Palestinian question ones who are alive are denied humanitarian visits. The President: In accordance with rule 37 of the Tens of thousands of people have been injured, the vast Council’s provisional rules of procedure, I invite the majority of them Palestinians, including a staggering representative of Israel to participate in this meeting. || lements. We call and not being able to shelter them from that trauma. on Israel to reverse their settlement policy, including In the light of that immense suffering, Slovenia the plans for the first new West Bank settlement since supports the Secretary-General’s appeal for a polio 2017. Slovenia calls on Israel to comply with its duties pause. As underlined by the World Health Organization, and obligations under international law, as set out by UNICEF and the United Nations Relief and Works the International Court of Justice in its provisional Agency for Palestine Refugees in the Near East, a measures and in its advisory opinion, as well as in humanitarian pause is crucial to allow for two rounds the relevant Security Council resolutions. We strongly of vaccination campaigns to take place. Such days of condemn settler violence. Negative trends will not tranquillity would enable children and families to reach cease with inflammatory rhetoric and provocations, health facilities and United Nations entities to carry in",MACHINE_EXTRACTED_CONTEXT_NOT_HUMAN_CODING_EVIDENCE_OR_PIN_CITE
ICJ-192-2024-03-28||SC_MEETING::SCM|S/PV.9715,S/PV.9715,2,3,STRICT_CANDIDATE_3_COLLECTIVE_ACTION_AND_ORDER_NEXUS,1,1,0,israel|israeli,gaza|israel|rafah,"agenda colleagues were fired upon two days ago in their marked vehicle and survived by sheer luck. We cannot plan more The agenda was adopted. than 24 hours in advance because we struggle to know what supplies we will have, when we will have them or The situation in the Middle East, including the where we will be able to deliver. The lives of 2.1 million Palestinian question people cannot depend on luck and hope alone. The President: In accordance with rule 39 of Evacuation orders issued by the Israeli military the Council’s provisional rules of procedure, I invite have spiked, with devastating impacts on civilians. So the following briefers to participate in this meeting: far this month, 16 orders have been issued. Between Ms. Joyce Msuya, Acting Under-Secretary-General for 19 and 24 August alone, five such orders were Humanitarian Affairs and Acting Emergency Relief issued — the largest number of orders issued in a single Coordinator; and Dr. Michael Ryan, Deputy Director- week since the s || agenda colleagues were fired upon two days ago in their marked vehicle and survived by sheer luck. We cannot plan more The agenda was adopted. than 24 hours in advance because we struggle to know what supplies we will have, when we will have them or The situation in the Middle East, including the where we will be able to deliver. The lives of 2.1 million Palestinian question people cannot depend on luck and hope alone. The President: In accordance with rule 39 of Evacuation orders issued by the Israeli military the Council’s provisional rules of procedure, I invite have spiked, with devastating impacts on civilians. So the following briefers to participate in this meeting: far this month, 16 orders have been issued. Between Ms. Joyce Msuya, Acting Under-Secretary-General for 19 and 24 August alone, five such orders were Humanitarian Affairs and Acting Emergency Relief issued — the largest number of orders issued in a single Coordinator; and Dr. Michael Ryan, Deputy Director- week since the st || en Ms. Joyce Msuya, Acting Under-Secretary-General for 19 and 24 August alone, five such orders were Humanitarian Affairs and Acting Emergency Relief issued — the largest number of orders issued in a single Coordinator; and Dr. Michael Ryan, Deputy Director- week since the start of the crisis. Those orders affected General and Executive Director, Health Emergencies a quarter of a million people in 33 neighbourhoods Programme, World Health Organization. in Deir Al-Balah, Khan Younis and northern Gaza. The Security Council will now begin its Health clinics, water wells, a desalination plant and a consideration of the item on its agenda. water reservoir, as well as the Al-Aqsa Hospital, one of the last functioning larger hospitals in Gaza, were all I give the floor to Ms. Msuya. affected by the most recent orders. Water production in Ms. Msuya: I thank you, Mr. President, for this Deir Al-Balah has been reduced by around 85 per cent. opportunity to brief the Security Council on the The subseq || ity of health systems is compromised by to Egypt and Jordan, and from there to third countries physical damage, lack of fuel, limited medical supplies when needed, must be facilitated. WHO appeals for the and loss of staff. establishment of multiple medical evacuation corridors As of 23 August, there are nine operational field to ensure the sustained, organized, safe and timely hospitals: two in Deir Al-Balah, five in Khan Younis passage of patients via all possible routes, including and two in Rafah. Hospitals in the north are facing dire Rafah and Kerem Shalom. 4/20 24-25145 29/08/2024 The situation in the Middle East, including the Palestinian question S/PV.9715 The destruction of water, sanitation and hygiene best of WHO, the best of UNICEF, the best of OCHA infrastructure has also contributed to the spread of and the best of the United Nations, and we would like to infectious diseases. With 67 per cent of Gaza’s water, dedicate our work in the coming days not only to saving sanitation || igation to allow and and significantly more aid in. We call on both Israel and facilitate rapid and unimpeded humanitarian access Hamas to urgently take the deal on the table. We must to all civilians in need. That therefore also applies to then see irreversible steps towards a two-State solution, armed groups such as Hamas. Furthermore, Switzerland the best means of ensuring long-term peace for Israelis recalls that Israel, as the occupying Power, and as and Palestinians alike. recalled by the International Court of Justice, is obliged to fulfil the humanitarian needs of the population. Mrs. Baeriswyl (Switzerland) (spoke in French): As my British colleague did, I would like to start by As a result of the catastrophic conditions in Gaza, thanking the Acting Under-Secretary-General for as we have heard, polio has resurfaced there. It is Humanitarian Affairs, Joyce Msuya, and the Executive imperative that the vaccination campaign planned by Director of the World Health Organization Health the United Nations be carri",MACHINE_EXTRACTED_CONTEXT_NOT_HUMAN_CODING_EVIDENCE_OR_PIN_CITE
ICJ-192-2024-03-28||SC_MEETING::SCM|S/PV.9717,S/PV.9717,2,3,STRICT_CANDIDATE_3_COLLECTIVE_ACTION_AND_ORDER_NEXUS,1,1,0,israel|israeli,gaza|israel|rafah,"t and to observe the appropriate standards of Expression of thanks to the outgoing President tone, wording and context in their remarks. The President: I should like to take this opportunity I give the floor to Ms. DiCarlo. to pay tribute, on behalf of the Council, to our colleague Ms. DiCarlo: Nearly a year has passed since His Excellency Mr. Michael Imran Kanu, Permanent the horrific attacks by Hamas and other Palestinian Representative of the Republic of Sierra Leone, for his armed groups in Israel — the single deadliest attack service as President of the Council for the month of in the country’s history. More than 1,250 Israelis and August. I am sure I speak for all members of the Council foreign nationals were killed, and approximately 250 in expressing deep appreciation to Ambassador Kanu individuals were abducted and taken into Gaza. and his team for the great diplomatic skill with which they conducted the Council’s business last month. The A few days ago, we learned the heartbreaking || rks. The President: I should like to take this opportunity I give the floor to Ms. DiCarlo. to pay tribute, on behalf of the Council, to our colleague Ms. DiCarlo: Nearly a year has passed since His Excellency Mr. Michael Imran Kanu, Permanent the horrific attacks by Hamas and other Palestinian Representative of the Republic of Sierra Leone, for his armed groups in Israel — the single deadliest attack service as President of the Council for the month of in the country’s history. More than 1,250 Israelis and August. I am sure I speak for all members of the Council foreign nationals were killed, and approximately 250 in expressing deep appreciation to Ambassador Kanu individuals were abducted and taken into Gaza. and his team for the great diplomatic skill with which they conducted the Council’s business last month. The A few days ago, we learned the heartbreaking news Council engaged in several key discussions while at the of the killing of six Israeli hostages, whose bodies same time sailing  || ichael Imran Kanu, Permanent the horrific attacks by Hamas and other Palestinian Representative of the Republic of Sierra Leone, for his armed groups in Israel — the single deadliest attack service as President of the Council for the month of in the country’s history. More than 1,250 Israelis and August. I am sure I speak for all members of the Council foreign nationals were killed, and approximately 250 in expressing deep appreciation to Ambassador Kanu individuals were abducted and taken into Gaza. and his team for the great diplomatic skill with which they conducted the Council’s business last month. The A few days ago, we learned the heartbreaking news Council engaged in several key discussions while at the of the killing of six Israeli hostages, whose bodies same time sailing smoothly through the month. were recovered by the Israeli Defense Forces (IDF) in Gaza. I would like to extend my deepest condolences to Adoption of the agenda the bereaved families. I met the loved ones of sever ||  heartbreaking video footage of his The situation in the Middle East, including the capture — images I will never forget. According to the Palestinian question Israeli Government, the hostages had been shot multiple The President: In accordance with rule 37 of the times at close range. They were killed by Hamas shortly Council’s provisional rules of procedure, I invite the before Israeli soldiers were able to reach them inside a representative of Israel to participate in this meeting. tunnel in Rafah. Following the recovery of the bodies, Hamas announced that militants guarding hostages in I propose that the Council invite the Permanent the buildings and tunnels of Gaza had new instructions Observer of the Observer State of Palestine to the United to kill hostages before they could be recovered alive by Nations to participate in the meeting, in accordance Israeli forces. At least 101 hostages are still held in Gaza. with the provisional rules of procedure and the previous They are still den ||  of six Israeli hostages [...] held in Jenin, an area where they have instituted a curfew, in Hamas’ tunnels for over 10 months”, with 101 hostages which has been reported to be seriously affecting the still unaccounted for by Hamas (S/2024/647, p.1). residents and their access to essential services. 24-2558015/27 S/PV.9717 The situation in the Middle East, including the Palestinian question 04/09/2024 The 19 July 2024 advisory opinion of the that incite or undermine efforts towards a peaceful International Court of Justice on the Legal consequences solution of that prolonged conflict. arising from the policies and practices of Israel in Let me conclude by stating that upholding the occupied Palestinian territory, including East human dignity and the rule of law is a shared global Jerusalem has made it clear in its determination, among responsibility. Therefore, Sierra Leone reiterates its others, that “Israel’s continued presence in the occupied condemnation of all acts of violence against civilians Palestinian t",MACHINE_EXTRACTED_CONTEXT_NOT_HUMAN_CODING_EVIDENCE_OR_PIN_CITE
ICJ-192-2024-03-28||SC_MEETING::SCM|S/PV.9725,S/PV.9725,2,2,SAME_CASE_OR_DISPUTE_NO_PROVEN_COLLECTIVE_FOLLOW_THROUGH,1,1,0,israel|israeli,gaza|israel|rafah,"th infrastructure, already crippled, has Palestinian question been further decimated. The President: On behalf of the Council, I would At least 625,000 children remain out of like to note that, with regard to rule 37 and rule 39 of the school — children whose futures are marred by trauma, Council’s provisional rules of procedure, the Council’s loss and deprivation. Every parent hopes for a better, approach will be to consider only those requests for more prosperous future for their children. In Gaza, participation that were submitted before the start of that universal parental desire is dimmed by the grim the meeting. realities of destruction and hopelessness. In accordance with rule 37 of the Council’s Time is slipping away as a man-made humanitarian provisional rules of procedure, I invite the representative crisis has turned Gaza into the abyss. It cannot be of Israel to participate in this meeting. repeated enough: we need an immediate ceasefire, the In accordance with rule 39 of the C || ent hopes for a better, approach will be to consider only those requests for more prosperous future for their children. In Gaza, participation that were submitted before the start of that universal parental desire is dimmed by the grim the meeting. realities of destruction and hopelessness. In accordance with rule 37 of the Council’s Time is slipping away as a man-made humanitarian provisional rules of procedure, I invite the representative crisis has turned Gaza into the abyss. It cannot be of Israel to participate in this meeting. repeated enough: we need an immediate ceasefire, the In accordance with rule 39 of the Council’s immediate and unconditional release of all hostages and provisional rules of procedure, I invite the following unimpeded, continuous humanitarian access to deliver briefers to participate in this meeting: Ms. Sigrid Kaag, aid at scale throughout the Gaza Strip. The continued Senior Humanitarian and Reconstruction Coordinator lack of effective protection for civilians  || s will be a sober and sombre people in need. Tragically, in Gaza, nowhere is safe. assessment of the situation on the ground. I remain deeply mindful of the profound responsibility the Diseases such as the polio virus, which had international community bears in addressing the been consigned to history in the Gaza Strip, have tragedy of the war. now reappeared owing to the collapse of essential services. Following the detection of the virus, the Nearly a year has passed since the horrific terror Israeli authorities immediately engaged with my team. attack by Hamas and other Palestinian armed groups Following intensive coordination, the first round of against Israel on 7 October 2023, which claimed 1,250 a two-round vaccination campaign led by the World Israeli and foreign lives and led to the abduction of Health Organization (WHO), the United Nations approximately 250 hostages. At least 101 hostages are Relief and Works Agency for Palestine Refugees in the reported to be still alive and still  || pply chain management system for Gaza, address maintaining a lean, agile and efficient operation through the unpredictability of pipelines, delays at the screening a hybrid model with UNOPS and seconded experts points, multiple inspection and transloading points, from certain agencies. Routes have been established, and build confidence and transparency in the flow of systems are in place and proposals have been made to humanitarian aid into Gaza. the parties concerning the option to re-open the Rafah border crossing. That is just one of the many examples. Since May, the mechanism has been running the integrated database covering humanitarian But despite those continuous efforts, the only consignments going through Cyprus and, since June, credible measure of change and progress are the actual those along the Jordan corridor. It has also captured conditions on the ground in Gaza, and the horrors of consignments being sent from the West Bank and from the past 11 months have made it painfully c || The situation in the Middle East, including the Palestinian question S/PV.9725 which the Israelis are not making exceptions for schools, vaccination campaign shows that this is possible. hospitals or United Nations humanitarian convoys. It is essential to remove obstacles to assistance. It must be possible to use all access points, as Gazan Therefore, regardless of what has been said in civilians are in a situation of absolute emergency, and this Chamber today about humanitarian operations, the International Court of Justice demanded that. The the priority remains the same — we must ensure an goods entering Gaza must correspond to the reality of immediate and comprehensive ceasefire in Gaza. humanitarian needs and reach their intended recipients. However, this time there must not be empty words, such There are still too many restrictions on the goods and as those in resolution 2735 (2024), which was not viable supplies that can enter Gaza, in particular for health even when it was adopted — and we have talked about",MACHINE_EXTRACTED_CONTEXT_NOT_HUMAN_CODING_EVIDENCE_OR_PIN_CITE
ICJ-192-2024-03-28||SC_MEETING::SCM|S/PV.9728,S/PV.9728,2,2,SAME_CASE_OR_DISPUTE_NO_PROVEN_COLLECTIVE_FOLLOW_THROUGH,1,1,0,israel|israeli,gaza|israel|rafah,"s.un.org). 24-26923 (E) Accessible document Please recycle *2426923* S/PV.9728 The situation in the Middle East, including the Palestinian question 19/09/2024 The meeting was called to order at 10 a.m. Settlement activity has continued. In total, some 6,370 housing units were advanced or approved in Adoption of the agenda settlements in the occupied West Bank, including East Jerusalem. Of those, 5,840 housing units were in Area The agenda was adopted. C, including three outposts legalized under Israeli law, and nearly 530 housing units were advanced in the Gilo The situation in the Middle East, including the settlement, in East Jerusalem. Construction tenders Palestinian question were published for approximately 1,100 housing units The President: In accordance with rule 37 of the in settlements, including 780 in East Jerusalem. Council’s provisional rules of procedure, I invite the representative of Israel to participate in this meeting. In settlement-related steps, on 18 July, the Israel De || s.un.org). 24-26923 (E) Accessible document Please recycle *2426923* S/PV.9728 The situation in the Middle East, including the Palestinian question 19/09/2024 The meeting was called to order at 10 a.m. Settlement activity has continued. In total, some 6,370 housing units were advanced or approved in Adoption of the agenda settlements in the occupied West Bank, including East Jerusalem. Of those, 5,840 housing units were in Area The agenda was adopted. C, including three outposts legalized under Israeli law, and nearly 530 housing units were advanced in the Gilo The situation in the Middle East, including the settlement, in East Jerusalem. Construction tenders Palestinian question were published for approximately 1,100 housing units The President: In accordance with rule 37 of the in settlements, including 780 in East Jerusalem. Council’s provisional rules of procedure, I invite the representative of Israel to participate in this meeting. In settlement-related steps, on 18 July, the Israel Def || vour of a settler organization, displacing 35 Palestinians. One I give the floor to Mr. Wennesland. hundred and eighty-eight Palestinians, including 111 Mr. Wennesland: I would like, at the outset, to children, left their occupied West Bank communities, express my grave concern over the growing risk of a citing violence and harassment by settlers and shrinking widescale regional escalation. The series of explosions grazing land. across Lebanon and rockets fired towards Israel in On 19 July, the International Court of Justice recent days adds to the volatility. I call on all sides rendered its advisory opinion on the Legal consequences to refrain from steps that will further exacerbate the arising from the policies and practices of Israel in situation and take immediate steps to de-escalate. the occupied Palestinian territory, including East Turning to today’s briefing, which is devoted to Jerusalem. Among its findings, the Court reaffirmed the thirty-first report of the Secretary-General on the that the Israeli set || nian question S/PV.9728 from the occupied Palestinian Territory. It further and other Palestinian armed groups continued to place stated that the State of Israel’s continued presence in fighters and military equipment among and underneath the occupied Palestinian territory is unlawful, that the areas with dense concentrations of civilians. State of Israel is under an obligation to bring to an end its unlawful presence in the occupied Palestinian territory Israeli operations continued throughout Gaza, as rapidly as possible and that all States are under an displacing hundreds of thousands of Palestinians. obligation not to recognize as legal the situation arising Eighty-nine per cent of Gaza has been placed under from the unlawful presence of the State of Israel in the evacuation orders at one point or another since occupied Palestinian territory and not to render aid or 7 October 2023. New evacuation orders have reduced assistance in maintaining the situation created by the the size of the || round of sanctions and restrictive UNICEF, with support from other agencies, including measures against settlers and entities. On 13 July, UNRWA. Thus far, the campaign has vaccinated 70 per Argentina designated Hamas a terrorist organization cent of some 650,000 children under 10. and ordered a freeze on its financial assets. From 21 to 23 July, Palestinian factions, including Fatah and Following the Israeli military ground operations Hamas, attended reconciliation talks in Beijing, where into Rafah and the subsequent closure of the Rafah they signed a declaration reiterating their commitment crossing in May, humanitarian organizations faced to form a national unity Government and implement many obstacles that impeded their ability to regularly previous agreements. pick up supplies entering through the Karem Abu Salem/ Kerem Shalom crossing, including continued hostilities, In conclusion, allow me to share the Secretary- impassable roads and deteriorating civil order. General’s observation",MACHINE_EXTRACTED_CONTEXT_NOT_HUMAN_CODING_EVIDENCE_OR_PIN_CITE
ICJ-192-2024-03-28||SC_MEETING::SCM|S/PV.9730,S/PV.9730,2,2,SAME_CASE_OR_DISPUTE_NO_PROVEN_COLLECTIVE_FOLLOW_THROUGH,1,0,0,israel|israeli,gaza|israel,"f explosions, smaller in scale but more lethal, was reported throughout The situation in the Middle East, including the the same areas of Lebanon. This time, the devices Palestinian question involved were two-way handheld radios reportedly The President: In accordance with rule 37 of the used by Hizbullah. Devices exploded in homes, cars, Council’s provisional rules of procedure, I invite the supermarkets and streets. Lebanon’s Ministry of Public representatives of the Islamic Republic of Iran, Israel, Health stated that 37 people were killed, including two Lebanon and the Syrian Arab Republic to participate in children, and more than 3,400 people were injured in this meeting. the successive explosions. Medical professionals and hospitals are working around the clock to help the On behalf of the Council, I welcome His Excellency wounded. The members of Lebanese society, old and Mr. Abdallah Bouhabib, Minister for Foreign Affairs young, have been in profound shock and panic. and Emigrants of  || Secretary-General for Political on 19 September, the Hizbullah Secretary-General, and Peacebuilding Affairs; and Mr. Volker Türk, Hassan Nasrallah, said in response to the attacks that United Nations High Commissioner for Human Rights. “Israel exceeded all limits, laws and red lines” and The Security Council will now begin its vowed “to exact a heavy price and a fair punishment.” consideration of the item on its agenda. He reiterated that the Lebanon front would stop only once the aggression on Gaza ended. I give the floor to Ms. DiCarlo. In a letter to the President of the Security Council Ms. DiCarlo: I thank you, Mr. President, for the on 18 September, the Islamic Republic of Iran blamed opportunity to brief the Council on the situation in Israel for the explosions. Noting that its Ambassador to Lebanon and the region, including the most recent Lebanon was among those wounded, Iran stated that it alarming developments. “reserves its rights under international law to take For nearly a ye || aily basis. Those exchanges have To date, the Government of Israel has made no official been in repeated breach of the cessation of hostilities comment on those developments. and in violation of resolution 1701 (2006). Strikes and Since the explosions on 17 and 18 September, exchanges of fire have expanded in scope and intensity, exchanges of fire across the Blue Line have continued, and in some instances reached much deeper into showing worrisome signs of escalation. The exchanges Lebanese and Israeli territory. Over 100,000 people include some of the heaviest bombardment of southern have been displaced from southern Lebanon. At least Lebanon since 8 October 2023. Israeli aircraft have 60,000 have been displaced from northern Israel. The conducted a high number of air strikes and overflights, exchanges of fire have caused numerous casualties, including breaking the sound barrier over Beirut on including among civilians, and significant damage to several occasions. In addition, we are receivi ||  precisely for in August, more than 500 people have been killed moments like these, when life, dignity and our very and more than 2,400 injured, and, according to the humanity are at risk. As such, States must not — International Organization for Migration, more than cannot — accept blatant disregard for international law, 110,000 displaced in Lebanon. The Government of including binding decisions of the Security Council Israel reported 48 people killed in Israel and more than and orders of the International Court of Justice. They 63,000 displaced in the context of those hostilities. must not — cannot — allow the hollowing out of 4/22 24-27071 20/09/2024 The situation in the Middle East, including the Palestinian question S/PV.9730 international law and its protective core, neither in this Those acts of aggression amount to war crimes. nor in any other situation around the world. All States, The deliberate and indiscriminate nature of those particularly those with influence, must do everything Israeli strikes has ",MACHINE_EXTRACTED_CONTEXT_NOT_HUMAN_CODING_EVIDENCE_OR_PIN_CITE
ICJ-192-2024-05-24||SC_MEETING::SCM|S/PV.9638,S/PV.9638,3,3,STRICT_CANDIDATE_3_COLLECTIVE_ACTION_AND_ORDER_NEXUS,1,1,1,israel|israeli|south africa,gaza|genocide convention|israel|palestinian group|rafah|south africa,"ssure cooker of negative trends. The risk of a regional Adoption of the agenda conflagration is constant and is mounting every day the war continues. That trajectory must change if we are to The agenda was adopted. avoid further catastrophe. I urge all parties to return to The situation in the Middle East, including the the negotiating table immediately and in good faith. I Palestinian question reiterate my and the Secretary-General’s repeated calls for the immediate release of hostages held in Gaza and The President: In accordance with rule 37 of the for an immediate humanitarian ceasefire. Council’s provisional rules of procedure, I invite the representatives of Israel, South Africa and the United Palestinians in Gaza face another round of mass Arab Emirates to participate in this meeting. displacement, with 1 million fleeing from Rafah, many being displaced multiples times. Overcrowded I propose that the Council invite the observer of the conditions and acute shortages of food, water an || ange if we are to The agenda was adopted. avoid further catastrophe. I urge all parties to return to The situation in the Middle East, including the the negotiating table immediately and in good faith. I Palestinian question reiterate my and the Secretary-General’s repeated calls for the immediate release of hostages held in Gaza and The President: In accordance with rule 37 of the for an immediate humanitarian ceasefire. Council’s provisional rules of procedure, I invite the representatives of Israel, South Africa and the United Palestinians in Gaza face another round of mass Arab Emirates to participate in this meeting. displacement, with 1 million fleeing from Rafah, many being displaced multiples times. Overcrowded I propose that the Council invite the observer of the conditions and acute shortages of food, water and Observer State of Palestine to participate in the meeting, medicine have led to misery and the spread of diseases. in accordance with the provisional rules of procedure The  || we are to The agenda was adopted. avoid further catastrophe. I urge all parties to return to The situation in the Middle East, including the the negotiating table immediately and in good faith. I Palestinian question reiterate my and the Secretary-General’s repeated calls for the immediate release of hostages held in Gaza and The President: In accordance with rule 37 of the for an immediate humanitarian ceasefire. Council’s provisional rules of procedure, I invite the representatives of Israel, South Africa and the United Palestinians in Gaza face another round of mass Arab Emirates to participate in this meeting. displacement, with 1 million fleeing from Rafah, many being displaced multiples times. Overcrowded I propose that the Council invite the observer of the conditions and acute shortages of food, water and Observer State of Palestine to participate in the meeting, medicine have led to misery and the spread of diseases. in accordance with the provisional rules of procedure The humanitarian r || mmediately and in good faith. I Palestinian question reiterate my and the Secretary-General’s repeated calls for the immediate release of hostages held in Gaza and The President: In accordance with rule 37 of the for an immediate humanitarian ceasefire. Council’s provisional rules of procedure, I invite the representatives of Israel, South Africa and the United Palestinians in Gaza face another round of mass Arab Emirates to participate in this meeting. displacement, with 1 million fleeing from Rafah, many being displaced multiples times. Overcrowded I propose that the Council invite the observer of the conditions and acute shortages of food, water and Observer State of Palestine to participate in the meeting, medicine have led to misery and the spread of diseases. in accordance with the provisional rules of procedure The humanitarian response is woefully inadequate to and the previous practice in this regard. address those needs. There being no objection, it is so decided. On 24 May, the I || h, many being displaced multiples times. Overcrowded I propose that the Council invite the observer of the conditions and acute shortages of food, water and Observer State of Palestine to participate in the meeting, medicine have led to misery and the spread of diseases. in accordance with the provisional rules of procedure The humanitarian response is woefully inadequate to and the previous practice in this regard. address those needs. There being no objection, it is so decided. On 24 May, the International Court of Justice In accordance with rule 39 of the Council’s delivered its order on the request of South Africa for provisional rules of procedure, I invite Mr. Tor the modification of the order of 28 March in the case Wennesland, Special Coordinator for the Middle East Application of the Convention on the Prevention and Peace Process, to participate in the meeting. Punishment of the Crime of Genocide in the Gaza Strip (South Africa v. Israel), reaffirming its previous The Security Council will now begin its co || es and indicating new measures. of the item on its agenda. Humanitarians are heroically continuing to I give the floor to Mr. Wennesland. deliver life-saving assistance in an incredibly Mr. Wennesland: Over seven months have now difficult environment. Unsafe conditions resulting passed since 7 October. The horrific terror attacks from dangerously deficient humanitarian notification perpetrated by Hamas and other Palestinian armed mechanisms are compounded by overcrowding, groups and the ensuing Israeli military campaign and desperation and a breakdown of law and order, relentless hostilities in Gaza have caused widespread imperilling humanitarian operations and costing the suffering on a totally unimaginable scale. There are a lives of humanitarian workers — including some 200 reported more than 36,000 Palestinians and over 1,500 United Nations staff. Just hours ago, that breakdown of Israelis and foreign nationals killed, while 125 hostages law and order resulted in a well-organized looting  || Sierra Leone notes with deep concern the events Israel), para. 57 (2)(a)) and maintain open the Rafah in recent days, in particular the attack on a camp crossing for unhindered provision at scale of urgently for displaced people in Rafah that killed at least 45 needed basic services and humanitarian assistance. 6/25 24-14969 29/05/2024 The situation in the Middle East, including the Palestinian question S/PV.9638 Thirdly, we reiterate the need and legal obligation, Switzerland recalls that the Court’s orders are binding as per the International Court of Justice orders, for the on all parties. We expect Israel to comply and take all immediate and unconditional release of all hostages necessary measures to do so. held by Hamas since 7 October 2023. Furthermore, the Council must ensure the Fourthly, we call on parties to the conflict to ensure implementation of the three resolutions it has adopted the protection and safety of humanitarian agencies since the acts of terror of 7 October, which Switzerl ||  actions, which are plausibly genocidal. discuss the perilous situation in the Middle East. We remind the members of the Security Council that the We regret that, since the provisional measures were situation in Palestine and Israel has been on its agenda issued by the Court — including in its latest decision for almost as long as this Organization has been on 10 May 2024 where it ordered Israel to halt any in existence. We remind Council members of their action in Rafah that may inflict on the Palestinian group mandated role, under the Charter of the United Nations, in Gaza conditions of life that could bring about its to maintain international peace and security. We remind physical destruction, in whole or in part — Palestinians Council members that a failure to act decisively in continue to suffer immeasurably under the occupying order to contribute to preventing and stopping wars will Power’s intensified military operations. The events result in more people dying, being injured and living of the pa",MACHINE_EXTRACTED_CONTEXT_NOT_HUMAN_CODING_EVIDENCE_OR_PIN_CITE
ICJ-192-2024-05-24||SC_FORMAL_VOTE::SCV|2101,S/PV.9650,2,2,SAME_CASE_OR_DISPUTE_NO_PROVEN_COLLECTIVE_FOLLOW_THROUGH,1,1,0,israel|israeli,gaza|israel|rafah,"e recycle *2416393* S/PV.9650 The situation in the Middle East, including the Palestinian question 10/06/2024 The meeting was called to order at 3.25 p.m. that are near civilians and who are doing nothing to shelter those civilians. I have rarely seen anything so Adoption of the agenda egregious and cowardly. The agenda was adopted. Palestinian civilians are living through sheer hell through no fault of their own. And the humanitarian The situation in the Middle East, including the situation in Gaza has gotten worse and worse and worse. Palestinian question Families are living in makeshift conditions, unsure of what the next day holds. Millions are grappling with the The President: In accordance with rule 37 of the uncertainty of what will be left when they are allowed Council’s provisional rules of procedure, I invite the to return home. I think about the parents trying to find representative of Israel to participate in this meeting. food for their families, about the child who has been T || ir own. And the humanitarian The situation in the Middle East, including the situation in Gaza has gotten worse and worse and worse. Palestinian question Families are living in makeshift conditions, unsure of what the next day holds. Millions are grappling with the The President: In accordance with rule 37 of the uncertainty of what will be left when they are allowed Council’s provisional rules of procedure, I invite the to return home. I think about the parents trying to find representative of Israel to participate in this meeting. food for their families, about the child who has been The Security Council will now begin its forced to stop their education, about the elderly person who no longer has access to essential medicines. After consideration of the item on its agenda. eight months of devastation and pain and trauma, what Members of the Council have before them document is needed now more than ever is for the fighting to end S/2024/448, which contains the text of a draft resolution in  || se calls time and time again since 7 October. Now the opportunity is here. I shall first give the floor to those members of the We must seize it, and we must speak with one voice. Council who wish to make statements before the voting. For months, the United States has worked around Mrs. Thomas-Greenfield (United States of the clock, alongside Egypt and Qatar, to broker a America): The past eight months have been nothing ceasefire deal between Israel and Hamas because we short of devastating for Israelis who lost loved ones on know that this is the best way — actually, the only 7 October when Hamas set the conflict into motion by way — to bring about a durable end to this war. Since carrying out acts of unthinkable violence; for Israelis and the brief ceasefire and hostage release in November, people from more than 16 other countries, whose sons such a deal has proven elusive because Hamas has and daughters, brothers and sisters are still being held refused to accept any agreement. hostage by  || t the Gaza Strip. Crucially, aid distribution request of several delegations, including our own, the must also be safe and unhindered. call for respect for international law, and in particular international humanitarian law and human rights law, We need full compliance and implementation of the did not get the recognition in the text voted on today relevant Council resolutions and the full, immediate that it had received in previous resolutions. and effective implementation of the orders of the International Court of Justice. A ceasefire, as outlined The events of the past few days have once again in the proposal, remains essential to dealing with the demonstrated that respect by the parties to the conflict deepening and immediate-term humanitarian concerns. with their obligations under international law is vital if 6/11 24-16393 10/06/2024 The situation in the Middle East, including the Palestinian question S/PV.9650 further bloodshed and civilian deaths are to be avoided. Mrs. Blokar Drobič (Slovenia): Slovenia  ||  prosperity. for months, and it has also been the most fervent hope of the people of Gaza, who are suffering acutely. Given Mr. Fu Cong (China) (spoke in Chinese): The the urgent need to stop more killings and alleviate the conflict in Gaza has lasted over eight months, killing humanitarian catastrophe, China voted in favour of more than 37,000 Palestinians and leaving more than the resolution. 2 million people in an unprecedented humanitarian catastrophe. Israel’s large-scale offensive against Rafah All Council resolutions are legally binding. The and its attack on the Nuseirat refugee camp over the resolution just adopted has the same binding force as past two days have caused additional heavy casualties. resolutions 2712 (2023), 2720 (2023) and 2728 (2024) — all of which should be fully and effectively implemented. In the face of this human tragedy, the international We hope that the sponsor will make sincere efforts and community long ago reached an overwhelming work in an impartial and",MACHINE_EXTRACTED_CONTEXT_NOT_HUMAN_CODING_EVIDENCE_OR_PIN_CITE
ICJ-192-2024-05-24||SC_MEETING::SCM|S/PV.9650,S/PV.9650,2,2,SAME_CASE_OR_DISPUTE_NO_PROVEN_COLLECTIVE_FOLLOW_THROUGH,1,1,0,israel|israeli,gaza|israel|rafah,"e recycle *2416393* S/PV.9650 The situation in the Middle East, including the Palestinian question 10/06/2024 The meeting was called to order at 3.25 p.m. that are near civilians and who are doing nothing to shelter those civilians. I have rarely seen anything so Adoption of the agenda egregious and cowardly. The agenda was adopted. Palestinian civilians are living through sheer hell through no fault of their own. And the humanitarian The situation in the Middle East, including the situation in Gaza has gotten worse and worse and worse. Palestinian question Families are living in makeshift conditions, unsure of what the next day holds. Millions are grappling with the The President: In accordance with rule 37 of the uncertainty of what will be left when they are allowed Council’s provisional rules of procedure, I invite the to return home. I think about the parents trying to find representative of Israel to participate in this meeting. food for their families, about the child who has been T || ir own. And the humanitarian The situation in the Middle East, including the situation in Gaza has gotten worse and worse and worse. Palestinian question Families are living in makeshift conditions, unsure of what the next day holds. Millions are grappling with the The President: In accordance with rule 37 of the uncertainty of what will be left when they are allowed Council’s provisional rules of procedure, I invite the to return home. I think about the parents trying to find representative of Israel to participate in this meeting. food for their families, about the child who has been The Security Council will now begin its forced to stop their education, about the elderly person who no longer has access to essential medicines. After consideration of the item on its agenda. eight months of devastation and pain and trauma, what Members of the Council have before them document is needed now more than ever is for the fighting to end S/2024/448, which contains the text of a draft resolution in  || se calls time and time again since 7 October. Now the opportunity is here. I shall first give the floor to those members of the We must seize it, and we must speak with one voice. Council who wish to make statements before the voting. For months, the United States has worked around Mrs. Thomas-Greenfield (United States of the clock, alongside Egypt and Qatar, to broker a America): The past eight months have been nothing ceasefire deal between Israel and Hamas because we short of devastating for Israelis who lost loved ones on know that this is the best way — actually, the only 7 October when Hamas set the conflict into motion by way — to bring about a durable end to this war. Since carrying out acts of unthinkable violence; for Israelis and the brief ceasefire and hostage release in November, people from more than 16 other countries, whose sons such a deal has proven elusive because Hamas has and daughters, brothers and sisters are still being held refused to accept any agreement. hostage by  || t the Gaza Strip. Crucially, aid distribution request of several delegations, including our own, the must also be safe and unhindered. call for respect for international law, and in particular international humanitarian law and human rights law, We need full compliance and implementation of the did not get the recognition in the text voted on today relevant Council resolutions and the full, immediate that it had received in previous resolutions. and effective implementation of the orders of the International Court of Justice. A ceasefire, as outlined The events of the past few days have once again in the proposal, remains essential to dealing with the demonstrated that respect by the parties to the conflict deepening and immediate-term humanitarian concerns. with their obligations under international law is vital if 6/11 24-16393 10/06/2024 The situation in the Middle East, including the Palestinian question S/PV.9650 further bloodshed and civilian deaths are to be avoided. Mrs. Blokar Drobič (Slovenia): Slovenia  ||  prosperity. for months, and it has also been the most fervent hope of the people of Gaza, who are suffering acutely. Given Mr. Fu Cong (China) (spoke in Chinese): The the urgent need to stop more killings and alleviate the conflict in Gaza has lasted over eight months, killing humanitarian catastrophe, China voted in favour of more than 37,000 Palestinians and leaving more than the resolution. 2 million people in an unprecedented humanitarian catastrophe. Israel’s large-scale offensive against Rafah All Council resolutions are legally binding. The and its attack on the Nuseirat refugee camp over the resolution just adopted has the same binding force as past two days have caused additional heavy casualties. resolutions 2712 (2023), 2720 (2023) and 2728 (2024) — all of which should be fully and effectively implemented. In the face of this human tragedy, the international We hope that the sponsor will make sincere efforts and community long ago reached an overwhelming work in an impartial and",MACHINE_EXTRACTED_CONTEXT_NOT_HUMAN_CODING_EVIDENCE_OR_PIN_CITE
ICJ-192-2024-05-24||SC_MEETING::SCM|S/PV.9667,S/PV.9667,2,2,SAME_CASE_OR_DISPUTE_NO_PROVEN_COLLECTIVE_FOLLOW_THROUGH,1,1,0,israel|israeli,gaza|israel|palestinian group|rafah,"er at 10.05 a.m. I will now turn to my regular briefing on the situation in the Middle East devoted to the thirtieth Adoption of the agenda report on the implementation of Security Council resolution 2334 (2016) (S/2024/480). The Secretary- The agenda was adopted. General’s written report covers the period between 19 March and 10 June 2024. The situation in the Middle East, including the Palestinian question Since the submission of the written report, intensive hostilities between Hamas and the Israel The President: In accordance with rule 37 of the Defense Forces (IDF) in Gaza have continued, resulting Council’s provisional rules of procedure, I invite the in hundreds of fatalities. The devastating impact of representative of Israel to participate in this meeting. the hostilities on the civilian population in Gaza and I propose that the Council invite the Permanent the unprecedented humanitarian crisis remain deeply Observer of the Observer State of Palestine to the United alarming. I mysel || Middle East devoted to the thirtieth Adoption of the agenda report on the implementation of Security Council resolution 2334 (2016) (S/2024/480). The Secretary- The agenda was adopted. General’s written report covers the period between 19 March and 10 June 2024. The situation in the Middle East, including the Palestinian question Since the submission of the written report, intensive hostilities between Hamas and the Israel The President: In accordance with rule 37 of the Defense Forces (IDF) in Gaza have continued, resulting Council’s provisional rules of procedure, I invite the in hundreds of fatalities. The devastating impact of representative of Israel to participate in this meeting. the hostilities on the civilian population in Gaza and I propose that the Council invite the Permanent the unprecedented humanitarian crisis remain deeply Observer of the Observer State of Palestine to the United alarming. I myself have witnessed the deterioration of Nations to participate in this meeting,  || ations stands ready to West Bank. Announcements by Israel’s Finance Minister support its implementation. that he intends to continue blocking the transfer of all 2/19 24-18288 25/06/2024 The situation in the Middle East, including the Palestinian question S/PV.9667 clearance revenues to the Palestinian Authority and to population. While it is positive that Israel has opened take measures that would end corresponding banking additional entry points for humanitarian aid, others relations between Israeli and Palestinian banks at the have been closed, and it is imperative that all necessary end of this month threaten to plunge the Palestinian access points be opened and made operational and for fiscal situation into an even greater crisis, potentially humanitarian access to be sustained. All parties must upending the entire Palestinian financial system. protect humanitarian workers at all times. Attacks on humanitarian aid workers and facilities are unacceptable, I take note of the recent appoin ||  that The amount of essential goods, including ignore or sidestep fundamental political questions are humanitarian assistance, that has been allowed into doomed to fail. All stakeholders must urgently take Gaza continues to fall short of meeting the needs of the steps that will lead to a two-State reality. The United 24-182883/19 S/PV.9667 The situation in the Middle East, including the Palestinian question 25/06/2024 Nations will continue to support all such efforts. The designated a militant Palestinian group — Lions’ United Nations remains committed to supporting Den — for violent activity in the West Bank. Those steps towards ending the occupation and resolving the sanctions, implemented under an executive order that conflict, in line with international law, the relevant aims to promote peace, security and security in the West United Nations resolutions and bilateral agreements Bank, make clear that we will act in response to acts of in pursuit of the vision of two States — Israel and violence in  || ould not be restraint and abide by Council resolutions, including clearer in its scope and content. Inter alia, it emphasizes resolutions 2712 (2023), 2720 (2023), 2728 (2024) and the following. 2735 (2024). 24-182885/19 S/PV.9667 The situation in the Middle East, including the Palestinian question 25/06/2024 Mozambique supports all diplomatic initiatives all hostages held since the heinous 7 October terror by the international community, the countries of the attacks. The ground offensive into Rafah has only region and the United Nations, along with the active exacerbated the dire humanitarian conditions and led and tireless involvement of the Council, to find the best to the further displacement of over 1 million civilians. ways to bring about a lasting peace to the region. As we The recently published reports by the Office of the have stated time and again, the only alternative to the United Nations High Commissioner for Human conflict between Israel and Palestine lies in the solution Ri || ical pauses. Parties must ensure the unimpeded, resulted from settler violence. We stress that Israel, as safe delivery of humanitarian aid at scale into and the occupying Power, must exercise maximum restraint. across Gaza. The implementation of the relevant It must abide by its obligations under international law Security Council resolutions and the full, immediate and protect the Palestinian population against all acts and effective implementation of the orders of the or threats of violence. International Court of Justice remains essential. Israeli illegal settlement expansion, the demolition De-escalation and the revival of a political horizon of Palestinian property and forced evictions must cease. must remain a core priority. Key to that are efforts Settlements are illegal under international law. They focusing on fiscally and politically reinforcing the constitute an obstacle to peace, threaten the viability of Palestinian Authority for effective governance over both a two-State solution and are pushing the ",MACHINE_EXTRACTED_CONTEXT_NOT_HUMAN_CODING_EVIDENCE_OR_PIN_CITE
ICJ-192-2024-05-24||SC_MEETING::SCM|S/PV.9678,S/PV.9678,2,3,STRICT_CANDIDATE_3_COLLECTIVE_ACTION_AND_ORDER_NEXUS,1,1,0,israel|israeli,gaza|israel|rafah,"f of the Verbatim Reporting Service, room AB-0928 (verbatimrecords@un.org). Corrected records will be reissued electronically on the Official Document System of the United Nations (http://documents.un.org). 24-19259 (E) Accessible document Please recycle *2419259* S/PV.9678 The situation in the Middle East, including the Palestinian question 02/07/2024 The meeting was called to order at 10.05 a.m. orders, issued in the area of Khan Younis, which have a deep impact on the civilian population. In Gaza, Expression of thanks to the outgoing President nowhere is safe. Behind every statistic is a human story of hope, dignity and aspirations. On my visits to Gaza, I The President (spoke in Russian): I should like am met with voices that echo a single, heart-wrenching to take this opportunity to pay tribute, on behalf of question: will our suffering ever end? the Council, to His Excellency Mr. Joonkook Hwang, Permanent Representative of the Republic of Korea, for It cannot be repeated often enough ||  for Palestine Refugees in the Near East The President (spoke in Russian): In accordance must be allowed to deliver on its mandated role. with rule 39 of the Council’s provisional rules Since my previous briefing (see S/PV.9617), I have of procedure, I invite Ms. Sigrid Kaag, Senior continued to engage with key Governments and other Humanitarian and Reconstruction Coordinator for regional stakeholders at the highest political levels. I Gaza pursuant to resolution 2720 (2023), to participate met Israeli Prime Minister Benjamin Netanyahu and in this meeting. key Cabinet members again two weeks ago, further The Security Council will now begin its to resolution 2720 (2023). The resolution establishes a consideration of the item on its agenda. framework to expedite, streamline and accelerate the delivery of humanitarian assistance throughout Gaza. I give the floor to Ms. Kaag. As expected, that has been fraught with challenges. Ms. Kaag: Nearly nine months have passed since Yet deliverables inclu ||  for Palestine Refugees in the Near East The President (spoke in Russian): In accordance must be allowed to deliver on its mandated role. with rule 39 of the Council’s provisional rules Since my previous briefing (see S/PV.9617), I have of procedure, I invite Ms. Sigrid Kaag, Senior continued to engage with key Governments and other Humanitarian and Reconstruction Coordinator for regional stakeholders at the highest political levels. I Gaza pursuant to resolution 2720 (2023), to participate met Israeli Prime Minister Benjamin Netanyahu and in this meeting. key Cabinet members again two weeks ago, further The Security Council will now begin its to resolution 2720 (2023). The resolution establishes a consideration of the item on its agenda. framework to expedite, streamline and accelerate the delivery of humanitarian assistance throughout Gaza. I give the floor to Ms. Kaag. As expected, that has been fraught with challenges. Ms. Kaag: Nearly nine months have passed since Yet deliverables includ ||  establishment in a matter of months is the result of soaring and severe shortages of basic services, such tremendous collaboration and support from the United as waste management, sanitation facilities and water Nations Office for Project Services. The activation of supplies, the spectre of outbreaks of infectious and the mechanism for supplies from Egypt is expected communicable diseases looms large. by mid-July. Subject to visa approval, United Nations Following the Israeli offensive against Rafah since monitors are getting ready to deploy to the mechanism’s 6 May, more than 1 million people have been displaced newly established offices in Gaza. Options are being once again, desperately seeking shelter and safety. In discussed on the feasibility and longer-term planning total, 1.9 million people are now displaced across Gaza. of the Cyprus maritime corridor with continued direct I am deeply concerned about reports of new evacuation access to Gaza. 2/18 24-19259 02/07/2024 The situation  || ce again the international community, take concrete actions call on Israel to take all necessary measures to ensure to ensure the rapid and safe entry of humanitarian the provision of basic services and humanitarian aid supplies at scale into Gaza, ensure the safe and orderly throughout the Gaza Strip. Israel must allow immediate, distribution of humanitarian supplies throughout Gaza safe and unhindered humanitarian access, as ordered by and cooperate fully with the United Nations and other the International Court of Justice. That means issuing humanitarian organizations. the necessary permits to all humanitarian programmes 6/18 24-19259 02/07/2024 The situation in the Middle East, including the Palestinian question S/PV.9678 and agencies, including the United Nations Relief and presidency this month. I also thank you for organizing Works Agency for Palestine Refugees in the Near East. this briefing and express appreciation to Ms. Kaag for the updates provided on her work, pursuant to the mandate I thank the Speci",MACHINE_EXTRACTED_CONTEXT_NOT_HUMAN_CODING_EVIDENCE_OR_PIN_CITE
ICJ-192-2024-05-24||SC_MEETING::SCM|S/PV.9687,S/PV.9687,2,2,SAME_CASE_OR_DISPUTE_NO_PROVEN_COLLECTIVE_FOLLOW_THROUGH,1,1,1,israel|israeli|south africa,gaza|israel|rafah|south africa,"r at 10.05 a.m. The Security Council will now begin its consideration of the item on its agenda. Adoption of the agenda I give the floor to Mr. Rattray. The agenda was adopted. Mr. Rattray: I am pleased to deliver the Secretary- General’s briefing on the situation in the Middle East, The situation in the Middle East, including the including the Palestinian question. His remarks are Palestinian question as follows. The President (spoke in Russian): I would like “Last December, the hostilities in Gaza to warmly welcome the Ministers and other high- and Israel, which have created appalling human level representatives present in the Security Council suffering, physical destruction and collective Chamber. Their participation here today underscores trauma, led to my exceptional invocation of Article the continuing relevance of the subject under discussion. 99 of the Charter of the United Nations. Seven In accordance with rule 37 of the Council’s months later, the war rages on. According to the p || onsideration of the item on its agenda. Adoption of the agenda I give the floor to Mr. Rattray. The agenda was adopted. Mr. Rattray: I am pleased to deliver the Secretary- General’s briefing on the situation in the Middle East, The situation in the Middle East, including the including the Palestinian question. His remarks are Palestinian question as follows. The President (spoke in Russian): I would like “Last December, the hostilities in Gaza to warmly welcome the Ministers and other high- and Israel, which have created appalling human level representatives present in the Security Council suffering, physical destruction and collective Chamber. Their participation here today underscores trauma, led to my exceptional invocation of Article the continuing relevance of the subject under discussion. 99 of the Charter of the United Nations. Seven In accordance with rule 37 of the Council’s months later, the war rages on. According to the provisional rules of procedure, I invite the Ministry of Hea || he United Nations. Seven In accordance with rule 37 of the Council’s months later, the war rages on. According to the provisional rules of procedure, I invite the Ministry of Health in Gaza, more than 38,000 representatives of Australia, Bahrain, Bangladesh, Palestinians have been reported killed, with some Belgium, the Plurinational State of Bolivia, Brazil, 87,000 injured and thousands missing, many of Chile, Colombia, Cuba, Egypt, India, Indonesia, Iraq, them women and children. According to Israeli the Islamic Republic of Iran, Ireland, Israel, Jordan, sources, more than 1,500 Israelis and foreign Kazakhstan, Kuwait, Lebanon, Libya, Liechtenstein, nationals have been reported killed, with more Malaysia, Maldives, Mauritania, Mexico, Morocco, than 7,000 injured and 125 hostages still held in Namibia, New Zealand, Nicaragua, Norway, Oman, Gaza. The humanitarian support system in Gaza is Pakistan, Peru, the Philippines, Portugal, Qatar, Saudi close to total collapse. There has been a complet || ic Republic of Iran, Ireland, Israel, Jordan, sources, more than 1,500 Israelis and foreign Kazakhstan, Kuwait, Lebanon, Libya, Liechtenstein, nationals have been reported killed, with more Malaysia, Maldives, Mauritania, Mexico, Morocco, than 7,000 injured and 125 hostages still held in Namibia, New Zealand, Nicaragua, Norway, Oman, Gaza. The humanitarian support system in Gaza is Pakistan, Peru, the Philippines, Portugal, Qatar, Saudi close to total collapse. There has been a complete Arabia, South Africa, Spain, Sri Lanka, the Syrian Arab breakdown of public order. And the spectre of Republic, Thailand, Timor-Leste, Tunisia, Türkiye, further regional spillover is increasing by the day, Uganda, the United Arab Emirates, the Bolivarian as exchanges of fire across the Blue Line between Republic of Venezuela and Viet Nam to participate in Hizbullah and Israel continue. Nothing can justify this meeting. the horrific acts of terror committed by Hamas and other armed groups in Israel on 7 October and  || ent of the Observer of the Observer State of Palestine to the United Palestinian people. Nations to participate in this meeting, in accordance with the provisional rules of procedure and the previous “In recent weeks, Israeli military operations practice in this regard. and fighting have intensified across Gaza. Palestinian armed groups continue to launch There being no objection, it is so decided. rockets from Gaza towards Israeli population In accordance with rule 39 of the Council’s centres. Rafah is in ruins and the Rafah crossing provisional rules of procedure, I invite Mr. Earle remains closed, further hampering humanitarian Courtenay Rattray, Chef de Cabinet of the Secretary- operations. Almost 2 million people — nearly the General, to participate in this meeting. entire population of Gaza — have been displaced, many of them multiple times. Nowhere in Gaza In accordance with rule 39 of the Council’s is safe. Meanwhile, the Integrated Food Security provisional rules of procedure, I al || d children, humanitarians, doctors and journalists. It continued reports of serious abuses of Palestinians has defied every nation on earth and every entity ever in Israeli custody, I reiterate that all detainees must set up to uphold the most fundamental rules, from the be treated humanely and those held without lawful highest political organs to the highest judicial body, cause must be released. from the Security Council and the General Assembly “And this terrible war must end. We must to the International Court of Justice. It is doing refocus on finding a political solution that will end so unapologetically. It is committing crimes openly, the occupation and resolve the conflict in line with brazenly and repeatedly. Its own soldiers do not hesitate international law and the relevant United Nations to share recordings of those crimes with the rest of the resolutions. Ensuring that governance is restored world. What is happening in Gaza will go down as the in Gaza under a single, legitimate Palestinian most thorou || sential services General on Sexual Violence in Conflict reported and humanitarian aid to Palestinians in Gaza. Instead, that, based on the information gathered by her the occupation authorities have responded with more Office’s mission team from multiple and independent obstacles, targeting aid trucks and preventing UNRWA sources, there are reasonable grounds to believe that from carrying out its vital work. The Rafah crossing, conflict-related sexual violence occurred during the which, per the Court’s order, must remain open, has 7 October 2023 attacks in multiple locations around the been completely destroyed by the occupiers. Gaza periphery. The ongoing policy of ethnic cleansing and The narration of the facts surrounding the 7 October collective punishment against Palestinians mocks the 2023 attacks is followed by even more brutal human Security Council’s inability to enforce its resolutions. tragedy. Lest we forget, go quiet or grow numb, the Those resolutions remain words on paper, raising nu",MACHINE_EXTRACTED_CONTEXT_NOT_HUMAN_CODING_EVIDENCE_OR_PIN_CITE
ICJ-192-2024-05-24||SC_MEETING::SCM|S/PV.9687 (Resumption 1),S/PV.9687 (RESUMPTION 1),2,3,STRICT_CANDIDATE_3_COLLECTIVE_ACTION_AND_ORDER_NEXUS,1,1,0,israel|israeli|south africa,gaza|genocide convention|israel|palestinian group|rafah|south africa,"f a member of the delegation concerned to the Chief of the Verbatim Reporting Service, room AB-0928 (verbatimrecords@un.org). Corrected records will be reissued electronically on the Official Document System of the United Nations (http://documents.un.org). 24-21158 (E) Accessible document Please recycle *2421158* S/PV.9687 (Resumption 1) The situation in the Middle East, including the Palestinian question 17/07/2024 The meeting resumed at 3 p.m. closed and controlled vital crossings, making the Gaza Strip uninhabitable and filled with more than 39 million The President (spoke in Russian): I now give the tons of rubble. Tents filled with internally displaced floor to the representative of Iraq. persons are accumulating, as are mass graves, filthy Mr. Al-Fatlawi (Iraq) (spoke in Arabic): At the wastewater and the spread of all kinds of diseases, as outset, I would like to express my sincere thanks to the well as hunger and deprivation. Doctors have told of delegation of the Russian Federatio || n Federation, which assumed witnessing unprecedented incidents in every conflict the presidency of the Security Council this month, for area, of injured and burned people, of amputated limbs convening this high-level meeting. On behalf of the that could not be treated, of wounds turned septic due Group of Arab States and in my personal capacity, lack of medicines and medical equipment and of deaths I would like to thank Mr. Sergey Lavrov, Minister that could have been avoided absent the illegal Israeli for Foreign Affairs, for presiding over the meeting blockade of the Gaza Strip. earlier, which serves to underscore the importance of the Palestinian question to the agenda of the Security Israel has eradicated all means of livelihood, Council. restoration and relief aid from the Gaza Strip, while it continues its aggression against the civilians and the It is my honour to deliver this statement on behalf infrastructure. That is evident after nine months of of the Arab Group. war and the exace || n Federation, which assumed witnessing unprecedented incidents in every conflict the presidency of the Security Council this month, for area, of injured and burned people, of amputated limbs convening this high-level meeting. On behalf of the that could not be treated, of wounds turned septic due Group of Arab States and in my personal capacity, lack of medicines and medical equipment and of deaths I would like to thank Mr. Sergey Lavrov, Minister that could have been avoided absent the illegal Israeli for Foreign Affairs, for presiding over the meeting blockade of the Gaza Strip. earlier, which serves to underscore the importance of the Palestinian question to the agenda of the Security Israel has eradicated all means of livelihood, Council. restoration and relief aid from the Gaza Strip, while it continues its aggression against the civilians and the It is my honour to deliver this statement on behalf infrastructure. That is evident after nine months of of the Arab Group. war and the exacer || e call It has targeted homes, destroying them even though upon the Council to firmly and immediately implement people were living in them. It has eradicated entire its resolutions to save humanity and the purposes families and targeted hospitals, schools, universities, and principles of the Charter of the United Nations mosques, churches and United Nations facilities. and international law, along with implementing the Israel has also targeted the personnel of humanitarian decisions taken by the International Court of Justice, organizations, medical and paramedical staff, civil which has clearly called for a permanent and immediate defence workers and Palestinian journalists. It has ceasefire and the delivery of unhindered humanitarian prevented international journalists from entering Gaza assistance. Israel must implement Security Council to cover the horrors of its war and aggression. resolutions, including resolution 2720 (2023), and must Israel has also obstructed the delivery of water, cooperate fully with all  || the population of the reject any attempt to change it — demographically or Gaza Strip is on the brink of famine. The escalation geographically — pursuant to resolution 2735 (2024). constitutes a disregard for international warnings and clear defiance of the International Court of Justice’s In that context, we welcome the recognition by a provisional orders, especially that of 24 May, which growing number of countries of the State of Palestine. It called for an immediate halt to the offensive on Rafah, is high time that it became a full member of the United the opening of the Rafah crossing for the passage of aid Nations since it meets the conditions for membership, and the granting of access to commissions of inquiry as confirmed by the recent resolution adopted during to investigate allegations of genocide. Facilitating the the tenth emergency special session of the General broad delivery of humanitarian assistance, meeting all Assembly (General Assembly resolution ES-10/23). basic needs a || ians. It has Response Conference, with the participation of 75 violated all jus cogens norms that prevent such war countries. The Conference called for the coordination crimes, crimes against humanity and genocide. Israel of humanitarian assistance and the provision of must be compelled to implement the decisions of the humanitarian aid to the Gaza Strip. In that regard, we International Court of Justice pertaining to the case reiterate the need to coordinate with all international presented by South Africa against Israel in accordance partners to increase the volume of such assistance with the 1948 Convention on the Prevention and through all crossings. Punishment of the Crime of Genocide, especially in relation to the protection of civilians and ensuring We reiterate our call to all countries and donor humanitarian access. entities to provide the necessary assistance to the United Nations Relief and Works Agency for Palestine We call upon the Council to shoulder its Refugees in the Near East (UN ||  operations must be strictly carried out in line with the International Court of Justice. In its third such principles of necessity, precaution and proportionality. pronouncement, on 24 May, the Court ordered Israel The use of weapons to achieve military ends must not to immediately halt its military offensive and any other be indiscriminate, and the recent targeting of facilities action in the Rafah governorate, which could inflict on protected under international law, notably those of the the Palestinian group in Gaza, conditions of life that United Nations Relief and Works Agency for Palestine 24-2115815/35 S/PV.9687 (Resumption 1) The situation in the Middle East, including the Palestinian question 17/07/2024 Refugees in the Near East (UNRWA), is inexcusable. Going forward, Liechtenstein is deeply concerned UNRWA, whose work we continue to support politically about the risk of further escalation in the region. We and financially, provides a vital lifeline for protecting call on all parties to exer || e will continue to bombardment. Attacking humanitarian facilities and speak up against political attacks on the Court, as we locations where civilians are sheltering is abhorrent, did recently in a joint statement with 92 other States. We and the continued cynical use of civilian infrastructure also strongly support the International Court of Justice, for military purposes by Hamas and other armed groups including its role in the settlement of disputes under the in Gaza is utterly unacceptable. Genocide Convention. We emphasize the importance Over the past nine months, we have seen the of compliance with the provisional measures ordered Security Council call for a ceasefire, the release of by the Court, which are legally binding, and we look hostages and the provision of humanitarian aid, while forward to the advisory opinion to be released by the the International Court of Justice has issued a number Court in the coming days. of legally binding orders aimed at protecting innocent Settlement activities i",MACHINE_EXTRACTED_CONTEXT_NOT_HUMAN_CODING_EVIDENCE_OR_PIN_CITE
ICJ-192-2024-05-24||SC_MEETING::SCM|S/PV.9687 (Resumption 2),S/PV.9687 (RESUMPTION 2),2,3,STRICT_CANDIDATE_3_COLLECTIVE_ACTION_AND_ORDER_NEXUS,1,1,0,israel|israeli|south africa,gaza|israel|palestinian group|rafah|south africa,"eporting Service, room AB-0928 (verbatimrecords@un.org). Corrected records will be reissued electronically on the Official Document System of the United Nations (http://documents.un.org). 24-21429 (E) Accessible document Please recycle *2421429* S/PV.9687 (Resumption 2) The situation in the Middle East, including the Palestinian question 19/07/2024 The meeting was suspended at 6.15 p.m. on new facts on the ground. Those decisions, taken together Wednesday, 17 July, and resumed at 3.30 p.m. with Israel’s decades-long policy of dispossession, land confiscation, house demolitions and the establishment The President (spoke in Russian): I would like of illegal settlements, undermine efforts to achieve a to remind all speakers to limit their statements to no peaceful resolution to the conflict and threaten regional more than three minutes in order to enable the Council stability. Norway condemns any action aimed at altering to carry out its work expeditiously. Flashing lights on the demographic co || stability. Norway condemns any action aimed at altering to carry out its work expeditiously. Flashing lights on the demographic composition, character and status of the collars of the microphones will prompt speakers to the territory occupied since 1967. bring their remarks to a close after three minutes. Thirdly, the Palestinian people have the right to I now give the floor to the representative of Norway. self-determination. They deserve a well-functioning Ms. Havn (Norway): As the horrors in Gaza Palestinian Government. We urge Israel to release continue in the aftermath of the terror attack by Hamas all Palestinian clearance revenues and maintain on Israel on 7 October 2023, which Norway has strongly corresponding bank relations. We encourage donors to condemned, we would like to make four points. increase their support for the Palestinian Authority. First, the civilian population must be protected. The Fourthly, we also remain deeply worried about the series of recent attacks across G || in the aftermath of the terror attack by Hamas all Palestinian clearance revenues and maintain on Israel on 7 October 2023, which Norway has strongly corresponding bank relations. We encourage donors to condemned, we would like to make four points. increase their support for the Palestinian Authority. First, the civilian population must be protected. The Fourthly, we also remain deeply worried about the series of recent attacks across Gaza — in Gaza city and regional situation, including on the Israeli-Lebanese Khan Younis, in a designated safe zone — has killed border. De-escalation is urgently needed. and injured hundreds of civilians, including children In May, Norway recognized the State of Palestine. and rescue workers. Any presence of Palestinian armed That recognition followed from our long-held groups among civilians in violation of international commitment to the two-State solution as the only viable humanitarian law does not exempt Israel from path to freedom, peace and security for || ian aid. We remain very concerned about the profoundly empathizes with the struggles of the people hostages still in Gaza, the conditions they are being of Palestine. Given our unique history of resistance, held in and reports of mistreatment. We call for their persistence and independence, we are extraordinarily immediate and unconditional release. well-placed to understand and express solidarity with In its advisory opinion rendered today, the those enduring prolonged conflict and occupation. International Court of Justice is crystal clear: Israeli Timor-Leste also recognizes the right of every State to policies and practices are to be considered annexation defend itself, based on international law. of large parts of the occupied Palestinian territory. That Timor-Leste unequivocally supports the two-State is in violation of international law and must come to solution, which envisions Israel and Palestine living an end. The advisory opinion sends an unequivocal side by side in peace and security within recognized  || only solution with sustainable, lasting peace in Gaza has been turned into a battlefield and that it 4/15 24-21429 19/07/2024 The situation in the Middle East, including the Palestinian question S/PV.9687 (Resumption 2) has been destroyed. That is unacceptable. Respect for Strip. However, that decision was not implemented by international law and international humanitarian law the parties, and we are witnessing a military ground must guide the actions of the international community invasion of Rafah, despite all the warnings against it and and the decisions of the International Court of Justice, a humanitarian disaster unfolding over the Palestinian which must be enforced and implemented immediately. population in the Gaza Strip. After the cessation of hostilities, it will be essential We underline the importance of respecting the to move towards stabilization and reconstruction. The Security Council’s decisions and international law, with assumption of the full responsibilities of governa || ernance need the full support of the international community. we live in. Full compliance with international That support therefore needs to be directed towards humanitarian law is not an option; it is a legal obligation the ambitious reform programme that Prime Minister and a moral responsibility towards humankind. Mohammad Mustafa has begun to implement. However, Portugal will always reaffirm its condemnation all of that support will be insufficient if the Palestinian of Hamas and other armed Palestinian groups for the Authority does not have access to its own resources, terrorist attacks of 7 October and for keeping hostages which must be released immediately. captive. However, that attack, as horrifying as it was, In any case, the most important support that can be does not justify stripping a population of 2 million given to the Palestinian Authority in order to enable it people of water, food, health-care services, education to take on the challenges ahead is to give the Palestinian and civilian  || n of international law and further undermine the In keeping with our firm commitment to support efforts to achieve a two-State solution. We are also very and contribute as much as possible to international concerned about reports of violence from Palestinians efforts to put an end to genocide, Cuba has decided to against Israelis. The year 2024 is already the worst year intervene as a third party in the contentious proceedings in the West Bank since the second intifada, an alarming initiated by South Africa against the State of Israel trend that must be redressed. Tensions along the Blue before the International Court of Justice. Line are also worrisome. Against that background, it In view of the increasingly catastrophic is crucial to prevent an expansion of hostilities in the humanitarian situation, it is essential to remove the north of Israel and in Lebanon. obstacles to the delivery of humanitarian aid. We support In conclusion, Portugal calls on all parties to the immediate admission of Pale",MACHINE_EXTRACTED_CONTEXT_NOT_HUMAN_CODING_EVIDENCE_OR_PIN_CITE
ICJ-192-2024-05-24||SC_MEETING::SCM|S/PV.9694,S/PV.9694,2,3,STRICT_CANDIDATE_3_COLLECTIVE_ACTION_AND_ORDER_NEXUS,1,1,0,israel|israeli|south africa,gaza|israel|palestinian group|rafah|south africa,"gnature of a member of the delegation concerned to the Chief of the Verbatim Reporting Service, room AB-0928 (verbatimrecords@un.org). Corrected records will be reissued electronically on the Official Document System of the United Nations (http://documents.un.org). 24-22173 (E) Accessible document Please recycle *2422173* S/PV.9694 The situation in the Middle East, including the Palestinian question 26/07/2024 The meeting was called to order at 10 a.m. For nearly 10 months now, Palestinians and Israelis have lived through untold suffering, grief, sorrow and Adoption of the agenda loss. More than 2 million people in Gaza remain trapped in an endless nightmare of death and destruction on a The agenda was adopted. staggering scale. Their lives are dominated by fear, thirst, hunger, disease, dehumanization, lack of basic The situation in the Middle East, including the sanitation and repeated displacement. It is a relentless Palestinian question and often hourly struggle, day in and day out. The  || gnature of a member of the delegation concerned to the Chief of the Verbatim Reporting Service, room AB-0928 (verbatimrecords@un.org). Corrected records will be reissued electronically on the Official Document System of the United Nations (http://documents.un.org). 24-22173 (E) Accessible document Please recycle *2422173* S/PV.9694 The situation in the Middle East, including the Palestinian question 26/07/2024 The meeting was called to order at 10 a.m. For nearly 10 months now, Palestinians and Israelis have lived through untold suffering, grief, sorrow and Adoption of the agenda loss. More than 2 million people in Gaza remain trapped in an endless nightmare of death and destruction on a The agenda was adopted. staggering scale. Their lives are dominated by fear, thirst, hunger, disease, dehumanization, lack of basic The situation in the Middle East, including the sanitation and repeated displacement. It is a relentless Palestinian question and often hourly struggle, day in and day out. The P || ds@un.org). Corrected records will be reissued electronically on the Official Document System of the United Nations (http://documents.un.org). 24-22173 (E) Accessible document Please recycle *2422173* S/PV.9694 The situation in the Middle East, including the Palestinian question 26/07/2024 The meeting was called to order at 10 a.m. For nearly 10 months now, Palestinians and Israelis have lived through untold suffering, grief, sorrow and Adoption of the agenda loss. More than 2 million people in Gaza remain trapped in an endless nightmare of death and destruction on a The agenda was adopted. staggering scale. Their lives are dominated by fear, thirst, hunger, disease, dehumanization, lack of basic The situation in the Middle East, including the sanitation and repeated displacement. It is a relentless Palestinian question and often hourly struggle, day in and day out. The President (spoke in Russian): In accordance Famine remains a risk, including in southern Gaza. with rule 37 of the Counci || atch and delivery of all humanitarian assistance must be ensured immediately. The procedures currently I shall now make a statement in my capacity as the in place for getting aid and fuel consignments from representative of the Russian Federation. crossings to people in need are cumbersome, dangerous We would like to thank Ms. Antonia De Meo, and costly. All crossings must be utilized simultaneously Deputy Commissioner-General of the United Nations and with streamlined procedures, including the Rafah Relief and Works Agency for Palestine Refugees in crossing. Rafah must also be reopened for the medical the Near East (UNRWA), and Mr. Muhannad Hadi, evacuation of patients and the movement of people, Humanitarian Coordinator for the occupied Palestinian humanitarian workers, goods and fuel. territory and Deputy Special Coordinator for the Middle In order to expedite the delivery of aid, we have East Peace Process, for their detailed briefings and been asking that our trucks be allowed to drive ||  sewage, another silent threat poised of mothers, to the anguish of a people pushed to the brink to explode. This deadly virus now stalks a population of existence. Our actions shape their understanding of already brought to its knees, its health system having justice, compassion and the value of human life. been demolished. In the rubble of hospitals and clinics, a new epidemic looms. This is not just a crisis; it is an In this critical moment, the advisory opinion of the absolute catastrophe. International Court of Justice stands as a beacon of hope and a step towards a sustainable solution to the crisis in We cannot ignore the WHO warnings about disease the Middle East. The International Court of Justice’s outbreaks among displaced populations. Overcrowding, crystal-clear ruling declared Israel’s occupation illegal, poor hygiene and lack of water and sanitation in and its settlement activity a violation of international shelters create breeding grounds for hepatitis A and law. Those who believe in the internatio || halted and the ever- It has been almost two months since resolution worsening settler violence must be effectively curbed. 2735 (2024) was adopted. While certain countries keep China has always been a staunch supporter asserting that negotiations for a ceasefire are under way, of the restoration of the legitimate rights of the Israel has continued its large-scale military operations Palestinian people as a nation. Earlier this week, the over the past two months. From Rafah to Khan Younis, intra-Palestinian groups held a reconciliation dialogue from internally displaced persons camps to hospitals, in Beijing and reached an important consensus, making from United Nations schools to the “safe zones” a significant step forward for operationalizing the designated by Israel, the bombings and attacks have not principle of Palestinians governing Palestine and stopped even for a moment, and innocent civilians are preparing for post-war governance in Gaza. China dying each and every single day. firmly supports i || er the past 10 months, the arising from the policies and practices of Israel in the pleas of the people of Gaza, the United Nations and occupied Palestinian territory, including East Jerusalem, the countless medical and humanitarian staff who have and its provisional measures on the Application of sought to aid them have gone unanswered by Israel. the Convention on the Prevention and Punishment of Alternative attempts at aid delivery via sea and air have the Crime of Genocide in the Gaza Strip (South Africa failed, and the situation has quickly reverted to the v. Israel), all point to one direction, which is ending status quo: hopelessness. the unlawful occupation, ensuring unhindered access to humanitarian aid and releasing the hostages and Today the human-made humanitarian disaster in wrongfully detained prisoners. Gaza is worse than at any point in the past 10 months. Millions of people face starvation and dehydration. Sierra Leone reiterates the demand for an immediate Humanitarian assistance ",MACHINE_EXTRACTED_CONTEXT_NOT_HUMAN_CODING_EVIDENCE_OR_PIN_CITE
ICJ-192-2024-05-24||SC_MEETING::SCM|S/PV.9696,S/PV.9696,2,3,STRICT_CANDIDATE_3_COLLECTIVE_ACTION_AND_ORDER_NEXUS,1,1,0,israel|israeli,gaza|israel,"concerned to the Chief of the Verbatim Reporting Service, room AB-0928 (verbatimrecords@un.org). Corrected records will be reissued electronically on the Official Document System of the United Nations (http://documents.un.org). 24-22681 (E) Accessible document Please recycle *2422681* S/PV.9696 The situation in the Middle East, including the Palestinian question 31/07/2024 The meeting was called to order at 4.05 p.m. In a letter to the President of the Security Council dated today, Iran accused Israel of carrying out an Adoption of the Agenda attack that killed Mr. Haniyeh and claimed it was a serious infringement of Iran’s sovereignty and The agenda was adopted. territorial integrity and constituted a blatant violation of international law. Iran’s supreme leader and other The situation in the Middle East, including the senior officials have vowed to avenge Mr. Haniyeh’s Palestinian question death, warning Israel of “harsh punishment intended The President (spoke in Russian): In accordance t ||  avenge Mr. Haniyeh’s Palestinian question death, warning Israel of “harsh punishment intended The President (spoke in Russian): In accordance to instil deep regret in the perpetrator”. Various with rule 37 of the Council’s provisional rules of non-State armed groups aligned with Iran across the procedure, I invite the representatives of the Islamic region have also threatened to retaliate against Israel. Republic of Iran, Israel, Lebanon and the Syrian Arab In a live broadcast a few hours ago, Israeli Prime Republic to participate in this meeting. Minister Benjamin Netanyahu said that Israel had launched strikes against three fronts, including against I also propose to invite the representative of Iraq to Hamas, Hizbullah and the Houthis in recent days. He participate in this meeting. A request from this country emphasized that Israel was fighting an existential war was submitted at the last moment. We suggest making an with Iran. exception, barring any objections from members of the Today’s || in recent days. He participate in this meeting. A request from this country emphasized that Israel was fighting an existential war was submitted at the last moment. We suggest making an with Iran. exception, barring any objections from members of the Today’s strike in Tehran follows in the wake of Council, to satisfy that request, given the specificity of several recent escalatory events in the region. While this situation and the growing escalation in the region. violence continues unabated in Gaza after months of It is so decided. relentless diplomatic efforts, the situation across the Blue Line and inside Lebanon is on an increasingly I propose that the Council invite the Permanent worrisome path. Since I last briefed you on 22 July, Observer of the Observer State of Palestine to the United the negative trajectory has continued. In a tragic Nations to participate in this meeting, in accordance incident on 27 July, 12 children were killed and dozens with the provisional rules of procedur || r briefing. Accountability for any violation of those obligations must be equally prioritized. The implementation of Sierra Leone takes note of the identical letter dated all relevant Council resolutions, including resolutions 31 July 2024 from the Permanent Representative of the 2712 (2023), 2720 (2023) and 2728 (2024), and the full, Islamic Republic of Iran addressed to the Secretary- immediate and effective implementation of the orders General and the President of the Security Council of the International Court of Justice remain essential. (S/2024/584), informing them of an attack on Iranian territory that led to the death of Mr. Ismail Haniyeh, In conclusion, it is only through the prevention of political leader of Hamas. regional conflict that we can restore a credible political horizon to address the situation in the Middle East. Sierra Leone remains deeply concerned about Such a political horizon must be centred towards the this recent development, bearing in mind the overall comprehensive realization of a t",MACHINE_EXTRACTED_CONTEXT_NOT_HUMAN_CODING_EVIDENCE_OR_PIN_CITE
ICJ-192-2024-05-24||SC_MEETING::SCM|S/PV.9704,S/PV.9704,2,3,STRICT_CANDIDATE_3_COLLECTIVE_ACTION_AND_ORDER_NEXUS,1,1,1,israel|israeli|south africa,gaza|israel|rafah|south africa,"3/08/2024 The meeting was called to order at 3.10 p.m. As the Secretary-General underlined yesterday, international humanitarian law, including the principles Adoption of the agenda of distinction, proportionality and precautions in attack, must be upheld at all times. The agenda was adopted. Also yesterday, Hamas announced the killing of The situation in the Middle East, including the a hostage and the serious injuring of two others by Palestinian question Hamas militants while in captivity in Gaza. Both sides said they are looking into the incidents. The President: In accordance with rule 37 of the Council’s provisional rules of procedure, I invite the With hostilities continuing across the Gaza Strip, representatives of Israel and South Africa to participate including in the north around Gaza City, in the middle in this meeting. area in Khan Younis and in and around Rafah, the situation remains catastrophic for civilians. No place I propose that the Council invite the Permanent is safe  || attack, must be upheld at all times. The agenda was adopted. Also yesterday, Hamas announced the killing of The situation in the Middle East, including the a hostage and the serious injuring of two others by Palestinian question Hamas militants while in captivity in Gaza. Both sides said they are looking into the incidents. The President: In accordance with rule 37 of the Council’s provisional rules of procedure, I invite the With hostilities continuing across the Gaza Strip, representatives of Israel and South Africa to participate including in the north around Gaza City, in the middle in this meeting. area in Khan Younis and in and around Rafah, the situation remains catastrophic for civilians. No place I propose that the Council invite the Permanent is safe in Gaza, yet civilians continue to be ordered to Observer of the Observer State of Palestine to the United evacuate to ever-shrinking areas. My colleague Director Nations to participate in this meeting, in accordance Doughten, from the || t be upheld at all times. The agenda was adopted. Also yesterday, Hamas announced the killing of The situation in the Middle East, including the a hostage and the serious injuring of two others by Palestinian question Hamas militants while in captivity in Gaza. Both sides said they are looking into the incidents. The President: In accordance with rule 37 of the Council’s provisional rules of procedure, I invite the With hostilities continuing across the Gaza Strip, representatives of Israel and South Africa to participate including in the north around Gaza City, in the middle in this meeting. area in Khan Younis and in and around Rafah, the situation remains catastrophic for civilians. No place I propose that the Council invite the Permanent is safe in Gaza, yet civilians continue to be ordered to Observer of the Observer State of Palestine to the United evacuate to ever-shrinking areas. My colleague Director Nations to participate in this meeting, in accordance Doughten, from the Office for the C || ng the a hostage and the serious injuring of two others by Palestinian question Hamas militants while in captivity in Gaza. Both sides said they are looking into the incidents. The President: In accordance with rule 37 of the Council’s provisional rules of procedure, I invite the With hostilities continuing across the Gaza Strip, representatives of Israel and South Africa to participate including in the north around Gaza City, in the middle in this meeting. area in Khan Younis and in and around Rafah, the situation remains catastrophic for civilians. No place I propose that the Council invite the Permanent is safe in Gaza, yet civilians continue to be ordered to Observer of the Observer State of Palestine to the United evacuate to ever-shrinking areas. My colleague Director Nations to participate in this meeting, in accordance Doughten, from the Office for the Coordination of with the provisional rules of procedure and previous Humanitarian Affairs, will brief members shortly in practice in || e Blue Line into southern Lebanon. consideration of the item on its agenda. Uncrewed aerial vehicles crossing the Blue Line from I give the floor to Ms. DiCarlo. southern Lebanon have also continued. An IDF base was hit across the Blue Line, while another base was Ms. DiCarlo: Once again, the Council is coming hit near Nahariya, in northern Israel. An open area in together to discuss alarming developments and Nahariya city was also struck. increasing tensions in the Middle East. The devastating Israeli attack on the Al-Tabaeen school in Gaza City, I urge continued attention to the worsening which prompted this meeting, once again points to the situation and ongoing violence in the occupied West desperate need to reach a ceasefire, free the hostages Bank, including East Jerusalem. On 3 August, the IDF and scale up humanitarian aid to Gaza said it had conducted two air strikes on a Hamas cell in Tulkarem, killing nine Palestinians whom the IDF The Israel Defense Forces (IDF) air strike in said  ||  Council should, without delay, discuss and security. how to ensure compliance with its resolutions in the Given the gravity of the situation, it is imperative face of the immense suffering in Gaza. And indeed, that all parties involved, particularly Israel, comply as Director Doughten said, we should not leave any with international legal norms and agreements. In stone unturned. particular, they must abide by all orders and judgments Yesterday a journalist asked me how many more enacted by the International Court of Justice on the briefings the Council needs to start changing the matter. We reiterate our call for an immediate end to situation in Gaza. We are receiving briefings so that we this war. We urge the parties to implement, without can take action. We adopted four resolutions (resolutions reservation and without further delay, all the Security 2712 (2023), 2720 (2023), 2728 (2024) and 2735 (2024)), Council resolutions that we have adopted pertaining but we never followed up on their implementation. to this || rtunity in the already fragile region. to participate in this urgent meeting, which is most As an avid believer in the rule of law, in December likely not going to be the last on the same matter while last year South Africa approached the International civilians continue to be massacred by the implacable Court of Justice seeking an order to prevent Israel from Government of Israel. committing genocide against the Palestinian people. Unfortunately, some in this Chamber continue Israel defied the Court’s order and launched an offensive to support and defend Israel as it commits the most in Rafah. Once again, South Africa put its trust in the despicable crimes against humanity the world has seen global Court system and sought additional provisional in recent times, with impunity. It is indeed an indictment measures to prevent Israel’s persistent acts of genocide on the Security Council that a solution has to date not against the Palestinian people in Gaza. Deciding on been found on the intractable con",MACHINE_EXTRACTED_CONTEXT_NOT_HUMAN_CODING_EVIDENCE_OR_PIN_CITE
ICJ-192-2024-05-24||SC_MEETING::SCM|S/PV.9711,S/PV.9711,2,2,SAME_CASE_OR_DISPUTE_NO_PROVEN_COLLECTIVE_FOLLOW_THROUGH,1,0,0,israel|israeli,gaza|israel,"the record and sent under the signature of a member of the delegation concerned to the Chief of the Verbatim Reporting Service, room AB-0928 (verbatimrecords@un.org). Corrected records will be reissued electronically on the Official Document System of the United Nations (http://documents.un.org). 24-24646 (E) Accessible document Please recycle *2424646* S/PV.9711 The situation in the Middle East, including the Palestinian question 22/08/2024 The meeting was called to order at 10 a.m. The war in Gaza continues to take a staggering toll on human life. In the more than 10 months of war Adoption of the agenda since the horrific acts of terror perpetrated by Hamas and other Palestinian armed groups on 7 October 2023, The agenda was adopted. more than 40,000 Palestinians and over 1,600 Israelis and foreign nationals have been killed. One hundred The situation in the Middle East, including the and nine Israelis are still being held in Gaza, and the Palestinian question ones who are alive are deni || .org). 24-24646 (E) Accessible document Please recycle *2424646* S/PV.9711 The situation in the Middle East, including the Palestinian question 22/08/2024 The meeting was called to order at 10 a.m. The war in Gaza continues to take a staggering toll on human life. In the more than 10 months of war Adoption of the agenda since the horrific acts of terror perpetrated by Hamas and other Palestinian armed groups on 7 October 2023, The agenda was adopted. more than 40,000 Palestinians and over 1,600 Israelis and foreign nationals have been killed. One hundred The situation in the Middle East, including the and nine Israelis are still being held in Gaza, and the Palestinian question ones who are alive are denied humanitarian visits. The President: In accordance with rule 37 of the Tens of thousands of people have been injured, the vast Council’s provisional rules of procedure, I invite the majority of them Palestinians, including a staggering representative of Israel to participate in this meeting || .org). 24-24646 (E) Accessible document Please recycle *2424646* S/PV.9711 The situation in the Middle East, including the Palestinian question 22/08/2024 The meeting was called to order at 10 a.m. The war in Gaza continues to take a staggering toll on human life. In the more than 10 months of war Adoption of the agenda since the horrific acts of terror perpetrated by Hamas and other Palestinian armed groups on 7 October 2023, The agenda was adopted. more than 40,000 Palestinians and over 1,600 Israelis and foreign nationals have been killed. One hundred The situation in the Middle East, including the and nine Israelis are still being held in Gaza, and the Palestinian question ones who are alive are denied humanitarian visits. The President: In accordance with rule 37 of the Tens of thousands of people have been injured, the vast Council’s provisional rules of procedure, I invite the majority of them Palestinians, including a staggering representative of Israel to participate in this meeting. || lements. We call and not being able to shelter them from that trauma. on Israel to reverse their settlement policy, including In the light of that immense suffering, Slovenia the plans for the first new West Bank settlement since supports the Secretary-General’s appeal for a polio 2017. Slovenia calls on Israel to comply with its duties pause. As underlined by the World Health Organization, and obligations under international law, as set out by UNICEF and the United Nations Relief and Works the International Court of Justice in its provisional Agency for Palestine Refugees in the Near East, a measures and in its advisory opinion, as well as in humanitarian pause is crucial to allow for two rounds the relevant Security Council resolutions. We strongly of vaccination campaigns to take place. Such days of condemn settler violence. Negative trends will not tranquillity would enable children and families to reach cease with inflammatory rhetoric and provocations, health facilities and United Nations entities to carry in",MACHINE_EXTRACTED_CONTEXT_NOT_HUMAN_CODING_EVIDENCE_OR_PIN_CITE
ICJ-192-2024-05-24||SC_MEETING::SCM|S/PV.9715,S/PV.9715,2,3,STRICT_CANDIDATE_3_COLLECTIVE_ACTION_AND_ORDER_NEXUS,1,1,0,israel|israeli,gaza|israel|rafah,"agenda colleagues were fired upon two days ago in their marked vehicle and survived by sheer luck. We cannot plan more The agenda was adopted. than 24 hours in advance because we struggle to know what supplies we will have, when we will have them or The situation in the Middle East, including the where we will be able to deliver. The lives of 2.1 million Palestinian question people cannot depend on luck and hope alone. The President: In accordance with rule 39 of Evacuation orders issued by the Israeli military the Council’s provisional rules of procedure, I invite have spiked, with devastating impacts on civilians. So the following briefers to participate in this meeting: far this month, 16 orders have been issued. Between Ms. Joyce Msuya, Acting Under-Secretary-General for 19 and 24 August alone, five such orders were Humanitarian Affairs and Acting Emergency Relief issued — the largest number of orders issued in a single Coordinator; and Dr. Michael Ryan, Deputy Director- week since the s || agenda colleagues were fired upon two days ago in their marked vehicle and survived by sheer luck. We cannot plan more The agenda was adopted. than 24 hours in advance because we struggle to know what supplies we will have, when we will have them or The situation in the Middle East, including the where we will be able to deliver. The lives of 2.1 million Palestinian question people cannot depend on luck and hope alone. The President: In accordance with rule 39 of Evacuation orders issued by the Israeli military the Council’s provisional rules of procedure, I invite have spiked, with devastating impacts on civilians. So the following briefers to participate in this meeting: far this month, 16 orders have been issued. Between Ms. Joyce Msuya, Acting Under-Secretary-General for 19 and 24 August alone, five such orders were Humanitarian Affairs and Acting Emergency Relief issued — the largest number of orders issued in a single Coordinator; and Dr. Michael Ryan, Deputy Director- week since the st || en Ms. Joyce Msuya, Acting Under-Secretary-General for 19 and 24 August alone, five such orders were Humanitarian Affairs and Acting Emergency Relief issued — the largest number of orders issued in a single Coordinator; and Dr. Michael Ryan, Deputy Director- week since the start of the crisis. Those orders affected General and Executive Director, Health Emergencies a quarter of a million people in 33 neighbourhoods Programme, World Health Organization. in Deir Al-Balah, Khan Younis and northern Gaza. The Security Council will now begin its Health clinics, water wells, a desalination plant and a consideration of the item on its agenda. water reservoir, as well as the Al-Aqsa Hospital, one of the last functioning larger hospitals in Gaza, were all I give the floor to Ms. Msuya. affected by the most recent orders. Water production in Ms. Msuya: I thank you, Mr. President, for this Deir Al-Balah has been reduced by around 85 per cent. opportunity to brief the Security Council on the The subseq || ity of health systems is compromised by to Egypt and Jordan, and from there to third countries physical damage, lack of fuel, limited medical supplies when needed, must be facilitated. WHO appeals for the and loss of staff. establishment of multiple medical evacuation corridors As of 23 August, there are nine operational field to ensure the sustained, organized, safe and timely hospitals: two in Deir Al-Balah, five in Khan Younis passage of patients via all possible routes, including and two in Rafah. Hospitals in the north are facing dire Rafah and Kerem Shalom. 4/20 24-25145 29/08/2024 The situation in the Middle East, including the Palestinian question S/PV.9715 The destruction of water, sanitation and hygiene best of WHO, the best of UNICEF, the best of OCHA infrastructure has also contributed to the spread of and the best of the United Nations, and we would like to infectious diseases. With 67 per cent of Gaza’s water, dedicate our work in the coming days not only to saving sanitation || igation to allow and and significantly more aid in. We call on both Israel and facilitate rapid and unimpeded humanitarian access Hamas to urgently take the deal on the table. We must to all civilians in need. That therefore also applies to then see irreversible steps towards a two-State solution, armed groups such as Hamas. Furthermore, Switzerland the best means of ensuring long-term peace for Israelis recalls that Israel, as the occupying Power, and as and Palestinians alike. recalled by the International Court of Justice, is obliged to fulfil the humanitarian needs of the population. Mrs. Baeriswyl (Switzerland) (spoke in French): As my British colleague did, I would like to start by As a result of the catastrophic conditions in Gaza, thanking the Acting Under-Secretary-General for as we have heard, polio has resurfaced there. It is Humanitarian Affairs, Joyce Msuya, and the Executive imperative that the vaccination campaign planned by Director of the World Health Organization Health the United Nations be carri",MACHINE_EXTRACTED_CONTEXT_NOT_HUMAN_CODING_EVIDENCE_OR_PIN_CITE
ICJ-192-2024-05-24||SC_MEETING::SCM|S/PV.9717,S/PV.9717,2,3,STRICT_CANDIDATE_3_COLLECTIVE_ACTION_AND_ORDER_NEXUS,1,1,0,israel|israeli,gaza|israel|rafah,"t and to observe the appropriate standards of Expression of thanks to the outgoing President tone, wording and context in their remarks. The President: I should like to take this opportunity I give the floor to Ms. DiCarlo. to pay tribute, on behalf of the Council, to our colleague Ms. DiCarlo: Nearly a year has passed since His Excellency Mr. Michael Imran Kanu, Permanent the horrific attacks by Hamas and other Palestinian Representative of the Republic of Sierra Leone, for his armed groups in Israel — the single deadliest attack service as President of the Council for the month of in the country’s history. More than 1,250 Israelis and August. I am sure I speak for all members of the Council foreign nationals were killed, and approximately 250 in expressing deep appreciation to Ambassador Kanu individuals were abducted and taken into Gaza. and his team for the great diplomatic skill with which they conducted the Council’s business last month. The A few days ago, we learned the heartbreaking || rks. The President: I should like to take this opportunity I give the floor to Ms. DiCarlo. to pay tribute, on behalf of the Council, to our colleague Ms. DiCarlo: Nearly a year has passed since His Excellency Mr. Michael Imran Kanu, Permanent the horrific attacks by Hamas and other Palestinian Representative of the Republic of Sierra Leone, for his armed groups in Israel — the single deadliest attack service as President of the Council for the month of in the country’s history. More than 1,250 Israelis and August. I am sure I speak for all members of the Council foreign nationals were killed, and approximately 250 in expressing deep appreciation to Ambassador Kanu individuals were abducted and taken into Gaza. and his team for the great diplomatic skill with which they conducted the Council’s business last month. The A few days ago, we learned the heartbreaking news Council engaged in several key discussions while at the of the killing of six Israeli hostages, whose bodies same time sailing  || ichael Imran Kanu, Permanent the horrific attacks by Hamas and other Palestinian Representative of the Republic of Sierra Leone, for his armed groups in Israel — the single deadliest attack service as President of the Council for the month of in the country’s history. More than 1,250 Israelis and August. I am sure I speak for all members of the Council foreign nationals were killed, and approximately 250 in expressing deep appreciation to Ambassador Kanu individuals were abducted and taken into Gaza. and his team for the great diplomatic skill with which they conducted the Council’s business last month. The A few days ago, we learned the heartbreaking news Council engaged in several key discussions while at the of the killing of six Israeli hostages, whose bodies same time sailing smoothly through the month. were recovered by the Israeli Defense Forces (IDF) in Gaza. I would like to extend my deepest condolences to Adoption of the agenda the bereaved families. I met the loved ones of sever ||  heartbreaking video footage of his The situation in the Middle East, including the capture — images I will never forget. According to the Palestinian question Israeli Government, the hostages had been shot multiple The President: In accordance with rule 37 of the times at close range. They were killed by Hamas shortly Council’s provisional rules of procedure, I invite the before Israeli soldiers were able to reach them inside a representative of Israel to participate in this meeting. tunnel in Rafah. Following the recovery of the bodies, Hamas announced that militants guarding hostages in I propose that the Council invite the Permanent the buildings and tunnels of Gaza had new instructions Observer of the Observer State of Palestine to the United to kill hostages before they could be recovered alive by Nations to participate in the meeting, in accordance Israeli forces. At least 101 hostages are still held in Gaza. with the provisional rules of procedure and the previous They are still den ||  of six Israeli hostages [...] held in Jenin, an area where they have instituted a curfew, in Hamas’ tunnels for over 10 months”, with 101 hostages which has been reported to be seriously affecting the still unaccounted for by Hamas (S/2024/647, p.1). residents and their access to essential services. 24-2558015/27 S/PV.9717 The situation in the Middle East, including the Palestinian question 04/09/2024 The 19 July 2024 advisory opinion of the that incite or undermine efforts towards a peaceful International Court of Justice on the Legal consequences solution of that prolonged conflict. arising from the policies and practices of Israel in Let me conclude by stating that upholding the occupied Palestinian territory, including East human dignity and the rule of law is a shared global Jerusalem has made it clear in its determination, among responsibility. Therefore, Sierra Leone reiterates its others, that “Israel’s continued presence in the occupied condemnation of all acts of violence against civilians Palestinian t",MACHINE_EXTRACTED_CONTEXT_NOT_HUMAN_CODING_EVIDENCE_OR_PIN_CITE
ICJ-192-2024-05-24||SC_MEETING::SCM|S/PV.9725,S/PV.9725,2,2,SAME_CASE_OR_DISPUTE_NO_PROVEN_COLLECTIVE_FOLLOW_THROUGH,1,1,0,israel|israeli,gaza|israel|rafah,"th infrastructure, already crippled, has Palestinian question been further decimated. The President: On behalf of the Council, I would At least 625,000 children remain out of like to note that, with regard to rule 37 and rule 39 of the school — children whose futures are marred by trauma, Council’s provisional rules of procedure, the Council’s loss and deprivation. Every parent hopes for a better, approach will be to consider only those requests for more prosperous future for their children. In Gaza, participation that were submitted before the start of that universal parental desire is dimmed by the grim the meeting. realities of destruction and hopelessness. In accordance with rule 37 of the Council’s Time is slipping away as a man-made humanitarian provisional rules of procedure, I invite the representative crisis has turned Gaza into the abyss. It cannot be of Israel to participate in this meeting. repeated enough: we need an immediate ceasefire, the In accordance with rule 39 of the C || ent hopes for a better, approach will be to consider only those requests for more prosperous future for their children. In Gaza, participation that were submitted before the start of that universal parental desire is dimmed by the grim the meeting. realities of destruction and hopelessness. In accordance with rule 37 of the Council’s Time is slipping away as a man-made humanitarian provisional rules of procedure, I invite the representative crisis has turned Gaza into the abyss. It cannot be of Israel to participate in this meeting. repeated enough: we need an immediate ceasefire, the In accordance with rule 39 of the Council’s immediate and unconditional release of all hostages and provisional rules of procedure, I invite the following unimpeded, continuous humanitarian access to deliver briefers to participate in this meeting: Ms. Sigrid Kaag, aid at scale throughout the Gaza Strip. The continued Senior Humanitarian and Reconstruction Coordinator lack of effective protection for civilians  || s will be a sober and sombre people in need. Tragically, in Gaza, nowhere is safe. assessment of the situation on the ground. I remain deeply mindful of the profound responsibility the Diseases such as the polio virus, which had international community bears in addressing the been consigned to history in the Gaza Strip, have tragedy of the war. now reappeared owing to the collapse of essential services. Following the detection of the virus, the Nearly a year has passed since the horrific terror Israeli authorities immediately engaged with my team. attack by Hamas and other Palestinian armed groups Following intensive coordination, the first round of against Israel on 7 October 2023, which claimed 1,250 a two-round vaccination campaign led by the World Israeli and foreign lives and led to the abduction of Health Organization (WHO), the United Nations approximately 250 hostages. At least 101 hostages are Relief and Works Agency for Palestine Refugees in the reported to be still alive and still  || pply chain management system for Gaza, address maintaining a lean, agile and efficient operation through the unpredictability of pipelines, delays at the screening a hybrid model with UNOPS and seconded experts points, multiple inspection and transloading points, from certain agencies. Routes have been established, and build confidence and transparency in the flow of systems are in place and proposals have been made to humanitarian aid into Gaza. the parties concerning the option to re-open the Rafah border crossing. That is just one of the many examples. Since May, the mechanism has been running the integrated database covering humanitarian But despite those continuous efforts, the only consignments going through Cyprus and, since June, credible measure of change and progress are the actual those along the Jordan corridor. It has also captured conditions on the ground in Gaza, and the horrors of consignments being sent from the West Bank and from the past 11 months have made it painfully c || The situation in the Middle East, including the Palestinian question S/PV.9725 which the Israelis are not making exceptions for schools, vaccination campaign shows that this is possible. hospitals or United Nations humanitarian convoys. It is essential to remove obstacles to assistance. It must be possible to use all access points, as Gazan Therefore, regardless of what has been said in civilians are in a situation of absolute emergency, and this Chamber today about humanitarian operations, the International Court of Justice demanded that. The the priority remains the same — we must ensure an goods entering Gaza must correspond to the reality of immediate and comprehensive ceasefire in Gaza. humanitarian needs and reach their intended recipients. However, this time there must not be empty words, such There are still too many restrictions on the goods and as those in resolution 2735 (2024), which was not viable supplies that can enter Gaza, in particular for health even when it was adopted — and we have talked about",MACHINE_EXTRACTED_CONTEXT_NOT_HUMAN_CODING_EVIDENCE_OR_PIN_CITE
ICJ-192-2024-05-24||SC_MEETING::SCM|S/PV.9728,S/PV.9728,2,2,SAME_CASE_OR_DISPUTE_NO_PROVEN_COLLECTIVE_FOLLOW_THROUGH,1,1,0,israel|israeli,gaza|israel|rafah,"s.un.org). 24-26923 (E) Accessible document Please recycle *2426923* S/PV.9728 The situation in the Middle East, including the Palestinian question 19/09/2024 The meeting was called to order at 10 a.m. Settlement activity has continued. In total, some 6,370 housing units were advanced or approved in Adoption of the agenda settlements in the occupied West Bank, including East Jerusalem. Of those, 5,840 housing units were in Area The agenda was adopted. C, including three outposts legalized under Israeli law, and nearly 530 housing units were advanced in the Gilo The situation in the Middle East, including the settlement, in East Jerusalem. Construction tenders Palestinian question were published for approximately 1,100 housing units The President: In accordance with rule 37 of the in settlements, including 780 in East Jerusalem. Council’s provisional rules of procedure, I invite the representative of Israel to participate in this meeting. In settlement-related steps, on 18 July, the Israel De || s.un.org). 24-26923 (E) Accessible document Please recycle *2426923* S/PV.9728 The situation in the Middle East, including the Palestinian question 19/09/2024 The meeting was called to order at 10 a.m. Settlement activity has continued. In total, some 6,370 housing units were advanced or approved in Adoption of the agenda settlements in the occupied West Bank, including East Jerusalem. Of those, 5,840 housing units were in Area The agenda was adopted. C, including three outposts legalized under Israeli law, and nearly 530 housing units were advanced in the Gilo The situation in the Middle East, including the settlement, in East Jerusalem. Construction tenders Palestinian question were published for approximately 1,100 housing units The President: In accordance with rule 37 of the in settlements, including 780 in East Jerusalem. Council’s provisional rules of procedure, I invite the representative of Israel to participate in this meeting. In settlement-related steps, on 18 July, the Israel Def || vour of a settler organization, displacing 35 Palestinians. One I give the floor to Mr. Wennesland. hundred and eighty-eight Palestinians, including 111 Mr. Wennesland: I would like, at the outset, to children, left their occupied West Bank communities, express my grave concern over the growing risk of a citing violence and harassment by settlers and shrinking widescale regional escalation. The series of explosions grazing land. across Lebanon and rockets fired towards Israel in On 19 July, the International Court of Justice recent days adds to the volatility. I call on all sides rendered its advisory opinion on the Legal consequences to refrain from steps that will further exacerbate the arising from the policies and practices of Israel in situation and take immediate steps to de-escalate. the occupied Palestinian territory, including East Turning to today’s briefing, which is devoted to Jerusalem. Among its findings, the Court reaffirmed the thirty-first report of the Secretary-General on the that the Israeli set || nian question S/PV.9728 from the occupied Palestinian Territory. It further and other Palestinian armed groups continued to place stated that the State of Israel’s continued presence in fighters and military equipment among and underneath the occupied Palestinian territory is unlawful, that the areas with dense concentrations of civilians. State of Israel is under an obligation to bring to an end its unlawful presence in the occupied Palestinian territory Israeli operations continued throughout Gaza, as rapidly as possible and that all States are under an displacing hundreds of thousands of Palestinians. obligation not to recognize as legal the situation arising Eighty-nine per cent of Gaza has been placed under from the unlawful presence of the State of Israel in the evacuation orders at one point or another since occupied Palestinian territory and not to render aid or 7 October 2023. New evacuation orders have reduced assistance in maintaining the situation created by the the size of the || round of sanctions and restrictive UNICEF, with support from other agencies, including measures against settlers and entities. On 13 July, UNRWA. Thus far, the campaign has vaccinated 70 per Argentina designated Hamas a terrorist organization cent of some 650,000 children under 10. and ordered a freeze on its financial assets. From 21 to 23 July, Palestinian factions, including Fatah and Following the Israeli military ground operations Hamas, attended reconciliation talks in Beijing, where into Rafah and the subsequent closure of the Rafah they signed a declaration reiterating their commitment crossing in May, humanitarian organizations faced to form a national unity Government and implement many obstacles that impeded their ability to regularly previous agreements. pick up supplies entering through the Karem Abu Salem/ Kerem Shalom crossing, including continued hostilities, In conclusion, allow me to share the Secretary- impassable roads and deteriorating civil order. General’s observation",MACHINE_EXTRACTED_CONTEXT_NOT_HUMAN_CODING_EVIDENCE_OR_PIN_CITE
ICJ-192-2024-05-24||SC_MEETING::SCM|S/PV.9730,S/PV.9730,2,2,SAME_CASE_OR_DISPUTE_NO_PROVEN_COLLECTIVE_FOLLOW_THROUGH,1,0,0,israel|israeli,gaza|israel,"f explosions, smaller in scale but more lethal, was reported throughout The situation in the Middle East, including the the same areas of Lebanon. This time, the devices Palestinian question involved were two-way handheld radios reportedly The President: In accordance with rule 37 of the used by Hizbullah. Devices exploded in homes, cars, Council’s provisional rules of procedure, I invite the supermarkets and streets. Lebanon’s Ministry of Public representatives of the Islamic Republic of Iran, Israel, Health stated that 37 people were killed, including two Lebanon and the Syrian Arab Republic to participate in children, and more than 3,400 people were injured in this meeting. the successive explosions. Medical professionals and hospitals are working around the clock to help the On behalf of the Council, I welcome His Excellency wounded. The members of Lebanese society, old and Mr. Abdallah Bouhabib, Minister for Foreign Affairs young, have been in profound shock and panic. and Emigrants of  || Secretary-General for Political on 19 September, the Hizbullah Secretary-General, and Peacebuilding Affairs; and Mr. Volker Türk, Hassan Nasrallah, said in response to the attacks that United Nations High Commissioner for Human Rights. “Israel exceeded all limits, laws and red lines” and The Security Council will now begin its vowed “to exact a heavy price and a fair punishment.” consideration of the item on its agenda. He reiterated that the Lebanon front would stop only once the aggression on Gaza ended. I give the floor to Ms. DiCarlo. In a letter to the President of the Security Council Ms. DiCarlo: I thank you, Mr. President, for the on 18 September, the Islamic Republic of Iran blamed opportunity to brief the Council on the situation in Israel for the explosions. Noting that its Ambassador to Lebanon and the region, including the most recent Lebanon was among those wounded, Iran stated that it alarming developments. “reserves its rights under international law to take For nearly a ye || aily basis. Those exchanges have To date, the Government of Israel has made no official been in repeated breach of the cessation of hostilities comment on those developments. and in violation of resolution 1701 (2006). Strikes and Since the explosions on 17 and 18 September, exchanges of fire have expanded in scope and intensity, exchanges of fire across the Blue Line have continued, and in some instances reached much deeper into showing worrisome signs of escalation. The exchanges Lebanese and Israeli territory. Over 100,000 people include some of the heaviest bombardment of southern have been displaced from southern Lebanon. At least Lebanon since 8 October 2023. Israeli aircraft have 60,000 have been displaced from northern Israel. The conducted a high number of air strikes and overflights, exchanges of fire have caused numerous casualties, including breaking the sound barrier over Beirut on including among civilians, and significant damage to several occasions. In addition, we are receivi ||  precisely for in August, more than 500 people have been killed moments like these, when life, dignity and our very and more than 2,400 injured, and, according to the humanity are at risk. As such, States must not — International Organization for Migration, more than cannot — accept blatant disregard for international law, 110,000 displaced in Lebanon. The Government of including binding decisions of the Security Council Israel reported 48 people killed in Israel and more than and orders of the International Court of Justice. They 63,000 displaced in the context of those hostilities. must not — cannot — allow the hollowing out of 4/22 24-27071 20/09/2024 The situation in the Middle East, including the Palestinian question S/PV.9730 international law and its protective core, neither in this Those acts of aggression amount to war crimes. nor in any other situation around the world. All States, The deliberate and indiscriminate nature of those particularly those with influence, must do everything Israeli strikes has ",MACHINE_EXTRACTED_CONTEXT_NOT_HUMAN_CODING_EVIDENCE_OR_PIN_CITE
ICJ-192-2024-05-24||SC_MEETING::SCM|S/PV.9734,S/PV.9734,2,3,STRICT_CANDIDATE_3_COLLECTIVE_ACTION_AND_ORDER_NEXUS,1,1,0,israel|israeli,gaza|israel|rafah,"under the signature of a member of the delegation concerned to the Chief of the Verbatim Reporting Service, room AB-0928 (verbatimrecords@un.org). Corrected records will be reissued electronically on the Official Document System of the United Nations (http://documents.un.org). 24-27644 (E) Accessible document Please recycle *2427644* S/PV.9734 The situation in the Middle East, including the Palestinian question 27/09/2024 The meeting was called to order at 3.05 p.m. thousands of Palestinians in Gaza, including many women and children. Countless others have been Adoption of the agenda injured, maimed and traumatized for life. The speed and scale of the killing and destruction in Gaza are The agenda was adopted. unlike anything in my years as Secretary-General. Nothing can also justify the collective punishment of The situation in the Middle East, including the the Palestinian people. Over the past year, virtually the Palestinian question entire population of Gaza has been displaced — many T ||  health care. All are in Chamber. Their presence today underscores the constant fear for their lives. importance of the subject matters under discussion. In the face of that destruction, international In accordance with rule 37 of the Council’s humanitarian law is in tatters. And let us be clear: provisional rules of procedure, I invite the violations by one side cannot be used to justify representatives of Egypt, the Islamic Republic of Iran, violations by the other. The humanitarian system is Israel, Jordan, Norway, Saudi Arabia, the Syrian Arab hanging by a thread. Some 226 of our own colleagues Republic and Türkiye to participate in this meeting. have been killed, many with their families. I call for investigations and accountability for those killings. I propose that the Council invite His Excellency Mr. Mohamed Mustafa, Prime Minister and Minister At the same time, violence continues in the for Foreign Affairs and Expatriates of the Observer occupied West Bank, including East Jerusalem || own colleagues Republic and Türkiye to participate in this meeting. have been killed, many with their families. I call for investigations and accountability for those killings. I propose that the Council invite His Excellency Mr. Mohamed Mustafa, Prime Minister and Minister At the same time, violence continues in the for Foreign Affairs and Expatriates of the Observer occupied West Bank, including East Jerusalem. Some State of Palestine, to participate in the meeting, in 700 Palestinians and 14 Israelis have been killed accordance with the provisional rules of procedure and since 7 October — the highest number on both sides previous practice in this regard. in more than two decades. The construction of new settlements, landgrabs, demolitions and settler violence There being no objection, it is so decided. all continue. The advisory opinion of the International In accordance with rule 39 of the Council’s Court of Justice found that Israel’s continued presence provisional rules of procedure, I  || ay to end the occupation and prosperity, where its people can live in dignity in a achieve the independence of the State of Palestine and sovereign State among States and as a free nation implement the two-State solution. among nations. Fourthly, we call on Member States to support our We want to be free from the illegal Israeli national plan Build Palestine, including to build our occupation without delay, in accordance with the economy and consolidate our institutions. advisory opinion of the International Court of Justice on the Legal consequences arising from the policies If impunity ends, the Israeli occupation will end. and practices of Israel in the occupied Palestinian If the Israeli occupation ends, we will achieve shared territory, including East Jerusalem. We want our free peace and security. A free Palestine is the sole key that and sovereign independent State, with East Jerusalem can unlock a peaceful future for our region and unleash as its capital. We want our people to live on their own its potentia ||  Palestinian people will continue to Strip, the occupation forces have persisted in exacting try for generations to come. Such is history and such vengeance on the people of Gaza, using starvation and is the future. The Palestinian people have rights that siege as a weapon against the Palestinians and forcing must be fulfilled if the region is to enjoy its right to them to leave their homes. Israel has occupied the security and peace. The light of Palestinian rights will Palestinian side of the Rafah crossing and prevented pierce the darkness of Israeli injustice, and Israel’s United Nations agencies and relief organizations from falsehood will end sooner or later. Indeed, the Council distributing aid inside the Gaza Strip. For months it has must end it sooner rather than later, so that oppression left civilians without belongings, medicine or sufficient and injustice do not turn the future into the vortex of food, causing a protracted humanitarian catastrophe. conflict, murder, misery and ",MACHINE_EXTRACTED_CONTEXT_NOT_HUMAN_CODING_EVIDENCE_OR_PIN_CITE
ICJ-192-2024-05-24||SC_MEETING::SCM|S/PV.9744,S/PV.9744,2,2,SAME_CASE_OR_DISPUTE_NO_PROVEN_COLLECTIVE_FOLLOW_THROUGH,1,1,0,israel|israeli|south africa,gaza|israel|south africa,"E) Accessible document Please recycle *2428807* S/PV.9744 The situation in the Middle East, including the Palestinian question 09/10/2024 The meeting was called to order at 3 p.m. been forced to flee multiple times, searching for safety that does not exist. The latest developments in the Adoption of the agenda north are especially alarming. Hundreds of thousands of people are again being pushed to move to the south, The agenda was adopted. where living conditions are intolerable. And yet again, Gazans are teetering on the edge of a man-made famine. The situation in the Middle East, including the Palestinian question Children in Gaza have not been spared. They The President (spoke in French): At the outset, I have been killed, injured and orphaned in shocking would like to point out that the Security Council is a numbers. More than 650,000 children are out of school, place of respect, and I request that, in their observations, deeply traumatized and living in the rubble. They have that all  || ways been a source of pride, is participants — members and non-members alike — to new. We cannot afford to lose an entire generation and keep their statement to under five minutes. sow the seeds of future hatred and extremism. That is why the United Nations Relief and Works Agency for In accordance with rule 37 of the Council’s Palestine Refugees in the Near East (UNRWA), beyond provisional rules of procedure, I invite the its life-saving operations, has resumed some learning representatives of Israel, Mauritania and Türkiye to activities in Gaza. Every day, we provide psychosocial participate in this meeting. services to thousands of children. We are building on I propose that the Council invite the Permanent those activities to help them read, write and do some Observer of the Observer State of Palestine to the United basic arithmetic. Bringing children back to learning Nations to participate in this meeting, in accordance should be a collective and urgent priority. with the provisional ru ||  Lisa Doughten, Director of the Financing and Partnerships Division, Office for the Beyond Gaza, the West Bank is gripped by escalating Coordination of Humanitarian Affairs. violence. Nearly 700 people have been killed in the past year, among them were more than 160 children. The Security Council will now begin its Civilian life is becoming increasingly militarized, consideration of the item on its agenda. and settlement activity is expanding aggressively. I give the floor to Mr. Lazzarini. The Israeli security forces routinely destroy public infrastructure during military operations, inflicting Mr. Lazzarini: To my deep regret, one year after collective punishment on Palestinians. the abhorrent attacks against Israel and the catastrophic war on Gaza, no end is in sight to the brutal violence Lebanon is the latest casualty of the widening engulfing the region. It has been a year of profound loss conflict. Civilians are paying a heavy price. Air strikes and suffering, a year of dehumanization  || nsuring civilians are protected and their second intifada, which took place at the beginning of essential needs for survival met, wherever they are, the century. The Israeli occupying Power’s aim is clear: whether they can evacuate or not. It means ensuring that to push Palestinians out of their homeland, in keeping humanitarian operations are protected and facilitated, with the sinister goal of having no Palestinian west of including in accordance with the provisional orders the Jordan. of the International Court of Justice, for all civilians in need. Yesterday the Israeli military threatened to forcibly remove patients, displaced persons and medical staff Urgent diplomatic efforts are needed to de-escalate from Kamal Adwan Hospital, Al-Awda Hospital and the situation in the occupied Palestinian territory and the Indonesian hospital in northern Gaza. This comes to prevent a wider regional descent into bloodshed. in the context of the brutal military campaign Israel Member States must take steps to achieve an immed || irector of the Financing and Partnerships Division and Immunities of the United Nations, the International at the Office for the Coordination of Humanitarian Court of Justice’s indication of provisional measures in Affairs, for their briefings. We appreciate the invaluable its order on the Application of the Convention on the leadership of Commissioner-General Lazzarini and his Prevention and Punishment of the Crime of Genocide unwavering commitment to humanitarian work under in the Gaza Strip (South Africa v. Israel), the General the direst conditions. Assembly’s mandate for UNRWA and various other As the Chair of the Working Group on the Financing international legal commitments. The Secretary-General of the United Nations Relief and Works Agency for warned yesterday that the legislation, if implemented, 26/27 24-28807 09/10/2024 The situation in the Middle East, including the Palestinian question S/PV.9744 could severely impact the international humanitarian 10/24, which was recently adopted, ",MACHINE_EXTRACTED_CONTEXT_NOT_HUMAN_CODING_EVIDENCE_OR_PIN_CITE
ICJ-192-2024-05-24||SC_MEETING::SCM|S/PV.9750,S/PV.9750,2,2,SAME_CASE_OR_DISPUTE_NO_PROVEN_COLLECTIVE_FOLLOW_THROUGH,1,1,0,israel|israeli|south africa,gaza|israel|rafah|south africa,"ion 16/10/2024 The meeting was called to order at 10 a.m. injuries. If such horror does not awaken our sense of humanity and propel us to action, what will? Some 20 Adoption of the agenda families lost both their shelter and belongings in the fire. Just hours before, a strike on a school serving as The agenda was adopted. a shelter in Nuseirat killed more than 20 people and injured scores of others, according to local sources. The situation in the Middle East, including the Palestinian question Israel’s military offensive is intensifying in the north. Heavy fighting in and around Jabaliya, The President (spoke in French): At the outset, which is under siege, continues to be reported, as I would like to remind everyone that the Council is a place of respect — respect among members of the does indiscriminate rocket fire by Palestinian armed Organization and respect vis-à-vis their representatives. groups towards Israel. Since the beginning of October, I urge all speakers to observe appropriate || nia to participate from reaching the wounded trapped under the rubble, in this meeting. who were calling for help after their home was hit. The I propose that the Council invite the Permanent images emerging from the camp show a traumatized Observer of the Observer State of Palestine to the population, running for their lives, with no safe place United Nations to participate in this meeting, in to go. accordance with the provisional rules of procedure and Only three of the 10 hospitals in North Gaza the previous practice in this regard. governorate are now operational — and those only There being no objection, it is so decided. at minimum capacity. The facilities are facing dire shortages of fuel, blood, trauma treatment In accordance with rule 39 of the Council’s and medications. Women are giving birth under provisional rules of procedure, I invite Ms. Joyce Msuya, heavy bombardment. For the 155,000 pregnant and Acting Under-Secretary-General for Humanitarian breastfeeding women in Gaza,  || he Council on the humanitarian United Nations, an international non-governmental situation in the occupied Palestinian territory. Since organization and the Palestine Red Crescent we previously briefed the Council on 9 October (see Society — was finally able to reach the Kamal Adwan S/PV.9744) — just one week ago — the people of Gaza and Al-Sahaba Hospitals in northern Gaza, after nine have suffered multiple mass casualty incidents owing separate attempts in which they were denied or impeded to Israeli air strikes. In just one week, nearly 400 by Israeli forces — nine. The team eventually transferred Palestinians have reportedly been killed in Gaza and more than a dozen critical patients from Kamal Adwan almost 1,500 have been injured. Hospital to Al-Shifa Hospital. Additional patients and The world has seen the images of patients and their companions, who had previously been transferred displaced persons sheltering near Al-Aqsa Hospital, to Kamal Adwan Hospital from Al-Awda Hospital, were bu || uring the first two weeks of October, just 1 out Hostages must be immediately released, and, until they of 54 coordinated movements to the north via the are, they must be allowed visits from the International Al-Rashid checkpoint was facilitated by the Israeli Committee of the Red Cross. Indiscriminate rocket fire authorities, while another 4 were impeded but eventually towards Israel must stop. The provisional orders and accomplished. Eighty-five per cent of the movements determinations of the International Court of Justice were denied, and the rest were impeded or cancelled must be respected. There must be accountability for owing to security or logistical issues. Throughout international crimes. Gaza, less than a third of the 286 humanitarian missions coordinated with the Israeli authorities in the first The atrocities in Gaza must end, but that cannot two weeks of October were facilitated without major happen through words. It must happen through incidents or delays. Every time a mission is impeded, action — ur || ional of October, further aggravating an already desperate humanitarian law and Security Council resolutions. We hunger situation. recall in that regard the various provisional measures of the International Court of Justice in the case of We must recognize and underscore that the current Application of the Convention on the Prevention and Israel Defense Forces strategy cannot guarantee the Punishment of the Crime of Genocide in the Gaza Strip short or long-term security of Israel. Traumatizing (South Africa v. Israel), which are binding on the parties, and brutalizing entire generations of Palestinians in in particular Israel, on maintaining open the Rafah Gaza will only exacerbate deep-rooted resentment and crossing for unhindered provision at scale of urgently hatred, laying the ground for more violence and tragedy needed basic services and humanitarian assistance. in future. Thirdly, we emphasize the need to uphold The modern history of the Middle East tells us that international law, including || rious provisional measures of the International Court of Justice in the case of We must recognize and underscore that the current Application of the Convention on the Prevention and Israel Defense Forces strategy cannot guarantee the Punishment of the Crime of Genocide in the Gaza Strip short or long-term security of Israel. Traumatizing (South Africa v. Israel), which are binding on the parties, and brutalizing entire generations of Palestinians in in particular Israel, on maintaining open the Rafah Gaza will only exacerbate deep-rooted resentment and crossing for unhindered provision at scale of urgently hatred, laying the ground for more violence and tragedy needed basic services and humanitarian assistance. in future. Thirdly, we emphasize the need to uphold The modern history of the Middle East tells us that international law, including humanitarian law, battlefield gains are mere stopgaps; there is no military the Charter of the United Nations and the recent solution to the conflict. ",MACHINE_EXTRACTED_CONTEXT_NOT_HUMAN_CODING_EVIDENCE_OR_PIN_CITE
ICJ-192-2024-05-24||SC_MEETING::SCM|S/PV.9763,S/PV.9763,2,2,SAME_CASE_OR_DISPUTE_NO_PROVEN_COLLECTIVE_FOLLOW_THROUGH,1,1,0,israel|israeli|south africa,gaza|genocide convention|israel|south africa,"s consideration of the item on its agenda. Adoption of the agenda I give the floor to Mr. Wennesland. The agenda was adopted. Mr. Wennesland: We have now entered the second year of this horrific conflict, and the region is on the The situation in the Middle East, including the verge of yet another serious escalation. The violence in Palestinian question the occupied Palestinian territory and the wider region The President (spoke in French): I extend a shows no signs of abating Just yesterday in Gaza, warm welcome to the Ministers and the other high- Israeli forces struck a building in Beit Lahiya, leaving level representatives present in the Chamber. Their at least 60 Palestinians dead, including at least 25 presence today attests to the importance of the issue children, according to preliminary figures provided by for consideration. the Gaza Ministry of Health. That strike is yet another In accordance with rule 37 of the Security in a deadly series of recent mass casualty incidents in Cou || he agenda I give the floor to Mr. Wennesland. The agenda was adopted. Mr. Wennesland: We have now entered the second year of this horrific conflict, and the region is on the The situation in the Middle East, including the verge of yet another serious escalation. The violence in Palestinian question the occupied Palestinian territory and the wider region The President (spoke in French): I extend a shows no signs of abating Just yesterday in Gaza, warm welcome to the Ministers and the other high- Israeli forces struck a building in Beit Lahiya, leaving level representatives present in the Chamber. Their at least 60 Palestinians dead, including at least 25 presence today attests to the importance of the issue children, according to preliminary figures provided by for consideration. the Gaza Ministry of Health. That strike is yet another In accordance with rule 37 of the Security in a deadly series of recent mass casualty incidents in Council’s provisional rules of procedure, I invite the the no || he agenda I give the floor to Mr. Wennesland. The agenda was adopted. Mr. Wennesland: We have now entered the second year of this horrific conflict, and the region is on the The situation in the Middle East, including the verge of yet another serious escalation. The violence in Palestinian question the occupied Palestinian territory and the wider region The President (spoke in French): I extend a shows no signs of abating Just yesterday in Gaza, warm welcome to the Ministers and the other high- Israeli forces struck a building in Beit Lahiya, leaving level representatives present in the Chamber. Their at least 60 Palestinians dead, including at least 25 presence today attests to the importance of the issue children, according to preliminary figures provided by for consideration. the Gaza Ministry of Health. That strike is yet another In accordance with rule 37 of the Security in a deadly series of recent mass casualty incidents in Council’s provisional rules of procedure, I invite the the nor || n, Iraq, Ireland, Israel, sustainable resolution to the conflict. Jordan, Kazakhstan, Kuwait, Lebanon, Liechtenstein, I was again in the Gaza Strip last week, and what I Luxembourg, Malaysia, Maldives, Mauritania, Mexico, witnessed defies imagination. In the southern part of the Morocco, New Zealand, Norway, Oman, Pakistan, Strip, I saw the sheer magnitude of the devastation that Peru, the Philippines, Poland, Portugal, Qatar, Saudi the war has inflicted on the population. I saw immense Arabia, South Africa, Spain, the Syrian Arab Republic, destruction of residential buildings, roads, hospitals Thailand, Tunisia, Türkiye, Uganda, the United Arab and schools. I saw thousands living in makeshift tents, Emirates, the Bolivarian Republic of Venezuela and with nowhere else to go as winter approaches. Let me Viet Nam to participate in this meeting. add anecdotally that, on the way from the crossing into I propose that the Council invite the Permanent Gaza up to the Japanese health compound in Khan Obser || etary-General no reductions in its territory, with no displacement of for Humanitarian Affairs concluded in the Security 4/28 24-31894 29/10/2024 The situation in the Middle East, including the Palestinian question S/PV.9763 Council recently that “the entire population of north people did not surrender; neither should the Council. I Gaza is at risk of dying”. Take a moment to grasp what have said that more than once, and repeat it here. that means. The entire population of north Gaza is at The International Court of Justice delivered risk of dying. Hundreds of thousands of Palestinians provisional orders, considering that there is a real and are at risk of imminent death, faced with the death imminent risk that irreparable prejudice will be caused penalty for refusing to leave their land. to rights found by the Court to be plausible, including I have sat in the Council week after week, and stood the right of the Palestinians in Gaza to be protected from before the General Assembly week after week, hoping acts of g || e at risk of imminent death, faced with the death imminent risk that irreparable prejudice will be caused penalty for refusing to leave their land. to rights found by the Court to be plausible, including I have sat in the Council week after week, and stood the right of the Palestinians in Gaza to be protected from before the General Assembly week after week, hoping acts of genocide and related prohibited acts identified to be able to tell my people that help is on the way. in article III of the Genocide Convention. Instead of They have endured horrors that members watch on their abiding by those orders, Israel not only breached them, television screens, and yet can barely comprehend, but but obliterated them, doubling down on its genocide. their tormentors continue to be shielded, and Palestinian What was a real and imminent risk 10 months ago has victims continue to be abandoned. become an undeniable reality today. Are States willing now to finally denounce this genocide, especially given There is a lot",MACHINE_EXTRACTED_CONTEXT_NOT_HUMAN_CODING_EVIDENCE_OR_PIN_CITE
ICJ-192-2024-05-24||SC_MEETING::SCM|S/PV.9763 (Resumption 1),S/PV.9763 (RESUMPTION 1),2,3,STRICT_CANDIDATE_3_COLLECTIVE_ACTION_AND_ORDER_NEXUS,1,1,0,israel|israeli|south africa|south african,gaza|genocide convention|israel|south africa,"gnature of a member of the delegation concerned to the Chief of the Verbatim Reporting Service, room AB-0928 (verbatimrecords@un.org). Corrected records will be reissued electronically on the Official Document System of the United Nations (http://documents.un.org). 24-31900 (E) Accessible document Please recycle *2431900* S/PV.9763 (Resumption 1) The situation in the Middle East, including the Palestinian question 29/10/2024 The meeting resumed at 3 p.m. humanitarian aid groups, the severity of Gaza’s catastrophe is unprecedented. We appeal to everyone The President (spoke in French): I would like to put a halt to the death toll and mitigate the suffering to remind all speakers to limit their statements to of thousands of people. Kazakhstan backs the growing no more than three minutes in order to enable the demands to guarantee sufficient funding for UNRWA, Security Council to carry out its work expeditiously. the sole lifeline for Gaza. Kazakhstan also encourages Flashing lights on the co || d commitments in support of the United Nations We are also witnessing an escalation in Lebanon. The Relief and Works Agency for Palestine Refugees in the attacks in the Red Sea are a serious threat to maritime Near East (UNRWA). logistics and international trade. Furthermore, the escalating crisis in the Middle East could lead to a The humanitarian suffering of the people in the broader war and risks extending its impact beyond Gaza Strip has become indescribable, as a result of the the region. Israeli aggression that has continued for more than a year and has expanded to the West Bank and subsequently to Kazakhstan firmly believes that the establishment Lebanon, despite the repeated warnings of the dangers of an independent Palestinian State, based on a two- of regional spillover. The State of Qatar reiterates its State solution, is essential to achieving lasting peace in strong condemnation of the brutal aggression and the region. Now more than ever, the Council must play collective punish || d commitments in support of the United Nations We are also witnessing an escalation in Lebanon. The Relief and Works Agency for Palestine Refugees in the attacks in the Red Sea are a serious threat to maritime Near East (UNRWA). logistics and international trade. Furthermore, the escalating crisis in the Middle East could lead to a The humanitarian suffering of the people in the broader war and risks extending its impact beyond Gaza Strip has become indescribable, as a result of the the region. Israeli aggression that has continued for more than a year and has expanded to the West Bank and subsequently to Kazakhstan firmly believes that the establishment Lebanon, despite the repeated warnings of the dangers of an independent Palestinian State, based on a two- of regional spillover. The State of Qatar reiterates its State solution, is essential to achieving lasting peace in strong condemnation of the brutal aggression and the region. Now more than ever, the Council must play collective punishm ||  of the livelihood of an entire people months have passed without any implementation of cannot bring about peace and security for anyone. the provisional measures of the International Court There is broad international recognition, as reflected of Justice, which stipulated that Israel must take all in General Assembly and Security Council resolutions, possible measures to prevent acts against Palestinians that security requires a just, lasting and comprehensive that fall under article II of the Genocide Convention, peace. The only solution to the Palestinian question is prevent incitement to genocide, and provide all basic the two-State solution, which involves the establishment services and humanitarian aid. of an independent Palestinian State with East Jerusalem as its capital, within the 1967 borders, in accordance We reject any attempts to discredit and target with United Nations resolutions and the Arab Peace UNRWA — a humanitarian agency for which there is no Initiative. That would safeguard the ri || sure accountability Palestinian people all kinds of documented violations for any perpetrator of crimes against the Palestinian and crimes that must be subject to accountability by people. All measures must be taken to compel Israel international courts. The continued crimes against the to implement previous Council and General Assembly Palestinian people in Gaza, the West Bank and East resolutions, as well as the provisional measures of the Jerusalem would not have continued for a year were it International Court of Justice. not for the lax attitude of the Security Council, which Secondly, all countries must meet their did not compel Israel to implement its four resolutions. commitments under Council and Assembly resolutions, That emboldened the occupying Power, Israel, to persist especially resolution ES-10/24, adopted by the General in its crimes, targeting schools, hospitals, humanitarian Assembly on 18 September. Any arms exports to Israel convoys and places where women and children gather must stop and any ac || peace and security. In that context, Jordan calls on more than seven decades ago. Since the war started the international community to take unilateral and more than one year ago, the Israeli war machine has collective measures to compel Israel to implement the 6/38 24-31900 29/10/2024 The situation in the Middle East, including the Palestinian question S/PV.9763 (Resumption 1) orders of the International Court of Justice in the case of the Hashemite Kingdom of Jordan as custodian of brought by South Africa on the application of the 1948 the Muslim and Christian holy sites. Convention on the Prevention and Punishment of the We emphasize Jordan’s support for the security, Crime of Genocide in the Gaza Strip. sovereignty and safety of the citizens of brotherly Yesterday the Israeli Knesset adopted two laws Lebanon, as well as the need to end the aggression that would prevent the United Nations Relief and against it and fully implement resolution 1701 (2006). Works Agency for Palestine Refugees in th || nited Nations was created to save applies to all except the State of Israel. We want to succeeding generations from the scourge of war. To repeat again that the resolutions adopted by the Council, live up to that aspiration, all nations must insist on and international law as a whole, cannot be selectively compliance with the Charter and international law. The applied. Giving rights to some and protecting a select action taken by South Africa, joined by other States, few is something that we as South Africans are well is aimed primarily at stopping a genocide in Palestine aware of. peacefully, by holding Israel accountable through The measures being taken by Israel against the the institutions set up by the United Nations for that United Nations Relief and Works Agency for Palestine very purpose. Israel has effectively been granted Refugees in the Near East (UNRWA), including the unprecedented impunity for breaching international adoption of legislation by the Israeli Parliament to law and norms, w",MACHINE_EXTRACTED_CONTEXT_NOT_HUMAN_CODING_EVIDENCE_OR_PIN_CITE
ICJ-192-2024-05-24||SC_MEETING::SCM|S/PV.9763 (Resumption 2),S/PV.9763 (RESUMPTION 2),2,2,SAME_CASE_OR_DISPUTE_NO_PROVEN_COLLECTIVE_FOLLOW_THROUGH,1,0,0,israel|israeli,gaza|genocide convention|israel,".m. on Tuesday, India’s support to the people of Palestine and their 29 October, and resumed at 5.20 p.m. cause has been consistent and unwavering. We support a two-State solution that entails the establishment of The President (spoke in French): I would like to a sovereign, viable and independent State of Palestine remind all speakers to limit their statements to no more within recognized and mutually agreed borders, living than three minutes in order to enable the Council to side by side with Israel in peace with due regard for the carry out its work expeditiously. Flashing lights on legitimate security needs of Israel. the collars of the microphones will prompt speakers to bring their remarks to a close after three minutes. I would also like to state that India was one of the first countries to recognize the State of Palestine, in the I now give the floor to the representative of India. 1980s, and we have supported Palestine’s membership Mr. Parvathaneni (India): At the outset, I thank of || suffering and destruction in the ongoing conflict for dialogue and negotiations. While we implore all the a period of more than 12 months. Tens of thousands parties concerned to work towards peace, we also have lost their lives and many more have been injured. urge all members of the international community in Civilian infrastructure, including schools and hospitals, that endeavour. has been damaged. It is estimated that reconstruction India underlines its abiding faith in its vision efforts in Gaza will take years. of a peaceful and stable Middle East. In India, the The people of Palestine are in dire need of international community has a reliable partner that is humanitarian assistance. We have been calling for willing to continue its engagement with all concerned safe, timely and unimpeded humanitarian supply stakeholders towards forging long-term peace and to the affected population. As we have repeatedly stability in the region. demonstrated in the past, India stands ready to do The P ||  end the war, to hold those on civilian areas in Lebanon and in Israel. In the West responsible to account and to strengthen the work of Bank, we note again that the continued building and this Organization in which we have placed our trust. normalization of settlements are in direct violation of resolution 2334 (2016) and of the obligation therein The President (spoke in French): I now give the to cease all new settlement activities, as put forward floor to the representative of Norway. by the International Court of Justice in its recent advisory opinion. Ms. Brattested (Norway): In January, Israel received a clear message from the International Court Those developments also exemplify the increasing of Justice that it must comply with its obligations under and concerning erosion of the jus ad bellum framework the Genocide Convention. Among other things, the in the region. The decision to begin a military Court demanded that Israel immediately implement operation — which necessarily bears the cost of civilian measu || f the obligation therein The President (spoke in French): I now give the to cease all new settlement activities, as put forward floor to the representative of Norway. by the International Court of Justice in its recent advisory opinion. Ms. Brattested (Norway): In January, Israel received a clear message from the International Court Those developments also exemplify the increasing of Justice that it must comply with its obligations under and concerning erosion of the jus ad bellum framework the Genocide Convention. Among other things, the in the region. The decision to begin a military Court demanded that Israel immediately implement operation — which necessarily bears the cost of civilian measures to ensure that Palestinians in Gaza have access casualties — must be a last resort, and only to ensure to basic services and humanitarian assistance. Despite the protection of civilian life. Attacks in reprisal, for numerous clear demands from the United Nations in example, are prohibited under international l || mediately implement operation — which necessarily bears the cost of civilian measures to ensure that Palestinians in Gaza have access casualties — must be a last resort, and only to ensure to basic services and humanitarian assistance. Despite the protection of civilian life. Attacks in reprisal, for numerous clear demands from the United Nations in example, are prohibited under international law. the past year, the violations of international law have Liechtenstein deplores the adoption by the Israeli continued, with increasing severity. That cannot go on. Parliament of legislation prohibiting cooperation The United Nations Relief and Works Agency with the United Nations Relief and Works Agency for Palestine Refugees in the Near East (UNRWA), for Palestine Refugees in the Near East (UNRWA) mandated by the General Assembly, is the backbone of and aimed at drastically restricting its operations, the international community’s humanitarian response including in East Jerusalem and the Gaza Strip.",MACHINE_EXTRACTED_CONTEXT_NOT_HUMAN_CODING_EVIDENCE_OR_PIN_CITE
ICJ-192-2024-05-24||SC_FORMAL_VOTE::SCV|2128,S/PV.9790,2,2,SAME_CASE_OR_DISPUTE_NO_PROVEN_COLLECTIVE_FOLLOW_THROUGH,1,0,0,israel|israeli,gaza|israel,"an immediate, unconditional and The situation in the Middle East, including the permanent ceasefire to be respected by all parties and Palestinian question reiterates the Council’s demand for the immediate and unconditional release of all hostages. That is one of the The President: In accordance with rule 37 of the most important provisions of the text, since it addresses Council’s provisional rules of procedure, I invite the some of the most fundamental concerns regarding the representative of Israel to participate in this meeting. ongoing hostilities. The text also demands that the I propose that the Council invite the Permanent parties comply with their obligations on international Observer of the Observer State of Palestine to the United law, including international humanitarian law. Nations to participate in this meeting, in accordance Emphasis is also placed on the last four resolutions with the provisional rules of procedure and the previous adopted by the Council in relation to this  || egard. reaffirming the provisions of those resolutions and There being no objection, it is so decided. demanding, in particular, the full and unconditional implementation of resolution 2735 (2024), adopted in The Security Council will now begin its June. consideration of the item on its agenda. Critically, the draft resolution also demands Members of the Council have before them document immediate access by the civilian population in S/2024/835, which contains the text of a draft resolution the Gaza Strip to basic services and humanitarian submitted by Algeria, Ecuador, Guyana, Japan, Malta, assistance indispensable to its survival. While rejecting Mozambique, the Republic of Korea, Sierra Leone, any effort to starve Palestinians, it also demands the Slovenia and Switzerland. facilitation of the full, rapid, safe and unhindered entry The Council is ready to proceed to the vote on the of humanitarian assistance at scale, to and throughout draft resolution before it. the Gaza Strip, and the  ||  We have encouraged regional integration efforts that malnourished children, while air strikes and hostilities would strengthen regional stability and marginalize continue to decimate their land and people. Innocent sources of instability, and we have never wavered in our civilians have been held hostage in squalor by Hamas support for a two-State solution. It is vital that we end and other armed groups for more than a year. Lebanese this war in a way that charts a path forward in the post- and Israeli families along both sides of the Blue Line conflict period that provides governance, security and and beyond have been forcibly displaced from their reconstruction in Gaza and restores dignity for civilians homes and communities in an effort to seek safety. caught in the middle of a war they did not want. We must Those are the consequences of the ongoing failure to work towards a future in which Israelis and Palestinians secure a peaceful solution to this conflict. can live side by side, within || cil’s failure to adopt a resolution and diplomacy on the ground will continue to push that clearly speaks to those demands, Malta stresses them in a more positive direction. We invite others on that the parties to the conflict are fully obligated the Council to join us. to comply with and immediately and effectively Mrs. Frazier (Malta): The draft resolution that we implement the relevant existing Council resolutions had in front of us today (S/2024/835) is the result of a and the orders of the International Court of Justice. We common conviction by the 10 elected members of the unequivocally stress that international law, including 4/15 24-35739 20/11/2024 The situation in the Middle East, including the Palestinian question S/PV.9790 international humanitarian law and international many of whom have no surviving family members to human rights law, must be respected by all parties. care for them? Gaza, once known as a city of children, Despite our disappointment with the result of today’s has tragically become a c",MACHINE_EXTRACTED_CONTEXT_NOT_HUMAN_CODING_EVIDENCE_OR_PIN_CITE
ICJ-192-2024-05-24||SC_MEETING::SCM|S/PV.9790,S/PV.9790,2,2,SAME_CASE_OR_DISPUTE_NO_PROVEN_COLLECTIVE_FOLLOW_THROUGH,1,0,0,israel|israeli,gaza|israel,"an immediate, unconditional and The situation in the Middle East, including the permanent ceasefire to be respected by all parties and Palestinian question reiterates the Council’s demand for the immediate and unconditional release of all hostages. That is one of the The President: In accordance with rule 37 of the most important provisions of the text, since it addresses Council’s provisional rules of procedure, I invite the some of the most fundamental concerns regarding the representative of Israel to participate in this meeting. ongoing hostilities. The text also demands that the I propose that the Council invite the Permanent parties comply with their obligations on international Observer of the Observer State of Palestine to the United law, including international humanitarian law. Nations to participate in this meeting, in accordance Emphasis is also placed on the last four resolutions with the provisional rules of procedure and the previous adopted by the Council in relation to this  || egard. reaffirming the provisions of those resolutions and There being no objection, it is so decided. demanding, in particular, the full and unconditional implementation of resolution 2735 (2024), adopted in The Security Council will now begin its June. consideration of the item on its agenda. Critically, the draft resolution also demands Members of the Council have before them document immediate access by the civilian population in S/2024/835, which contains the text of a draft resolution the Gaza Strip to basic services and humanitarian submitted by Algeria, Ecuador, Guyana, Japan, Malta, assistance indispensable to its survival. While rejecting Mozambique, the Republic of Korea, Sierra Leone, any effort to starve Palestinians, it also demands the Slovenia and Switzerland. facilitation of the full, rapid, safe and unhindered entry The Council is ready to proceed to the vote on the of humanitarian assistance at scale, to and throughout draft resolution before it. the Gaza Strip, and the  ||  We have encouraged regional integration efforts that malnourished children, while air strikes and hostilities would strengthen regional stability and marginalize continue to decimate their land and people. Innocent sources of instability, and we have never wavered in our civilians have been held hostage in squalor by Hamas support for a two-State solution. It is vital that we end and other armed groups for more than a year. Lebanese this war in a way that charts a path forward in the post- and Israeli families along both sides of the Blue Line conflict period that provides governance, security and and beyond have been forcibly displaced from their reconstruction in Gaza and restores dignity for civilians homes and communities in an effort to seek safety. caught in the middle of a war they did not want. We must Those are the consequences of the ongoing failure to work towards a future in which Israelis and Palestinians secure a peaceful solution to this conflict. can live side by side, within || cil’s failure to adopt a resolution and diplomacy on the ground will continue to push that clearly speaks to those demands, Malta stresses them in a more positive direction. We invite others on that the parties to the conflict are fully obligated the Council to join us. to comply with and immediately and effectively Mrs. Frazier (Malta): The draft resolution that we implement the relevant existing Council resolutions had in front of us today (S/2024/835) is the result of a and the orders of the International Court of Justice. We common conviction by the 10 elected members of the unequivocally stress that international law, including 4/15 24-35739 20/11/2024 The situation in the Middle East, including the Palestinian question S/PV.9790 international humanitarian law and international many of whom have no surviving family members to human rights law, must be respected by all parties. care for them? Gaza, once known as a city of children, Despite our disappointment with the result of today’s has tragically become a c",MACHINE_EXTRACTED_CONTEXT_NOT_HUMAN_CODING_EVIDENCE_OR_PIN_CITE
