stage6_pair_key,order_id,case_number,event_date,relative_day,event_type,document_symbol,in_original_233_review,in_reconstructed_120_recall_candidate_set,has_any_review_evidence_in_preserved_package,review_evidence_status,interpretation_rule
ICJ-128-2003-02-05||SC_MEETING::SCM|S/PV.4701,ICJ-128-2003-02-05,128,2003-02-05,0,SC_MEETING,S/PV.4701,0,0,0,NO_PRESERVED_MANUAL_REVIEW_EVIDENCE,UNREVIEWED_IS_NOT_CODED_ZERO
ICJ-128-2003-02-05||SC_MEETING::SCM|S/PV.4702,ICJ-128-2003-02-05,128,2003-02-06,1,SC_MEETING,S/PV.4702,0,0,0,NO_PRESERVED_MANUAL_REVIEW_EVIDENCE,UNREVIEWED_IS_NOT_CODED_ZERO
ICJ-128-2003-02-05||SC_MEETING::SCM|S/PV.4703,ICJ-128-2003-02-05,128,2003-02-06,1,SC_MEETING,S/PV.4703,0,0,0,NO_PRESERVED_MANUAL_REVIEW_EVIDENCE,UNREVIEWED_IS_NOT_CODED_ZERO
ICJ-128-2003-02-05||SC_FORMAL_VOTE::SCV|756,ICJ-128-2003-02-05,128,2003-02-13,8,SC_FORMAL_VOTE,S/PV.4706,0,0,0,NO_PRESERVED_MANUAL_REVIEW_EVIDENCE,UNREVIEWED_IS_NOT_CODED_ZERO
ICJ-128-2003-02-05||SC_MEETING::SCM|S/PV.4704,ICJ-128-2003-02-05,128,2003-02-13,8,SC_MEETING,S/PV.4704,0,0,0,NO_PRESERVED_MANUAL_REVIEW_EVIDENCE,UNREVIEWED_IS_NOT_CODED_ZERO
ICJ-128-2003-02-05||SC_MEETING::SCM|S/PV.4705,ICJ-128-2003-02-05,128,2003-02-13,8,SC_MEETING,S/PV.4705,0,0,0,NO_PRESERVED_MANUAL_REVIEW_EVIDENCE,UNREVIEWED_IS_NOT_CODED_ZERO
ICJ-128-2003-02-05||SC_MEETING::SCM|S/PV.4706,ICJ-128-2003-02-05,128,2003-02-13,8,SC_MEETING,S/PV.4706,0,0,0,NO_PRESERVED_MANUAL_REVIEW_EVIDENCE,UNREVIEWED_IS_NOT_CODED_ZERO
ICJ-128-2003-02-05||SC_MEETING::SCM|S/PV.4707,ICJ-128-2003-02-05,128,2003-02-14,9,SC_MEETING,S/PV.4707,0,0,0,NO_PRESERVED_MANUAL_REVIEW_EVIDENCE,UNREVIEWED_IS_NOT_CODED_ZERO
ICJ-128-2003-02-05||SC_MEETING::SCM|S/PV.4708,ICJ-128-2003-02-05,128,2003-02-14,9,SC_MEETING,S/PV.4708,0,0,0,NO_PRESERVED_MANUAL_REVIEW_EVIDENCE,UNREVIEWED_IS_NOT_CODED_ZERO
ICJ-128-2003-02-05||SC_MEETING::SCM|S/PV.4709,ICJ-128-2003-02-05,128,2003-02-18,13,SC_MEETING,S/PV.4709,0,0,0,NO_PRESERVED_MANUAL_REVIEW_EVIDENCE,UNREVIEWED_IS_NOT_CODED_ZERO
ICJ-128-2003-02-05||SC_MEETING::SCM|S/PV.4709(Resumption1),ICJ-128-2003-02-05,128,2003-02-19,14,SC_MEETING,S/PV.4709(Resumption1),0,0,0,NO_PRESERVED_MANUAL_REVIEW_EVIDENCE,UNREVIEWED_IS_NOT_CODED_ZERO
ICJ-128-2003-02-05||SC_MEETING::SCM|S/PV.4709(Resumption1)/Corr.1,ICJ-128-2003-02-05,128,2003-02-19,14,SC_MEETING,S/PV.4709(Resumption1)/Corr.1,0,0,0,NO_PRESERVED_MANUAL_REVIEW_EVIDENCE,UNREVIEWED_IS_NOT_CODED_ZERO
ICJ-128-2003-02-05||SC_MEETING::SCM|S/PV.4710,ICJ-128-2003-02-05,128,2003-02-20,15,SC_MEETING,S/PV.4710,0,0,0,NO_PRESERVED_MANUAL_REVIEW_EVIDENCE,UNREVIEWED_IS_NOT_CODED_ZERO
ICJ-128-2003-02-05||SC_MEETING::SCM|S/PV.4711,ICJ-128-2003-02-05,128,2003-02-24,19,SC_MEETING,S/PV.4711,0,0,0,NO_PRESERVED_MANUAL_REVIEW_EVIDENCE,UNREVIEWED_IS_NOT_CODED_ZERO
ICJ-128-2003-02-05||SC_MEETING::SCM|S/PV.4712,ICJ-128-2003-02-05,128,2003-02-24,19,SC_MEETING,S/PV.4712,0,0,0,NO_PRESERVED_MANUAL_REVIEW_EVIDENCE,UNREVIEWED_IS_NOT_CODED_ZERO
ICJ-128-2003-02-05||SC_MEETING::SCM|S/PV.4713,ICJ-128-2003-02-05,128,2003-02-25,20,SC_MEETING,S/PV.4713,0,0,0,NO_PRESERVED_MANUAL_REVIEW_EVIDENCE,UNREVIEWED_IS_NOT_CODED_ZERO
ICJ-128-2003-02-05||SC_MEETING::SCM|S/PV.4714,ICJ-128-2003-02-05,128,2003-03-07,30,SC_MEETING,S/PV.4714,0,0,0,NO_PRESERVED_MANUAL_REVIEW_EVIDENCE,UNREVIEWED_IS_NOT_CODED_ZERO
ICJ-128-2003-02-05||SC_MEETING::SCM|S/PV.4715,ICJ-128-2003-02-05,128,2003-03-10,33,SC_MEETING,S/PV.4715,0,0,0,NO_PRESERVED_MANUAL_REVIEW_EVIDENCE,UNREVIEWED_IS_NOT_CODED_ZERO
ICJ-128-2003-02-05||SC_MEETING::SCM|S/PV.4716,ICJ-128-2003-02-05,128,2003-03-10,33,SC_MEETING,S/PV.4716,0,0,0,NO_PRESERVED_MANUAL_REVIEW_EVIDENCE,UNREVIEWED_IS_NOT_CODED_ZERO
ICJ-128-2003-02-05||SC_MEETING::SCM|S/PV.4717,ICJ-128-2003-02-05,128,2003-03-11,34,SC_MEETING,S/PV.4717,0,0,0,NO_PRESERVED_MANUAL_REVIEW_EVIDENCE,UNREVIEWED_IS_NOT_CODED_ZERO
ICJ-128-2003-02-05||SC_MEETING::SCM|S/PV.4717(Resumption1),ICJ-128-2003-02-05,128,2003-03-12,35,SC_MEETING,S/PV.4717(Resumption1),0,0,0,NO_PRESERVED_MANUAL_REVIEW_EVIDENCE,UNREVIEWED_IS_NOT_CODED_ZERO
ICJ-128-2003-02-05||SC_MEETING::SCM|S/PV.4718,ICJ-128-2003-02-05,128,2003-03-12,35,SC_MEETING,S/PV.4718,0,0,0,NO_PRESERVED_MANUAL_REVIEW_EVIDENCE,UNREVIEWED_IS_NOT_CODED_ZERO
ICJ-128-2003-02-05||SC_FORMAL_VOTE::SCV|757,ICJ-128-2003-02-05,128,2003-03-14,37,SC_FORMAL_VOTE,S/PV.4719,0,0,0,NO_PRESERVED_MANUAL_REVIEW_EVIDENCE,UNREVIEWED_IS_NOT_CODED_ZERO
ICJ-128-2003-02-05||SC_MEETING::SCM|S/PV.4719,ICJ-128-2003-02-05,128,2003-03-14,37,SC_MEETING,S/PV.4719,0,0,0,NO_PRESERVED_MANUAL_REVIEW_EVIDENCE,UNREVIEWED_IS_NOT_CODED_ZERO
ICJ-128-2003-02-05||SC_FORMAL_VOTE::SCV|758,ICJ-128-2003-02-05,128,2003-03-18,41,SC_FORMAL_VOTE,S/PV.4720,0,0,0,NO_PRESERVED_MANUAL_REVIEW_EVIDENCE,UNREVIEWED_IS_NOT_CODED_ZERO
ICJ-128-2003-02-05||SC_MEETING::SCM|S/PV.4720,ICJ-128-2003-02-05,128,2003-03-18,41,SC_MEETING,S/PV.4720,0,0,0,NO_PRESERVED_MANUAL_REVIEW_EVIDENCE,UNREVIEWED_IS_NOT_CODED_ZERO
ICJ-128-2003-02-05||SC_MEETING::SCM|S/PV.4720(Resumption1),ICJ-128-2003-02-05,128,2003-03-18,41,SC_MEETING,S/PV.4720(Resumption1),0,0,0,NO_PRESERVED_MANUAL_REVIEW_EVIDENCE,UNREVIEWED_IS_NOT_CODED_ZERO
ICJ-128-2003-02-05||SC_MEETING::SCM|S/PV.4721,ICJ-128-2003-02-05,128,2003-03-19,42,SC_MEETING,S/PV.4721,0,0,0,NO_PRESERVED_MANUAL_REVIEW_EVIDENCE,UNREVIEWED_IS_NOT_CODED_ZERO
ICJ-128-2003-02-05||SC_MEETING::SCM|S/PV.4722,ICJ-128-2003-02-05,128,2003-03-19,42,SC_MEETING,S/PV.4722,0,0,0,NO_PRESERVED_MANUAL_REVIEW_EVIDENCE,UNREVIEWED_IS_NOT_CODED_ZERO
ICJ-128-2003-02-05||SC_FORMAL_VOTE::SCV|759,ICJ-128-2003-02-05,128,2003-03-20,43,SC_FORMAL_VOTE,S/PV.4723,0,0,0,NO_PRESERVED_MANUAL_REVIEW_EVIDENCE,UNREVIEWED_IS_NOT_CODED_ZERO
ICJ-128-2003-02-05||SC_MEETING::SCM|S/PV.4723,ICJ-128-2003-02-05,128,2003-03-20,43,SC_MEETING,S/PV.4723,0,0,0,NO_PRESERVED_MANUAL_REVIEW_EVIDENCE,UNREVIEWED_IS_NOT_CODED_ZERO
ICJ-128-2003-02-05||SC_MEETING::SCM|S/PV.4724,ICJ-128-2003-02-05,128,2003-03-20,43,SC_MEETING,S/PV.4724,0,0,0,NO_PRESERVED_MANUAL_REVIEW_EVIDENCE,UNREVIEWED_IS_NOT_CODED_ZERO
ICJ-128-2003-02-05||SC_FORMAL_VOTE::SCV|760,ICJ-128-2003-02-05,128,2003-03-25,48,SC_FORMAL_VOTE,S/PV.4725,0,0,0,NO_PRESERVED_MANUAL_REVIEW_EVIDENCE,UNREVIEWED_IS_NOT_CODED_ZERO
ICJ-128-2003-02-05||SC_MEETING::SCM|S/PV.4725,ICJ-128-2003-02-05,128,2003-03-25,48,SC_MEETING,S/PV.4725,0,0,0,NO_PRESERVED_MANUAL_REVIEW_EVIDENCE,UNREVIEWED_IS_NOT_CODED_ZERO
ICJ-128-2003-02-05||SC_MEETING::SCM|S/PV.4726,ICJ-128-2003-02-05,128,2003-03-26,49,SC_MEETING,S/PV.4726,0,0,0,NO_PRESERVED_MANUAL_REVIEW_EVIDENCE,UNREVIEWED_IS_NOT_CODED_ZERO
ICJ-128-2003-02-05||SC_MEETING::SCM|S/PV.4726(Resumption1),ICJ-128-2003-02-05,128,2003-03-27,50,SC_MEETING,S/PV.4726(Resumption1),0,0,0,NO_PRESERVED_MANUAL_REVIEW_EVIDENCE,UNREVIEWED_IS_NOT_CODED_ZERO
ICJ-128-2003-02-05||SC_MEETING::SCM|S/PV.4727,ICJ-128-2003-02-05,128,2003-03-27,50,SC_MEETING,S/PV.4727,0,0,0,NO_PRESERVED_MANUAL_REVIEW_EVIDENCE,UNREVIEWED_IS_NOT_CODED_ZERO
ICJ-128-2003-02-05||SC_FORMAL_VOTE::SCV|761,ICJ-128-2003-02-05,128,2003-03-28,51,SC_FORMAL_VOTE,S/PV.4729,0,0,0,NO_PRESERVED_MANUAL_REVIEW_EVIDENCE,UNREVIEWED_IS_NOT_CODED_ZERO
ICJ-128-2003-02-05||SC_FORMAL_VOTE::SCV|762,ICJ-128-2003-02-05,128,2003-03-28,51,SC_FORMAL_VOTE,S/PV.4730,0,0,0,NO_PRESERVED_MANUAL_REVIEW_EVIDENCE,UNREVIEWED_IS_NOT_CODED_ZERO
ICJ-128-2003-02-05||SC_FORMAL_VOTE::SCV|763,ICJ-128-2003-02-05,128,2003-03-28,51,SC_FORMAL_VOTE,S/PV.4732,0,0,0,NO_PRESERVED_MANUAL_REVIEW_EVIDENCE,UNREVIEWED_IS_NOT_CODED_ZERO
ICJ-128-2003-02-05||SC_MEETING::SCM|S/PV.4728,ICJ-128-2003-02-05,128,2003-03-28,51,SC_MEETING,S/PV.4728,0,0,0,NO_PRESERVED_MANUAL_REVIEW_EVIDENCE,UNREVIEWED_IS_NOT_CODED_ZERO
ICJ-128-2003-02-05||SC_MEETING::SCM|S/PV.4729,ICJ-128-2003-02-05,128,2003-03-28,51,SC_MEETING,S/PV.4729,0,0,0,NO_PRESERVED_MANUAL_REVIEW_EVIDENCE,UNREVIEWED_IS_NOT_CODED_ZERO
ICJ-128-2003-02-05||SC_MEETING::SCM|S/PV.4730,ICJ-128-2003-02-05,128,2003-03-28,51,SC_MEETING,S/PV.4730,0,0,0,NO_PRESERVED_MANUAL_REVIEW_EVIDENCE,UNREVIEWED_IS_NOT_CODED_ZERO
ICJ-128-2003-02-05||SC_MEETING::SCM|S/PV.4731,ICJ-128-2003-02-05,128,2003-03-28,51,SC_MEETING,S/PV.4731,0,0,0,NO_PRESERVED_MANUAL_REVIEW_EVIDENCE,UNREVIEWED_IS_NOT_CODED_ZERO
ICJ-128-2003-02-05||SC_MEETING::SCM|S/PV.4731/Corr.1,ICJ-128-2003-02-05,128,2003-03-28,51,SC_MEETING,S/PV.4731/Corr.1,0,0,0,NO_PRESERVED_MANUAL_REVIEW_EVIDENCE,UNREVIEWED_IS_NOT_CODED_ZERO
ICJ-128-2003-02-05||SC_MEETING::SCM|S/PV.4732,ICJ-128-2003-02-05,128,2003-03-28,51,SC_MEETING,S/PV.4732,0,0,0,NO_PRESERVED_MANUAL_REVIEW_EVIDENCE,UNREVIEWED_IS_NOT_CODED_ZERO
ICJ-128-2003-02-05||SC_MEETING::SCM|S/PV.4733,ICJ-128-2003-02-05,128,2003-04-02,56,SC_MEETING,S/PV.4733,0,0,0,NO_PRESERVED_MANUAL_REVIEW_EVIDENCE,UNREVIEWED_IS_NOT_CODED_ZERO
ICJ-128-2003-02-05||SC_FORMAL_VOTE::SCV|764,ICJ-128-2003-02-05,128,2003-04-04,58,SC_FORMAL_VOTE,S/PV.4735,0,0,0,NO_PRESERVED_MANUAL_REVIEW_EVIDENCE,UNREVIEWED_IS_NOT_CODED_ZERO
ICJ-128-2003-02-05||SC_MEETING::SCM|S/PV.4734,ICJ-128-2003-02-05,128,2003-04-04,58,SC_MEETING,S/PV.4734,0,0,0,NO_PRESERVED_MANUAL_REVIEW_EVIDENCE,UNREVIEWED_IS_NOT_CODED_ZERO
ICJ-128-2003-02-05||SC_MEETING::SCM|S/PV.4734(Resumption1),ICJ-128-2003-02-05,128,2003-04-04,58,SC_MEETING,S/PV.4734(Resumption1),0,0,0,NO_PRESERVED_MANUAL_REVIEW_EVIDENCE,UNREVIEWED_IS_NOT_CODED_ZERO
ICJ-128-2003-02-05||SC_MEETING::SCM|S/PV.4734(Resumption1)/Corr.2,ICJ-128-2003-02-05,128,2003-04-04,58,SC_MEETING,S/PV.4734(Resumption1)/Corr.2,0,0,0,NO_PRESERVED_MANUAL_REVIEW_EVIDENCE,UNREVIEWED_IS_NOT_CODED_ZERO
ICJ-128-2003-02-05||SC_MEETING::SCM|S/PV.4735,ICJ-128-2003-02-05,128,2003-04-04,58,SC_MEETING,S/PV.4735,0,0,0,NO_PRESERVED_MANUAL_REVIEW_EVIDENCE,UNREVIEWED_IS_NOT_CODED_ZERO
ICJ-128-2003-02-05||SC_MEETING::SCM|S/PV.4736,ICJ-128-2003-02-05,128,2003-04-07,61,SC_MEETING,S/PV.4736,0,0,0,NO_PRESERVED_MANUAL_REVIEW_EVIDENCE,UNREVIEWED_IS_NOT_CODED_ZERO
ICJ-128-2003-02-05||SC_FORMAL_VOTE::SCV|765,ICJ-128-2003-02-05,128,2003-04-08,62,SC_FORMAL_VOTE,S/PV.4737,0,0,0,NO_PRESERVED_MANUAL_REVIEW_EVIDENCE,UNREVIEWED_IS_NOT_CODED_ZERO
ICJ-128-2003-02-05||SC_MEETING::SCM|S/PV.4737,ICJ-128-2003-02-05,128,2003-04-08,62,SC_MEETING,S/PV.4737,0,0,0,NO_PRESERVED_MANUAL_REVIEW_EVIDENCE,UNREVIEWED_IS_NOT_CODED_ZERO
ICJ-128-2003-02-05||SC_MEETING::SCM|S/PV.4738,ICJ-128-2003-02-05,128,2003-04-10,64,SC_MEETING,S/PV.4738,0,0,0,NO_PRESERVED_MANUAL_REVIEW_EVIDENCE,UNREVIEWED_IS_NOT_CODED_ZERO
ICJ-128-2003-02-05||SC_MEETING::SCM|S/PV.4739,ICJ-128-2003-02-05,128,2003-04-11,65,SC_MEETING,S/PV.4739,0,0,0,NO_PRESERVED_MANUAL_REVIEW_EVIDENCE,UNREVIEWED_IS_NOT_CODED_ZERO
ICJ-128-2003-02-05||SC_MEETING::SCM|S/PV.4739/Corr.1,ICJ-128-2003-02-05,128,2003-04-11,65,SC_MEETING,S/PV.4739/Corr.1,0,0,0,NO_PRESERVED_MANUAL_REVIEW_EVIDENCE,UNREVIEWED_IS_NOT_CODED_ZERO
ICJ-128-2003-02-05||SC_FORMAL_VOTE::SCV|766,ICJ-128-2003-02-05,128,2003-04-14,68,SC_FORMAL_VOTE,S/PV.4740,0,0,0,NO_PRESERVED_MANUAL_REVIEW_EVIDENCE,UNREVIEWED_IS_NOT_CODED_ZERO
ICJ-128-2003-02-05||SC_MEETING::SCM|S/PV.4740,ICJ-128-2003-02-05,128,2003-04-14,68,SC_MEETING,S/PV.4740,0,0,0,NO_PRESERVED_MANUAL_REVIEW_EVIDENCE,UNREVIEWED_IS_NOT_CODED_ZERO
ICJ-128-2003-02-05||SC_MEETING::SCM|S/PV.4741,ICJ-128-2003-02-05,128,2003-04-16,70,SC_MEETING,S/PV.4741,0,0,0,NO_PRESERVED_MANUAL_REVIEW_EVIDENCE,UNREVIEWED_IS_NOT_CODED_ZERO
ICJ-128-2003-02-05||SC_MEETING::SCM|S/PV.4741/Corr.1,ICJ-128-2003-02-05,128,2003-04-16,70,SC_MEETING,S/PV.4741/Corr.1,0,0,0,NO_PRESERVED_MANUAL_REVIEW_EVIDENCE,UNREVIEWED_IS_NOT_CODED_ZERO
ICJ-128-2003-02-05||SC_MEETING::SCM|S/PV.4742,ICJ-128-2003-02-05,128,2003-04-23,77,SC_MEETING,S/PV.4742,0,0,0,NO_PRESERVED_MANUAL_REVIEW_EVIDENCE,UNREVIEWED_IS_NOT_CODED_ZERO
ICJ-128-2003-02-05||SC_FORMAL_VOTE::SCV|767,ICJ-128-2003-02-05,128,2003-04-24,78,SC_FORMAL_VOTE,S/PV.4743,0,0,0,NO_PRESERVED_MANUAL_REVIEW_EVIDENCE,UNREVIEWED_IS_NOT_CODED_ZERO
ICJ-128-2003-02-05||SC_MEETING::SCM|S/PV.4743,ICJ-128-2003-02-05,128,2003-04-24,78,SC_MEETING,S/PV.4743,0,0,0,NO_PRESERVED_MANUAL_REVIEW_EVIDENCE,UNREVIEWED_IS_NOT_CODED_ZERO
ICJ-128-2003-02-05||SC_MEETING::SCM|S/PV.4744,ICJ-128-2003-02-05,128,2003-04-28,82,SC_MEETING,S/PV.4744,0,0,0,NO_PRESERVED_MANUAL_REVIEW_EVIDENCE,UNREVIEWED_IS_NOT_CODED_ZERO
ICJ-128-2003-02-05||SC_FORMAL_VOTE::SCV|768,ICJ-128-2003-02-05,128,2003-04-29,83,SC_FORMAL_VOTE,S/PV.4745,0,0,0,NO_PRESERVED_MANUAL_REVIEW_EVIDENCE,UNREVIEWED_IS_NOT_CODED_ZERO
ICJ-128-2003-02-05||SC_MEETING::SCM|S/PV.4745,ICJ-128-2003-02-05,128,2003-04-29,83,SC_MEETING,S/PV.4745,0,0,0,NO_PRESERVED_MANUAL_REVIEW_EVIDENCE,UNREVIEWED_IS_NOT_CODED_ZERO
ICJ-128-2003-02-05||SC_MEETING::SCM|S/PV.4746,ICJ-128-2003-02-05,128,2003-04-29,83,SC_MEETING,S/PV.4746,0,0,0,NO_PRESERVED_MANUAL_REVIEW_EVIDENCE,UNREVIEWED_IS_NOT_CODED_ZERO
ICJ-128-2003-02-05||SC_MEETING::SCM|S/PV.4747,ICJ-128-2003-02-05,128,2003-04-29,83,SC_MEETING,S/PV.4747,0,0,0,NO_PRESERVED_MANUAL_REVIEW_EVIDENCE,UNREVIEWED_IS_NOT_CODED_ZERO
ICJ-128-2003-02-05||SC_MEETING::SCM|S/PV.4748,ICJ-128-2003-02-05,128,2003-04-30,84,SC_MEETING,S/PV.4748,0,0,0,NO_PRESERVED_MANUAL_REVIEW_EVIDENCE,UNREVIEWED_IS_NOT_CODED_ZERO
ICJ-128-2003-02-05||SC_MEETING::SCM|S/PV.4748/Corr.1,ICJ-128-2003-02-05,128,2003-04-30,84,SC_MEETING,S/PV.4748/Corr.1,0,0,0,NO_PRESERVED_MANUAL_REVIEW_EVIDENCE,UNREVIEWED_IS_NOT_CODED_ZERO
ICJ-128-2003-02-05||SC_MEETING::SCM|S/PV.4749,ICJ-128-2003-02-05,128,2003-05-02,86,SC_MEETING,S/PV.4749,0,0,0,NO_PRESERVED_MANUAL_REVIEW_EVIDENCE,UNREVIEWED_IS_NOT_CODED_ZERO
ICJ-128-2003-02-05||SC_FORMAL_VOTE::SCV|769,ICJ-128-2003-02-05,128,2003-05-06,90,SC_FORMAL_VOTE,S/PV.4751,0,0,0,NO_PRESERVED_MANUAL_REVIEW_EVIDENCE,UNREVIEWED_IS_NOT_CODED_ZERO
ICJ-128-2003-02-05||SC_MEETING::SCM|S/PV.4750,ICJ-128-2003-02-05,128,2003-05-06,90,SC_MEETING,S/PV.4750,0,0,0,NO_PRESERVED_MANUAL_REVIEW_EVIDENCE,UNREVIEWED_IS_NOT_CODED_ZERO
ICJ-128-2003-02-05||SC_MEETING::SCM|S/PV.4751,ICJ-128-2003-02-05,128,2003-05-06,90,SC_MEETING,S/PV.4751,0,0,0,NO_PRESERVED_MANUAL_REVIEW_EVIDENCE,UNREVIEWED_IS_NOT_CODED_ZERO
ICJ-128-2003-02-05||SC_MEETING::SCM|S/PV.4752,ICJ-128-2003-02-05,128,2003-05-06,90,SC_MEETING,S/PV.4752,0,0,0,NO_PRESERVED_MANUAL_REVIEW_EVIDENCE,UNREVIEWED_IS_NOT_CODED_ZERO
ICJ-128-2003-02-05||SC_FORMAL_VOTE::SCV|770,ICJ-128-2003-02-05,128,2003-05-13,97,SC_FORMAL_VOTE,S/PV.4754,0,0,0,NO_PRESERVED_MANUAL_REVIEW_EVIDENCE,UNREVIEWED_IS_NOT_CODED_ZERO
ICJ-128-2003-02-05||SC_MEETING::SCM|S/PV.4753,ICJ-128-2003-02-05,128,2003-05-13,97,SC_MEETING,S/PV.4753,0,0,0,NO_PRESERVED_MANUAL_REVIEW_EVIDENCE,UNREVIEWED_IS_NOT_CODED_ZERO
ICJ-128-2003-02-05||SC_MEETING::SCM|S/PV.4753(Resumption1),ICJ-128-2003-02-05,128,2003-05-13,97,SC_MEETING,S/PV.4753(Resumption1),0,0,0,NO_PRESERVED_MANUAL_REVIEW_EVIDENCE,UNREVIEWED_IS_NOT_CODED_ZERO
ICJ-128-2003-02-05||SC_MEETING::SCM|S/PV.4754,ICJ-128-2003-02-05,128,2003-05-13,97,SC_MEETING,S/PV.4754,0,0,0,NO_PRESERVED_MANUAL_REVIEW_EVIDENCE,UNREVIEWED_IS_NOT_CODED_ZERO
ICJ-128-2003-02-05||SC_MEETING::SCM|S/PV.4755,ICJ-128-2003-02-05,128,2003-05-16,100,SC_MEETING,S/PV.4755,0,0,0,NO_PRESERVED_MANUAL_REVIEW_EVIDENCE,UNREVIEWED_IS_NOT_CODED_ZERO
ICJ-128-2003-02-05||SC_MEETING::SCM|S/PV.4756,ICJ-128-2003-02-05,128,2003-05-16,100,SC_MEETING,S/PV.4756,0,0,0,NO_PRESERVED_MANUAL_REVIEW_EVIDENCE,UNREVIEWED_IS_NOT_CODED_ZERO
ICJ-128-2003-02-05||SC_FORMAL_VOTE::SCV|771,ICJ-128-2003-02-05,128,2003-05-19,103,SC_FORMAL_VOTE,S/PV.4758,0,0,0,NO_PRESERVED_MANUAL_REVIEW_EVIDENCE,UNREVIEWED_IS_NOT_CODED_ZERO
ICJ-128-2003-02-05||SC_FORMAL_VOTE::SCV|772,ICJ-128-2003-02-05,128,2003-05-19,103,SC_FORMAL_VOTE,S/PV.4759,0,0,0,NO_PRESERVED_MANUAL_REVIEW_EVIDENCE,UNREVIEWED_IS_NOT_CODED_ZERO
ICJ-128-2003-02-05||SC_FORMAL_VOTE::SCV|773,ICJ-128-2003-02-05,128,2003-05-19,103,SC_FORMAL_VOTE,S/PV.4760,0,0,0,NO_PRESERVED_MANUAL_REVIEW_EVIDENCE,UNREVIEWED_IS_NOT_CODED_ZERO
ICJ-128-2003-02-05||SC_MEETING::SCM|S/PV.4757,ICJ-128-2003-02-05,128,2003-05-19,103,SC_MEETING,S/PV.4757,0,0,0,NO_PRESERVED_MANUAL_REVIEW_EVIDENCE,UNREVIEWED_IS_NOT_CODED_ZERO
ICJ-128-2003-02-05||SC_MEETING::SCM|S/PV.4758,ICJ-128-2003-02-05,128,2003-05-19,103,SC_MEETING,S/PV.4758,0,0,0,NO_PRESERVED_MANUAL_REVIEW_EVIDENCE,UNREVIEWED_IS_NOT_CODED_ZERO
ICJ-128-2003-02-05||SC_MEETING::SCM|S/PV.4759,ICJ-128-2003-02-05,128,2003-05-19,103,SC_MEETING,S/PV.4759,0,0,0,NO_PRESERVED_MANUAL_REVIEW_EVIDENCE,UNREVIEWED_IS_NOT_CODED_ZERO
ICJ-128-2003-02-05||SC_MEETING::SCM|S/PV.4760,ICJ-128-2003-02-05,128,2003-05-19,103,SC_MEETING,S/PV.4760,0,0,0,NO_PRESERVED_MANUAL_REVIEW_EVIDENCE,UNREVIEWED_IS_NOT_CODED_ZERO
ICJ-128-2003-02-05||SC_FORMAL_VOTE::SCV|774,ICJ-128-2003-02-05,128,2003-05-22,106,SC_FORMAL_VOTE,S/PV.4761,0,0,0,NO_PRESERVED_MANUAL_REVIEW_EVIDENCE,UNREVIEWED_IS_NOT_CODED_ZERO
ICJ-128-2003-02-05||SC_MEETING::SCM|S/PV.4761,ICJ-128-2003-02-05,128,2003-05-22,106,SC_MEETING,S/PV.4761,0,0,0,NO_PRESERVED_MANUAL_REVIEW_EVIDENCE,UNREVIEWED_IS_NOT_CODED_ZERO
ICJ-128-2003-02-05||SC_MEETING::SCM|S/PV.4762,ICJ-128-2003-02-05,128,2003-05-22,106,SC_MEETING,S/PV.4762,0,0,0,NO_PRESERVED_MANUAL_REVIEW_EVIDENCE,UNREVIEWED_IS_NOT_CODED_ZERO
ICJ-128-2003-02-05||SC_MEETING::SCM|S/PV.4762(Resumption1),ICJ-128-2003-02-05,128,2003-05-22,106,SC_MEETING,S/PV.4762(Resumption1),0,0,0,NO_PRESERVED_MANUAL_REVIEW_EVIDENCE,UNREVIEWED_IS_NOT_CODED_ZERO
ICJ-128-2003-02-05||SC_MEETING::SCM|S/PV.4763,ICJ-128-2003-02-05,128,2003-05-28,112,SC_MEETING,S/PV.4763,0,0,0,NO_PRESERVED_MANUAL_REVIEW_EVIDENCE,UNREVIEWED_IS_NOT_CODED_ZERO
ICJ-128-2003-02-05||SC_FORMAL_VOTE::SCV|775,ICJ-128-2003-02-05,128,2003-05-30,114,SC_FORMAL_VOTE,S/PV.4764,0,0,0,NO_PRESERVED_MANUAL_REVIEW_EVIDENCE,UNREVIEWED_IS_NOT_CODED_ZERO
ICJ-128-2003-02-05||SC_FORMAL_VOTE::SCV|776,ICJ-128-2003-02-05,128,2003-05-30,114,SC_FORMAL_VOTE,S/PV.4765,0,0,0,NO_PRESERVED_MANUAL_REVIEW_EVIDENCE,UNREVIEWED_IS_NOT_CODED_ZERO
ICJ-128-2003-02-05||SC_MEETING::SCM|S/PV.4764,ICJ-128-2003-02-05,128,2003-05-30,114,SC_MEETING,S/PV.4764,0,0,0,NO_PRESERVED_MANUAL_REVIEW_EVIDENCE,UNREVIEWED_IS_NOT_CODED_ZERO
ICJ-128-2003-02-05||SC_MEETING::SCM|S/PV.4765,ICJ-128-2003-02-05,128,2003-05-30,114,SC_MEETING,S/PV.4765,0,0,0,NO_PRESERVED_MANUAL_REVIEW_EVIDENCE,UNREVIEWED_IS_NOT_CODED_ZERO
ICJ-128-2003-02-05||SC_MEETING::SCM|S/PV.4766,ICJ-128-2003-02-05,128,2003-05-30,114,SC_MEETING,S/PV.4766,0,0,0,NO_PRESERVED_MANUAL_REVIEW_EVIDENCE,UNREVIEWED_IS_NOT_CODED_ZERO
ICJ-128-2003-02-05||SC_MEETING::SCM|S/PV.4766(Resumption1),ICJ-128-2003-02-05,128,2003-05-30,114,SC_MEETING,S/PV.4766(Resumption1),0,0,0,NO_PRESERVED_MANUAL_REVIEW_EVIDENCE,UNREVIEWED_IS_NOT_CODED_ZERO
ICJ-128-2003-02-05||SC_MEETING::SCM|S/PV.4767,ICJ-128-2003-02-05,128,2003-06-04,119,SC_MEETING,S/PV.4767,0,0,0,NO_PRESERVED_MANUAL_REVIEW_EVIDENCE,UNREVIEWED_IS_NOT_CODED_ZERO
ICJ-128-2003-02-05||SC_MEETING::SCM|S/PV.4768,ICJ-128-2003-02-05,128,2003-06-05,120,SC_MEETING,S/PV.4768,0,0,0,NO_PRESERVED_MANUAL_REVIEW_EVIDENCE,UNREVIEWED_IS_NOT_CODED_ZERO
ICJ-128-2003-02-05||SC_MEETING::SCM|S/PV.4769,ICJ-128-2003-02-05,128,2003-06-05,120,SC_MEETING,S/PV.4769,0,0,0,NO_PRESERVED_MANUAL_REVIEW_EVIDENCE,UNREVIEWED_IS_NOT_CODED_ZERO
ICJ-128-2003-02-05||SC_MEETING::SCM|S/PV.4770,ICJ-128-2003-02-05,128,2003-06-10,125,SC_MEETING,S/PV.4770,0,0,0,NO_PRESERVED_MANUAL_REVIEW_EVIDENCE,UNREVIEWED_IS_NOT_CODED_ZERO
ICJ-128-2003-02-05||SC_FORMAL_VOTE::SCV|777,ICJ-128-2003-02-05,128,2003-06-11,126,SC_FORMAL_VOTE,S/PV.4771,0,0,0,NO_PRESERVED_MANUAL_REVIEW_EVIDENCE,UNREVIEWED_IS_NOT_CODED_ZERO
ICJ-128-2003-02-05||SC_MEETING::SCM|S/PV.4771,ICJ-128-2003-02-05,128,2003-06-11,126,SC_MEETING,S/PV.4771,0,0,0,NO_PRESERVED_MANUAL_REVIEW_EVIDENCE,UNREVIEWED_IS_NOT_CODED_ZERO
ICJ-128-2003-02-05||SC_FORMAL_VOTE::SCV|778,ICJ-128-2003-02-05,128,2003-06-12,127,SC_FORMAL_VOTE,S/PV.4772,0,0,0,NO_PRESERVED_MANUAL_REVIEW_EVIDENCE,UNREVIEWED_IS_NOT_CODED_ZERO
ICJ-128-2003-02-05||SC_MEETING::SCM|S/PV.4772,ICJ-128-2003-02-05,128,2003-06-12,127,SC_MEETING,S/PV.4772,0,0,0,NO_PRESERVED_MANUAL_REVIEW_EVIDENCE,UNREVIEWED_IS_NOT_CODED_ZERO
ICJ-128-2003-02-05||SC_MEETING::SCM|S/PV.4773,ICJ-128-2003-02-05,128,2003-06-13,128,SC_MEETING,S/PV.4773,0,0,0,NO_PRESERVED_MANUAL_REVIEW_EVIDENCE,UNREVIEWED_IS_NOT_CODED_ZERO
ICJ-128-2003-02-05||SC_MEETING::SCM|S/PV.4774,ICJ-128-2003-02-05,128,2003-06-17,132,SC_MEETING,S/PV.4774,0,0,0,NO_PRESERVED_MANUAL_REVIEW_EVIDENCE,UNREVIEWED_IS_NOT_CODED_ZERO
ICJ-128-2003-02-05||SC_MEETING::SCM|S/PV.4774(Resumption1),ICJ-128-2003-02-05,128,2003-06-17,132,SC_MEETING,S/PV.4774(Resumption1),0,0,0,NO_PRESERVED_MANUAL_REVIEW_EVIDENCE,UNREVIEWED_IS_NOT_CODED_ZERO
ICJ-128-2003-02-05||GA_FORMAL_VOTE::GAV|497742,ICJ-128-2003-02-05,128,2003-06-18,133,GA_FORMAL_VOTE,A/57/PV.90,0,0,0,NO_PRESERVED_MANUAL_REVIEW_EVIDENCE,UNREVIEWED_IS_NOT_CODED_ZERO
ICJ-128-2003-02-05||SC_MEETING::SCM|S/PV.4775,ICJ-128-2003-02-05,128,2003-06-18,133,SC_MEETING,S/PV.4775,0,0,0,NO_PRESERVED_MANUAL_REVIEW_EVIDENCE,UNREVIEWED_IS_NOT_CODED_ZERO
ICJ-128-2003-02-05||SC_MEETING::SCM|S/PV.4776,ICJ-128-2003-02-05,128,2003-06-19,134,SC_MEETING,S/PV.4776,0,0,0,NO_PRESERVED_MANUAL_REVIEW_EVIDENCE,UNREVIEWED_IS_NOT_CODED_ZERO
ICJ-128-2003-02-05||SC_MEETING::SCM|S/PV.4777,ICJ-128-2003-02-05,128,2003-06-20,135,SC_MEETING,S/PV.4777,0,0,0,NO_PRESERVED_MANUAL_REVIEW_EVIDENCE,UNREVIEWED_IS_NOT_CODED_ZERO
ICJ-128-2003-02-05||SC_MEETING::SCM|S/PV.4778,ICJ-128-2003-02-05,128,2003-06-23,138,SC_MEETING,S/PV.4778,0,0,0,NO_PRESERVED_MANUAL_REVIEW_EVIDENCE,UNREVIEWED_IS_NOT_CODED_ZERO
ICJ-128-2003-02-05||SC_FORMAL_VOTE::SCV|779,ICJ-128-2003-02-05,128,2003-06-26,141,SC_FORMAL_VOTE,S/PV.4779,0,0,0,NO_PRESERVED_MANUAL_REVIEW_EVIDENCE,UNREVIEWED_IS_NOT_CODED_ZERO
ICJ-128-2003-02-05||SC_FORMAL_VOTE::SCV|780,ICJ-128-2003-02-05,128,2003-06-26,141,SC_FORMAL_VOTE,S/PV.4780,0,0,0,NO_PRESERVED_MANUAL_REVIEW_EVIDENCE,UNREVIEWED_IS_NOT_CODED_ZERO
ICJ-128-2003-02-05||SC_MEETING::SCM|S/PV.4779,ICJ-128-2003-02-05,128,2003-06-26,141,SC_MEETING,S/PV.4779,0,0,0,NO_PRESERVED_MANUAL_REVIEW_EVIDENCE,UNREVIEWED_IS_NOT_CODED_ZERO
ICJ-128-2003-02-05||SC_MEETING::SCM|S/PV.4780,ICJ-128-2003-02-05,128,2003-06-26,141,SC_MEETING,S/PV.4780,0,0,0,NO_PRESERVED_MANUAL_REVIEW_EVIDENCE,UNREVIEWED_IS_NOT_CODED_ZERO
ICJ-128-2003-02-05||SC_FORMAL_VOTE::SCV|781,ICJ-128-2003-02-05,128,2003-07-01,146,SC_FORMAL_VOTE,S/PV.4783,0,0,0,NO_PRESERVED_MANUAL_REVIEW_EVIDENCE,UNREVIEWED_IS_NOT_CODED_ZERO
ICJ-128-2003-02-05||SC_MEETING::SCM|S/PV.4781,ICJ-128-2003-02-05,128,2003-07-01,146,SC_MEETING,S/PV.4781,0,0,0,NO_PRESERVED_MANUAL_REVIEW_EVIDENCE,UNREVIEWED_IS_NOT_CODED_ZERO
ICJ-128-2003-02-05||SC_MEETING::SCM|S/PV.4782,ICJ-128-2003-02-05,128,2003-07-03,148,SC_MEETING,S/PV.4782,0,0,0,NO_PRESERVED_MANUAL_REVIEW_EVIDENCE,UNREVIEWED_IS_NOT_CODED_ZERO
ICJ-128-2003-02-05||SC_MEETING::SCM|S/PV.4783,ICJ-128-2003-02-05,128,2003-07-03,148,SC_MEETING,S/PV.4783,0,0,0,NO_PRESERVED_MANUAL_REVIEW_EVIDENCE,UNREVIEWED_IS_NOT_CODED_ZERO
ICJ-128-2003-02-05||SC_MEETING::SCM|S/PV.4784,ICJ-128-2003-02-05,128,2003-07-07,152,SC_MEETING,S/PV.4784,0,0,0,NO_PRESERVED_MANUAL_REVIEW_EVIDENCE,UNREVIEWED_IS_NOT_CODED_ZERO
ICJ-128-2003-02-05||SC_MEETING::SCM|S/PV.4785,ICJ-128-2003-02-05,128,2003-07-09,154,SC_MEETING,S/PV.4785,0,0,0,NO_PRESERVED_MANUAL_REVIEW_EVIDENCE,UNREVIEWED_IS_NOT_CODED_ZERO
ICJ-128-2003-02-05||SC_FORMAL_VOTE::SCV|782,ICJ-128-2003-02-05,128,2003-07-11,156,SC_FORMAL_VOTE,S/PV.4786,0,0,0,NO_PRESERVED_MANUAL_REVIEW_EVIDENCE,UNREVIEWED_IS_NOT_CODED_ZERO
ICJ-128-2003-02-05||SC_MEETING::SCM|S/PV.4786,ICJ-128-2003-02-05,128,2003-07-11,156,SC_MEETING,S/PV.4786,0,0,0,NO_PRESERVED_MANUAL_REVIEW_EVIDENCE,UNREVIEWED_IS_NOT_CODED_ZERO
ICJ-128-2003-02-05||SC_MEETING::SCM|S/PV.4787,ICJ-128-2003-02-05,128,2003-07-17,162,SC_MEETING,S/PV.4787,0,0,0,NO_PRESERVED_MANUAL_REVIEW_EVIDENCE,UNREVIEWED_IS_NOT_CODED_ZERO
ICJ-128-2003-02-05||SC_MEETING::SCM|S/PV.4788,ICJ-128-2003-02-05,128,2003-07-17,162,SC_MEETING,S/PV.4788,0,0,0,NO_PRESERVED_MANUAL_REVIEW_EVIDENCE,UNREVIEWED_IS_NOT_CODED_ZERO
ICJ-128-2003-02-05||SC_FORMAL_VOTE::SCV|783,ICJ-128-2003-02-05,128,2003-07-18,163,SC_FORMAL_VOTE,S/PV.4789,0,0,0,NO_PRESERVED_MANUAL_REVIEW_EVIDENCE,UNREVIEWED_IS_NOT_CODED_ZERO
ICJ-128-2003-02-05||SC_MEETING::SCM|S/PV.4789,ICJ-128-2003-02-05,128,2003-07-18,163,SC_MEETING,S/PV.4789,0,0,0,NO_PRESERVED_MANUAL_REVIEW_EVIDENCE,UNREVIEWED_IS_NOT_CODED_ZERO
ICJ-128-2003-02-05||SC_MEETING::SCM|S/PV.4790,ICJ-128-2003-02-05,128,2003-07-18,163,SC_MEETING,S/PV.4790,0,0,0,NO_PRESERVED_MANUAL_REVIEW_EVIDENCE,UNREVIEWED_IS_NOT_CODED_ZERO
ICJ-128-2003-02-05||SC_MEETING::SCM|S/PV.4791,ICJ-128-2003-02-05,128,2003-07-22,167,SC_MEETING,S/PV.4791,0,0,0,NO_PRESERVED_MANUAL_REVIEW_EVIDENCE,UNREVIEWED_IS_NOT_CODED_ZERO
ICJ-128-2003-02-05||SC_MEETING::SCM|S/PV.4792,ICJ-128-2003-02-05,128,2003-07-23,168,SC_MEETING,S/PV.4792,0,0,0,NO_PRESERVED_MANUAL_REVIEW_EVIDENCE,UNREVIEWED_IS_NOT_CODED_ZERO
ICJ-128-2003-02-05||SC_MEETING::SCM|S/PV.4793,ICJ-128-2003-02-05,128,2003-07-25,170,SC_MEETING,S/PV.4793,0,0,0,NO_PRESERVED_MANUAL_REVIEW_EVIDENCE,UNREVIEWED_IS_NOT_CODED_ZERO
ICJ-128-2003-02-05||SC_MEETING::SCM|S/PV.4794,ICJ-128-2003-02-05,128,2003-07-25,170,SC_MEETING,S/PV.4794,0,0,0,NO_PRESERVED_MANUAL_REVIEW_EVIDENCE,UNREVIEWED_IS_NOT_CODED_ZERO
ICJ-128-2003-02-05||SC_MEETING::SCM|S/PV.4795,ICJ-128-2003-02-05,128,2003-07-25,170,SC_MEETING,S/PV.4795,0,0,0,NO_PRESERVED_MANUAL_REVIEW_EVIDENCE,UNREVIEWED_IS_NOT_CODED_ZERO
ICJ-128-2003-02-05||SC_MEETING::SCM|S/PV.4796,ICJ-128-2003-02-05,128,2003-07-25,170,SC_MEETING,S/PV.4796,0,0,0,NO_PRESERVED_MANUAL_REVIEW_EVIDENCE,UNREVIEWED_IS_NOT_CODED_ZERO
ICJ-128-2003-02-05||SC_FORMAL_VOTE::SCV|784,ICJ-128-2003-02-05,128,2003-07-28,173,SC_FORMAL_VOTE,S/PV.4797,0,0,0,NO_PRESERVED_MANUAL_REVIEW_EVIDENCE,UNREVIEWED_IS_NOT_CODED_ZERO
ICJ-128-2003-02-05||SC_MEETING::SCM|S/PV.4797,ICJ-128-2003-02-05,128,2003-07-28,173,SC_MEETING,S/PV.4797,0,0,0,NO_PRESERVED_MANUAL_REVIEW_EVIDENCE,UNREVIEWED_IS_NOT_CODED_ZERO
ICJ-128-2003-02-05||SC_MEETING::SCM|S/PV.4798,ICJ-128-2003-02-05,128,2003-07-29,174,SC_MEETING,S/PV.4798,0,0,0,NO_PRESERVED_MANUAL_REVIEW_EVIDENCE,UNREVIEWED_IS_NOT_CODED_ZERO
ICJ-128-2003-02-05||SC_FORMAL_VOTE::SCV|785,ICJ-128-2003-02-05,128,2003-07-30,175,SC_FORMAL_VOTE,S/PV.4800,0,0,0,NO_PRESERVED_MANUAL_REVIEW_EVIDENCE,UNREVIEWED_IS_NOT_CODED_ZERO
ICJ-128-2003-02-05||SC_MEETING::SCM|S/PV.4799,ICJ-128-2003-02-05,128,2003-07-30,175,SC_MEETING,S/PV.4799,0,0,0,NO_PRESERVED_MANUAL_REVIEW_EVIDENCE,UNREVIEWED_IS_NOT_CODED_ZERO
ICJ-128-2003-02-05||SC_MEETING::SCM|S/PV.4800,ICJ-128-2003-02-05,128,2003-07-30,175,SC_MEETING,S/PV.4800,0,0,0,NO_PRESERVED_MANUAL_REVIEW_EVIDENCE,UNREVIEWED_IS_NOT_CODED_ZERO
ICJ-128-2003-02-05||SC_FORMAL_VOTE::SCV|786,ICJ-128-2003-02-05,128,2003-07-31,176,SC_FORMAL_VOTE,S/PV.4801,0,0,0,NO_PRESERVED_MANUAL_REVIEW_EVIDENCE,UNREVIEWED_IS_NOT_CODED_ZERO
ICJ-128-2003-02-05||SC_FORMAL_VOTE::SCV|787,ICJ-128-2003-02-05,128,2003-07-31,176,SC_FORMAL_VOTE,S/PV.4802,0,0,0,NO_PRESERVED_MANUAL_REVIEW_EVIDENCE,UNREVIEWED_IS_NOT_CODED_ZERO
ICJ-128-2003-02-05||SC_MEETING::SCM|S/PV.4801,ICJ-128-2003-02-05,128,2003-07-31,176,SC_MEETING,S/PV.4801,0,0,0,NO_PRESERVED_MANUAL_REVIEW_EVIDENCE,UNREVIEWED_IS_NOT_CODED_ZERO
ICJ-128-2003-02-05||SC_MEETING::SCM|S/PV.4802,ICJ-128-2003-02-05,128,2003-07-31,176,SC_MEETING,S/PV.4802,0,0,0,NO_PRESERVED_MANUAL_REVIEW_EVIDENCE,UNREVIEWED_IS_NOT_CODED_ZERO
ICJ-128-2003-02-05||SC_FORMAL_VOTE::SCV|788,ICJ-128-2003-02-05,128,2003-08-01,177,SC_FORMAL_VOTE,S/PV.4803,0,0,0,NO_PRESERVED_MANUAL_REVIEW_EVIDENCE,UNREVIEWED_IS_NOT_CODED_ZERO
ICJ-128-2003-02-05||SC_MEETING::SCM|S/PV.4803,ICJ-128-2003-02-05,128,2003-08-01,177,SC_MEETING,S/PV.4803,0,0,0,NO_PRESERVED_MANUAL_REVIEW_EVIDENCE,UNREVIEWED_IS_NOT_CODED_ZERO
ICJ-128-2003-02-05||SC_FORMAL_VOTE::SCV|789,ICJ-128-2003-02-05,128,2003-08-04,180,SC_FORMAL_VOTE,S/PV.4804,0,0,0,NO_PRESERVED_MANUAL_REVIEW_EVIDENCE,UNREVIEWED_IS_NOT_CODED_ZERO
ICJ-128-2003-02-05||SC_MEETING::SCM|S/PV.4804,ICJ-128-2003-02-05,128,2003-08-04,180,SC_MEETING,S/PV.4804,0,0,0,NO_PRESERVED_MANUAL_REVIEW_EVIDENCE,UNREVIEWED_IS_NOT_CODED_ZERO
ICJ-139-2008-07-16||SC_MEETING::SCM|S/PV.5934,ICJ-139-2008-07-16,139,2008-07-16,0,SC_MEETING,S/PV.5934,0,0,0,NO_PRESERVED_MANUAL_REVIEW_EVIDENCE,UNREVIEWED_IS_NOT_CODED_ZERO
ICJ-139-2008-07-16||SC_MEETING::SCM|S/PV.5935,ICJ-139-2008-07-16,139,2008-07-16,0,SC_MEETING,S/PV.5935,0,0,0,NO_PRESERVED_MANUAL_REVIEW_EVIDENCE,UNREVIEWED_IS_NOT_CODED_ZERO
ICJ-139-2008-07-16||SC_MEETING::SCM|S/PV.5936,ICJ-139-2008-07-16,139,2008-07-17,1,SC_MEETING,S/PV.5936,0,0,0,NO_PRESERVED_MANUAL_REVIEW_EVIDENCE,UNREVIEWED_IS_NOT_CODED_ZERO
ICJ-139-2008-07-16||SC_MEETING::SCM|S/PV.5936(Resumption1),ICJ-139-2008-07-16,139,2008-07-17,1,SC_MEETING,S/PV.5936(Resumption1),0,0,0,NO_PRESERVED_MANUAL_REVIEW_EVIDENCE,UNREVIEWED_IS_NOT_CODED_ZERO
ICJ-139-2008-07-16||SC_MEETING::SCM|S/PV.5939,ICJ-139-2008-07-16,139,2008-07-17,1,SC_MEETING,S/PV.5939,0,0,0,NO_PRESERVED_MANUAL_REVIEW_EVIDENCE,UNREVIEWED_IS_NOT_CODED_ZERO
ICJ-139-2008-07-16||SC_FORMAL_VOTE::SCV|1124,ICJ-139-2008-07-16,139,2008-07-18,2,SC_FORMAL_VOTE,S/PV.5937,0,0,0,NO_PRESERVED_MANUAL_REVIEW_EVIDENCE,UNREVIEWED_IS_NOT_CODED_ZERO
ICJ-139-2008-07-16||SC_MEETING::SCM|S/PV.5937,ICJ-139-2008-07-16,139,2008-07-18,2,SC_MEETING,S/PV.5937,0,0,0,NO_PRESERVED_MANUAL_REVIEW_EVIDENCE,UNREVIEWED_IS_NOT_CODED_ZERO
ICJ-139-2008-07-16||SC_MEETING::SCM|S/PV.5938,ICJ-139-2008-07-16,139,2008-07-18,2,SC_MEETING,S/PV.5938,0,0,0,NO_PRESERVED_MANUAL_REVIEW_EVIDENCE,UNREVIEWED_IS_NOT_CODED_ZERO
ICJ-139-2008-07-16||SC_MEETING::SCM|S/PV.5940,ICJ-139-2008-07-16,139,2008-07-22,6,SC_MEETING,S/PV.5940,0,0,0,NO_PRESERVED_MANUAL_REVIEW_EVIDENCE,UNREVIEWED_IS_NOT_CODED_ZERO
ICJ-139-2008-07-16||SC_MEETING::SCM|S/PV.5940(Resumption1),ICJ-139-2008-07-16,139,2008-07-22,6,SC_MEETING,S/PV.5940(Resumption1),0,0,0,NO_PRESERVED_MANUAL_REVIEW_EVIDENCE,UNREVIEWED_IS_NOT_CODED_ZERO
ICJ-139-2008-07-16||SC_FORMAL_VOTE::SCV|1125,ICJ-139-2008-07-16,139,2008-07-23,7,SC_FORMAL_VOTE,S/PV.5941,0,0,0,NO_PRESERVED_MANUAL_REVIEW_EVIDENCE,UNREVIEWED_IS_NOT_CODED_ZERO
ICJ-139-2008-07-16||SC_MEETING::SCM|S/PV.5941,ICJ-139-2008-07-16,139,2008-07-23,7,SC_MEETING,S/PV.5941,0,0,0,NO_PRESERVED_MANUAL_REVIEW_EVIDENCE,UNREVIEWED_IS_NOT_CODED_ZERO
ICJ-139-2008-07-16||SC_MEETING::SCM|S/PV.5942,ICJ-139-2008-07-16,139,2008-07-23,7,SC_MEETING,S/PV.5942,0,0,0,NO_PRESERVED_MANUAL_REVIEW_EVIDENCE,UNREVIEWED_IS_NOT_CODED_ZERO
ICJ-139-2008-07-16||SC_MEETING::SCM|S/PV.5943,ICJ-139-2008-07-16,139,2008-07-24,8,SC_MEETING,S/PV.5943,0,0,0,NO_PRESERVED_MANUAL_REVIEW_EVIDENCE,UNREVIEWED_IS_NOT_CODED_ZERO
ICJ-139-2008-07-16||SC_MEETING::SCM|S/PV.5944,ICJ-139-2008-07-16,139,2008-07-25,9,SC_MEETING,S/PV.5944,0,0,0,NO_PRESERVED_MANUAL_REVIEW_EVIDENCE,UNREVIEWED_IS_NOT_CODED_ZERO
ICJ-139-2008-07-16||SC_FORMAL_VOTE::SCV|1126,ICJ-139-2008-07-16,139,2008-07-29,13,SC_FORMAL_VOTE,S/PV.5945,0,0,0,NO_PRESERVED_MANUAL_REVIEW_EVIDENCE,UNREVIEWED_IS_NOT_CODED_ZERO
ICJ-139-2008-07-16||SC_MEETING::SCM|S/PV.5945,ICJ-139-2008-07-16,139,2008-07-29,13,SC_MEETING,S/PV.5945,0,0,0,NO_PRESERVED_MANUAL_REVIEW_EVIDENCE,UNREVIEWED_IS_NOT_CODED_ZERO
ICJ-139-2008-07-16||SC_FORMAL_VOTE::SCV|1127,ICJ-139-2008-07-16,139,2008-07-30,14,SC_FORMAL_VOTE,S/PV.5946,0,0,0,NO_PRESERVED_MANUAL_REVIEW_EVIDENCE,UNREVIEWED_IS_NOT_CODED_ZERO
ICJ-139-2008-07-16||SC_MEETING::SCM|S/PV.5946,ICJ-139-2008-07-16,139,2008-07-30,14,SC_MEETING,S/PV.5946,0,0,0,NO_PRESERVED_MANUAL_REVIEW_EVIDENCE,UNREVIEWED_IS_NOT_CODED_ZERO
ICJ-139-2008-07-16||SC_FORMAL_VOTE::SCV|1128,ICJ-139-2008-07-16,139,2008-07-31,15,SC_FORMAL_VOTE,S/PV.5947,0,0,0,NO_PRESERVED_MANUAL_REVIEW_EVIDENCE,UNREVIEWED_IS_NOT_CODED_ZERO
ICJ-139-2008-07-16||SC_MEETING::SCM|S/PV.5947,ICJ-139-2008-07-16,139,2008-07-31,15,SC_MEETING,S/PV.5947,0,0,0,NO_PRESERVED_MANUAL_REVIEW_EVIDENCE,UNREVIEWED_IS_NOT_CODED_ZERO
ICJ-139-2008-07-16||SC_FORMAL_VOTE::SCV|1129,ICJ-139-2008-07-16,139,2008-08-04,19,SC_FORMAL_VOTE,S/PV.5948,0,0,0,NO_PRESERVED_MANUAL_REVIEW_EVIDENCE,UNREVIEWED_IS_NOT_CODED_ZERO
ICJ-139-2008-07-16||SC_MEETING::SCM|S/PV.5948,ICJ-139-2008-07-16,139,2008-08-04,19,SC_MEETING,S/PV.5948,0,0,0,NO_PRESERVED_MANUAL_REVIEW_EVIDENCE,UNREVIEWED_IS_NOT_CODED_ZERO
ICJ-139-2008-07-16||SC_MEETING::SCM|S/PV.5949,ICJ-139-2008-07-16,139,2008-08-06,21,SC_MEETING,S/PV.5949,0,0,0,NO_PRESERVED_MANUAL_REVIEW_EVIDENCE,UNREVIEWED_IS_NOT_CODED_ZERO
ICJ-139-2008-07-16||SC_FORMAL_VOTE::SCV|1130,ICJ-139-2008-07-16,139,2008-08-07,22,SC_FORMAL_VOTE,S/PV.5950,0,0,0,NO_PRESERVED_MANUAL_REVIEW_EVIDENCE,UNREVIEWED_IS_NOT_CODED_ZERO
ICJ-139-2008-07-16||SC_MEETING::SCM|S/PV.5950,ICJ-139-2008-07-16,139,2008-08-07,22,SC_MEETING,S/PV.5950,0,0,0,NO_PRESERVED_MANUAL_REVIEW_EVIDENCE,UNREVIEWED_IS_NOT_CODED_ZERO
ICJ-139-2008-07-16||SC_MEETING::SCM|S/PV.5951,ICJ-139-2008-07-16,139,2008-08-08,23,SC_MEETING,S/PV.5951,0,0,0,NO_PRESERVED_MANUAL_REVIEW_EVIDENCE,UNREVIEWED_IS_NOT_CODED_ZERO
ICJ-139-2008-07-16||SC_MEETING::SCM|S/PV.5952,ICJ-139-2008-07-16,139,2008-08-08,23,SC_MEETING,S/PV.5952,0,0,0,NO_PRESERVED_MANUAL_REVIEW_EVIDENCE,UNREVIEWED_IS_NOT_CODED_ZERO
ICJ-139-2008-07-16||SC_MEETING::SCM|S/PV.5953,ICJ-139-2008-07-16,139,2008-08-10,25,SC_MEETING,S/PV.5953,0,0,0,NO_PRESERVED_MANUAL_REVIEW_EVIDENCE,UNREVIEWED_IS_NOT_CODED_ZERO
ICJ-139-2008-07-16||SC_MEETING::SCM|S/PV.5954,ICJ-139-2008-07-16,139,2008-08-11,26,SC_MEETING,S/PV.5954,0,0,0,NO_PRESERVED_MANUAL_REVIEW_EVIDENCE,UNREVIEWED_IS_NOT_CODED_ZERO
ICJ-139-2008-07-16||SC_MEETING::SCM|S/PV.5854,ICJ-139-2008-07-16,139,2008-08-18,33,SC_MEETING,S/PV.5854,0,0,0,NO_PRESERVED_MANUAL_REVIEW_EVIDENCE,UNREVIEWED_IS_NOT_CODED_ZERO
ICJ-139-2008-07-16||SC_MEETING::SCM|S/PV.5955,ICJ-139-2008-07-16,139,2008-08-18,33,SC_MEETING,S/PV.5955,0,0,0,NO_PRESERVED_MANUAL_REVIEW_EVIDENCE,UNREVIEWED_IS_NOT_CODED_ZERO
ICJ-139-2008-07-16||SC_MEETING::SCM|S/PV.5956,ICJ-139-2008-07-16,139,2008-08-18,33,SC_MEETING,S/PV.5956,0,0,0,NO_PRESERVED_MANUAL_REVIEW_EVIDENCE,UNREVIEWED_IS_NOT_CODED_ZERO
ICJ-139-2008-07-16||SC_FORMAL_VOTE::SCV|1131,ICJ-139-2008-07-16,139,2008-08-19,34,SC_FORMAL_VOTE,S/PV.5957,0,0,0,NO_PRESERVED_MANUAL_REVIEW_EVIDENCE,UNREVIEWED_IS_NOT_CODED_ZERO
ICJ-139-2008-07-16||SC_MEETING::SCM|S/PV.5957,ICJ-139-2008-07-16,139,2008-08-19,34,SC_MEETING,S/PV.5957,0,0,0,NO_PRESERVED_MANUAL_REVIEW_EVIDENCE,UNREVIEWED_IS_NOT_CODED_ZERO
ICJ-139-2008-07-16||SC_MEETING::SCM|S/PV.5958,ICJ-139-2008-07-16,139,2008-08-19,34,SC_MEETING,S/PV.5958,0,0,0,NO_PRESERVED_MANUAL_REVIEW_EVIDENCE,UNREVIEWED_IS_NOT_CODED_ZERO
ICJ-139-2008-07-16||SC_MEETING::SCM|S/PV.5959,ICJ-139-2008-07-16,139,2008-08-19,34,SC_MEETING,S/PV.5959,0,0,0,NO_PRESERVED_MANUAL_REVIEW_EVIDENCE,UNREVIEWED_IS_NOT_CODED_ZERO
ICJ-139-2008-07-16||SC_MEETING::SCM|S/PV.5960,ICJ-139-2008-07-16,139,2008-08-19,34,SC_MEETING,S/PV.5960,0,0,0,NO_PRESERVED_MANUAL_REVIEW_EVIDENCE,UNREVIEWED_IS_NOT_CODED_ZERO
ICJ-139-2008-07-16||SC_MEETING::SCM|S/PV.5961,ICJ-139-2008-07-16,139,2008-08-19,34,SC_MEETING,S/PV.5961,0,0,0,NO_PRESERVED_MANUAL_REVIEW_EVIDENCE,UNREVIEWED_IS_NOT_CODED_ZERO
ICJ-139-2008-07-16||SC_MEETING::SCM|S/PV.5962,ICJ-139-2008-07-16,139,2008-08-19,34,SC_MEETING,S/PV.5962,0,0,0,NO_PRESERVED_MANUAL_REVIEW_EVIDENCE,UNREVIEWED_IS_NOT_CODED_ZERO
ICJ-139-2008-07-16||SC_MEETING::SCM|S/PV.5963,ICJ-139-2008-07-16,139,2008-08-20,35,SC_MEETING,S/PV.5963,0,0,0,NO_PRESERVED_MANUAL_REVIEW_EVIDENCE,UNREVIEWED_IS_NOT_CODED_ZERO
ICJ-139-2008-07-16||SC_MEETING::SCM|S/PV.5964,ICJ-139-2008-07-16,139,2008-08-21,36,SC_MEETING,S/PV.5964,0,0,0,NO_PRESERVED_MANUAL_REVIEW_EVIDENCE,UNREVIEWED_IS_NOT_CODED_ZERO
ICJ-139-2008-07-16||SC_MEETING::SCM|S/PV.5965,ICJ-139-2008-07-16,139,2008-08-25,40,SC_MEETING,S/PV.5965,0,0,0,NO_PRESERVED_MANUAL_REVIEW_EVIDENCE,UNREVIEWED_IS_NOT_CODED_ZERO
ICJ-139-2008-07-16||SC_MEETING::SCM|S/PV.5966,ICJ-139-2008-07-16,139,2008-08-26,41,SC_MEETING,S/PV.5966,0,0,0,NO_PRESERVED_MANUAL_REVIEW_EVIDENCE,UNREVIEWED_IS_NOT_CODED_ZERO
ICJ-139-2008-07-16||SC_FORMAL_VOTE::SCV|1132,ICJ-139-2008-07-16,139,2008-08-27,42,SC_FORMAL_VOTE,S/PV.5967,0,0,0,NO_PRESERVED_MANUAL_REVIEW_EVIDENCE,UNREVIEWED_IS_NOT_CODED_ZERO
ICJ-139-2008-07-16||SC_MEETING::SCM|S/PV.5967,ICJ-139-2008-07-16,139,2008-08-27,42,SC_MEETING,S/PV.5967,0,0,0,NO_PRESERVED_MANUAL_REVIEW_EVIDENCE,UNREVIEWED_IS_NOT_CODED_ZERO
ICJ-139-2008-07-16||SC_MEETING::SCM|S/PV.5968,ICJ-139-2008-07-16,139,2008-08-27,42,SC_MEETING,S/PV.5968,0,0,0,NO_PRESERVED_MANUAL_REVIEW_EVIDENCE,UNREVIEWED_IS_NOT_CODED_ZERO
ICJ-139-2008-07-16||SC_MEETING::SCM|S/PV.5968(Resumption1),ICJ-139-2008-07-16,139,2008-08-27,42,SC_MEETING,S/PV.5968(Resumption1),0,0,0,NO_PRESERVED_MANUAL_REVIEW_EVIDENCE,UNREVIEWED_IS_NOT_CODED_ZERO
ICJ-139-2008-07-16||SC_MEETING::SCM|S/PV.5969,ICJ-139-2008-07-16,139,2008-08-28,43,SC_MEETING,S/PV.5969,0,0,0,NO_PRESERVED_MANUAL_REVIEW_EVIDENCE,UNREVIEWED_IS_NOT_CODED_ZERO
ICJ-139-2008-07-16||SC_MEETING::SCM|S/PV.5971,ICJ-139-2008-07-16,139,2008-09-04,50,SC_MEETING,S/PV.5971,0,0,0,NO_PRESERVED_MANUAL_REVIEW_EVIDENCE,UNREVIEWED_IS_NOT_CODED_ZERO
ICJ-139-2008-07-16||SC_MEETING::SCM|S/PV.5970,ICJ-139-2008-07-16,139,2008-09-05,51,SC_MEETING,S/PV.5970,0,0,0,NO_PRESERVED_MANUAL_REVIEW_EVIDENCE,UNREVIEWED_IS_NOT_CODED_ZERO
ICJ-139-2008-07-16||SC_MEETING::SCM|S/PV.5972,ICJ-139-2008-07-16,139,2008-09-09,55,SC_MEETING,S/PV.5972,0,0,0,NO_PRESERVED_MANUAL_REVIEW_EVIDENCE,UNREVIEWED_IS_NOT_CODED_ZERO
ICJ-139-2008-07-16||SC_MEETING::SCM|S/PV.5973,ICJ-139-2008-07-16,139,2008-09-11,57,SC_MEETING,S/PV.5973,0,0,0,NO_PRESERVED_MANUAL_REVIEW_EVIDENCE,UNREVIEWED_IS_NOT_CODED_ZERO
ICJ-139-2008-07-16||SC_MEETING::SCM|S/PV.5974,ICJ-139-2008-07-16,139,2008-09-18,64,SC_MEETING,S/PV.5974,0,0,0,NO_PRESERVED_MANUAL_REVIEW_EVIDENCE,UNREVIEWED_IS_NOT_CODED_ZERO
ICJ-139-2008-07-16||SC_MEETING::SCM|S/PV.5975,ICJ-139-2008-07-16,139,2008-09-19,65,SC_MEETING,S/PV.5975,0,0,0,NO_PRESERVED_MANUAL_REVIEW_EVIDENCE,UNREVIEWED_IS_NOT_CODED_ZERO
ICJ-139-2008-07-16||SC_MEETING::SCM|S/PV.5976,ICJ-139-2008-07-16,139,2008-09-19,65,SC_MEETING,S/PV.5976,0,0,0,NO_PRESERVED_MANUAL_REVIEW_EVIDENCE,UNREVIEWED_IS_NOT_CODED_ZERO
ICJ-139-2008-07-16||SC_FORMAL_VOTE::SCV|1133,ICJ-139-2008-07-16,139,2008-09-22,68,SC_FORMAL_VOTE,S/PV.5977,0,0,0,NO_PRESERVED_MANUAL_REVIEW_EVIDENCE,UNREVIEWED_IS_NOT_CODED_ZERO
ICJ-139-2008-07-16||SC_MEETING::SCM|S/PV.5977,ICJ-139-2008-07-16,139,2008-09-22,68,SC_MEETING,S/PV.5977,0,0,0,NO_PRESERVED_MANUAL_REVIEW_EVIDENCE,UNREVIEWED_IS_NOT_CODED_ZERO
ICJ-139-2008-07-16||SC_MEETING::SCM|S/PV.5978,ICJ-139-2008-07-16,139,2008-09-22,68,SC_MEETING,S/PV.5978,0,0,0,NO_PRESERVED_MANUAL_REVIEW_EVIDENCE,UNREVIEWED_IS_NOT_CODED_ZERO
ICJ-139-2008-07-16||SC_MEETING::SCM|S/PV.5979,ICJ-139-2008-07-16,139,2008-09-23,69,SC_MEETING,S/PV.5979,0,0,0,NO_PRESERVED_MANUAL_REVIEW_EVIDENCE,UNREVIEWED_IS_NOT_CODED_ZERO
ICJ-139-2008-07-16||SC_FORMAL_VOTE::SCV|1134,ICJ-139-2008-07-16,139,2008-09-24,70,SC_FORMAL_VOTE,S/PV.5981,0,0,0,NO_PRESERVED_MANUAL_REVIEW_EVIDENCE,UNREVIEWED_IS_NOT_CODED_ZERO
ICJ-139-2008-07-16||SC_MEETING::SCM|S/PV.5980,ICJ-139-2008-07-16,139,2008-09-24,70,SC_MEETING,S/PV.5980,0,0,0,NO_PRESERVED_MANUAL_REVIEW_EVIDENCE,UNREVIEWED_IS_NOT_CODED_ZERO
ICJ-139-2008-07-16||SC_MEETING::SCM|S/PV.5981,ICJ-139-2008-07-16,139,2008-09-24,70,SC_MEETING,S/PV.5981,0,0,0,NO_PRESERVED_MANUAL_REVIEW_EVIDENCE,UNREVIEWED_IS_NOT_CODED_ZERO
ICJ-139-2008-07-16||SC_MEETING::SCM|S/PV.5982,ICJ-139-2008-07-16,139,2008-09-26,72,SC_MEETING,S/PV.5982,0,0,0,NO_PRESERVED_MANUAL_REVIEW_EVIDENCE,UNREVIEWED_IS_NOT_CODED_ZERO
ICJ-139-2008-07-16||SC_MEETING::SCM|S/PV.5983,ICJ-139-2008-07-16,139,2008-09-26,72,SC_MEETING,S/PV.5983,0,0,0,NO_PRESERVED_MANUAL_REVIEW_EVIDENCE,UNREVIEWED_IS_NOT_CODED_ZERO
ICJ-139-2008-07-16||SC_FORMAL_VOTE::SCV|1135,ICJ-139-2008-07-16,139,2008-09-27,73,SC_FORMAL_VOTE,S/PV.5984,0,0,0,NO_PRESERVED_MANUAL_REVIEW_EVIDENCE,UNREVIEWED_IS_NOT_CODED_ZERO
ICJ-139-2008-07-16||SC_MEETING::SCM|S/PV.5984,ICJ-139-2008-07-16,139,2008-09-27,73,SC_MEETING,S/PV.5984,0,0,0,NO_PRESERVED_MANUAL_REVIEW_EVIDENCE,UNREVIEWED_IS_NOT_CODED_ZERO
ICJ-139-2008-07-16||SC_FORMAL_VOTE::SCV|1136,ICJ-139-2008-07-16,139,2008-09-29,75,SC_FORMAL_VOTE,S/PV.5985,0,0,0,NO_PRESERVED_MANUAL_REVIEW_EVIDENCE,UNREVIEWED_IS_NOT_CODED_ZERO
ICJ-139-2008-07-16||SC_FORMAL_VOTE::SCV|1137,ICJ-139-2008-07-16,139,2008-09-29,75,SC_FORMAL_VOTE,S/PV.5986,0,0,0,NO_PRESERVED_MANUAL_REVIEW_EVIDENCE,UNREVIEWED_IS_NOT_CODED_ZERO
ICJ-139-2008-07-16||SC_MEETING::SCM|S/PV.5985,ICJ-139-2008-07-16,139,2008-09-29,75,SC_MEETING,S/PV.5985,0,0,0,NO_PRESERVED_MANUAL_REVIEW_EVIDENCE,UNREVIEWED_IS_NOT_CODED_ZERO
ICJ-139-2008-07-16||SC_MEETING::SCM|S/PV.5986,ICJ-139-2008-07-16,139,2008-09-29,75,SC_MEETING,S/PV.5986,0,0,0,NO_PRESERVED_MANUAL_REVIEW_EVIDENCE,UNREVIEWED_IS_NOT_CODED_ZERO
ICJ-139-2008-07-16||SC_FORMAL_VOTE::SCV|1138,ICJ-139-2008-07-16,139,2008-10-07,83,SC_FORMAL_VOTE,S/PV.5987,0,0,0,NO_PRESERVED_MANUAL_REVIEW_EVIDENCE,UNREVIEWED_IS_NOT_CODED_ZERO
ICJ-139-2008-07-16||SC_MEETING::SCM|S/PV.5987,ICJ-139-2008-07-16,139,2008-10-07,83,SC_MEETING,S/PV.5987,0,0,0,NO_PRESERVED_MANUAL_REVIEW_EVIDENCE,UNREVIEWED_IS_NOT_CODED_ZERO
ICJ-139-2008-07-16||SC_MEETING::SCM|S/PV.5988,ICJ-139-2008-07-16,139,2008-10-07,83,SC_MEETING,S/PV.5988,0,0,0,NO_PRESERVED_MANUAL_REVIEW_EVIDENCE,UNREVIEWED_IS_NOT_CODED_ZERO
ICJ-139-2008-07-16||GA_FORMAL_VOTE::GAV|639475,ICJ-139-2008-07-16,139,2008-10-08,84,GA_FORMAL_VOTE,A/63/PV.22,0,0,0,NO_PRESERVED_MANUAL_REVIEW_EVIDENCE,UNREVIEWED_IS_NOT_CODED_ZERO
ICJ-139-2008-07-16||SC_MEETING::SCM|S/PV.5989,ICJ-139-2008-07-16,139,2008-10-08,84,SC_MEETING,S/PV.5989,0,0,0,NO_PRESERVED_MANUAL_REVIEW_EVIDENCE,UNREVIEWED_IS_NOT_CODED_ZERO
ICJ-139-2008-07-16||SC_MEETING::SCM|S/PV.5990,ICJ-139-2008-07-16,139,2008-10-08,84,SC_MEETING,S/PV.5990,0,0,0,NO_PRESERVED_MANUAL_REVIEW_EVIDENCE,UNREVIEWED_IS_NOT_CODED_ZERO
ICJ-139-2008-07-16||SC_FORMAL_VOTE::SCV|1139,ICJ-139-2008-07-16,139,2008-10-09,85,SC_FORMAL_VOTE,S/PV.5992,0,0,0,NO_PRESERVED_MANUAL_REVIEW_EVIDENCE,UNREVIEWED_IS_NOT_CODED_ZERO
ICJ-139-2008-07-16||SC_MEETING::SCM|S/PV.5991,ICJ-139-2008-07-16,139,2008-10-09,85,SC_MEETING,S/PV.5991,0,0,0,NO_PRESERVED_MANUAL_REVIEW_EVIDENCE,UNREVIEWED_IS_NOT_CODED_ZERO
ICJ-139-2008-07-16||SC_MEETING::SCM|S/PV.5992,ICJ-139-2008-07-16,139,2008-10-09,85,SC_MEETING,S/PV.5992,0,0,0,NO_PRESERVED_MANUAL_REVIEW_EVIDENCE,UNREVIEWED_IS_NOT_CODED_ZERO
ICJ-139-2008-07-16||SC_FORMAL_VOTE::SCV|1140,ICJ-139-2008-07-16,139,2008-10-14,90,SC_FORMAL_VOTE,S/PV.5993,0,0,0,NO_PRESERVED_MANUAL_REVIEW_EVIDENCE,UNREVIEWED_IS_NOT_CODED_ZERO
ICJ-139-2008-07-16||SC_MEETING::SCM|S/PV.5993,ICJ-139-2008-07-16,139,2008-10-14,90,SC_MEETING,S/PV.5993,0,0,0,NO_PRESERVED_MANUAL_REVIEW_EVIDENCE,UNREVIEWED_IS_NOT_CODED_ZERO
ICJ-139-2008-07-16||SC_MEETING::SCM|S/PV.5994,ICJ-139-2008-07-16,139,2008-10-14,90,SC_MEETING,S/PV.5994,0,0,0,NO_PRESERVED_MANUAL_REVIEW_EVIDENCE,UNREVIEWED_IS_NOT_CODED_ZERO
ICJ-139-2008-07-16||SC_FORMAL_VOTE::SCV|1141,ICJ-139-2008-07-16,139,2008-10-15,91,SC_FORMAL_VOTE,S/PV.5996,0,0,0,NO_PRESERVED_MANUAL_REVIEW_EVIDENCE,UNREVIEWED_IS_NOT_CODED_ZERO
ICJ-139-2008-07-16||SC_MEETING::SCM|S/PV.5995,ICJ-139-2008-07-16,139,2008-10-15,91,SC_MEETING,S/PV.5995,0,0,0,NO_PRESERVED_MANUAL_REVIEW_EVIDENCE,UNREVIEWED_IS_NOT_CODED_ZERO
ICJ-139-2008-07-16||SC_MEETING::SCM|S/PV.5996,ICJ-139-2008-07-16,139,2008-10-15,91,SC_MEETING,S/PV.5996,0,0,0,NO_PRESERVED_MANUAL_REVIEW_EVIDENCE,UNREVIEWED_IS_NOT_CODED_ZERO
ICJ-139-2008-07-16||SC_MEETING::SCM|S/PV.5997,ICJ-139-2008-07-16,139,2008-10-21,97,SC_MEETING,S/PV.5997,0,0,0,NO_PRESERVED_MANUAL_REVIEW_EVIDENCE,UNREVIEWED_IS_NOT_CODED_ZERO
ICJ-139-2008-07-16||SC_MEETING::SCM|S/PV.5998,ICJ-139-2008-07-16,139,2008-10-21,97,SC_MEETING,S/PV.5998,0,0,0,NO_PRESERVED_MANUAL_REVIEW_EVIDENCE,UNREVIEWED_IS_NOT_CODED_ZERO
ICJ-139-2008-07-16||SC_MEETING::SCM|S/PV.5999,ICJ-139-2008-07-16,139,2008-10-22,98,SC_MEETING,S/PV.5999,0,0,0,NO_PRESERVED_MANUAL_REVIEW_EVIDENCE,UNREVIEWED_IS_NOT_CODED_ZERO
ICJ-139-2008-07-16||SC_MEETING::SCM|S/PV.6000,ICJ-139-2008-07-16,139,2008-10-23,99,SC_MEETING,S/PV.6000,0,0,0,NO_PRESERVED_MANUAL_REVIEW_EVIDENCE,UNREVIEWED_IS_NOT_CODED_ZERO
ICJ-139-2008-07-16||SC_MEETING::SCM|S/PV.6001,ICJ-139-2008-07-16,139,2008-10-27,103,SC_MEETING,S/PV.6001,0,0,0,NO_PRESERVED_MANUAL_REVIEW_EVIDENCE,UNREVIEWED_IS_NOT_CODED_ZERO
ICJ-139-2008-07-16||SC_MEETING::SCM|S/PV.6002,ICJ-139-2008-07-16,139,2008-10-28,104,SC_MEETING,S/PV.6002,0,1,1,PUBLISHED_RECALL_REVIEW_REPORTED_CANDIDATE_ID_RECONSTRUCTED,REVIEW_EVIDENCE_PRESENT
ICJ-139-2008-07-16||SC_MEETING::SCM|S/PV.6003,ICJ-139-2008-07-16,139,2008-10-28,104,SC_MEETING,S/PV.6003,0,0,0,NO_PRESERVED_MANUAL_REVIEW_EVIDENCE,UNREVIEWED_IS_NOT_CODED_ZERO
ICJ-139-2008-07-16||GA_FORMAL_VOTE::GAV|643885,ICJ-139-2008-07-16,139,2008-10-29,105,GA_FORMAL_VOTE,A/63/PV.33,0,0,0,NO_PRESERVED_MANUAL_REVIEW_EVIDENCE,UNREVIEWED_IS_NOT_CODED_ZERO
ICJ-139-2008-07-16||SC_FORMAL_VOTE::SCV|1142,ICJ-139-2008-07-16,139,2008-10-29,105,SC_FORMAL_VOTE,S/PV.6004,0,0,0,NO_PRESERVED_MANUAL_REVIEW_EVIDENCE,UNREVIEWED_IS_NOT_CODED_ZERO
ICJ-139-2008-07-16||SC_MEETING::SCM|S/PV.6004,ICJ-139-2008-07-16,139,2008-10-29,105,SC_MEETING,S/PV.6004,0,0,0,NO_PRESERVED_MANUAL_REVIEW_EVIDENCE,UNREVIEWED_IS_NOT_CODED_ZERO
ICJ-139-2008-07-16||SC_MEETING::SCM|S/PV.6005,ICJ-139-2008-07-16,139,2008-10-29,105,SC_MEETING,S/PV.6005,0,0,0,NO_PRESERVED_MANUAL_REVIEW_EVIDENCE,UNREVIEWED_IS_NOT_CODED_ZERO
ICJ-139-2008-07-16||SC_MEETING::SCM|S/PV.6005(Resumption1),ICJ-139-2008-07-16,139,2008-10-29,105,SC_MEETING,S/PV.6005(Resumption1),0,0,0,NO_PRESERVED_MANUAL_REVIEW_EVIDENCE,UNREVIEWED_IS_NOT_CODED_ZERO
ICJ-139-2008-07-16||SC_MEETING::SCM|S/PV.6006,ICJ-139-2008-07-16,139,2008-10-29,105,SC_MEETING,S/PV.6006,0,0,0,NO_PRESERVED_MANUAL_REVIEW_EVIDENCE,UNREVIEWED_IS_NOT_CODED_ZERO
ICJ-139-2008-07-16||SC_MEETING::SCM|S/PV.6007,ICJ-139-2008-07-16,139,2008-10-30,106,SC_MEETING,S/PV.6007,0,0,0,NO_PRESERVED_MANUAL_REVIEW_EVIDENCE,UNREVIEWED_IS_NOT_CODED_ZERO
ICJ-139-2008-07-16||SC_MEETING::SCM|S/PV.6008,ICJ-139-2008-07-16,139,2008-10-30,106,SC_MEETING,S/PV.6008,0,0,0,NO_PRESERVED_MANUAL_REVIEW_EVIDENCE,UNREVIEWED_IS_NOT_CODED_ZERO
ICJ-139-2008-07-16||SC_MEETING::SCM|S/PV.6009,ICJ-139-2008-07-16,139,2008-10-30,106,SC_MEETING,S/PV.6009,0,0,0,NO_PRESERVED_MANUAL_REVIEW_EVIDENCE,UNREVIEWED_IS_NOT_CODED_ZERO
ICJ-139-2008-07-16||GA_FORMAL_VOTE::GAV|643890,ICJ-139-2008-07-16,139,2008-11-03,110,GA_FORMAL_VOTE,A/63/PV.37,0,0,0,NO_PRESERVED_MANUAL_REVIEW_EVIDENCE,UNREVIEWED_IS_NOT_CODED_ZERO
ICJ-139-2008-07-16||SC_MEETING::SCM|S/PV.6010,ICJ-139-2008-07-16,139,2008-11-05,112,SC_MEETING,S/PV.6010,0,0,0,NO_PRESERVED_MANUAL_REVIEW_EVIDENCE,UNREVIEWED_IS_NOT_CODED_ZERO
ICJ-139-2008-07-16||SC_MEETING::SCM|S/PV.6011,ICJ-139-2008-07-16,139,2008-11-06,113,SC_MEETING,S/PV.6011,0,1,1,PUBLISHED_RECALL_REVIEW_REPORTED_CANDIDATE_ID_RECONSTRUCTED,REVIEW_EVIDENCE_PRESENT
ICJ-139-2008-07-16||SC_MEETING::SCM|S/PV.6012,ICJ-139-2008-07-16,139,2008-11-06,113,SC_MEETING,S/PV.6012,0,1,1,PUBLISHED_RECALL_REVIEW_REPORTED_CANDIDATE_ID_RECONSTRUCTED,REVIEW_EVIDENCE_PRESENT
ICJ-139-2008-07-16||SC_MEETING::SCM|S/PV.6013,ICJ-139-2008-07-16,139,2008-11-07,114,SC_MEETING,S/PV.6013,0,0,0,NO_PRESERVED_MANUAL_REVIEW_EVIDENCE,UNREVIEWED_IS_NOT_CODED_ZERO
ICJ-139-2008-07-16||SC_MEETING::SCM|S/PV.6014,ICJ-139-2008-07-16,139,2008-11-07,114,SC_MEETING,S/PV.6014,0,0,0,NO_PRESERVED_MANUAL_REVIEW_EVIDENCE,UNREVIEWED_IS_NOT_CODED_ZERO
ICJ-139-2008-07-16||SC_MEETING::SCM|S/PV.6015,ICJ-139-2008-07-16,139,2008-11-12,119,SC_MEETING,S/PV.6015,0,0,0,NO_PRESERVED_MANUAL_REVIEW_EVIDENCE,UNREVIEWED_IS_NOT_CODED_ZERO
ICJ-139-2008-07-16||SC_MEETING::SCM|S/PV.6016,ICJ-139-2008-07-16,139,2008-11-14,121,SC_MEETING,S/PV.6016,0,0,0,NO_PRESERVED_MANUAL_REVIEW_EVIDENCE,UNREVIEWED_IS_NOT_CODED_ZERO
ICJ-139-2008-07-16||SC_MEETING::SCM|S/PV.6017,ICJ-139-2008-07-16,139,2008-11-19,126,SC_MEETING,S/PV.6017,0,0,0,NO_PRESERVED_MANUAL_REVIEW_EVIDENCE,UNREVIEWED_IS_NOT_CODED_ZERO
ICJ-139-2008-07-16||SC_MEETING::SCM|S/PV.6017(Resumption1),ICJ-139-2008-07-16,139,2008-11-19,126,SC_MEETING,S/PV.6017(Resumption1),0,0,0,NO_PRESERVED_MANUAL_REVIEW_EVIDENCE,UNREVIEWED_IS_NOT_CODED_ZERO
ICJ-139-2008-07-16||SC_FORMAL_VOTE::SCV|1143,ICJ-139-2008-07-16,139,2008-11-20,127,SC_FORMAL_VOTE,S/PV.6021,0,0,0,NO_PRESERVED_MANUAL_REVIEW_EVIDENCE,UNREVIEWED_IS_NOT_CODED_ZERO
ICJ-139-2008-07-16||SC_FORMAL_VOTE::SCV|1144,ICJ-139-2008-07-16,139,2008-11-20,127,SC_FORMAL_VOTE,S/PV.6018,0,0,0,NO_PRESERVED_MANUAL_REVIEW_EVIDENCE,UNREVIEWED_IS_NOT_CODED_ZERO
ICJ-139-2008-07-16||SC_FORMAL_VOTE::SCV|1145,ICJ-139-2008-07-16,139,2008-11-20,127,SC_FORMAL_VOTE,S/PV.6019,0,0,0,NO_PRESERVED_MANUAL_REVIEW_EVIDENCE,UNREVIEWED_IS_NOT_CODED_ZERO
ICJ-139-2008-07-16||SC_MEETING::SCM|S/PV.6018,ICJ-139-2008-07-16,139,2008-11-20,127,SC_MEETING,S/PV.6018,0,0,0,NO_PRESERVED_MANUAL_REVIEW_EVIDENCE,UNREVIEWED_IS_NOT_CODED_ZERO
ICJ-139-2008-07-16||SC_MEETING::SCM|S/PV.6019,ICJ-139-2008-07-16,139,2008-11-20,127,SC_MEETING,S/PV.6019,0,0,0,NO_PRESERVED_MANUAL_REVIEW_EVIDENCE,UNREVIEWED_IS_NOT_CODED_ZERO
ICJ-139-2008-07-16||SC_MEETING::SCM|S/PV.6020,ICJ-139-2008-07-16,139,2008-11-20,127,SC_MEETING,S/PV.6020,0,0,0,NO_PRESERVED_MANUAL_REVIEW_EVIDENCE,UNREVIEWED_IS_NOT_CODED_ZERO
ICJ-139-2008-07-16||SC_MEETING::SCM|S/PV.6021,ICJ-139-2008-07-16,139,2008-11-20,127,SC_MEETING,S/PV.6021,0,0,0,NO_PRESERVED_MANUAL_REVIEW_EVIDENCE,UNREVIEWED_IS_NOT_CODED_ZERO
ICJ-139-2008-07-16||SC_MEETING::SCM|S/PV.6022,ICJ-139-2008-07-16,139,2008-11-25,132,SC_MEETING,S/PV.6022,0,0,0,NO_PRESERVED_MANUAL_REVIEW_EVIDENCE,UNREVIEWED_IS_NOT_CODED_ZERO
ICJ-139-2008-07-16||GA_FORMAL_VOTE::GAV|643894,ICJ-139-2008-07-16,139,2008-11-26,133,GA_FORMAL_VOTE,A/63/PV.60,0,0,0,NO_PRESERVED_MANUAL_REVIEW_EVIDENCE,UNREVIEWED_IS_NOT_CODED_ZERO
ICJ-139-2008-07-16||GA_FORMAL_VOTE::GAV|643895,ICJ-139-2008-07-16,139,2008-11-26,133,GA_FORMAL_VOTE,A/63/PV.60,0,0,0,NO_PRESERVED_MANUAL_REVIEW_EVIDENCE,UNREVIEWED_IS_NOT_CODED_ZERO
ICJ-139-2008-07-16||GA_FORMAL_VOTE::GAV|643897,ICJ-139-2008-07-16,139,2008-11-26,133,GA_FORMAL_VOTE,A/63/PV.60,0,0,0,NO_PRESERVED_MANUAL_REVIEW_EVIDENCE,UNREVIEWED_IS_NOT_CODED_ZERO
ICJ-139-2008-07-16||GA_FORMAL_VOTE::GAV|643898,ICJ-139-2008-07-16,139,2008-11-26,133,GA_FORMAL_VOTE,A/63/PV.60,0,0,0,NO_PRESERVED_MANUAL_REVIEW_EVIDENCE,UNREVIEWED_IS_NOT_CODED_ZERO
ICJ-139-2008-07-16||GA_FORMAL_VOTE::GAV|643899,ICJ-139-2008-07-16,139,2008-11-26,133,GA_FORMAL_VOTE,A/63/PV.60,0,0,0,NO_PRESERVED_MANUAL_REVIEW_EVIDENCE,UNREVIEWED_IS_NOT_CODED_ZERO
ICJ-139-2008-07-16||GA_FORMAL_VOTE::GAV|643901,ICJ-139-2008-07-16,139,2008-11-26,133,GA_FORMAL_VOTE,A/63/PV.60,0,0,0,NO_PRESERVED_MANUAL_REVIEW_EVIDENCE,UNREVIEWED_IS_NOT_CODED_ZERO
ICJ-139-2008-07-16||SC_MEETING::SCM|S/PV.6023,ICJ-139-2008-07-16,139,2008-11-26,133,SC_MEETING,S/PV.6023,0,0,0,NO_PRESERVED_MANUAL_REVIEW_EVIDENCE,UNREVIEWED_IS_NOT_CODED_ZERO
ICJ-139-2008-07-16||SC_MEETING::SCM|S/PV.6024,ICJ-139-2008-07-16,139,2008-11-26,133,SC_MEETING,S/PV.6024,0,0,0,NO_PRESERVED_MANUAL_REVIEW_EVIDENCE,UNREVIEWED_IS_NOT_CODED_ZERO
ICJ-139-2008-07-16||SC_MEETING::SCM|S/PV.6025,ICJ-139-2008-07-16,139,2008-11-26,133,SC_MEETING,S/PV.6025,0,0,0,NO_PRESERVED_MANUAL_REVIEW_EVIDENCE,UNREVIEWED_IS_NOT_CODED_ZERO
ICJ-139-2008-07-16||GA_FORMAL_VOTE::GAV|643902,ICJ-139-2008-07-16,139,2008-12-02,139,GA_FORMAL_VOTE,A/63/PV.61,0,0,0,NO_PRESERVED_MANUAL_REVIEW_EVIDENCE,UNREVIEWED_IS_NOT_CODED_ZERO
ICJ-139-2008-07-16||GA_FORMAL_VOTE::GAV|643903,ICJ-139-2008-07-16,139,2008-12-02,139,GA_FORMAL_VOTE,A/63/PV.61,0,0,0,NO_PRESERVED_MANUAL_REVIEW_EVIDENCE,UNREVIEWED_IS_NOT_CODED_ZERO
ICJ-139-2008-07-16||GA_FORMAL_VOTE::GAV|643904,ICJ-139-2008-07-16,139,2008-12-02,139,GA_FORMAL_VOTE,A/63/PV.61,0,0,0,NO_PRESERVED_MANUAL_REVIEW_EVIDENCE,UNREVIEWED_IS_NOT_CODED_ZERO
ICJ-139-2008-07-16||GA_FORMAL_VOTE::GAV|643905,ICJ-139-2008-07-16,139,2008-12-02,139,GA_FORMAL_VOTE,A/63/PV.61,0,0,0,NO_PRESERVED_MANUAL_REVIEW_EVIDENCE,UNREVIEWED_IS_NOT_CODED_ZERO
ICJ-139-2008-07-16||GA_FORMAL_VOTE::GAV|643906,ICJ-139-2008-07-16,139,2008-12-02,139,GA_FORMAL_VOTE,A/63/PV.61,0,0,0,NO_PRESERVED_MANUAL_REVIEW_EVIDENCE,UNREVIEWED_IS_NOT_CODED_ZERO
ICJ-139-2008-07-16||GA_FORMAL_VOTE::GAV|643907,ICJ-139-2008-07-16,139,2008-12-02,139,GA_FORMAL_VOTE,A/63/PV.61,0,0,0,NO_PRESERVED_MANUAL_REVIEW_EVIDENCE,UNREVIEWED_IS_NOT_CODED_ZERO
ICJ-139-2008-07-16||GA_FORMAL_VOTE::GAV|643949,ICJ-139-2008-07-16,139,2008-12-02,139,GA_FORMAL_VOTE,A/63/PV.61,0,0,0,NO_PRESERVED_MANUAL_REVIEW_EVIDENCE,UNREVIEWED_IS_NOT_CODED_ZERO
ICJ-139-2008-07-16||GA_FORMAL_VOTE::GAV|643951,ICJ-139-2008-07-16,139,2008-12-02,139,GA_FORMAL_VOTE,A/63/PV.61,0,0,0,NO_PRESERVED_MANUAL_REVIEW_EVIDENCE,UNREVIEWED_IS_NOT_CODED_ZERO
ICJ-139-2008-07-16||GA_FORMAL_VOTE::GAV|643953,ICJ-139-2008-07-16,139,2008-12-02,139,GA_FORMAL_VOTE,A/63/PV.61,0,0,0,NO_PRESERVED_MANUAL_REVIEW_EVIDENCE,UNREVIEWED_IS_NOT_CODED_ZERO
ICJ-139-2008-07-16||GA_FORMAL_VOTE::GAV|643958,ICJ-139-2008-07-16,139,2008-12-02,139,GA_FORMAL_VOTE,A/63/PV.61,0,0,0,NO_PRESERVED_MANUAL_REVIEW_EVIDENCE,UNREVIEWED_IS_NOT_CODED_ZERO
ICJ-139-2008-07-16||GA_FORMAL_VOTE::GAV|643960,ICJ-139-2008-07-16,139,2008-12-02,139,GA_FORMAL_VOTE,A/63/PV.61,0,0,0,NO_PRESERVED_MANUAL_REVIEW_EVIDENCE,UNREVIEWED_IS_NOT_CODED_ZERO
ICJ-139-2008-07-16||GA_FORMAL_VOTE::GAV|643981,ICJ-139-2008-07-16,139,2008-12-02,139,GA_FORMAL_VOTE,A/63/PV.61,0,0,0,NO_PRESERVED_MANUAL_REVIEW_EVIDENCE,UNREVIEWED_IS_NOT_CODED_ZERO
ICJ-139-2008-07-16||GA_FORMAL_VOTE::GAV|643988,ICJ-139-2008-07-16,139,2008-12-02,139,GA_FORMAL_VOTE,A/63/PV.61,0,0,0,NO_PRESERVED_MANUAL_REVIEW_EVIDENCE,UNREVIEWED_IS_NOT_CODED_ZERO
ICJ-139-2008-07-16||GA_FORMAL_VOTE::GAV|643997,ICJ-139-2008-07-16,139,2008-12-02,139,GA_FORMAL_VOTE,A/63/PV.61,0,0,0,NO_PRESERVED_MANUAL_REVIEW_EVIDENCE,UNREVIEWED_IS_NOT_CODED_ZERO
ICJ-139-2008-07-16||GA_FORMAL_VOTE::GAV|643999,ICJ-139-2008-07-16,139,2008-12-02,139,GA_FORMAL_VOTE,A/63/PV.61,0,0,0,NO_PRESERVED_MANUAL_REVIEW_EVIDENCE,UNREVIEWED_IS_NOT_CODED_ZERO
ICJ-139-2008-07-16||GA_FORMAL_VOTE::GAV|644005,ICJ-139-2008-07-16,139,2008-12-02,139,GA_FORMAL_VOTE,A/63/PV.61,0,0,0,NO_PRESERVED_MANUAL_REVIEW_EVIDENCE,UNREVIEWED_IS_NOT_CODED_ZERO
ICJ-139-2008-07-16||GA_FORMAL_VOTE::GAV|644046,ICJ-139-2008-07-16,139,2008-12-02,139,GA_FORMAL_VOTE,A/63/PV.61,0,0,0,NO_PRESERVED_MANUAL_REVIEW_EVIDENCE,UNREVIEWED_IS_NOT_CODED_ZERO
ICJ-139-2008-07-16||GA_FORMAL_VOTE::GAV|644051,ICJ-139-2008-07-16,139,2008-12-02,139,GA_FORMAL_VOTE,A/63/PV.61,0,0,0,NO_PRESERVED_MANUAL_REVIEW_EVIDENCE,UNREVIEWED_IS_NOT_CODED_ZERO
ICJ-139-2008-07-16||GA_FORMAL_VOTE::GAV|644054,ICJ-139-2008-07-16,139,2008-12-02,139,GA_FORMAL_VOTE,A/63/PV.61,0,0,0,NO_PRESERVED_MANUAL_REVIEW_EVIDENCE,UNREVIEWED_IS_NOT_CODED_ZERO
ICJ-139-2008-07-16||GA_FORMAL_VOTE::GAV|644058,ICJ-139-2008-07-16,139,2008-12-02,139,GA_FORMAL_VOTE,A/63/PV.61,0,0,0,NO_PRESERVED_MANUAL_REVIEW_EVIDENCE,UNREVIEWED_IS_NOT_CODED_ZERO
ICJ-139-2008-07-16||GA_FORMAL_VOTE::GAV|644071,ICJ-139-2008-07-16,139,2008-12-02,139,GA_FORMAL_VOTE,A/63/PV.61,0,0,0,NO_PRESERVED_MANUAL_REVIEW_EVIDENCE,UNREVIEWED_IS_NOT_CODED_ZERO
ICJ-139-2008-07-16||GA_FORMAL_VOTE::GAV|644152,ICJ-139-2008-07-16,139,2008-12-02,139,GA_FORMAL_VOTE,A/63/PV.61,0,0,0,NO_PRESERVED_MANUAL_REVIEW_EVIDENCE,UNREVIEWED_IS_NOT_CODED_ZERO
ICJ-139-2008-07-16||GA_FORMAL_VOTE::GAV|644182,ICJ-139-2008-07-16,139,2008-12-02,139,GA_FORMAL_VOTE,A/63/PV.61,0,0,0,NO_PRESERVED_MANUAL_REVIEW_EVIDENCE,UNREVIEWED_IS_NOT_CODED_ZERO
ICJ-139-2008-07-16||GA_FORMAL_VOTE::GAV|644185,ICJ-139-2008-07-16,139,2008-12-02,139,GA_FORMAL_VOTE,A/63/PV.61,0,0,0,NO_PRESERVED_MANUAL_REVIEW_EVIDENCE,UNREVIEWED_IS_NOT_CODED_ZERO
ICJ-139-2008-07-16||GA_FORMAL_VOTE::GAV|644187,ICJ-139-2008-07-16,139,2008-12-02,139,GA_FORMAL_VOTE,A/63/PV.61,0,0,0,NO_PRESERVED_MANUAL_REVIEW_EVIDENCE,UNREVIEWED_IS_NOT_CODED_ZERO
ICJ-139-2008-07-16||GA_FORMAL_VOTE::GAV|644200,ICJ-139-2008-07-16,139,2008-12-02,139,GA_FORMAL_VOTE,A/63/PV.61,0,0,0,NO_PRESERVED_MANUAL_REVIEW_EVIDENCE,UNREVIEWED_IS_NOT_CODED_ZERO
ICJ-139-2008-07-16||GA_FORMAL_VOTE::GAV|644214,ICJ-139-2008-07-16,139,2008-12-02,139,GA_FORMAL_VOTE,A/63/PV.61,0,0,0,NO_PRESERVED_MANUAL_REVIEW_EVIDENCE,UNREVIEWED_IS_NOT_CODED_ZERO
ICJ-139-2008-07-16||SC_FORMAL_VOTE::SCV|1146,ICJ-139-2008-07-16,139,2008-12-02,139,SC_FORMAL_VOTE,S/PV.6026,0,0,0,NO_PRESERVED_MANUAL_REVIEW_EVIDENCE,UNREVIEWED_IS_NOT_CODED_ZERO
ICJ-139-2008-07-16||SC_MEETING::SCM|S/PV.6026,ICJ-139-2008-07-16,139,2008-12-02,139,SC_MEETING,S/PV.6026,0,0,0,NO_PRESERVED_MANUAL_REVIEW_EVIDENCE,UNREVIEWED_IS_NOT_CODED_ZERO
ICJ-139-2008-07-16||SC_MEETING::SCM|S/PV.6027,ICJ-139-2008-07-16,139,2008-12-02,139,SC_MEETING,S/PV.6027,0,0,0,NO_PRESERVED_MANUAL_REVIEW_EVIDENCE,UNREVIEWED_IS_NOT_CODED_ZERO
ICJ-139-2008-07-16||SC_MEETING::SCM|S/PV.6028,ICJ-139-2008-07-16,139,2008-12-03,140,SC_MEETING,S/PV.6028,0,0,0,NO_PRESERVED_MANUAL_REVIEW_EVIDENCE,UNREVIEWED_IS_NOT_CODED_ZERO
ICJ-139-2008-07-16||SC_MEETING::SCM|S/PV.6029,ICJ-139-2008-07-16,139,2008-12-03,140,SC_MEETING,S/PV.6029,0,0,0,NO_PRESERVED_MANUAL_REVIEW_EVIDENCE,UNREVIEWED_IS_NOT_CODED_ZERO
ICJ-139-2008-07-16||SC_MEETING::SCM|S/PV.6030,ICJ-139-2008-07-16,139,2008-12-03,140,SC_MEETING,S/PV.6030,0,0,0,NO_PRESERVED_MANUAL_REVIEW_EVIDENCE,UNREVIEWED_IS_NOT_CODED_ZERO
ICJ-139-2008-07-16||SC_MEETING::SCM|S/PV.6031,ICJ-139-2008-07-16,139,2008-12-04,141,SC_MEETING,S/PV.6031,0,0,0,NO_PRESERVED_MANUAL_REVIEW_EVIDENCE,UNREVIEWED_IS_NOT_CODED_ZERO
ICJ-139-2008-07-16||GA_FORMAL_VOTE::GAV|644217,ICJ-139-2008-07-16,139,2008-12-05,142,GA_FORMAL_VOTE,A/63/PV.64,0,0,0,NO_PRESERVED_MANUAL_REVIEW_EVIDENCE,UNREVIEWED_IS_NOT_CODED_ZERO
ICJ-139-2008-07-16||GA_FORMAL_VOTE::GAV|644218,ICJ-139-2008-07-16,139,2008-12-05,142,GA_FORMAL_VOTE,A/63/PV.64,0,0,0,NO_PRESERVED_MANUAL_REVIEW_EVIDENCE,UNREVIEWED_IS_NOT_CODED_ZERO
ICJ-139-2008-07-16||GA_FORMAL_VOTE::GAV|644223,ICJ-139-2008-07-16,139,2008-12-05,142,GA_FORMAL_VOTE,A/63/PV.64,0,0,0,NO_PRESERVED_MANUAL_REVIEW_EVIDENCE,UNREVIEWED_IS_NOT_CODED_ZERO
ICJ-139-2008-07-16||GA_FORMAL_VOTE::GAV|644273,ICJ-139-2008-07-16,139,2008-12-05,142,GA_FORMAL_VOTE,A/63/PV.64,0,0,0,NO_PRESERVED_MANUAL_REVIEW_EVIDENCE,UNREVIEWED_IS_NOT_CODED_ZERO
ICJ-139-2008-07-16||GA_FORMAL_VOTE::GAV|644277,ICJ-139-2008-07-16,139,2008-12-05,142,GA_FORMAL_VOTE,A/63/PV.64,0,0,0,NO_PRESERVED_MANUAL_REVIEW_EVIDENCE,UNREVIEWED_IS_NOT_CODED_ZERO
ICJ-139-2008-07-16||GA_FORMAL_VOTE::GAV|644280,ICJ-139-2008-07-16,139,2008-12-05,142,GA_FORMAL_VOTE,A/63/PV.64,0,0,0,NO_PRESERVED_MANUAL_REVIEW_EVIDENCE,UNREVIEWED_IS_NOT_CODED_ZERO
ICJ-139-2008-07-16||GA_FORMAL_VOTE::GAV|644287,ICJ-139-2008-07-16,139,2008-12-05,142,GA_FORMAL_VOTE,A/63/PV.64,0,0,0,NO_PRESERVED_MANUAL_REVIEW_EVIDENCE,UNREVIEWED_IS_NOT_CODED_ZERO
ICJ-139-2008-07-16||GA_FORMAL_VOTE::GAV|644294,ICJ-139-2008-07-16,139,2008-12-05,142,GA_FORMAL_VOTE,A/63/PV.64,0,0,0,NO_PRESERVED_MANUAL_REVIEW_EVIDENCE,UNREVIEWED_IS_NOT_CODED_ZERO
ICJ-139-2008-07-16||GA_FORMAL_VOTE::GAV|644298,ICJ-139-2008-07-16,139,2008-12-05,142,GA_FORMAL_VOTE,A/63/PV.64,0,0,0,NO_PRESERVED_MANUAL_REVIEW_EVIDENCE,UNREVIEWED_IS_NOT_CODED_ZERO
ICJ-139-2008-07-16||GA_FORMAL_VOTE::GAV|644299,ICJ-139-2008-07-16,139,2008-12-05,142,GA_FORMAL_VOTE,A/63/PV.64,0,0,0,NO_PRESERVED_MANUAL_REVIEW_EVIDENCE,UNREVIEWED_IS_NOT_CODED_ZERO
ICJ-139-2008-07-16||GA_FORMAL_VOTE::GAV|644300,ICJ-139-2008-07-16,139,2008-12-05,142,GA_FORMAL_VOTE,A/63/PV.64,0,0,0,NO_PRESERVED_MANUAL_REVIEW_EVIDENCE,UNREVIEWED_IS_NOT_CODED_ZERO
ICJ-139-2008-07-16||GA_FORMAL_VOTE::GAV|644301,ICJ-139-2008-07-16,139,2008-12-05,142,GA_FORMAL_VOTE,A/63/PV.64,0,0,0,NO_PRESERVED_MANUAL_REVIEW_EVIDENCE,UNREVIEWED_IS_NOT_CODED_ZERO
ICJ-139-2008-07-16||GA_FORMAL_VOTE::GAV|644310,ICJ-139-2008-07-16,139,2008-12-05,142,GA_FORMAL_VOTE,A/63/PV.64,0,0,0,NO_PRESERVED_MANUAL_REVIEW_EVIDENCE,UNREVIEWED_IS_NOT_CODED_ZERO
ICJ-139-2008-07-16||GA_FORMAL_VOTE::GAV|644311,ICJ-139-2008-07-16,139,2008-12-05,142,GA_FORMAL_VOTE,A/63/PV.64,0,0,0,NO_PRESERVED_MANUAL_REVIEW_EVIDENCE,UNREVIEWED_IS_NOT_CODED_ZERO
ICJ-139-2008-07-16||GA_FORMAL_VOTE::GAV|644312,ICJ-139-2008-07-16,139,2008-12-05,142,GA_FORMAL_VOTE,A/63/PV.64,0,0,0,NO_PRESERVED_MANUAL_REVIEW_EVIDENCE,UNREVIEWED_IS_NOT_CODED_ZERO
ICJ-139-2008-07-16||SC_MEETING::SCM|S/PV.6032,ICJ-139-2008-07-16,139,2008-12-05,142,SC_MEETING,S/PV.6032,0,0,0,NO_PRESERVED_MANUAL_REVIEW_EVIDENCE,UNREVIEWED_IS_NOT_CODED_ZERO
ICJ-139-2008-07-16||SC_MEETING::SCM|S/PV.6033,ICJ-139-2008-07-16,139,2008-12-05,142,SC_MEETING,S/PV.6033,0,0,0,NO_PRESERVED_MANUAL_REVIEW_EVIDENCE,UNREVIEWED_IS_NOT_CODED_ZERO
ICJ-139-2008-07-16||SC_MEETING::SCM|S/PV.6034,ICJ-139-2008-07-16,139,2008-12-09,146,SC_MEETING,S/PV.6034,0,0,0,NO_PRESERVED_MANUAL_REVIEW_EVIDENCE,UNREVIEWED_IS_NOT_CODED_ZERO
ICJ-139-2008-07-16||SC_MEETING::SCM|S/PV.6034(Resumption1),ICJ-139-2008-07-16,139,2008-12-09,146,SC_MEETING,S/PV.6034(Resumption1),0,0,0,NO_PRESERVED_MANUAL_REVIEW_EVIDENCE,UNREVIEWED_IS_NOT_CODED_ZERO
ICJ-139-2008-07-16||SC_MEETING::SCM|S/PV.6035,ICJ-139-2008-07-16,139,2008-12-10,147,SC_MEETING,S/PV.6035,0,0,0,NO_PRESERVED_MANUAL_REVIEW_EVIDENCE,UNREVIEWED_IS_NOT_CODED_ZERO
ICJ-139-2008-07-16||SC_MEETING::SCM|S/PV.6036,ICJ-139-2008-07-16,139,2008-12-10,147,SC_MEETING,S/PV.6036,0,0,0,NO_PRESERVED_MANUAL_REVIEW_EVIDENCE,UNREVIEWED_IS_NOT_CODED_ZERO
ICJ-139-2008-07-16||SC_MEETING::SCM|S/PV.6037,ICJ-139-2008-07-16,139,2008-12-11,148,SC_MEETING,S/PV.6037,0,0,0,NO_PRESERVED_MANUAL_REVIEW_EVIDENCE,UNREVIEWED_IS_NOT_CODED_ZERO
ICJ-139-2008-07-16||SC_FORMAL_VOTE::SCV|1147,ICJ-139-2008-07-16,139,2008-12-12,149,SC_FORMAL_VOTE,S/PV.6038,0,0,0,NO_PRESERVED_MANUAL_REVIEW_EVIDENCE,UNREVIEWED_IS_NOT_CODED_ZERO
ICJ-139-2008-07-16||SC_FORMAL_VOTE::SCV|1148,ICJ-139-2008-07-16,139,2008-12-12,149,SC_FORMAL_VOTE,S/PV.6039,0,0,0,NO_PRESERVED_MANUAL_REVIEW_EVIDENCE,UNREVIEWED_IS_NOT_CODED_ZERO
ICJ-139-2008-07-16||SC_FORMAL_VOTE::SCV|1149,ICJ-139-2008-07-16,139,2008-12-12,149,SC_FORMAL_VOTE,S/PV.6040,0,0,0,NO_PRESERVED_MANUAL_REVIEW_EVIDENCE,UNREVIEWED_IS_NOT_CODED_ZERO
ICJ-139-2008-07-16||SC_MEETING::SCM|S/PV.6038,ICJ-139-2008-07-16,139,2008-12-12,149,SC_MEETING,S/PV.6038,0,0,0,NO_PRESERVED_MANUAL_REVIEW_EVIDENCE,UNREVIEWED_IS_NOT_CODED_ZERO
ICJ-139-2008-07-16||SC_MEETING::SCM|S/PV.6039,ICJ-139-2008-07-16,139,2008-12-12,149,SC_MEETING,S/PV.6039,0,0,0,NO_PRESERVED_MANUAL_REVIEW_EVIDENCE,UNREVIEWED_IS_NOT_CODED_ZERO
ICJ-139-2008-07-16||SC_MEETING::SCM|S/PV.6040,ICJ-139-2008-07-16,139,2008-12-12,149,SC_MEETING,S/PV.6040,0,0,0,NO_PRESERVED_MANUAL_REVIEW_EVIDENCE,UNREVIEWED_IS_NOT_CODED_ZERO
ICJ-139-2008-07-16||SC_MEETING::SCM|S/PV.6041,ICJ-139-2008-07-16,139,2008-12-12,149,SC_MEETING,S/PV.6041,0,0,0,NO_PRESERVED_MANUAL_REVIEW_EVIDENCE,UNREVIEWED_IS_NOT_CODED_ZERO
ICJ-139-2008-07-16||SC_MEETING::SCM|S/PV.6042,ICJ-139-2008-07-16,139,2008-12-12,149,SC_MEETING,S/PV.6042,0,0,0,NO_PRESERVED_MANUAL_REVIEW_EVIDENCE,UNREVIEWED_IS_NOT_CODED_ZERO
ICJ-139-2008-07-16||SC_MEETING::SCM|S/PV.6043,ICJ-139-2008-07-16,139,2008-12-15,152,SC_MEETING,S/PV.6043,0,0,0,NO_PRESERVED_MANUAL_REVIEW_EVIDENCE,UNREVIEWED_IS_NOT_CODED_ZERO
ICJ-139-2008-07-16||SC_MEETING::SCM|S/PV.6044,ICJ-139-2008-07-16,139,2008-12-15,152,SC_MEETING,S/PV.6044,0,0,0,NO_PRESERVED_MANUAL_REVIEW_EVIDENCE,UNREVIEWED_IS_NOT_CODED_ZERO
ICJ-139-2008-07-16||SC_FORMAL_VOTE::SCV|1150,ICJ-139-2008-07-16,139,2008-12-16,153,SC_FORMAL_VOTE,S/PV.6045,0,0,0,NO_PRESERVED_MANUAL_REVIEW_EVIDENCE,UNREVIEWED_IS_NOT_CODED_ZERO
ICJ-139-2008-07-16||SC_FORMAL_VOTE::SCV|1151,ICJ-139-2008-07-16,139,2008-12-16,153,SC_FORMAL_VOTE,S/PV.6046,0,0,0,NO_PRESERVED_MANUAL_REVIEW_EVIDENCE,UNREVIEWED_IS_NOT_CODED_ZERO
ICJ-139-2008-07-16||SC_MEETING::SCM|S/PV.6045,ICJ-139-2008-07-16,139,2008-12-16,153,SC_MEETING,S/PV.6045,0,0,0,NO_PRESERVED_MANUAL_REVIEW_EVIDENCE,UNREVIEWED_IS_NOT_CODED_ZERO
ICJ-139-2008-07-16||SC_MEETING::SCM|S/PV.6046,ICJ-139-2008-07-16,139,2008-12-16,153,SC_MEETING,S/PV.6046,0,0,0,NO_PRESERVED_MANUAL_REVIEW_EVIDENCE,UNREVIEWED_IS_NOT_CODED_ZERO
ICJ-139-2008-07-16||SC_FORMAL_VOTE::SCV|1152,ICJ-139-2008-07-16,139,2008-12-17,154,SC_FORMAL_VOTE,S/PV.6048,0,0,0,NO_PRESERVED_MANUAL_REVIEW_EVIDENCE,UNREVIEWED_IS_NOT_CODED_ZERO
ICJ-139-2008-07-16||SC_MEETING::SCM|S/PV.6047,ICJ-139-2008-07-16,139,2008-12-17,154,SC_MEETING,S/PV.6047,0,0,0,NO_PRESERVED_MANUAL_REVIEW_EVIDENCE,UNREVIEWED_IS_NOT_CODED_ZERO
ICJ-139-2008-07-16||SC_MEETING::SCM|S/PV.6048,ICJ-139-2008-07-16,139,2008-12-17,154,SC_MEETING,S/PV.6048,0,0,0,NO_PRESERVED_MANUAL_REVIEW_EVIDENCE,UNREVIEWED_IS_NOT_CODED_ZERO
ICJ-139-2008-07-16||GA_FORMAL_VOTE::GAV|644480,ICJ-139-2008-07-16,139,2008-12-18,155,GA_FORMAL_VOTE,A/63/PV.70,0,0,0,NO_PRESERVED_MANUAL_REVIEW_EVIDENCE,UNREVIEWED_IS_NOT_CODED_ZERO
ICJ-139-2008-07-16||GA_FORMAL_VOTE::GAV|644498,ICJ-139-2008-07-16,139,2008-12-18,155,GA_FORMAL_VOTE,A/63/PV.70,0,0,0,NO_PRESERVED_MANUAL_REVIEW_EVIDENCE,UNREVIEWED_IS_NOT_CODED_ZERO
ICJ-139-2008-07-16||GA_FORMAL_VOTE::GAV|644534,ICJ-139-2008-07-16,139,2008-12-18,155,GA_FORMAL_VOTE,A/63/PV.70,0,0,0,NO_PRESERVED_MANUAL_REVIEW_EVIDENCE,UNREVIEWED_IS_NOT_CODED_ZERO
ICJ-139-2008-07-16||GA_FORMAL_VOTE::GAV|644535,ICJ-139-2008-07-16,139,2008-12-18,155,GA_FORMAL_VOTE,A/63/PV.70,0,0,0,NO_PRESERVED_MANUAL_REVIEW_EVIDENCE,UNREVIEWED_IS_NOT_CODED_ZERO
ICJ-139-2008-07-16||GA_FORMAL_VOTE::GAV|644536,ICJ-139-2008-07-16,139,2008-12-18,155,GA_FORMAL_VOTE,A/63/PV.70,0,0,0,NO_PRESERVED_MANUAL_REVIEW_EVIDENCE,UNREVIEWED_IS_NOT_CODED_ZERO
ICJ-139-2008-07-16||GA_FORMAL_VOTE::GAV|644537,ICJ-139-2008-07-16,139,2008-12-18,155,GA_FORMAL_VOTE,A/63/PV.70,0,0,0,NO_PRESERVED_MANUAL_REVIEW_EVIDENCE,UNREVIEWED_IS_NOT_CODED_ZERO
ICJ-139-2008-07-16||GA_FORMAL_VOTE::GAV|644538,ICJ-139-2008-07-16,139,2008-12-18,155,GA_FORMAL_VOTE,A/63/PV.70,0,0,0,NO_PRESERVED_MANUAL_REVIEW_EVIDENCE,UNREVIEWED_IS_NOT_CODED_ZERO
ICJ-139-2008-07-16||GA_FORMAL_VOTE::GAV|644553,ICJ-139-2008-07-16,139,2008-12-18,155,GA_FORMAL_VOTE,A/63/PV.70,0,0,0,NO_PRESERVED_MANUAL_REVIEW_EVIDENCE,UNREVIEWED_IS_NOT_CODED_ZERO
ICJ-139-2008-07-16||GA_FORMAL_VOTE::GAV|644555,ICJ-139-2008-07-16,139,2008-12-18,155,GA_FORMAL_VOTE,A/63/PV.70,0,0,0,NO_PRESERVED_MANUAL_REVIEW_EVIDENCE,UNREVIEWED_IS_NOT_CODED_ZERO
ICJ-139-2008-07-16||GA_FORMAL_VOTE::GAV|644557,ICJ-139-2008-07-16,139,2008-12-18,155,GA_FORMAL_VOTE,A/63/PV.70,0,0,0,NO_PRESERVED_MANUAL_REVIEW_EVIDENCE,UNREVIEWED_IS_NOT_CODED_ZERO
ICJ-139-2008-07-16||GA_FORMAL_VOTE::GAV|644560,ICJ-139-2008-07-16,139,2008-12-18,155,GA_FORMAL_VOTE,A/63/PV.70,0,0,0,NO_PRESERVED_MANUAL_REVIEW_EVIDENCE,UNREVIEWED_IS_NOT_CODED_ZERO
ICJ-139-2008-07-16||GA_FORMAL_VOTE::GAV|644567,ICJ-139-2008-07-16,139,2008-12-18,155,GA_FORMAL_VOTE,A/63/PV.70,0,0,0,NO_PRESERVED_MANUAL_REVIEW_EVIDENCE,UNREVIEWED_IS_NOT_CODED_ZERO
ICJ-139-2008-07-16||GA_FORMAL_VOTE::GAV|644568,ICJ-139-2008-07-16,139,2008-12-18,155,GA_FORMAL_VOTE,A/63/PV.70,0,0,0,NO_PRESERVED_MANUAL_REVIEW_EVIDENCE,UNREVIEWED_IS_NOT_CODED_ZERO
ICJ-139-2008-07-16||GA_FORMAL_VOTE::GAV|644569,ICJ-139-2008-07-16,139,2008-12-18,155,GA_FORMAL_VOTE,A/63/PV.70,0,0,0,NO_PRESERVED_MANUAL_REVIEW_EVIDENCE,UNREVIEWED_IS_NOT_CODED_ZERO
ICJ-139-2008-07-16||GA_FORMAL_VOTE::GAV|644571,ICJ-139-2008-07-16,139,2008-12-18,155,GA_FORMAL_VOTE,A/63/PV.71,0,0,0,NO_PRESERVED_MANUAL_REVIEW_EVIDENCE,UNREVIEWED_IS_NOT_CODED_ZERO
ICJ-139-2008-07-16||GA_FORMAL_VOTE::GAV|644572,ICJ-139-2008-07-16,139,2008-12-18,155,GA_FORMAL_VOTE,A/63/PV.71,0,0,0,NO_PRESERVED_MANUAL_REVIEW_EVIDENCE,UNREVIEWED_IS_NOT_CODED_ZERO
ICJ-139-2008-07-16||SC_MEETING::SCM|S/PV.6049,ICJ-139-2008-07-16,139,2008-12-18,155,SC_MEETING,S/PV.6049,0,0,0,NO_PRESERVED_MANUAL_REVIEW_EVIDENCE,UNREVIEWED_IS_NOT_CODED_ZERO
ICJ-139-2008-07-16||SC_MEETING::SCM|S/PV.6049(Resumption1),ICJ-139-2008-07-16,139,2008-12-18,155,SC_MEETING,S/PV.6049(Resumption1),0,0,0,NO_PRESERVED_MANUAL_REVIEW_EVIDENCE,UNREVIEWED_IS_NOT_CODED_ZERO
ICJ-139-2008-07-16||GA_FORMAL_VOTE::GAV|644683,ICJ-139-2008-07-16,139,2008-12-19,156,GA_FORMAL_VOTE,A/63/PV.72,0,0,0,NO_PRESERVED_MANUAL_REVIEW_EVIDENCE,UNREVIEWED_IS_NOT_CODED_ZERO
ICJ-139-2008-07-16||GA_FORMAL_VOTE::GAV|644732,ICJ-139-2008-07-16,139,2008-12-19,156,GA_FORMAL_VOTE,A/63/PV.72,0,0,0,NO_PRESERVED_MANUAL_REVIEW_EVIDENCE,UNREVIEWED_IS_NOT_CODED_ZERO
ICJ-139-2008-07-16||GA_FORMAL_VOTE::GAV|644738,ICJ-139-2008-07-16,139,2008-12-19,156,GA_FORMAL_VOTE,A/63/PV.72,0,0,0,NO_PRESERVED_MANUAL_REVIEW_EVIDENCE,UNREVIEWED_IS_NOT_CODED_ZERO
ICJ-139-2008-07-16||SC_FORMAL_VOTE::SCV|1153,ICJ-139-2008-07-16,139,2008-12-19,156,SC_FORMAL_VOTE,S/PV.6050,0,0,0,NO_PRESERVED_MANUAL_REVIEW_EVIDENCE,UNREVIEWED_IS_NOT_CODED_ZERO
ICJ-139-2008-07-16||SC_FORMAL_VOTE::SCV|1154,ICJ-139-2008-07-16,139,2008-12-19,156,SC_FORMAL_VOTE,S/PV.6051,0,0,0,NO_PRESERVED_MANUAL_REVIEW_EVIDENCE,UNREVIEWED_IS_NOT_CODED_ZERO
ICJ-139-2008-07-16||SC_FORMAL_VOTE::SCV|1155,ICJ-139-2008-07-16,139,2008-12-19,156,SC_FORMAL_VOTE,S/PV.6052,0,0,0,NO_PRESERVED_MANUAL_REVIEW_EVIDENCE,UNREVIEWED_IS_NOT_CODED_ZERO
ICJ-139-2008-07-16||SC_MEETING::SCM|S/PV.6050,ICJ-139-2008-07-16,139,2008-12-19,156,SC_MEETING,S/PV.6050,0,0,0,NO_PRESERVED_MANUAL_REVIEW_EVIDENCE,UNREVIEWED_IS_NOT_CODED_ZERO
ICJ-139-2008-07-16||SC_MEETING::SCM|S/PV.6051,ICJ-139-2008-07-16,139,2008-12-19,156,SC_MEETING,S/PV.6051,0,0,0,NO_PRESERVED_MANUAL_REVIEW_EVIDENCE,UNREVIEWED_IS_NOT_CODED_ZERO
ICJ-139-2008-07-16||SC_MEETING::SCM|S/PV.6052,ICJ-139-2008-07-16,139,2008-12-19,156,SC_MEETING,S/PV.6052,0,0,0,NO_PRESERVED_MANUAL_REVIEW_EVIDENCE,UNREVIEWED_IS_NOT_CODED_ZERO
ICJ-139-2008-07-16||SC_MEETING::SCM|S/PV.6053,ICJ-139-2008-07-16,139,2008-12-19,156,SC_MEETING,S/PV.6053,0,0,0,NO_PRESERVED_MANUAL_REVIEW_EVIDENCE,UNREVIEWED_IS_NOT_CODED_ZERO
ICJ-139-2008-07-16||SC_MEETING::SCM|S/PV.6054,ICJ-139-2008-07-16,139,2008-12-19,156,SC_MEETING,S/PV.6054,0,0,0,NO_PRESERVED_MANUAL_REVIEW_EVIDENCE,UNREVIEWED_IS_NOT_CODED_ZERO
ICJ-139-2008-07-16||SC_FORMAL_VOTE::SCV|1156,ICJ-139-2008-07-16,139,2008-12-22,159,SC_FORMAL_VOTE,S/PV.6057,0,0,0,NO_PRESERVED_MANUAL_REVIEW_EVIDENCE,UNREVIEWED_IS_NOT_CODED_ZERO
ICJ-139-2008-07-16||SC_FORMAL_VOTE::SCV|1157,ICJ-139-2008-07-16,139,2008-12-22,159,SC_FORMAL_VOTE,S/PV.6055,0,0,0,NO_PRESERVED_MANUAL_REVIEW_EVIDENCE,UNREVIEWED_IS_NOT_CODED_ZERO
ICJ-139-2008-07-16||SC_FORMAL_VOTE::SCV|1158,ICJ-139-2008-07-16,139,2008-12-22,159,SC_FORMAL_VOTE,S/PV.6056,0,0,0,NO_PRESERVED_MANUAL_REVIEW_EVIDENCE,UNREVIEWED_IS_NOT_CODED_ZERO
ICJ-139-2008-07-16||SC_FORMAL_VOTE::SCV|1159,ICJ-139-2008-07-16,139,2008-12-22,159,SC_FORMAL_VOTE,S/PV.6059,0,0,0,NO_PRESERVED_MANUAL_REVIEW_EVIDENCE,UNREVIEWED_IS_NOT_CODED_ZERO
ICJ-139-2008-07-16||SC_MEETING::SCM|S/PV.6055,ICJ-139-2008-07-16,139,2008-12-22,159,SC_MEETING,S/PV.6055,0,0,0,NO_PRESERVED_MANUAL_REVIEW_EVIDENCE,UNREVIEWED_IS_NOT_CODED_ZERO
ICJ-139-2008-07-16||SC_MEETING::SCM|S/PV.6056,ICJ-139-2008-07-16,139,2008-12-22,159,SC_MEETING,S/PV.6056,0,0,0,NO_PRESERVED_MANUAL_REVIEW_EVIDENCE,UNREVIEWED_IS_NOT_CODED_ZERO
ICJ-139-2008-07-16||SC_MEETING::SCM|S/PV.6057,ICJ-139-2008-07-16,139,2008-12-22,159,SC_MEETING,S/PV.6057,0,0,0,NO_PRESERVED_MANUAL_REVIEW_EVIDENCE,UNREVIEWED_IS_NOT_CODED_ZERO
ICJ-139-2008-07-16||SC_MEETING::SCM|S/PV.6058,ICJ-139-2008-07-16,139,2008-12-22,159,SC_MEETING,S/PV.6058,0,0,0,NO_PRESERVED_MANUAL_REVIEW_EVIDENCE,UNREVIEWED_IS_NOT_CODED_ZERO
ICJ-139-2008-07-16||SC_MEETING::SCM|S/PV.6059,ICJ-139-2008-07-16,139,2008-12-22,159,SC_MEETING,S/PV.6059,0,0,0,NO_PRESERVED_MANUAL_REVIEW_EVIDENCE,UNREVIEWED_IS_NOT_CODED_ZERO
ICJ-139-2008-07-16||GA_FORMAL_VOTE::GAV|644763,ICJ-139-2008-07-16,139,2008-12-24,161,GA_FORMAL_VOTE,A/63/PV.74,0,0,0,NO_PRESERVED_MANUAL_REVIEW_EVIDENCE,UNREVIEWED_IS_NOT_CODED_ZERO
ICJ-139-2008-07-16||GA_FORMAL_VOTE::GAV|644764,ICJ-139-2008-07-16,139,2008-12-24,161,GA_FORMAL_VOTE,A/63/PV.74,0,0,0,NO_PRESERVED_MANUAL_REVIEW_EVIDENCE,UNREVIEWED_IS_NOT_CODED_ZERO
ICJ-139-2008-07-16||GA_FORMAL_VOTE::GAV|644765,ICJ-139-2008-07-16,139,2008-12-24,161,GA_FORMAL_VOTE,A/63/PV.74,0,0,0,NO_PRESERVED_MANUAL_REVIEW_EVIDENCE,UNREVIEWED_IS_NOT_CODED_ZERO
ICJ-139-2008-07-16||GA_FORMAL_VOTE::GAV|644767,ICJ-139-2008-07-16,139,2008-12-24,161,GA_FORMAL_VOTE,A/63/PV.74,0,0,0,NO_PRESERVED_MANUAL_REVIEW_EVIDENCE,UNREVIEWED_IS_NOT_CODED_ZERO
ICJ-139-2008-07-16||SC_MEETING::SCM|S/PV.6060,ICJ-139-2008-07-16,139,2008-12-31,168,SC_MEETING,S/PV.6060,0,0,0,NO_PRESERVED_MANUAL_REVIEW_EVIDENCE,UNREVIEWED_IS_NOT_CODED_ZERO
ICJ-139-2008-07-16||SC_MEETING::SCM|S/PV.6061,ICJ-139-2008-07-16,139,2009-01-06,174,SC_MEETING,S/PV.6061,0,0,0,NO_PRESERVED_MANUAL_REVIEW_EVIDENCE,UNREVIEWED_IS_NOT_CODED_ZERO
ICJ-139-2008-07-16||SC_MEETING::SCM|S/PV.6061(Resumption1),ICJ-139-2008-07-16,139,2009-01-07,175,SC_MEETING,S/PV.6061(Resumption1),0,0,0,NO_PRESERVED_MANUAL_REVIEW_EVIDENCE,UNREVIEWED_IS_NOT_CODED_ZERO
ICJ-139-2008-07-16||SC_FORMAL_VOTE::SCV|1160,ICJ-139-2008-07-16,139,2009-01-08,176,SC_FORMAL_VOTE,S/PV.6063,0,0,0,NO_PRESERVED_MANUAL_REVIEW_EVIDENCE,UNREVIEWED_IS_NOT_CODED_ZERO
ICJ-139-2008-07-16||SC_MEETING::SCM|S/PV.6062,ICJ-139-2008-07-16,139,2009-01-08,176,SC_MEETING,S/PV.6062,0,0,0,NO_PRESERVED_MANUAL_REVIEW_EVIDENCE,UNREVIEWED_IS_NOT_CODED_ZERO
ICJ-139-2008-07-16||SC_MEETING::SCM|S/PV.6063,ICJ-139-2008-07-16,139,2009-01-08,176,SC_MEETING,S/PV.6063,0,0,0,NO_PRESERVED_MANUAL_REVIEW_EVIDENCE,UNREVIEWED_IS_NOT_CODED_ZERO
ICJ-140-2008-10-15||SC_FORMAL_VOTE::SCV|1141,ICJ-140-2008-10-15,140,2008-10-15,0,SC_FORMAL_VOTE,S/PV.5996,0,0,0,NO_PRESERVED_MANUAL_REVIEW_EVIDENCE,UNREVIEWED_IS_NOT_CODED_ZERO
ICJ-140-2008-10-15||SC_MEETING::SCM|S/PV.5995,ICJ-140-2008-10-15,140,2008-10-15,0,SC_MEETING,S/PV.5995,0,0,0,NO_PRESERVED_MANUAL_REVIEW_EVIDENCE,UNREVIEWED_IS_NOT_CODED_ZERO
ICJ-140-2008-10-15||SC_MEETING::SCM|S/PV.5996,ICJ-140-2008-10-15,140,2008-10-15,0,SC_MEETING,S/PV.5996,0,0,0,NO_PRESERVED_MANUAL_REVIEW_EVIDENCE,UNREVIEWED_IS_NOT_CODED_ZERO
ICJ-140-2008-10-15||SC_MEETING::SCM|S/PV.5997,ICJ-140-2008-10-15,140,2008-10-21,6,SC_MEETING,S/PV.5997,0,0,0,NO_PRESERVED_MANUAL_REVIEW_EVIDENCE,UNREVIEWED_IS_NOT_CODED_ZERO
ICJ-140-2008-10-15||SC_MEETING::SCM|S/PV.5998,ICJ-140-2008-10-15,140,2008-10-21,6,SC_MEETING,S/PV.5998,0,0,0,NO_PRESERVED_MANUAL_REVIEW_EVIDENCE,UNREVIEWED_IS_NOT_CODED_ZERO
ICJ-140-2008-10-15||SC_MEETING::SCM|S/PV.5999,ICJ-140-2008-10-15,140,2008-10-22,7,SC_MEETING,S/PV.5999,0,0,0,NO_PRESERVED_MANUAL_REVIEW_EVIDENCE,UNREVIEWED_IS_NOT_CODED_ZERO
ICJ-140-2008-10-15||SC_MEETING::SCM|S/PV.6000,ICJ-140-2008-10-15,140,2008-10-23,8,SC_MEETING,S/PV.6000,0,0,0,NO_PRESERVED_MANUAL_REVIEW_EVIDENCE,UNREVIEWED_IS_NOT_CODED_ZERO
ICJ-140-2008-10-15||SC_MEETING::SCM|S/PV.6001,ICJ-140-2008-10-15,140,2008-10-27,12,SC_MEETING,S/PV.6001,0,0,0,NO_PRESERVED_MANUAL_REVIEW_EVIDENCE,UNREVIEWED_IS_NOT_CODED_ZERO
ICJ-140-2008-10-15||SC_MEETING::SCM|S/PV.6002,ICJ-140-2008-10-15,140,2008-10-28,13,SC_MEETING,S/PV.6002,0,1,1,PUBLISHED_RECALL_REVIEW_REPORTED_CANDIDATE_ID_RECONSTRUCTED,REVIEW_EVIDENCE_PRESENT
ICJ-140-2008-10-15||SC_MEETING::SCM|S/PV.6003,ICJ-140-2008-10-15,140,2008-10-28,13,SC_MEETING,S/PV.6003,0,0,0,NO_PRESERVED_MANUAL_REVIEW_EVIDENCE,UNREVIEWED_IS_NOT_CODED_ZERO
ICJ-140-2008-10-15||GA_FORMAL_VOTE::GAV|643885,ICJ-140-2008-10-15,140,2008-10-29,14,GA_FORMAL_VOTE,A/63/PV.33,0,0,0,NO_PRESERVED_MANUAL_REVIEW_EVIDENCE,UNREVIEWED_IS_NOT_CODED_ZERO
ICJ-140-2008-10-15||SC_FORMAL_VOTE::SCV|1142,ICJ-140-2008-10-15,140,2008-10-29,14,SC_FORMAL_VOTE,S/PV.6004,0,0,0,NO_PRESERVED_MANUAL_REVIEW_EVIDENCE,UNREVIEWED_IS_NOT_CODED_ZERO
ICJ-140-2008-10-15||SC_MEETING::SCM|S/PV.6004,ICJ-140-2008-10-15,140,2008-10-29,14,SC_MEETING,S/PV.6004,0,0,0,NO_PRESERVED_MANUAL_REVIEW_EVIDENCE,UNREVIEWED_IS_NOT_CODED_ZERO
ICJ-140-2008-10-15||SC_MEETING::SCM|S/PV.6005,ICJ-140-2008-10-15,140,2008-10-29,14,SC_MEETING,S/PV.6005,0,0,0,NO_PRESERVED_MANUAL_REVIEW_EVIDENCE,UNREVIEWED_IS_NOT_CODED_ZERO
ICJ-140-2008-10-15||SC_MEETING::SCM|S/PV.6005(Resumption1),ICJ-140-2008-10-15,140,2008-10-29,14,SC_MEETING,S/PV.6005(Resumption1),0,0,0,NO_PRESERVED_MANUAL_REVIEW_EVIDENCE,UNREVIEWED_IS_NOT_CODED_ZERO
ICJ-140-2008-10-15||SC_MEETING::SCM|S/PV.6006,ICJ-140-2008-10-15,140,2008-10-29,14,SC_MEETING,S/PV.6006,0,0,0,NO_PRESERVED_MANUAL_REVIEW_EVIDENCE,UNREVIEWED_IS_NOT_CODED_ZERO
ICJ-140-2008-10-15||SC_MEETING::SCM|S/PV.6007,ICJ-140-2008-10-15,140,2008-10-30,15,SC_MEETING,S/PV.6007,0,0,0,NO_PRESERVED_MANUAL_REVIEW_EVIDENCE,UNREVIEWED_IS_NOT_CODED_ZERO
ICJ-140-2008-10-15||SC_MEETING::SCM|S/PV.6008,ICJ-140-2008-10-15,140,2008-10-30,15,SC_MEETING,S/PV.6008,0,0,0,NO_PRESERVED_MANUAL_REVIEW_EVIDENCE,UNREVIEWED_IS_NOT_CODED_ZERO
ICJ-140-2008-10-15||SC_MEETING::SCM|S/PV.6009,ICJ-140-2008-10-15,140,2008-10-30,15,SC_MEETING,S/PV.6009,0,0,0,NO_PRESERVED_MANUAL_REVIEW_EVIDENCE,UNREVIEWED_IS_NOT_CODED_ZERO
ICJ-140-2008-10-15||GA_FORMAL_VOTE::GAV|643890,ICJ-140-2008-10-15,140,2008-11-03,19,GA_FORMAL_VOTE,A/63/PV.37,0,0,0,NO_PRESERVED_MANUAL_REVIEW_EVIDENCE,UNREVIEWED_IS_NOT_CODED_ZERO
ICJ-140-2008-10-15||SC_MEETING::SCM|S/PV.6010,ICJ-140-2008-10-15,140,2008-11-05,21,SC_MEETING,S/PV.6010,0,0,0,NO_PRESERVED_MANUAL_REVIEW_EVIDENCE,UNREVIEWED_IS_NOT_CODED_ZERO
ICJ-140-2008-10-15||SC_MEETING::SCM|S/PV.6011,ICJ-140-2008-10-15,140,2008-11-06,22,SC_MEETING,S/PV.6011,0,1,1,PUBLISHED_RECALL_REVIEW_REPORTED_CANDIDATE_ID_RECONSTRUCTED,REVIEW_EVIDENCE_PRESENT
ICJ-140-2008-10-15||SC_MEETING::SCM|S/PV.6012,ICJ-140-2008-10-15,140,2008-11-06,22,SC_MEETING,S/PV.6012,0,1,1,PUBLISHED_RECALL_REVIEW_REPORTED_CANDIDATE_ID_RECONSTRUCTED,REVIEW_EVIDENCE_PRESENT
ICJ-140-2008-10-15||SC_MEETING::SCM|S/PV.6013,ICJ-140-2008-10-15,140,2008-11-07,23,SC_MEETING,S/PV.6013,0,0,0,NO_PRESERVED_MANUAL_REVIEW_EVIDENCE,UNREVIEWED_IS_NOT_CODED_ZERO
ICJ-140-2008-10-15||SC_MEETING::SCM|S/PV.6014,ICJ-140-2008-10-15,140,2008-11-07,23,SC_MEETING,S/PV.6014,0,0,0,NO_PRESERVED_MANUAL_REVIEW_EVIDENCE,UNREVIEWED_IS_NOT_CODED_ZERO
ICJ-140-2008-10-15||SC_MEETING::SCM|S/PV.6015,ICJ-140-2008-10-15,140,2008-11-12,28,SC_MEETING,S/PV.6015,0,0,0,NO_PRESERVED_MANUAL_REVIEW_EVIDENCE,UNREVIEWED_IS_NOT_CODED_ZERO
ICJ-140-2008-10-15||SC_MEETING::SCM|S/PV.6016,ICJ-140-2008-10-15,140,2008-11-14,30,SC_MEETING,S/PV.6016,0,0,0,NO_PRESERVED_MANUAL_REVIEW_EVIDENCE,UNREVIEWED_IS_NOT_CODED_ZERO
ICJ-140-2008-10-15||SC_MEETING::SCM|S/PV.6017,ICJ-140-2008-10-15,140,2008-11-19,35,SC_MEETING,S/PV.6017,0,0,0,NO_PRESERVED_MANUAL_REVIEW_EVIDENCE,UNREVIEWED_IS_NOT_CODED_ZERO
ICJ-140-2008-10-15||SC_MEETING::SCM|S/PV.6017(Resumption1),ICJ-140-2008-10-15,140,2008-11-19,35,SC_MEETING,S/PV.6017(Resumption1),0,0,0,NO_PRESERVED_MANUAL_REVIEW_EVIDENCE,UNREVIEWED_IS_NOT_CODED_ZERO
ICJ-140-2008-10-15||SC_FORMAL_VOTE::SCV|1143,ICJ-140-2008-10-15,140,2008-11-20,36,SC_FORMAL_VOTE,S/PV.6021,0,0,0,NO_PRESERVED_MANUAL_REVIEW_EVIDENCE,UNREVIEWED_IS_NOT_CODED_ZERO
ICJ-140-2008-10-15||SC_FORMAL_VOTE::SCV|1144,ICJ-140-2008-10-15,140,2008-11-20,36,SC_FORMAL_VOTE,S/PV.6018,0,0,0,NO_PRESERVED_MANUAL_REVIEW_EVIDENCE,UNREVIEWED_IS_NOT_CODED_ZERO
ICJ-140-2008-10-15||SC_FORMAL_VOTE::SCV|1145,ICJ-140-2008-10-15,140,2008-11-20,36,SC_FORMAL_VOTE,S/PV.6019,0,0,0,NO_PRESERVED_MANUAL_REVIEW_EVIDENCE,UNREVIEWED_IS_NOT_CODED_ZERO
ICJ-140-2008-10-15||SC_MEETING::SCM|S/PV.6018,ICJ-140-2008-10-15,140,2008-11-20,36,SC_MEETING,S/PV.6018,0,0,0,NO_PRESERVED_MANUAL_REVIEW_EVIDENCE,UNREVIEWED_IS_NOT_CODED_ZERO
ICJ-140-2008-10-15||SC_MEETING::SCM|S/PV.6019,ICJ-140-2008-10-15,140,2008-11-20,36,SC_MEETING,S/PV.6019,0,0,0,NO_PRESERVED_MANUAL_REVIEW_EVIDENCE,UNREVIEWED_IS_NOT_CODED_ZERO
ICJ-140-2008-10-15||SC_MEETING::SCM|S/PV.6020,ICJ-140-2008-10-15,140,2008-11-20,36,SC_MEETING,S/PV.6020,0,0,0,NO_PRESERVED_MANUAL_REVIEW_EVIDENCE,UNREVIEWED_IS_NOT_CODED_ZERO
ICJ-140-2008-10-15||SC_MEETING::SCM|S/PV.6021,ICJ-140-2008-10-15,140,2008-11-20,36,SC_MEETING,S/PV.6021,0,0,0,NO_PRESERVED_MANUAL_REVIEW_EVIDENCE,UNREVIEWED_IS_NOT_CODED_ZERO
ICJ-140-2008-10-15||SC_MEETING::SCM|S/PV.6022,ICJ-140-2008-10-15,140,2008-11-25,41,SC_MEETING,S/PV.6022,0,0,0,NO_PRESERVED_MANUAL_REVIEW_EVIDENCE,UNREVIEWED_IS_NOT_CODED_ZERO
ICJ-140-2008-10-15||GA_FORMAL_VOTE::GAV|643894,ICJ-140-2008-10-15,140,2008-11-26,42,GA_FORMAL_VOTE,A/63/PV.60,0,0,0,NO_PRESERVED_MANUAL_REVIEW_EVIDENCE,UNREVIEWED_IS_NOT_CODED_ZERO
ICJ-140-2008-10-15||GA_FORMAL_VOTE::GAV|643895,ICJ-140-2008-10-15,140,2008-11-26,42,GA_FORMAL_VOTE,A/63/PV.60,0,0,0,NO_PRESERVED_MANUAL_REVIEW_EVIDENCE,UNREVIEWED_IS_NOT_CODED_ZERO
ICJ-140-2008-10-15||GA_FORMAL_VOTE::GAV|643897,ICJ-140-2008-10-15,140,2008-11-26,42,GA_FORMAL_VOTE,A/63/PV.60,0,0,0,NO_PRESERVED_MANUAL_REVIEW_EVIDENCE,UNREVIEWED_IS_NOT_CODED_ZERO
ICJ-140-2008-10-15||GA_FORMAL_VOTE::GAV|643898,ICJ-140-2008-10-15,140,2008-11-26,42,GA_FORMAL_VOTE,A/63/PV.60,0,0,0,NO_PRESERVED_MANUAL_REVIEW_EVIDENCE,UNREVIEWED_IS_NOT_CODED_ZERO
ICJ-140-2008-10-15||GA_FORMAL_VOTE::GAV|643899,ICJ-140-2008-10-15,140,2008-11-26,42,GA_FORMAL_VOTE,A/63/PV.60,0,0,0,NO_PRESERVED_MANUAL_REVIEW_EVIDENCE,UNREVIEWED_IS_NOT_CODED_ZERO
ICJ-140-2008-10-15||GA_FORMAL_VOTE::GAV|643901,ICJ-140-2008-10-15,140,2008-11-26,42,GA_FORMAL_VOTE,A/63/PV.60,0,0,0,NO_PRESERVED_MANUAL_REVIEW_EVIDENCE,UNREVIEWED_IS_NOT_CODED_ZERO
ICJ-140-2008-10-15||SC_MEETING::SCM|S/PV.6023,ICJ-140-2008-10-15,140,2008-11-26,42,SC_MEETING,S/PV.6023,0,0,0,NO_PRESERVED_MANUAL_REVIEW_EVIDENCE,UNREVIEWED_IS_NOT_CODED_ZERO
ICJ-140-2008-10-15||SC_MEETING::SCM|S/PV.6024,ICJ-140-2008-10-15,140,2008-11-26,42,SC_MEETING,S/PV.6024,0,0,0,NO_PRESERVED_MANUAL_REVIEW_EVIDENCE,UNREVIEWED_IS_NOT_CODED_ZERO
ICJ-140-2008-10-15||SC_MEETING::SCM|S/PV.6025,ICJ-140-2008-10-15,140,2008-11-26,42,SC_MEETING,S/PV.6025,0,0,0,NO_PRESERVED_MANUAL_REVIEW_EVIDENCE,UNREVIEWED_IS_NOT_CODED_ZERO
ICJ-140-2008-10-15||GA_FORMAL_VOTE::GAV|643902,ICJ-140-2008-10-15,140,2008-12-02,48,GA_FORMAL_VOTE,A/63/PV.61,0,0,0,NO_PRESERVED_MANUAL_REVIEW_EVIDENCE,UNREVIEWED_IS_NOT_CODED_ZERO
ICJ-140-2008-10-15||GA_FORMAL_VOTE::GAV|643903,ICJ-140-2008-10-15,140,2008-12-02,48,GA_FORMAL_VOTE,A/63/PV.61,0,0,0,NO_PRESERVED_MANUAL_REVIEW_EVIDENCE,UNREVIEWED_IS_NOT_CODED_ZERO
ICJ-140-2008-10-15||GA_FORMAL_VOTE::GAV|643904,ICJ-140-2008-10-15,140,2008-12-02,48,GA_FORMAL_VOTE,A/63/PV.61,0,0,0,NO_PRESERVED_MANUAL_REVIEW_EVIDENCE,UNREVIEWED_IS_NOT_CODED_ZERO
ICJ-140-2008-10-15||GA_FORMAL_VOTE::GAV|643905,ICJ-140-2008-10-15,140,2008-12-02,48,GA_FORMAL_VOTE,A/63/PV.61,0,0,0,NO_PRESERVED_MANUAL_REVIEW_EVIDENCE,UNREVIEWED_IS_NOT_CODED_ZERO
ICJ-140-2008-10-15||GA_FORMAL_VOTE::GAV|643906,ICJ-140-2008-10-15,140,2008-12-02,48,GA_FORMAL_VOTE,A/63/PV.61,0,0,0,NO_PRESERVED_MANUAL_REVIEW_EVIDENCE,UNREVIEWED_IS_NOT_CODED_ZERO
ICJ-140-2008-10-15||GA_FORMAL_VOTE::GAV|643907,ICJ-140-2008-10-15,140,2008-12-02,48,GA_FORMAL_VOTE,A/63/PV.61,0,0,0,NO_PRESERVED_MANUAL_REVIEW_EVIDENCE,UNREVIEWED_IS_NOT_CODED_ZERO
ICJ-140-2008-10-15||GA_FORMAL_VOTE::GAV|643949,ICJ-140-2008-10-15,140,2008-12-02,48,GA_FORMAL_VOTE,A/63/PV.61,0,0,0,NO_PRESERVED_MANUAL_REVIEW_EVIDENCE,UNREVIEWED_IS_NOT_CODED_ZERO
ICJ-140-2008-10-15||GA_FORMAL_VOTE::GAV|643951,ICJ-140-2008-10-15,140,2008-12-02,48,GA_FORMAL_VOTE,A/63/PV.61,0,0,0,NO_PRESERVED_MANUAL_REVIEW_EVIDENCE,UNREVIEWED_IS_NOT_CODED_ZERO
ICJ-140-2008-10-15||GA_FORMAL_VOTE::GAV|643953,ICJ-140-2008-10-15,140,2008-12-02,48,GA_FORMAL_VOTE,A/63/PV.61,0,0,0,NO_PRESERVED_MANUAL_REVIEW_EVIDENCE,UNREVIEWED_IS_NOT_CODED_ZERO
ICJ-140-2008-10-15||GA_FORMAL_VOTE::GAV|643958,ICJ-140-2008-10-15,140,2008-12-02,48,GA_FORMAL_VOTE,A/63/PV.61,0,0,0,NO_PRESERVED_MANUAL_REVIEW_EVIDENCE,UNREVIEWED_IS_NOT_CODED_ZERO
ICJ-140-2008-10-15||GA_FORMAL_VOTE::GAV|643960,ICJ-140-2008-10-15,140,2008-12-02,48,GA_FORMAL_VOTE,A/63/PV.61,0,0,0,NO_PRESERVED_MANUAL_REVIEW_EVIDENCE,UNREVIEWED_IS_NOT_CODED_ZERO
ICJ-140-2008-10-15||GA_FORMAL_VOTE::GAV|643981,ICJ-140-2008-10-15,140,2008-12-02,48,GA_FORMAL_VOTE,A/63/PV.61,0,0,0,NO_PRESERVED_MANUAL_REVIEW_EVIDENCE,UNREVIEWED_IS_NOT_CODED_ZERO
ICJ-140-2008-10-15||GA_FORMAL_VOTE::GAV|643988,ICJ-140-2008-10-15,140,2008-12-02,48,GA_FORMAL_VOTE,A/63/PV.61,0,0,0,NO_PRESERVED_MANUAL_REVIEW_EVIDENCE,UNREVIEWED_IS_NOT_CODED_ZERO
ICJ-140-2008-10-15||GA_FORMAL_VOTE::GAV|643997,ICJ-140-2008-10-15,140,2008-12-02,48,GA_FORMAL_VOTE,A/63/PV.61,0,0,0,NO_PRESERVED_MANUAL_REVIEW_EVIDENCE,UNREVIEWED_IS_NOT_CODED_ZERO
ICJ-140-2008-10-15||GA_FORMAL_VOTE::GAV|643999,ICJ-140-2008-10-15,140,2008-12-02,48,GA_FORMAL_VOTE,A/63/PV.61,0,0,0,NO_PRESERVED_MANUAL_REVIEW_EVIDENCE,UNREVIEWED_IS_NOT_CODED_ZERO
ICJ-140-2008-10-15||GA_FORMAL_VOTE::GAV|644005,ICJ-140-2008-10-15,140,2008-12-02,48,GA_FORMAL_VOTE,A/63/PV.61,0,0,0,NO_PRESERVED_MANUAL_REVIEW_EVIDENCE,UNREVIEWED_IS_NOT_CODED_ZERO
ICJ-140-2008-10-15||GA_FORMAL_VOTE::GAV|644046,ICJ-140-2008-10-15,140,2008-12-02,48,GA_FORMAL_VOTE,A/63/PV.61,0,0,0,NO_PRESERVED_MANUAL_REVIEW_EVIDENCE,UNREVIEWED_IS_NOT_CODED_ZERO
ICJ-140-2008-10-15||GA_FORMAL_VOTE::GAV|644051,ICJ-140-2008-10-15,140,2008-12-02,48,GA_FORMAL_VOTE,A/63/PV.61,0,0,0,NO_PRESERVED_MANUAL_REVIEW_EVIDENCE,UNREVIEWED_IS_NOT_CODED_ZERO
ICJ-140-2008-10-15||GA_FORMAL_VOTE::GAV|644054,ICJ-140-2008-10-15,140,2008-12-02,48,GA_FORMAL_VOTE,A/63/PV.61,0,0,0,NO_PRESERVED_MANUAL_REVIEW_EVIDENCE,UNREVIEWED_IS_NOT_CODED_ZERO
ICJ-140-2008-10-15||GA_FORMAL_VOTE::GAV|644058,ICJ-140-2008-10-15,140,2008-12-02,48,GA_FORMAL_VOTE,A/63/PV.61,0,0,0,NO_PRESERVED_MANUAL_REVIEW_EVIDENCE,UNREVIEWED_IS_NOT_CODED_ZERO
ICJ-140-2008-10-15||GA_FORMAL_VOTE::GAV|644071,ICJ-140-2008-10-15,140,2008-12-02,48,GA_FORMAL_VOTE,A/63/PV.61,0,0,0,NO_PRESERVED_MANUAL_REVIEW_EVIDENCE,UNREVIEWED_IS_NOT_CODED_ZERO
ICJ-140-2008-10-15||GA_FORMAL_VOTE::GAV|644152,ICJ-140-2008-10-15,140,2008-12-02,48,GA_FORMAL_VOTE,A/63/PV.61,0,0,0,NO_PRESERVED_MANUAL_REVIEW_EVIDENCE,UNREVIEWED_IS_NOT_CODED_ZERO
ICJ-140-2008-10-15||GA_FORMAL_VOTE::GAV|644182,ICJ-140-2008-10-15,140,2008-12-02,48,GA_FORMAL_VOTE,A/63/PV.61,0,0,0,NO_PRESERVED_MANUAL_REVIEW_EVIDENCE,UNREVIEWED_IS_NOT_CODED_ZERO
ICJ-140-2008-10-15||GA_FORMAL_VOTE::GAV|644185,ICJ-140-2008-10-15,140,2008-12-02,48,GA_FORMAL_VOTE,A/63/PV.61,0,0,0,NO_PRESERVED_MANUAL_REVIEW_EVIDENCE,UNREVIEWED_IS_NOT_CODED_ZERO
ICJ-140-2008-10-15||GA_FORMAL_VOTE::GAV|644187,ICJ-140-2008-10-15,140,2008-12-02,48,GA_FORMAL_VOTE,A/63/PV.61,0,0,0,NO_PRESERVED_MANUAL_REVIEW_EVIDENCE,UNREVIEWED_IS_NOT_CODED_ZERO
ICJ-140-2008-10-15||GA_FORMAL_VOTE::GAV|644200,ICJ-140-2008-10-15,140,2008-12-02,48,GA_FORMAL_VOTE,A/63/PV.61,0,0,0,NO_PRESERVED_MANUAL_REVIEW_EVIDENCE,UNREVIEWED_IS_NOT_CODED_ZERO
ICJ-140-2008-10-15||GA_FORMAL_VOTE::GAV|644214,ICJ-140-2008-10-15,140,2008-12-02,48,GA_FORMAL_VOTE,A/63/PV.61,0,0,0,NO_PRESERVED_MANUAL_REVIEW_EVIDENCE,UNREVIEWED_IS_NOT_CODED_ZERO
ICJ-140-2008-10-15||SC_FORMAL_VOTE::SCV|1146,ICJ-140-2008-10-15,140,2008-12-02,48,SC_FORMAL_VOTE,S/PV.6026,0,0,0,NO_PRESERVED_MANUAL_REVIEW_EVIDENCE,UNREVIEWED_IS_NOT_CODED_ZERO
ICJ-140-2008-10-15||SC_MEETING::SCM|S/PV.6026,ICJ-140-2008-10-15,140,2008-12-02,48,SC_MEETING,S/PV.6026,0,0,0,NO_PRESERVED_MANUAL_REVIEW_EVIDENCE,UNREVIEWED_IS_NOT_CODED_ZERO
ICJ-140-2008-10-15||SC_MEETING::SCM|S/PV.6027,ICJ-140-2008-10-15,140,2008-12-02,48,SC_MEETING,S/PV.6027,0,0,0,NO_PRESERVED_MANUAL_REVIEW_EVIDENCE,UNREVIEWED_IS_NOT_CODED_ZERO
ICJ-140-2008-10-15||SC_MEETING::SCM|S/PV.6028,ICJ-140-2008-10-15,140,2008-12-03,49,SC_MEETING,S/PV.6028,0,0,0,NO_PRESERVED_MANUAL_REVIEW_EVIDENCE,UNREVIEWED_IS_NOT_CODED_ZERO
ICJ-140-2008-10-15||SC_MEETING::SCM|S/PV.6029,ICJ-140-2008-10-15,140,2008-12-03,49,SC_MEETING,S/PV.6029,0,0,0,NO_PRESERVED_MANUAL_REVIEW_EVIDENCE,UNREVIEWED_IS_NOT_CODED_ZERO
ICJ-140-2008-10-15||SC_MEETING::SCM|S/PV.6030,ICJ-140-2008-10-15,140,2008-12-03,49,SC_MEETING,S/PV.6030,0,0,0,NO_PRESERVED_MANUAL_REVIEW_EVIDENCE,UNREVIEWED_IS_NOT_CODED_ZERO
ICJ-140-2008-10-15||SC_MEETING::SCM|S/PV.6031,ICJ-140-2008-10-15,140,2008-12-04,50,SC_MEETING,S/PV.6031,0,0,0,NO_PRESERVED_MANUAL_REVIEW_EVIDENCE,UNREVIEWED_IS_NOT_CODED_ZERO
ICJ-140-2008-10-15||GA_FORMAL_VOTE::GAV|644217,ICJ-140-2008-10-15,140,2008-12-05,51,GA_FORMAL_VOTE,A/63/PV.64,0,0,0,NO_PRESERVED_MANUAL_REVIEW_EVIDENCE,UNREVIEWED_IS_NOT_CODED_ZERO
ICJ-140-2008-10-15||GA_FORMAL_VOTE::GAV|644218,ICJ-140-2008-10-15,140,2008-12-05,51,GA_FORMAL_VOTE,A/63/PV.64,0,0,0,NO_PRESERVED_MANUAL_REVIEW_EVIDENCE,UNREVIEWED_IS_NOT_CODED_ZERO
ICJ-140-2008-10-15||GA_FORMAL_VOTE::GAV|644223,ICJ-140-2008-10-15,140,2008-12-05,51,GA_FORMAL_VOTE,A/63/PV.64,0,0,0,NO_PRESERVED_MANUAL_REVIEW_EVIDENCE,UNREVIEWED_IS_NOT_CODED_ZERO
ICJ-140-2008-10-15||GA_FORMAL_VOTE::GAV|644273,ICJ-140-2008-10-15,140,2008-12-05,51,GA_FORMAL_VOTE,A/63/PV.64,0,0,0,NO_PRESERVED_MANUAL_REVIEW_EVIDENCE,UNREVIEWED_IS_NOT_CODED_ZERO
ICJ-140-2008-10-15||GA_FORMAL_VOTE::GAV|644277,ICJ-140-2008-10-15,140,2008-12-05,51,GA_FORMAL_VOTE,A/63/PV.64,0,0,0,NO_PRESERVED_MANUAL_REVIEW_EVIDENCE,UNREVIEWED_IS_NOT_CODED_ZERO
ICJ-140-2008-10-15||GA_FORMAL_VOTE::GAV|644280,ICJ-140-2008-10-15,140,2008-12-05,51,GA_FORMAL_VOTE,A/63/PV.64,0,0,0,NO_PRESERVED_MANUAL_REVIEW_EVIDENCE,UNREVIEWED_IS_NOT_CODED_ZERO
ICJ-140-2008-10-15||GA_FORMAL_VOTE::GAV|644287,ICJ-140-2008-10-15,140,2008-12-05,51,GA_FORMAL_VOTE,A/63/PV.64,0,0,0,NO_PRESERVED_MANUAL_REVIEW_EVIDENCE,UNREVIEWED_IS_NOT_CODED_ZERO
ICJ-140-2008-10-15||GA_FORMAL_VOTE::GAV|644294,ICJ-140-2008-10-15,140,2008-12-05,51,GA_FORMAL_VOTE,A/63/PV.64,0,0,0,NO_PRESERVED_MANUAL_REVIEW_EVIDENCE,UNREVIEWED_IS_NOT_CODED_ZERO
ICJ-140-2008-10-15||GA_FORMAL_VOTE::GAV|644298,ICJ-140-2008-10-15,140,2008-12-05,51,GA_FORMAL_VOTE,A/63/PV.64,0,0,0,NO_PRESERVED_MANUAL_REVIEW_EVIDENCE,UNREVIEWED_IS_NOT_CODED_ZERO
ICJ-140-2008-10-15||GA_FORMAL_VOTE::GAV|644299,ICJ-140-2008-10-15,140,2008-12-05,51,GA_FORMAL_VOTE,A/63/PV.64,0,0,0,NO_PRESERVED_MANUAL_REVIEW_EVIDENCE,UNREVIEWED_IS_NOT_CODED_ZERO
ICJ-140-2008-10-15||GA_FORMAL_VOTE::GAV|644300,ICJ-140-2008-10-15,140,2008-12-05,51,GA_FORMAL_VOTE,A/63/PV.64,0,0,0,NO_PRESERVED_MANUAL_REVIEW_EVIDENCE,UNREVIEWED_IS_NOT_CODED_ZERO
ICJ-140-2008-10-15||GA_FORMAL_VOTE::GAV|644301,ICJ-140-2008-10-15,140,2008-12-05,51,GA_FORMAL_VOTE,A/63/PV.64,0,0,0,NO_PRESERVED_MANUAL_REVIEW_EVIDENCE,UNREVIEWED_IS_NOT_CODED_ZERO
ICJ-140-2008-10-15||GA_FORMAL_VOTE::GAV|644310,ICJ-140-2008-10-15,140,2008-12-05,51,GA_FORMAL_VOTE,A/63/PV.64,0,0,0,NO_PRESERVED_MANUAL_REVIEW_EVIDENCE,UNREVIEWED_IS_NOT_CODED_ZERO
ICJ-140-2008-10-15||GA_FORMAL_VOTE::GAV|644311,ICJ-140-2008-10-15,140,2008-12-05,51,GA_FORMAL_VOTE,A/63/PV.64,0,0,0,NO_PRESERVED_MANUAL_REVIEW_EVIDENCE,UNREVIEWED_IS_NOT_CODED_ZERO
ICJ-140-2008-10-15||GA_FORMAL_VOTE::GAV|644312,ICJ-140-2008-10-15,140,2008-12-05,51,GA_FORMAL_VOTE,A/63/PV.64,0,0,0,NO_PRESERVED_MANUAL_REVIEW_EVIDENCE,UNREVIEWED_IS_NOT_CODED_ZERO
ICJ-140-2008-10-15||SC_MEETING::SCM|S/PV.6032,ICJ-140-2008-10-15,140,2008-12-05,51,SC_MEETING,S/PV.6032,0,0,0,NO_PRESERVED_MANUAL_REVIEW_EVIDENCE,UNREVIEWED_IS_NOT_CODED_ZERO
ICJ-140-2008-10-15||SC_MEETING::SCM|S/PV.6033,ICJ-140-2008-10-15,140,2008-12-05,51,SC_MEETING,S/PV.6033,0,0,0,NO_PRESERVED_MANUAL_REVIEW_EVIDENCE,UNREVIEWED_IS_NOT_CODED_ZERO
ICJ-140-2008-10-15||SC_MEETING::SCM|S/PV.6034,ICJ-140-2008-10-15,140,2008-12-09,55,SC_MEETING,S/PV.6034,0,0,0,NO_PRESERVED_MANUAL_REVIEW_EVIDENCE,UNREVIEWED_IS_NOT_CODED_ZERO
ICJ-140-2008-10-15||SC_MEETING::SCM|S/PV.6034(Resumption1),ICJ-140-2008-10-15,140,2008-12-09,55,SC_MEETING,S/PV.6034(Resumption1),0,0,0,NO_PRESERVED_MANUAL_REVIEW_EVIDENCE,UNREVIEWED_IS_NOT_CODED_ZERO
ICJ-140-2008-10-15||SC_MEETING::SCM|S/PV.6035,ICJ-140-2008-10-15,140,2008-12-10,56,SC_MEETING,S/PV.6035,0,0,0,NO_PRESERVED_MANUAL_REVIEW_EVIDENCE,UNREVIEWED_IS_NOT_CODED_ZERO
ICJ-140-2008-10-15||SC_MEETING::SCM|S/PV.6036,ICJ-140-2008-10-15,140,2008-12-10,56,SC_MEETING,S/PV.6036,0,0,0,NO_PRESERVED_MANUAL_REVIEW_EVIDENCE,UNREVIEWED_IS_NOT_CODED_ZERO
ICJ-140-2008-10-15||SC_MEETING::SCM|S/PV.6037,ICJ-140-2008-10-15,140,2008-12-11,57,SC_MEETING,S/PV.6037,0,0,0,NO_PRESERVED_MANUAL_REVIEW_EVIDENCE,UNREVIEWED_IS_NOT_CODED_ZERO
ICJ-140-2008-10-15||SC_FORMAL_VOTE::SCV|1147,ICJ-140-2008-10-15,140,2008-12-12,58,SC_FORMAL_VOTE,S/PV.6038,0,0,0,NO_PRESERVED_MANUAL_REVIEW_EVIDENCE,UNREVIEWED_IS_NOT_CODED_ZERO
ICJ-140-2008-10-15||SC_FORMAL_VOTE::SCV|1148,ICJ-140-2008-10-15,140,2008-12-12,58,SC_FORMAL_VOTE,S/PV.6039,0,0,0,NO_PRESERVED_MANUAL_REVIEW_EVIDENCE,UNREVIEWED_IS_NOT_CODED_ZERO
ICJ-140-2008-10-15||SC_FORMAL_VOTE::SCV|1149,ICJ-140-2008-10-15,140,2008-12-12,58,SC_FORMAL_VOTE,S/PV.6040,0,0,0,NO_PRESERVED_MANUAL_REVIEW_EVIDENCE,UNREVIEWED_IS_NOT_CODED_ZERO
ICJ-140-2008-10-15||SC_MEETING::SCM|S/PV.6038,ICJ-140-2008-10-15,140,2008-12-12,58,SC_MEETING,S/PV.6038,0,0,0,NO_PRESERVED_MANUAL_REVIEW_EVIDENCE,UNREVIEWED_IS_NOT_CODED_ZERO
ICJ-140-2008-10-15||SC_MEETING::SCM|S/PV.6039,ICJ-140-2008-10-15,140,2008-12-12,58,SC_MEETING,S/PV.6039,0,0,0,NO_PRESERVED_MANUAL_REVIEW_EVIDENCE,UNREVIEWED_IS_NOT_CODED_ZERO
ICJ-140-2008-10-15||SC_MEETING::SCM|S/PV.6040,ICJ-140-2008-10-15,140,2008-12-12,58,SC_MEETING,S/PV.6040,0,0,0,NO_PRESERVED_MANUAL_REVIEW_EVIDENCE,UNREVIEWED_IS_NOT_CODED_ZERO
ICJ-140-2008-10-15||SC_MEETING::SCM|S/PV.6041,ICJ-140-2008-10-15,140,2008-12-12,58,SC_MEETING,S/PV.6041,0,0,0,NO_PRESERVED_MANUAL_REVIEW_EVIDENCE,UNREVIEWED_IS_NOT_CODED_ZERO
ICJ-140-2008-10-15||SC_MEETING::SCM|S/PV.6042,ICJ-140-2008-10-15,140,2008-12-12,58,SC_MEETING,S/PV.6042,0,0,0,NO_PRESERVED_MANUAL_REVIEW_EVIDENCE,UNREVIEWED_IS_NOT_CODED_ZERO
ICJ-140-2008-10-15||SC_MEETING::SCM|S/PV.6043,ICJ-140-2008-10-15,140,2008-12-15,61,SC_MEETING,S/PV.6043,0,0,0,NO_PRESERVED_MANUAL_REVIEW_EVIDENCE,UNREVIEWED_IS_NOT_CODED_ZERO
ICJ-140-2008-10-15||SC_MEETING::SCM|S/PV.6044,ICJ-140-2008-10-15,140,2008-12-15,61,SC_MEETING,S/PV.6044,0,0,0,NO_PRESERVED_MANUAL_REVIEW_EVIDENCE,UNREVIEWED_IS_NOT_CODED_ZERO
ICJ-140-2008-10-15||SC_FORMAL_VOTE::SCV|1150,ICJ-140-2008-10-15,140,2008-12-16,62,SC_FORMAL_VOTE,S/PV.6045,0,0,0,NO_PRESERVED_MANUAL_REVIEW_EVIDENCE,UNREVIEWED_IS_NOT_CODED_ZERO
ICJ-140-2008-10-15||SC_FORMAL_VOTE::SCV|1151,ICJ-140-2008-10-15,140,2008-12-16,62,SC_FORMAL_VOTE,S/PV.6046,0,0,0,NO_PRESERVED_MANUAL_REVIEW_EVIDENCE,UNREVIEWED_IS_NOT_CODED_ZERO
ICJ-140-2008-10-15||SC_MEETING::SCM|S/PV.6045,ICJ-140-2008-10-15,140,2008-12-16,62,SC_MEETING,S/PV.6045,0,0,0,NO_PRESERVED_MANUAL_REVIEW_EVIDENCE,UNREVIEWED_IS_NOT_CODED_ZERO
ICJ-140-2008-10-15||SC_MEETING::SCM|S/PV.6046,ICJ-140-2008-10-15,140,2008-12-16,62,SC_MEETING,S/PV.6046,0,0,0,NO_PRESERVED_MANUAL_REVIEW_EVIDENCE,UNREVIEWED_IS_NOT_CODED_ZERO
ICJ-140-2008-10-15||SC_FORMAL_VOTE::SCV|1152,ICJ-140-2008-10-15,140,2008-12-17,63,SC_FORMAL_VOTE,S/PV.6048,0,0,0,NO_PRESERVED_MANUAL_REVIEW_EVIDENCE,UNREVIEWED_IS_NOT_CODED_ZERO
ICJ-140-2008-10-15||SC_MEETING::SCM|S/PV.6047,ICJ-140-2008-10-15,140,2008-12-17,63,SC_MEETING,S/PV.6047,0,0,0,NO_PRESERVED_MANUAL_REVIEW_EVIDENCE,UNREVIEWED_IS_NOT_CODED_ZERO
ICJ-140-2008-10-15||SC_MEETING::SCM|S/PV.6048,ICJ-140-2008-10-15,140,2008-12-17,63,SC_MEETING,S/PV.6048,0,0,0,NO_PRESERVED_MANUAL_REVIEW_EVIDENCE,UNREVIEWED_IS_NOT_CODED_ZERO
ICJ-140-2008-10-15||GA_FORMAL_VOTE::GAV|644480,ICJ-140-2008-10-15,140,2008-12-18,64,GA_FORMAL_VOTE,A/63/PV.70,0,0,0,NO_PRESERVED_MANUAL_REVIEW_EVIDENCE,UNREVIEWED_IS_NOT_CODED_ZERO
ICJ-140-2008-10-15||GA_FORMAL_VOTE::GAV|644498,ICJ-140-2008-10-15,140,2008-12-18,64,GA_FORMAL_VOTE,A/63/PV.70,0,0,0,NO_PRESERVED_MANUAL_REVIEW_EVIDENCE,UNREVIEWED_IS_NOT_CODED_ZERO
ICJ-140-2008-10-15||GA_FORMAL_VOTE::GAV|644534,ICJ-140-2008-10-15,140,2008-12-18,64,GA_FORMAL_VOTE,A/63/PV.70,0,0,0,NO_PRESERVED_MANUAL_REVIEW_EVIDENCE,UNREVIEWED_IS_NOT_CODED_ZERO
ICJ-140-2008-10-15||GA_FORMAL_VOTE::GAV|644535,ICJ-140-2008-10-15,140,2008-12-18,64,GA_FORMAL_VOTE,A/63/PV.70,0,0,0,NO_PRESERVED_MANUAL_REVIEW_EVIDENCE,UNREVIEWED_IS_NOT_CODED_ZERO
ICJ-140-2008-10-15||GA_FORMAL_VOTE::GAV|644536,ICJ-140-2008-10-15,140,2008-12-18,64,GA_FORMAL_VOTE,A/63/PV.70,0,0,0,NO_PRESERVED_MANUAL_REVIEW_EVIDENCE,UNREVIEWED_IS_NOT_CODED_ZERO
ICJ-140-2008-10-15||GA_FORMAL_VOTE::GAV|644537,ICJ-140-2008-10-15,140,2008-12-18,64,GA_FORMAL_VOTE,A/63/PV.70,0,0,0,NO_PRESERVED_MANUAL_REVIEW_EVIDENCE,UNREVIEWED_IS_NOT_CODED_ZERO
ICJ-140-2008-10-15||GA_FORMAL_VOTE::GAV|644538,ICJ-140-2008-10-15,140,2008-12-18,64,GA_FORMAL_VOTE,A/63/PV.70,0,0,0,NO_PRESERVED_MANUAL_REVIEW_EVIDENCE,UNREVIEWED_IS_NOT_CODED_ZERO
ICJ-140-2008-10-15||GA_FORMAL_VOTE::GAV|644553,ICJ-140-2008-10-15,140,2008-12-18,64,GA_FORMAL_VOTE,A/63/PV.70,0,0,0,NO_PRESERVED_MANUAL_REVIEW_EVIDENCE,UNREVIEWED_IS_NOT_CODED_ZERO
ICJ-140-2008-10-15||GA_FORMAL_VOTE::GAV|644555,ICJ-140-2008-10-15,140,2008-12-18,64,GA_FORMAL_VOTE,A/63/PV.70,0,0,0,NO_PRESERVED_MANUAL_REVIEW_EVIDENCE,UNREVIEWED_IS_NOT_CODED_ZERO
ICJ-140-2008-10-15||GA_FORMAL_VOTE::GAV|644557,ICJ-140-2008-10-15,140,2008-12-18,64,GA_FORMAL_VOTE,A/63/PV.70,0,0,0,NO_PRESERVED_MANUAL_REVIEW_EVIDENCE,UNREVIEWED_IS_NOT_CODED_ZERO
ICJ-140-2008-10-15||GA_FORMAL_VOTE::GAV|644560,ICJ-140-2008-10-15,140,2008-12-18,64,GA_FORMAL_VOTE,A/63/PV.70,0,0,0,NO_PRESERVED_MANUAL_REVIEW_EVIDENCE,UNREVIEWED_IS_NOT_CODED_ZERO
ICJ-140-2008-10-15||GA_FORMAL_VOTE::GAV|644567,ICJ-140-2008-10-15,140,2008-12-18,64,GA_FORMAL_VOTE,A/63/PV.70,0,0,0,NO_PRESERVED_MANUAL_REVIEW_EVIDENCE,UNREVIEWED_IS_NOT_CODED_ZERO
ICJ-140-2008-10-15||GA_FORMAL_VOTE::GAV|644568,ICJ-140-2008-10-15,140,2008-12-18,64,GA_FORMAL_VOTE,A/63/PV.70,0,0,0,NO_PRESERVED_MANUAL_REVIEW_EVIDENCE,UNREVIEWED_IS_NOT_CODED_ZERO
ICJ-140-2008-10-15||GA_FORMAL_VOTE::GAV|644569,ICJ-140-2008-10-15,140,2008-12-18,64,GA_FORMAL_VOTE,A/63/PV.70,0,0,0,NO_PRESERVED_MANUAL_REVIEW_EVIDENCE,UNREVIEWED_IS_NOT_CODED_ZERO
ICJ-140-2008-10-15||GA_FORMAL_VOTE::GAV|644571,ICJ-140-2008-10-15,140,2008-12-18,64,GA_FORMAL_VOTE,A/63/PV.71,0,0,0,NO_PRESERVED_MANUAL_REVIEW_EVIDENCE,UNREVIEWED_IS_NOT_CODED_ZERO
ICJ-140-2008-10-15||GA_FORMAL_VOTE::GAV|644572,ICJ-140-2008-10-15,140,2008-12-18,64,GA_FORMAL_VOTE,A/63/PV.71,0,0,0,NO_PRESERVED_MANUAL_REVIEW_EVIDENCE,UNREVIEWED_IS_NOT_CODED_ZERO
ICJ-140-2008-10-15||SC_MEETING::SCM|S/PV.6049,ICJ-140-2008-10-15,140,2008-12-18,64,SC_MEETING,S/PV.6049,0,0,0,NO_PRESERVED_MANUAL_REVIEW_EVIDENCE,UNREVIEWED_IS_NOT_CODED_ZERO
ICJ-140-2008-10-15||SC_MEETING::SCM|S/PV.6049(Resumption1),ICJ-140-2008-10-15,140,2008-12-18,64,SC_MEETING,S/PV.6049(Resumption1),0,0,0,NO_PRESERVED_MANUAL_REVIEW_EVIDENCE,UNREVIEWED_IS_NOT_CODED_ZERO
ICJ-140-2008-10-15||GA_FORMAL_VOTE::GAV|644683,ICJ-140-2008-10-15,140,2008-12-19,65,GA_FORMAL_VOTE,A/63/PV.72,0,0,0,NO_PRESERVED_MANUAL_REVIEW_EVIDENCE,UNREVIEWED_IS_NOT_CODED_ZERO
ICJ-140-2008-10-15||GA_FORMAL_VOTE::GAV|644732,ICJ-140-2008-10-15,140,2008-12-19,65,GA_FORMAL_VOTE,A/63/PV.72,0,0,0,NO_PRESERVED_MANUAL_REVIEW_EVIDENCE,UNREVIEWED_IS_NOT_CODED_ZERO
ICJ-140-2008-10-15||GA_FORMAL_VOTE::GAV|644738,ICJ-140-2008-10-15,140,2008-12-19,65,GA_FORMAL_VOTE,A/63/PV.72,0,0,0,NO_PRESERVED_MANUAL_REVIEW_EVIDENCE,UNREVIEWED_IS_NOT_CODED_ZERO
ICJ-140-2008-10-15||SC_FORMAL_VOTE::SCV|1153,ICJ-140-2008-10-15,140,2008-12-19,65,SC_FORMAL_VOTE,S/PV.6050,0,0,0,NO_PRESERVED_MANUAL_REVIEW_EVIDENCE,UNREVIEWED_IS_NOT_CODED_ZERO
ICJ-140-2008-10-15||SC_FORMAL_VOTE::SCV|1154,ICJ-140-2008-10-15,140,2008-12-19,65,SC_FORMAL_VOTE,S/PV.6051,0,0,0,NO_PRESERVED_MANUAL_REVIEW_EVIDENCE,UNREVIEWED_IS_NOT_CODED_ZERO
ICJ-140-2008-10-15||SC_FORMAL_VOTE::SCV|1155,ICJ-140-2008-10-15,140,2008-12-19,65,SC_FORMAL_VOTE,S/PV.6052,0,0,0,NO_PRESERVED_MANUAL_REVIEW_EVIDENCE,UNREVIEWED_IS_NOT_CODED_ZERO
ICJ-140-2008-10-15||SC_MEETING::SCM|S/PV.6050,ICJ-140-2008-10-15,140,2008-12-19,65,SC_MEETING,S/PV.6050,0,0,0,NO_PRESERVED_MANUAL_REVIEW_EVIDENCE,UNREVIEWED_IS_NOT_CODED_ZERO
ICJ-140-2008-10-15||SC_MEETING::SCM|S/PV.6051,ICJ-140-2008-10-15,140,2008-12-19,65,SC_MEETING,S/PV.6051,0,0,0,NO_PRESERVED_MANUAL_REVIEW_EVIDENCE,UNREVIEWED_IS_NOT_CODED_ZERO
ICJ-140-2008-10-15||SC_MEETING::SCM|S/PV.6052,ICJ-140-2008-10-15,140,2008-12-19,65,SC_MEETING,S/PV.6052,0,0,0,NO_PRESERVED_MANUAL_REVIEW_EVIDENCE,UNREVIEWED_IS_NOT_CODED_ZERO
ICJ-140-2008-10-15||SC_MEETING::SCM|S/PV.6053,ICJ-140-2008-10-15,140,2008-12-19,65,SC_MEETING,S/PV.6053,0,0,0,NO_PRESERVED_MANUAL_REVIEW_EVIDENCE,UNREVIEWED_IS_NOT_CODED_ZERO
ICJ-140-2008-10-15||SC_MEETING::SCM|S/PV.6054,ICJ-140-2008-10-15,140,2008-12-19,65,SC_MEETING,S/PV.6054,0,0,0,NO_PRESERVED_MANUAL_REVIEW_EVIDENCE,UNREVIEWED_IS_NOT_CODED_ZERO
ICJ-140-2008-10-15||SC_FORMAL_VOTE::SCV|1156,ICJ-140-2008-10-15,140,2008-12-22,68,SC_FORMAL_VOTE,S/PV.6057,0,0,0,NO_PRESERVED_MANUAL_REVIEW_EVIDENCE,UNREVIEWED_IS_NOT_CODED_ZERO
ICJ-140-2008-10-15||SC_FORMAL_VOTE::SCV|1157,ICJ-140-2008-10-15,140,2008-12-22,68,SC_FORMAL_VOTE,S/PV.6055,0,0,0,NO_PRESERVED_MANUAL_REVIEW_EVIDENCE,UNREVIEWED_IS_NOT_CODED_ZERO
ICJ-140-2008-10-15||SC_FORMAL_VOTE::SCV|1158,ICJ-140-2008-10-15,140,2008-12-22,68,SC_FORMAL_VOTE,S/PV.6056,0,0,0,NO_PRESERVED_MANUAL_REVIEW_EVIDENCE,UNREVIEWED_IS_NOT_CODED_ZERO
ICJ-140-2008-10-15||SC_FORMAL_VOTE::SCV|1159,ICJ-140-2008-10-15,140,2008-12-22,68,SC_FORMAL_VOTE,S/PV.6059,0,0,0,NO_PRESERVED_MANUAL_REVIEW_EVIDENCE,UNREVIEWED_IS_NOT_CODED_ZERO
ICJ-140-2008-10-15||SC_MEETING::SCM|S/PV.6055,ICJ-140-2008-10-15,140,2008-12-22,68,SC_MEETING,S/PV.6055,0,0,0,NO_PRESERVED_MANUAL_REVIEW_EVIDENCE,UNREVIEWED_IS_NOT_CODED_ZERO
ICJ-140-2008-10-15||SC_MEETING::SCM|S/PV.6056,ICJ-140-2008-10-15,140,2008-12-22,68,SC_MEETING,S/PV.6056,0,0,0,NO_PRESERVED_MANUAL_REVIEW_EVIDENCE,UNREVIEWED_IS_NOT_CODED_ZERO
ICJ-140-2008-10-15||SC_MEETING::SCM|S/PV.6057,ICJ-140-2008-10-15,140,2008-12-22,68,SC_MEETING,S/PV.6057,0,0,0,NO_PRESERVED_MANUAL_REVIEW_EVIDENCE,UNREVIEWED_IS_NOT_CODED_ZERO
ICJ-140-2008-10-15||SC_MEETING::SCM|S/PV.6058,ICJ-140-2008-10-15,140,2008-12-22,68,SC_MEETING,S/PV.6058,0,0,0,NO_PRESERVED_MANUAL_REVIEW_EVIDENCE,UNREVIEWED_IS_NOT_CODED_ZERO
ICJ-140-2008-10-15||SC_MEETING::SCM|S/PV.6059,ICJ-140-2008-10-15,140,2008-12-22,68,SC_MEETING,S/PV.6059,0,0,0,NO_PRESERVED_MANUAL_REVIEW_EVIDENCE,UNREVIEWED_IS_NOT_CODED_ZERO
ICJ-140-2008-10-15||GA_FORMAL_VOTE::GAV|644763,ICJ-140-2008-10-15,140,2008-12-24,70,GA_FORMAL_VOTE,A/63/PV.74,0,0,0,NO_PRESERVED_MANUAL_REVIEW_EVIDENCE,UNREVIEWED_IS_NOT_CODED_ZERO
ICJ-140-2008-10-15||GA_FORMAL_VOTE::GAV|644764,ICJ-140-2008-10-15,140,2008-12-24,70,GA_FORMAL_VOTE,A/63/PV.74,0,0,0,NO_PRESERVED_MANUAL_REVIEW_EVIDENCE,UNREVIEWED_IS_NOT_CODED_ZERO
ICJ-140-2008-10-15||GA_FORMAL_VOTE::GAV|644765,ICJ-140-2008-10-15,140,2008-12-24,70,GA_FORMAL_VOTE,A/63/PV.74,0,0,0,NO_PRESERVED_MANUAL_REVIEW_EVIDENCE,UNREVIEWED_IS_NOT_CODED_ZERO
ICJ-140-2008-10-15||GA_FORMAL_VOTE::GAV|644767,ICJ-140-2008-10-15,140,2008-12-24,70,GA_FORMAL_VOTE,A/63/PV.74,0,0,0,NO_PRESERVED_MANUAL_REVIEW_EVIDENCE,UNREVIEWED_IS_NOT_CODED_ZERO
ICJ-140-2008-10-15||SC_MEETING::SCM|S/PV.6060,ICJ-140-2008-10-15,140,2008-12-31,77,SC_MEETING,S/PV.6060,0,0,0,NO_PRESERVED_MANUAL_REVIEW_EVIDENCE,UNREVIEWED_IS_NOT_CODED_ZERO
ICJ-140-2008-10-15||SC_MEETING::SCM|S/PV.6061,ICJ-140-2008-10-15,140,2009-01-06,83,SC_MEETING,S/PV.6061,0,0,0,NO_PRESERVED_MANUAL_REVIEW_EVIDENCE,UNREVIEWED_IS_NOT_CODED_ZERO
ICJ-140-2008-10-15||SC_MEETING::SCM|S/PV.6061(Resumption1),ICJ-140-2008-10-15,140,2009-01-07,84,SC_MEETING,S/PV.6061(Resumption1),0,0,0,NO_PRESERVED_MANUAL_REVIEW_EVIDENCE,UNREVIEWED_IS_NOT_CODED_ZERO
ICJ-140-2008-10-15||SC_FORMAL_VOTE::SCV|1160,ICJ-140-2008-10-15,140,2009-01-08,85,SC_FORMAL_VOTE,S/PV.6063,0,0,0,NO_PRESERVED_MANUAL_REVIEW_EVIDENCE,UNREVIEWED_IS_NOT_CODED_ZERO
ICJ-140-2008-10-15||SC_MEETING::SCM|S/PV.6062,ICJ-140-2008-10-15,140,2009-01-08,85,SC_MEETING,S/PV.6062,0,0,0,NO_PRESERVED_MANUAL_REVIEW_EVIDENCE,UNREVIEWED_IS_NOT_CODED_ZERO
ICJ-140-2008-10-15||SC_MEETING::SCM|S/PV.6063,ICJ-140-2008-10-15,140,2009-01-08,85,SC_MEETING,S/PV.6063,0,0,0,NO_PRESERVED_MANUAL_REVIEW_EVIDENCE,UNREVIEWED_IS_NOT_CODED_ZERO
ICJ-140-2008-10-15||SC_FORMAL_VOTE::SCV|1161,ICJ-140-2008-10-15,140,2009-01-14,91,SC_FORMAL_VOTE,S/PV.6064,0,0,0,NO_PRESERVED_MANUAL_REVIEW_EVIDENCE,UNREVIEWED_IS_NOT_CODED_ZERO
ICJ-140-2008-10-15||SC_FORMAL_VOTE::SCV|1162,ICJ-140-2008-10-15,140,2009-01-14,91,SC_FORMAL_VOTE,S/PV.6065,0,0,0,NO_PRESERVED_MANUAL_REVIEW_EVIDENCE,UNREVIEWED_IS_NOT_CODED_ZERO
ICJ-140-2008-10-15||SC_MEETING::SCM|S/PV.6064,ICJ-140-2008-10-15,140,2009-01-14,91,SC_MEETING,S/PV.6064,0,0,0,NO_PRESERVED_MANUAL_REVIEW_EVIDENCE,UNREVIEWED_IS_NOT_CODED_ZERO
ICJ-140-2008-10-15||SC_MEETING::SCM|S/PV.6065,ICJ-140-2008-10-15,140,2009-01-14,91,SC_MEETING,S/PV.6065,0,0,0,NO_PRESERVED_MANUAL_REVIEW_EVIDENCE,UNREVIEWED_IS_NOT_CODED_ZERO
ICJ-140-2008-10-15||SC_MEETING::SCM|S/PV.6066,ICJ-140-2008-10-15,140,2009-01-14,91,SC_MEETING,S/PV.6066,0,0,0,NO_PRESERVED_MANUAL_REVIEW_EVIDENCE,UNREVIEWED_IS_NOT_CODED_ZERO
ICJ-140-2008-10-15||SC_MEETING::SCM|S/PV.6066(Resumption1),ICJ-140-2008-10-15,140,2009-01-14,91,SC_MEETING,S/PV.6066(Resumption1),0,0,0,NO_PRESERVED_MANUAL_REVIEW_EVIDENCE,UNREVIEWED_IS_NOT_CODED_ZERO
ICJ-140-2008-10-15||SC_MEETING::SCM|S/PV.6067,ICJ-140-2008-10-15,140,2009-01-15,92,SC_MEETING,S/PV.6067,0,0,0,NO_PRESERVED_MANUAL_REVIEW_EVIDENCE,UNREVIEWED_IS_NOT_CODED_ZERO
ICJ-140-2008-10-15||GA_FORMAL_VOTE::GAV|694928,ICJ-140-2008-10-15,140,2009-01-16,93,GA_FORMAL_VOTE,A/ES-10/PV.36,0,0,0,NO_PRESERVED_MANUAL_REVIEW_EVIDENCE,UNREVIEWED_IS_NOT_CODED_ZERO
ICJ-140-2008-10-15||SC_FORMAL_VOTE::SCV|1163,ICJ-140-2008-10-15,140,2009-01-16,93,SC_FORMAL_VOTE,S/PV.6068,0,0,0,NO_PRESERVED_MANUAL_REVIEW_EVIDENCE,UNREVIEWED_IS_NOT_CODED_ZERO
ICJ-140-2008-10-15||SC_MEETING::SCM|S/PV.6068,ICJ-140-2008-10-15,140,2009-01-16,93,SC_MEETING,S/PV.6068,0,0,0,NO_PRESERVED_MANUAL_REVIEW_EVIDENCE,UNREVIEWED_IS_NOT_CODED_ZERO
ICJ-140-2008-10-15||SC_MEETING::SCM|S/PV.6069,ICJ-140-2008-10-15,140,2009-01-16,93,SC_MEETING,S/PV.6069,0,0,0,NO_PRESERVED_MANUAL_REVIEW_EVIDENCE,UNREVIEWED_IS_NOT_CODED_ZERO
ICJ-140-2008-10-15||SC_MEETING::SCM|S/PV.6070,ICJ-140-2008-10-15,140,2009-01-21,98,SC_MEETING,S/PV.6070,0,0,0,NO_PRESERVED_MANUAL_REVIEW_EVIDENCE,UNREVIEWED_IS_NOT_CODED_ZERO
ICJ-140-2008-10-15||SC_MEETING::SCM|S/PV.6071,ICJ-140-2008-10-15,140,2009-01-21,98,SC_MEETING,S/PV.6071,0,0,0,NO_PRESERVED_MANUAL_REVIEW_EVIDENCE,UNREVIEWED_IS_NOT_CODED_ZERO
ICJ-140-2008-10-15||SC_MEETING::SCM|S/PV.6072,ICJ-140-2008-10-15,140,2009-01-21,98,SC_MEETING,S/PV.6072,0,0,0,NO_PRESERVED_MANUAL_REVIEW_EVIDENCE,UNREVIEWED_IS_NOT_CODED_ZERO
ICJ-140-2008-10-15||SC_MEETING::SCM|S/PV.6073,ICJ-140-2008-10-15,140,2009-01-21,98,SC_MEETING,S/PV.6073,0,0,0,NO_PRESERVED_MANUAL_REVIEW_EVIDENCE,UNREVIEWED_IS_NOT_CODED_ZERO
ICJ-140-2008-10-15||SC_FORMAL_VOTE::SCV|1164,ICJ-140-2008-10-15,140,2009-01-23,100,SC_FORMAL_VOTE,S/PV.6074,0,0,0,NO_PRESERVED_MANUAL_REVIEW_EVIDENCE,UNREVIEWED_IS_NOT_CODED_ZERO
ICJ-140-2008-10-15||SC_MEETING::SCM|S/PV.6074,ICJ-140-2008-10-15,140,2009-01-23,100,SC_MEETING,S/PV.6074,0,0,0,NO_PRESERVED_MANUAL_REVIEW_EVIDENCE,UNREVIEWED_IS_NOT_CODED_ZERO
ICJ-140-2008-10-15||SC_MEETING::SCM|S/PV.6075,ICJ-140-2008-10-15,140,2009-01-23,100,SC_MEETING,S/PV.6075,0,0,0,NO_PRESERVED_MANUAL_REVIEW_EVIDENCE,UNREVIEWED_IS_NOT_CODED_ZERO
ICJ-140-2008-10-15||SC_FORMAL_VOTE::SCV|1165,ICJ-140-2008-10-15,140,2009-01-27,104,SC_FORMAL_VOTE,S/PV.6076,0,0,0,NO_PRESERVED_MANUAL_REVIEW_EVIDENCE,UNREVIEWED_IS_NOT_CODED_ZERO
ICJ-140-2008-10-15||SC_MEETING::SCM|S/PV.6076,ICJ-140-2008-10-15,140,2009-01-27,104,SC_MEETING,S/PV.6076,0,0,0,NO_PRESERVED_MANUAL_REVIEW_EVIDENCE,UNREVIEWED_IS_NOT_CODED_ZERO
ICJ-140-2008-10-15||SC_MEETING::SCM|S/PV.6077,ICJ-140-2008-10-15,140,2009-01-27,104,SC_MEETING,S/PV.6077,0,0,0,NO_PRESERVED_MANUAL_REVIEW_EVIDENCE,UNREVIEWED_IS_NOT_CODED_ZERO
ICJ-140-2008-10-15||SC_MEETING::SCM|S/PV.6078,ICJ-140-2008-10-15,140,2009-01-29,106,SC_MEETING,S/PV.6078,0,0,0,NO_PRESERVED_MANUAL_REVIEW_EVIDENCE,UNREVIEWED_IS_NOT_CODED_ZERO
ICJ-140-2008-10-15||SC_MEETING::SCM|S/PV.6079,ICJ-140-2008-10-15,140,2009-02-05,113,SC_MEETING,S/PV.6079,0,0,0,NO_PRESERVED_MANUAL_REVIEW_EVIDENCE,UNREVIEWED_IS_NOT_CODED_ZERO
ICJ-140-2008-10-15||SC_MEETING::SCM|S/PV.6080,ICJ-140-2008-10-15,140,2009-02-09,117,SC_MEETING,S/PV.6080,0,0,0,NO_PRESERVED_MANUAL_REVIEW_EVIDENCE,UNREVIEWED_IS_NOT_CODED_ZERO
ICJ-140-2008-10-15||SC_MEETING::SCM|S/PV.6081,ICJ-140-2008-10-15,140,2009-02-10,118,SC_MEETING,S/PV.6081,0,0,0,NO_PRESERVED_MANUAL_REVIEW_EVIDENCE,UNREVIEWED_IS_NOT_CODED_ZERO
ICJ-140-2008-10-15||SC_FORMAL_VOTE::SCV|1166,ICJ-140-2008-10-15,140,2009-02-13,121,SC_FORMAL_VOTE,S/PV.6082,1,0,1,PRESERVED_ORIGINAL_233_HUMAN_REVIEW,REVIEW_EVIDENCE_PRESENT
ICJ-140-2008-10-15||SC_MEETING::SCM|S/PV.6082,ICJ-140-2008-10-15,140,2009-02-13,121,SC_MEETING,S/PV.6082,1,0,1,PRESERVED_ORIGINAL_233_HUMAN_REVIEW,REVIEW_EVIDENCE_PRESENT
ICJ-140-2008-10-15||SC_MEETING::SCM|S/PV.6083,ICJ-140-2008-10-15,140,2009-02-17,125,SC_MEETING,S/PV.6083,0,0,0,NO_PRESERVED_MANUAL_REVIEW_EVIDENCE,UNREVIEWED_IS_NOT_CODED_ZERO
ICJ-140-2008-10-15||SC_MEETING::SCM|S/PV.6084,ICJ-140-2008-10-15,140,2009-02-18,126,SC_MEETING,S/PV.6084,0,0,0,NO_PRESERVED_MANUAL_REVIEW_EVIDENCE,UNREVIEWED_IS_NOT_CODED_ZERO
ICJ-140-2008-10-15||SC_MEETING::SCM|S/PV.6085,ICJ-140-2008-10-15,140,2009-02-19,127,SC_MEETING,S/PV.6085,0,0,0,NO_PRESERVED_MANUAL_REVIEW_EVIDENCE,UNREVIEWED_IS_NOT_CODED_ZERO
ICJ-140-2008-10-15||SC_FORMAL_VOTE::SCV|1167,ICJ-140-2008-10-15,140,2009-02-26,134,SC_FORMAL_VOTE,S/PV.6086,0,0,0,NO_PRESERVED_MANUAL_REVIEW_EVIDENCE,UNREVIEWED_IS_NOT_CODED_ZERO
ICJ-140-2008-10-15||SC_MEETING::SCM|S/PV.6086,ICJ-140-2008-10-15,140,2009-02-26,134,SC_MEETING,S/PV.6086,0,0,0,NO_PRESERVED_MANUAL_REVIEW_EVIDENCE,UNREVIEWED_IS_NOT_CODED_ZERO
ICJ-140-2008-10-15||SC_MEETING::SCM|S/PV.6087,ICJ-140-2008-10-15,140,2009-02-26,134,SC_MEETING,S/PV.6087,0,0,0,NO_PRESERVED_MANUAL_REVIEW_EVIDENCE,UNREVIEWED_IS_NOT_CODED_ZERO
ICJ-140-2008-10-15||SC_MEETING::SCM|S/PV.6088,ICJ-140-2008-10-15,140,2009-02-27,135,SC_MEETING,S/PV.6088,0,0,0,NO_PRESERVED_MANUAL_REVIEW_EVIDENCE,UNREVIEWED_IS_NOT_CODED_ZERO
ICJ-140-2008-10-15||SC_MEETING::SCM|S/PV.6089,ICJ-140-2008-10-15,140,2009-03-03,139,SC_MEETING,S/PV.6089,0,0,0,NO_PRESERVED_MANUAL_REVIEW_EVIDENCE,UNREVIEWED_IS_NOT_CODED_ZERO
ICJ-140-2008-10-15||SC_MEETING::SCM|S/PV.6090,ICJ-140-2008-10-15,140,2009-03-10,146,SC_MEETING,S/PV.6090,0,0,0,NO_PRESERVED_MANUAL_REVIEW_EVIDENCE,UNREVIEWED_IS_NOT_CODED_ZERO
ICJ-140-2008-10-15||SC_MEETING::SCM|S/PV.6091,ICJ-140-2008-10-15,140,2009-03-10,146,SC_MEETING,S/PV.6091,0,0,0,NO_PRESERVED_MANUAL_REVIEW_EVIDENCE,UNREVIEWED_IS_NOT_CODED_ZERO
ICJ-140-2008-10-15||SC_MEETING::SCM|S/PV.6093,ICJ-140-2008-10-15,140,2009-03-19,155,SC_MEETING,S/PV.6093,0,0,0,NO_PRESERVED_MANUAL_REVIEW_EVIDENCE,UNREVIEWED_IS_NOT_CODED_ZERO
ICJ-140-2008-10-15||SC_MEETING::SCM|S/PV.6094,ICJ-140-2008-10-15,140,2009-03-19,155,SC_MEETING,S/PV.6094,0,0,0,NO_PRESERVED_MANUAL_REVIEW_EVIDENCE,UNREVIEWED_IS_NOT_CODED_ZERO
ICJ-140-2008-10-15||SC_MEETING::SCM|S/PV.6095,ICJ-140-2008-10-15,140,2009-03-20,156,SC_MEETING,S/PV.6095,0,0,0,NO_PRESERVED_MANUAL_REVIEW_EVIDENCE,UNREVIEWED_IS_NOT_CODED_ZERO
ICJ-140-2008-10-15||SC_MEETING::SCM|S/PV.6096,ICJ-140-2008-10-15,140,2009-03-20,156,SC_MEETING,S/PV.6096,0,0,0,NO_PRESERVED_MANUAL_REVIEW_EVIDENCE,UNREVIEWED_IS_NOT_CODED_ZERO
ICJ-140-2008-10-15||SC_FORMAL_VOTE::SCV|1168,ICJ-140-2008-10-15,140,2009-03-23,159,SC_FORMAL_VOTE,S/PV.6098,0,0,0,NO_PRESERVED_MANUAL_REVIEW_EVIDENCE,UNREVIEWED_IS_NOT_CODED_ZERO
ICJ-140-2008-10-15||SC_MEETING::SCM|S/PV.6097,ICJ-140-2008-10-15,140,2009-03-23,159,SC_MEETING,S/PV.6097,0,0,0,NO_PRESERVED_MANUAL_REVIEW_EVIDENCE,UNREVIEWED_IS_NOT_CODED_ZERO
ICJ-140-2008-10-15||SC_MEETING::SCM|S/PV.6098,ICJ-140-2008-10-15,140,2009-03-23,159,SC_MEETING,S/PV.6098,0,0,0,NO_PRESERVED_MANUAL_REVIEW_EVIDENCE,UNREVIEWED_IS_NOT_CODED_ZERO
ICJ-140-2008-10-15||SC_FORMAL_VOTE::SCV|1169,ICJ-140-2008-10-15,140,2009-03-25,161,SC_FORMAL_VOTE,S/PV.6099,0,0,0,NO_PRESERVED_MANUAL_REVIEW_EVIDENCE,UNREVIEWED_IS_NOT_CODED_ZERO
ICJ-140-2008-10-15||SC_MEETING::SCM|S/PV.6099,ICJ-140-2008-10-15,140,2009-03-25,161,SC_MEETING,S/PV.6099,0,0,0,NO_PRESERVED_MANUAL_REVIEW_EVIDENCE,UNREVIEWED_IS_NOT_CODED_ZERO
ICJ-140-2008-10-15||SC_MEETING::SCM|S/PV.6100,ICJ-140-2008-10-15,140,2009-03-25,161,SC_MEETING,S/PV.6100,0,0,0,NO_PRESERVED_MANUAL_REVIEW_EVIDENCE,UNREVIEWED_IS_NOT_CODED_ZERO
ICJ-140-2008-10-15||SC_MEETING::SCM|S/PV.6100(Resumption1),ICJ-140-2008-10-15,140,2009-03-25,161,SC_MEETING,S/PV.6100(Resumption1),0,0,0,NO_PRESERVED_MANUAL_REVIEW_EVIDENCE,UNREVIEWED_IS_NOT_CODED_ZERO
ICJ-140-2008-10-15||SC_MEETING::SCM|S/PV.6101,ICJ-140-2008-10-15,140,2009-04-06,173,SC_MEETING,S/PV.6101,0,0,0,NO_PRESERVED_MANUAL_REVIEW_EVIDENCE,UNREVIEWED_IS_NOT_CODED_ZERO
ICJ-140-2008-10-15||SC_MEETING::SCM|S/PV.6101(Resumption1),ICJ-140-2008-10-15,140,2009-04-06,173,SC_MEETING,S/PV.6101(Resumption1),0,0,0,NO_PRESERVED_MANUAL_REVIEW_EVIDENCE,UNREVIEWED_IS_NOT_CODED_ZERO
ICJ-140-2008-10-15||SC_MEETING::SCM|S/PV.6102,ICJ-140-2008-10-15,140,2009-04-07,174,SC_MEETING,S/PV.6102,0,0,0,NO_PRESERVED_MANUAL_REVIEW_EVIDENCE,UNREVIEWED_IS_NOT_CODED_ZERO
ICJ-140-2008-10-15||SC_MEETING::SCM|S/PV.6103,ICJ-140-2008-10-15,140,2009-04-08,175,SC_MEETING,S/PV.6103,0,0,0,NO_PRESERVED_MANUAL_REVIEW_EVIDENCE,UNREVIEWED_IS_NOT_CODED_ZERO
ICJ-140-2008-10-15||SC_MEETING::SCM|S/PV.6104,ICJ-140-2008-10-15,140,2009-04-09,176,SC_MEETING,S/PV.6104,0,0,0,NO_PRESERVED_MANUAL_REVIEW_EVIDENCE,UNREVIEWED_IS_NOT_CODED_ZERO
ICJ-140-2008-10-15||SC_MEETING::SCM|S/PV.6105,ICJ-140-2008-10-15,140,2009-04-09,176,SC_MEETING,S/PV.6105,0,0,0,NO_PRESERVED_MANUAL_REVIEW_EVIDENCE,UNREVIEWED_IS_NOT_CODED_ZERO
ICJ-140-2008-10-15||SC_MEETING::SCM|S/PV.6106,ICJ-140-2008-10-15,140,2009-04-13,180,SC_MEETING,S/PV.6106,0,0,0,NO_PRESERVED_MANUAL_REVIEW_EVIDENCE,UNREVIEWED_IS_NOT_CODED_ZERO
ICJ-150-2011-03-08||SC_MEETING::SCM|S/PV.6494,ICJ-150-2011-03-08,150,2011-03-10,2,SC_MEETING,S/PV.6494,0,0,0,NO_PRESERVED_MANUAL_REVIEW_EVIDENCE,UNREVIEWED_IS_NOT_CODED_ZERO
ICJ-150-2011-03-08||SC_MEETING::SCM|S/PV.6494(Resumption1),ICJ-150-2011-03-08,150,2011-03-10,2,SC_MEETING,S/PV.6494(Resumption1),0,0,0,NO_PRESERVED_MANUAL_REVIEW_EVIDENCE,UNREVIEWED_IS_NOT_CODED_ZERO
ICJ-150-2011-03-08||SC_MEETING::SCM|S/PV.6495,ICJ-150-2011-03-08,150,2011-03-16,8,SC_MEETING,S/PV.6495,0,0,0,NO_PRESERVED_MANUAL_REVIEW_EVIDENCE,UNREVIEWED_IS_NOT_CODED_ZERO
ICJ-150-2011-03-08||SC_FORMAL_VOTE::SCV|1274,ICJ-150-2011-03-08,150,2011-03-17,9,SC_FORMAL_VOTE,S/PV.6496,0,0,0,NO_PRESERVED_MANUAL_REVIEW_EVIDENCE,UNREVIEWED_IS_NOT_CODED_ZERO
ICJ-150-2011-03-08||SC_FORMAL_VOTE::SCV|1275,ICJ-150-2011-03-08,150,2011-03-17,9,SC_FORMAL_VOTE,S/PV.6498,0,0,0,NO_PRESERVED_MANUAL_REVIEW_EVIDENCE,UNREVIEWED_IS_NOT_CODED_ZERO
ICJ-150-2011-03-08||SC_MEETING::SCM|S/PV.6496,ICJ-150-2011-03-08,150,2011-03-17,9,SC_MEETING,S/PV.6496,0,0,0,NO_PRESERVED_MANUAL_REVIEW_EVIDENCE,UNREVIEWED_IS_NOT_CODED_ZERO
ICJ-150-2011-03-08||SC_MEETING::SCM|S/PV.6497,ICJ-150-2011-03-08,150,2011-03-17,9,SC_MEETING,S/PV.6497,0,0,0,NO_PRESERVED_MANUAL_REVIEW_EVIDENCE,UNREVIEWED_IS_NOT_CODED_ZERO
ICJ-150-2011-03-08||SC_MEETING::SCM|S/PV.6498,ICJ-150-2011-03-08,150,2011-03-17,9,SC_MEETING,S/PV.6498,0,0,0,NO_PRESERVED_MANUAL_REVIEW_EVIDENCE,UNREVIEWED_IS_NOT_CODED_ZERO
ICJ-150-2011-03-08||SC_MEETING::SCM|S/PV.6499,ICJ-150-2011-03-08,150,2011-03-21,13,SC_MEETING,S/PV.6499,0,0,0,NO_PRESERVED_MANUAL_REVIEW_EVIDENCE,UNREVIEWED_IS_NOT_CODED_ZERO
ICJ-150-2011-03-08||SC_FORMAL_VOTE::SCV|1276,ICJ-150-2011-03-08,150,2011-03-22,14,SC_FORMAL_VOTE,S/PV.6500,0,0,0,NO_PRESERVED_MANUAL_REVIEW_EVIDENCE,UNREVIEWED_IS_NOT_CODED_ZERO
ICJ-150-2011-03-08||SC_MEETING::SCM|S/PV.6500,ICJ-150-2011-03-08,150,2011-03-22,14,SC_MEETING,S/PV.6500,0,0,0,NO_PRESERVED_MANUAL_REVIEW_EVIDENCE,UNREVIEWED_IS_NOT_CODED_ZERO
ICJ-150-2011-03-08||SC_MEETING::SCM|S/PV.6501,ICJ-150-2011-03-08,150,2011-03-22,14,SC_MEETING,S/PV.6501,0,0,0,NO_PRESERVED_MANUAL_REVIEW_EVIDENCE,UNREVIEWED_IS_NOT_CODED_ZERO
ICJ-150-2011-03-08||SC_MEETING::SCM|S/PV.6502,ICJ-150-2011-03-08,150,2011-03-22,14,SC_MEETING,S/PV.6502,0,0,0,NO_PRESERVED_MANUAL_REVIEW_EVIDENCE,UNREVIEWED_IS_NOT_CODED_ZERO
ICJ-150-2011-03-08||SC_MEETING::SCM|S/PV.6503,ICJ-150-2011-03-08,150,2011-03-23,15,SC_MEETING,S/PV.6503,0,0,0,NO_PRESERVED_MANUAL_REVIEW_EVIDENCE,UNREVIEWED_IS_NOT_CODED_ZERO
ICJ-150-2011-03-08||SC_MEETING::SCM|S/PV.6504,ICJ-150-2011-03-08,150,2011-03-24,16,SC_MEETING,S/PV.6504,0,0,0,NO_PRESERVED_MANUAL_REVIEW_EVIDENCE,UNREVIEWED_IS_NOT_CODED_ZERO
ICJ-150-2011-03-08||SC_MEETING::SCM|S/PV.6505,ICJ-150-2011-03-08,150,2011-03-24,16,SC_MEETING,S/PV.6505,0,0,0,NO_PRESERVED_MANUAL_REVIEW_EVIDENCE,UNREVIEWED_IS_NOT_CODED_ZERO
ICJ-150-2011-03-08||SC_MEETING::SCM|S/PV.6506,ICJ-150-2011-03-08,150,2011-03-25,17,SC_MEETING,S/PV.6506,0,0,0,NO_PRESERVED_MANUAL_REVIEW_EVIDENCE,UNREVIEWED_IS_NOT_CODED_ZERO
ICJ-150-2011-03-08||SC_MEETING::SCM|S/PV.6507,ICJ-150-2011-03-08,150,2011-03-28,20,SC_MEETING,S/PV.6507,0,0,0,NO_PRESERVED_MANUAL_REVIEW_EVIDENCE,UNREVIEWED_IS_NOT_CODED_ZERO
ICJ-150-2011-03-08||SC_FORMAL_VOTE::SCV|1277,ICJ-150-2011-03-08,150,2011-03-30,22,SC_FORMAL_VOTE,S/PV.6508,0,0,0,NO_PRESERVED_MANUAL_REVIEW_EVIDENCE,UNREVIEWED_IS_NOT_CODED_ZERO
ICJ-150-2011-03-08||SC_MEETING::SCM|S/PV.6508,ICJ-150-2011-03-08,150,2011-03-30,22,SC_MEETING,S/PV.6508,0,0,0,NO_PRESERVED_MANUAL_REVIEW_EVIDENCE,UNREVIEWED_IS_NOT_CODED_ZERO
ICJ-150-2011-03-08||SC_MEETING::SCM|S/PV.6509,ICJ-150-2011-03-08,150,2011-04-04,27,SC_MEETING,S/PV.6509,0,0,0,NO_PRESERVED_MANUAL_REVIEW_EVIDENCE,UNREVIEWED_IS_NOT_CODED_ZERO
ICJ-150-2011-03-08||SC_MEETING::SCM|S/PV.6510,ICJ-150-2011-03-08,150,2011-04-06,29,SC_MEETING,S/PV.6510,0,0,0,NO_PRESERVED_MANUAL_REVIEW_EVIDENCE,UNREVIEWED_IS_NOT_CODED_ZERO
ICJ-150-2011-03-08||SC_MEETING::SCM|S/PV.6510(Resumption1),ICJ-150-2011-03-08,150,2011-04-06,29,SC_MEETING,S/PV.6510(Resumption1),0,0,0,NO_PRESERVED_MANUAL_REVIEW_EVIDENCE,UNREVIEWED_IS_NOT_CODED_ZERO
ICJ-150-2011-03-08||SC_MEETING::SCM|S/PV.6511,ICJ-150-2011-03-08,150,2011-04-08,31,SC_MEETING,S/PV.6511,0,0,0,NO_PRESERVED_MANUAL_REVIEW_EVIDENCE,UNREVIEWED_IS_NOT_CODED_ZERO
ICJ-150-2011-03-08||SC_FORMAL_VOTE::SCV|1278,ICJ-150-2011-03-08,150,2011-04-11,34,SC_FORMAL_VOTE,S/PV.6512,0,0,0,NO_PRESERVED_MANUAL_REVIEW_EVIDENCE,UNREVIEWED_IS_NOT_CODED_ZERO
ICJ-150-2011-03-08||SC_MEETING::SCM|S/PV.6512,ICJ-150-2011-03-08,150,2011-04-11,34,SC_MEETING,S/PV.6512,0,0,0,NO_PRESERVED_MANUAL_REVIEW_EVIDENCE,UNREVIEWED_IS_NOT_CODED_ZERO
ICJ-150-2011-03-08||SC_MEETING::SCM|S/PV.6513,ICJ-150-2011-03-08,150,2011-04-13,36,SC_MEETING,S/PV.6513,0,0,0,NO_PRESERVED_MANUAL_REVIEW_EVIDENCE,UNREVIEWED_IS_NOT_CODED_ZERO
ICJ-150-2011-03-08||SC_MEETING::SCM|S/PV.6514,ICJ-150-2011-03-08,150,2011-04-14,37,SC_MEETING,S/PV.6514,0,0,0,NO_PRESERVED_MANUAL_REVIEW_EVIDENCE,UNREVIEWED_IS_NOT_CODED_ZERO
ICJ-150-2011-03-08||SC_MEETING::SCM|S/PV.6515,ICJ-150-2011-03-08,150,2011-04-14,37,SC_MEETING,S/PV.6515,0,0,0,NO_PRESERVED_MANUAL_REVIEW_EVIDENCE,UNREVIEWED_IS_NOT_CODED_ZERO
ICJ-150-2011-03-08||GA_FORMAL_VOTE::GAV|704960,ICJ-150-2011-03-08,150,2011-04-18,41,GA_FORMAL_VOTE,A/65/PV.86,0,0,0,NO_PRESERVED_MANUAL_REVIEW_EVIDENCE,UNREVIEWED_IS_NOT_CODED_ZERO
ICJ-150-2011-03-08||SC_MEETING::SCM|S/PV.6516,ICJ-150-2011-03-08,150,2011-04-18,41,SC_MEETING,S/PV.6516,0,0,0,NO_PRESERVED_MANUAL_REVIEW_EVIDENCE,UNREVIEWED_IS_NOT_CODED_ZERO
ICJ-150-2011-03-08||SC_FORMAL_VOTE::SCV|1279,ICJ-150-2011-03-08,150,2011-04-20,43,SC_FORMAL_VOTE,S/PV.6518,0,0,0,NO_PRESERVED_MANUAL_REVIEW_EVIDENCE,UNREVIEWED_IS_NOT_CODED_ZERO
ICJ-150-2011-03-08||SC_MEETING::SCM|S/PV.6517,ICJ-150-2011-03-08,150,2011-04-20,43,SC_MEETING,S/PV.6517,0,0,0,NO_PRESERVED_MANUAL_REVIEW_EVIDENCE,UNREVIEWED_IS_NOT_CODED_ZERO
ICJ-150-2011-03-08||SC_MEETING::SCM|S/PV.6518,ICJ-150-2011-03-08,150,2011-04-20,43,SC_MEETING,S/PV.6518,0,0,0,NO_PRESERVED_MANUAL_REVIEW_EVIDENCE,UNREVIEWED_IS_NOT_CODED_ZERO
ICJ-150-2011-03-08||SC_MEETING::SCM|S/PV.6519,ICJ-150-2011-03-08,150,2011-04-20,43,SC_MEETING,S/PV.6519,0,0,0,NO_PRESERVED_MANUAL_REVIEW_EVIDENCE,UNREVIEWED_IS_NOT_CODED_ZERO
ICJ-150-2011-03-08||SC_MEETING::SCM|S/PV.6520,ICJ-150-2011-03-08,150,2011-04-21,44,SC_MEETING,S/PV.6520,0,0,0,NO_PRESERVED_MANUAL_REVIEW_EVIDENCE,UNREVIEWED_IS_NOT_CODED_ZERO
ICJ-150-2011-03-08||SC_MEETING::SCM|S/PV.6520(Resumption1),ICJ-150-2011-03-08,150,2011-04-21,44,SC_MEETING,S/PV.6520(Resumption1),0,0,0,NO_PRESERVED_MANUAL_REVIEW_EVIDENCE,UNREVIEWED_IS_NOT_CODED_ZERO
ICJ-150-2011-03-08||SC_MEETING::SCM|S/PV.6521,ICJ-150-2011-03-08,150,2011-04-21,44,SC_MEETING,S/PV.6521,0,0,0,NO_PRESERVED_MANUAL_REVIEW_EVIDENCE,UNREVIEWED_IS_NOT_CODED_ZERO
ICJ-150-2011-03-08||SC_FORMAL_VOTE::SCV|1280,ICJ-150-2011-03-08,150,2011-04-27,50,SC_FORMAL_VOTE,S/PV.6522,0,0,0,NO_PRESERVED_MANUAL_REVIEW_EVIDENCE,UNREVIEWED_IS_NOT_CODED_ZERO
ICJ-150-2011-03-08||SC_FORMAL_VOTE::SCV|1281,ICJ-150-2011-03-08,150,2011-04-27,50,SC_FORMAL_VOTE,S/PV.6523,0,0,0,NO_PRESERVED_MANUAL_REVIEW_EVIDENCE,UNREVIEWED_IS_NOT_CODED_ZERO
ICJ-150-2011-03-08||SC_MEETING::SCM|S/PV.6522,ICJ-150-2011-03-08,150,2011-04-27,50,SC_MEETING,S/PV.6522,0,0,0,NO_PRESERVED_MANUAL_REVIEW_EVIDENCE,UNREVIEWED_IS_NOT_CODED_ZERO
ICJ-150-2011-03-08||SC_MEETING::SCM|S/PV.6523,ICJ-150-2011-03-08,150,2011-04-27,50,SC_MEETING,S/PV.6523,0,0,0,NO_PRESERVED_MANUAL_REVIEW_EVIDENCE,UNREVIEWED_IS_NOT_CODED_ZERO
ICJ-150-2011-03-08||SC_MEETING::SCM|S/PV.6524,ICJ-150-2011-03-08,150,2011-04-27,50,SC_MEETING,S/PV.6524,0,0,0,NO_PRESERVED_MANUAL_REVIEW_EVIDENCE,UNREVIEWED_IS_NOT_CODED_ZERO
ICJ-150-2011-03-08||SC_FORMAL_VOTE::SCV|1282,ICJ-150-2011-03-08,150,2011-04-28,51,SC_FORMAL_VOTE,S/PV.6525,0,0,0,NO_PRESERVED_MANUAL_REVIEW_EVIDENCE,UNREVIEWED_IS_NOT_CODED_ZERO
ICJ-150-2011-03-08||SC_MEETING::SCM|S/PV.6525,ICJ-150-2011-03-08,150,2011-04-28,51,SC_MEETING,S/PV.6525,0,0,0,NO_PRESERVED_MANUAL_REVIEW_EVIDENCE,UNREVIEWED_IS_NOT_CODED_ZERO
ICJ-150-2011-03-08||SC_MEETING::SCM|S/PV.6526,ICJ-150-2011-03-08,150,2011-05-02,55,SC_MEETING,S/PV.6526,0,0,0,NO_PRESERVED_MANUAL_REVIEW_EVIDENCE,UNREVIEWED_IS_NOT_CODED_ZERO
ICJ-150-2011-03-08||GA_FORMAL_VOTE::GAV|703013,ICJ-150-2011-03-08,150,2011-05-03,56,GA_FORMAL_VOTE,A/65/PV.88,0,0,0,NO_PRESERVED_MANUAL_REVIEW_EVIDENCE,UNREVIEWED_IS_NOT_CODED_ZERO
ICJ-150-2011-03-08||SC_MEETING::SCM|S/PV.6527,ICJ-150-2011-03-08,150,2011-05-03,56,SC_MEETING,S/PV.6527,0,0,0,NO_PRESERVED_MANUAL_REVIEW_EVIDENCE,UNREVIEWED_IS_NOT_CODED_ZERO
ICJ-150-2011-03-08||SC_MEETING::SCM|S/PV.6528,ICJ-150-2011-03-08,150,2011-05-04,57,SC_MEETING,S/PV.6528,0,0,0,NO_PRESERVED_MANUAL_REVIEW_EVIDENCE,UNREVIEWED_IS_NOT_CODED_ZERO
ICJ-150-2011-03-08||SC_MEETING::SCM|S/PV.6529,ICJ-150-2011-03-08,150,2011-05-09,62,SC_MEETING,S/PV.6529,0,0,0,NO_PRESERVED_MANUAL_REVIEW_EVIDENCE,UNREVIEWED_IS_NOT_CODED_ZERO
ICJ-150-2011-03-08||SC_MEETING::SCM|S/PV.6530,ICJ-150-2011-03-08,150,2011-05-09,62,SC_MEETING,S/PV.6530,0,0,0,NO_PRESERVED_MANUAL_REVIEW_EVIDENCE,UNREVIEWED_IS_NOT_CODED_ZERO
ICJ-150-2011-03-08||SC_MEETING::SCM|S/PV.6531,ICJ-150-2011-03-08,150,2011-05-10,63,SC_MEETING,S/PV.6531,0,0,0,NO_PRESERVED_MANUAL_REVIEW_EVIDENCE,UNREVIEWED_IS_NOT_CODED_ZERO
ICJ-150-2011-03-08||SC_MEETING::SCM|S/PV.6531(Resumption1),ICJ-150-2011-03-08,150,2011-05-10,63,SC_MEETING,S/PV.6531(Resumption1),0,0,0,NO_PRESERVED_MANUAL_REVIEW_EVIDENCE,UNREVIEWED_IS_NOT_CODED_ZERO
ICJ-150-2011-03-08||SC_MEETING::SCM|S/PV.6532,ICJ-150-2011-03-08,150,2011-05-11,64,SC_MEETING,S/PV.6532,0,0,0,NO_PRESERVED_MANUAL_REVIEW_EVIDENCE,UNREVIEWED_IS_NOT_CODED_ZERO
ICJ-150-2011-03-08||SC_MEETING::SCM|S/PV.6533,ICJ-150-2011-03-08,150,2011-05-12,65,SC_MEETING,S/PV.6533,0,0,0,NO_PRESERVED_MANUAL_REVIEW_EVIDENCE,UNREVIEWED_IS_NOT_CODED_ZERO
ICJ-150-2011-03-08||SC_MEETING::SCM|S/PV.6534,ICJ-150-2011-03-08,150,2011-05-12,65,SC_MEETING,S/PV.6534,0,0,0,NO_PRESERVED_MANUAL_REVIEW_EVIDENCE,UNREVIEWED_IS_NOT_CODED_ZERO
ICJ-150-2011-03-08||SC_FORMAL_VOTE::SCV|1283,ICJ-150-2011-03-08,150,2011-05-13,66,SC_FORMAL_VOTE,S/PV.6535,0,0,0,NO_PRESERVED_MANUAL_REVIEW_EVIDENCE,UNREVIEWED_IS_NOT_CODED_ZERO
ICJ-150-2011-03-08||SC_MEETING::SCM|S/PV.6535,ICJ-150-2011-03-08,150,2011-05-13,66,SC_MEETING,S/PV.6535,0,0,0,NO_PRESERVED_MANUAL_REVIEW_EVIDENCE,UNREVIEWED_IS_NOT_CODED_ZERO
ICJ-150-2011-03-08||SC_MEETING::SCM|S/PV.6536,ICJ-150-2011-03-08,150,2011-05-16,69,SC_MEETING,S/PV.6536,0,0,0,NO_PRESERVED_MANUAL_REVIEW_EVIDENCE,UNREVIEWED_IS_NOT_CODED_ZERO
ICJ-150-2011-03-08||SC_FORMAL_VOTE::SCV|1284,ICJ-150-2011-03-08,150,2011-05-17,70,SC_FORMAL_VOTE,S/PV.6537,0,0,0,NO_PRESERVED_MANUAL_REVIEW_EVIDENCE,UNREVIEWED_IS_NOT_CODED_ZERO
ICJ-150-2011-03-08||SC_MEETING::SCM|S/PV.6537,ICJ-150-2011-03-08,150,2011-05-17,70,SC_MEETING,S/PV.6537,0,0,0,NO_PRESERVED_MANUAL_REVIEW_EVIDENCE,UNREVIEWED_IS_NOT_CODED_ZERO
ICJ-150-2011-03-08||SC_MEETING::SCM|S/PV.6538,ICJ-150-2011-03-08,150,2011-05-17,70,SC_MEETING,S/PV.6538,0,0,0,NO_PRESERVED_MANUAL_REVIEW_EVIDENCE,UNREVIEWED_IS_NOT_CODED_ZERO
ICJ-150-2011-03-08||SC_MEETING::SCM|S/PV.6539,ICJ-150-2011-03-08,150,2011-05-18,71,SC_MEETING,S/PV.6539,0,0,0,NO_PRESERVED_MANUAL_REVIEW_EVIDENCE,UNREVIEWED_IS_NOT_CODED_ZERO
ICJ-150-2011-03-08||SC_MEETING::SCM|S/PV.6540,ICJ-150-2011-03-08,150,2011-05-19,72,SC_MEETING,S/PV.6540,0,0,0,NO_PRESERVED_MANUAL_REVIEW_EVIDENCE,UNREVIEWED_IS_NOT_CODED_ZERO
ICJ-150-2011-03-08||SC_MEETING::SCM|S/PV.6541,ICJ-150-2011-03-08,150,2011-05-31,84,SC_MEETING,S/PV.6541,0,0,0,NO_PRESERVED_MANUAL_REVIEW_EVIDENCE,UNREVIEWED_IS_NOT_CODED_ZERO
ICJ-150-2011-03-08||SC_MEETING::SCM|S/PV.6542,ICJ-150-2011-03-08,150,2011-05-31,84,SC_MEETING,S/PV.6542,0,0,0,NO_PRESERVED_MANUAL_REVIEW_EVIDENCE,UNREVIEWED_IS_NOT_CODED_ZERO
ICJ-150-2011-03-08||SC_MEETING::SCM|S/PV.6543,ICJ-150-2011-03-08,150,2011-06-03,87,SC_MEETING,S/PV.6543,0,0,0,NO_PRESERVED_MANUAL_REVIEW_EVIDENCE,UNREVIEWED_IS_NOT_CODED_ZERO
ICJ-150-2011-03-08||SC_MEETING::SCM|S/PV.6544,ICJ-150-2011-03-08,150,2011-06-03,87,SC_MEETING,S/PV.6544,0,0,0,NO_PRESERVED_MANUAL_REVIEW_EVIDENCE,UNREVIEWED_IS_NOT_CODED_ZERO
ICJ-150-2011-03-08||SC_MEETING::SCM|S/PV.6545,ICJ-150-2011-03-08,150,2011-06-06,90,SC_MEETING,S/PV.6545,0,0,0,NO_PRESERVED_MANUAL_REVIEW_EVIDENCE,UNREVIEWED_IS_NOT_CODED_ZERO
ICJ-150-2011-03-08||SC_MEETING::SCM|S/PV.6546,ICJ-150-2011-03-08,150,2011-06-06,90,SC_MEETING,S/PV.6546,0,0,0,NO_PRESERVED_MANUAL_REVIEW_EVIDENCE,UNREVIEWED_IS_NOT_CODED_ZERO
ICJ-150-2011-03-08||SC_FORMAL_VOTE::SCV|1285,ICJ-150-2011-03-08,150,2011-06-07,91,SC_FORMAL_VOTE,S/PV.6547,0,0,0,NO_PRESERVED_MANUAL_REVIEW_EVIDENCE,UNREVIEWED_IS_NOT_CODED_ZERO
ICJ-150-2011-03-08||SC_MEETING::SCM|S/PV.6547,ICJ-150-2011-03-08,150,2011-06-07,91,SC_MEETING,S/PV.6547,0,0,0,NO_PRESERVED_MANUAL_REVIEW_EVIDENCE,UNREVIEWED_IS_NOT_CODED_ZERO
ICJ-150-2011-03-08||SC_MEETING::SCM|S/PV.6548,ICJ-150-2011-03-08,150,2011-06-08,92,SC_MEETING,S/PV.6548,0,0,0,NO_PRESERVED_MANUAL_REVIEW_EVIDENCE,UNREVIEWED_IS_NOT_CODED_ZERO
ICJ-150-2011-03-08||SC_MEETING::SCM|S/PV.6549,ICJ-150-2011-03-08,150,2011-06-08,92,SC_MEETING,S/PV.6549,0,0,0,NO_PRESERVED_MANUAL_REVIEW_EVIDENCE,UNREVIEWED_IS_NOT_CODED_ZERO
ICJ-150-2011-03-08||SC_MEETING::SCM|S/PV.6550,ICJ-150-2011-03-08,150,2011-06-08,92,SC_MEETING,S/PV.6550,0,0,0,NO_PRESERVED_MANUAL_REVIEW_EVIDENCE,UNREVIEWED_IS_NOT_CODED_ZERO
ICJ-150-2011-03-08||SC_FORMAL_VOTE::SCV|1286,ICJ-150-2011-03-08,150,2011-06-09,93,SC_FORMAL_VOTE,S/PV.6552,0,0,0,NO_PRESERVED_MANUAL_REVIEW_EVIDENCE,UNREVIEWED_IS_NOT_CODED_ZERO
ICJ-150-2011-03-08||SC_MEETING::SCM|S/PV.6551,ICJ-150-2011-03-08,150,2011-06-09,93,SC_MEETING,S/PV.6551,0,0,0,NO_PRESERVED_MANUAL_REVIEW_EVIDENCE,UNREVIEWED_IS_NOT_CODED_ZERO
ICJ-150-2011-03-08||SC_MEETING::SCM|S/PV.6552,ICJ-150-2011-03-08,150,2011-06-09,93,SC_MEETING,S/PV.6552,0,0,0,NO_PRESERVED_MANUAL_REVIEW_EVIDENCE,UNREVIEWED_IS_NOT_CODED_ZERO
ICJ-150-2011-03-08||SC_FORMAL_VOTE::SCV|1287,ICJ-150-2011-03-08,150,2011-06-10,94,SC_FORMAL_VOTE,S/PV.6553,0,0,0,NO_PRESERVED_MANUAL_REVIEW_EVIDENCE,UNREVIEWED_IS_NOT_CODED_ZERO
ICJ-150-2011-03-08||SC_MEETING::SCM|S/PV.6553,ICJ-150-2011-03-08,150,2011-06-10,94,SC_MEETING,S/PV.6553,0,0,0,NO_PRESERVED_MANUAL_REVIEW_EVIDENCE,UNREVIEWED_IS_NOT_CODED_ZERO
ICJ-150-2011-03-08||SC_FORMAL_VOTE::SCV|1288,ICJ-150-2011-03-08,150,2011-06-13,97,SC_FORMAL_VOTE,S/PV.6554,0,0,0,NO_PRESERVED_MANUAL_REVIEW_EVIDENCE,UNREVIEWED_IS_NOT_CODED_ZERO
ICJ-150-2011-03-08||SC_MEETING::SCM|S/PV.6554,ICJ-150-2011-03-08,150,2011-06-13,97,SC_MEETING,S/PV.6554,0,0,0,NO_PRESERVED_MANUAL_REVIEW_EVIDENCE,UNREVIEWED_IS_NOT_CODED_ZERO
ICJ-150-2011-03-08||SC_MEETING::SCM|S/PV.6555,ICJ-150-2011-03-08,150,2011-06-15,99,SC_MEETING,S/PV.6555,0,0,0,NO_PRESERVED_MANUAL_REVIEW_EVIDENCE,UNREVIEWED_IS_NOT_CODED_ZERO
ICJ-150-2011-03-08||GA_FORMAL_VOTE::GAV|708290,ICJ-150-2011-03-08,150,2011-06-17,101,GA_FORMAL_VOTE,A/65/PV.100,0,0,0,NO_PRESERVED_MANUAL_REVIEW_EVIDENCE,UNREVIEWED_IS_NOT_CODED_ZERO
ICJ-150-2011-03-08||SC_FORMAL_VOTE::SCV|1289,ICJ-150-2011-03-08,150,2011-06-17,101,SC_FORMAL_VOTE,S/PV.6556,0,0,0,NO_PRESERVED_MANUAL_REVIEW_EVIDENCE,UNREVIEWED_IS_NOT_CODED_ZERO
ICJ-150-2011-03-08||SC_FORMAL_VOTE::SCV|1290,ICJ-150-2011-03-08,150,2011-06-17,101,SC_FORMAL_VOTE,S/PV.6557,0,0,0,NO_PRESERVED_MANUAL_REVIEW_EVIDENCE,UNREVIEWED_IS_NOT_CODED_ZERO
ICJ-150-2011-03-08||SC_FORMAL_VOTE::SCV|1291,ICJ-150-2011-03-08,150,2011-06-17,101,SC_FORMAL_VOTE,S/PV.6557,0,0,0,NO_PRESERVED_MANUAL_REVIEW_EVIDENCE,UNREVIEWED_IS_NOT_CODED_ZERO
ICJ-150-2011-03-08||SC_MEETING::SCM|S/PV.6556,ICJ-150-2011-03-08,150,2011-06-17,101,SC_MEETING,S/PV.6556,0,0,0,NO_PRESERVED_MANUAL_REVIEW_EVIDENCE,UNREVIEWED_IS_NOT_CODED_ZERO
ICJ-150-2011-03-08||SC_MEETING::SCM|S/PV.6557,ICJ-150-2011-03-08,150,2011-06-17,101,SC_MEETING,S/PV.6557,0,0,0,NO_PRESERVED_MANUAL_REVIEW_EVIDENCE,UNREVIEWED_IS_NOT_CODED_ZERO
ICJ-150-2011-03-08||SC_MEETING::SCM|S/PV.6558,ICJ-150-2011-03-08,150,2011-06-17,101,SC_MEETING,S/PV.6558,0,0,0,NO_PRESERVED_MANUAL_REVIEW_EVIDENCE,UNREVIEWED_IS_NOT_CODED_ZERO
ICJ-150-2011-03-08||SC_MEETING::SCM|S/PV.6559,ICJ-150-2011-03-08,150,2011-06-20,104,SC_MEETING,S/PV.6559,0,0,0,NO_PRESERVED_MANUAL_REVIEW_EVIDENCE,UNREVIEWED_IS_NOT_CODED_ZERO
ICJ-150-2011-03-08||SC_MEETING::SCM|S/PV.6560,ICJ-150-2011-03-08,150,2011-06-21,105,SC_MEETING,S/PV.6560,0,0,0,NO_PRESERVED_MANUAL_REVIEW_EVIDENCE,UNREVIEWED_IS_NOT_CODED_ZERO
ICJ-150-2011-03-08||SC_MEETING::SCM|S/PV.6561,ICJ-150-2011-03-08,150,2011-06-21,105,SC_MEETING,S/PV.6561,0,0,0,NO_PRESERVED_MANUAL_REVIEW_EVIDENCE,UNREVIEWED_IS_NOT_CODED_ZERO
ICJ-150-2011-03-08||SC_MEETING::SCM|S/PV.6562,ICJ-150-2011-03-08,150,2011-06-23,107,SC_MEETING,S/PV.6562,0,0,0,NO_PRESERVED_MANUAL_REVIEW_EVIDENCE,UNREVIEWED_IS_NOT_CODED_ZERO
ICJ-150-2011-03-08||SC_MEETING::SCM|S/PV.6563,ICJ-150-2011-03-08,150,2011-06-23,107,SC_MEETING,S/PV.6563,0,0,0,NO_PRESERVED_MANUAL_REVIEW_EVIDENCE,UNREVIEWED_IS_NOT_CODED_ZERO
ICJ-150-2011-03-08||SC_MEETING::SCM|S/PV.6564,ICJ-150-2011-03-08,150,2011-06-24,108,SC_MEETING,S/PV.6564,0,0,0,NO_PRESERVED_MANUAL_REVIEW_EVIDENCE,UNREVIEWED_IS_NOT_CODED_ZERO
ICJ-150-2011-03-08||SC_MEETING::SCM|S/PV.6565,ICJ-150-2011-03-08,150,2011-06-24,108,SC_MEETING,S/PV.6565,0,0,0,NO_PRESERVED_MANUAL_REVIEW_EVIDENCE,UNREVIEWED_IS_NOT_CODED_ZERO
ICJ-150-2011-03-08||SC_FORMAL_VOTE::SCV|1292,ICJ-150-2011-03-08,150,2011-06-27,111,SC_FORMAL_VOTE,S/PV.6567,0,0,0,NO_PRESERVED_MANUAL_REVIEW_EVIDENCE,UNREVIEWED_IS_NOT_CODED_ZERO
ICJ-150-2011-03-08||SC_MEETING::SCM|S/PV.6566,ICJ-150-2011-03-08,150,2011-06-27,111,SC_MEETING,S/PV.6566,0,0,0,NO_PRESERVED_MANUAL_REVIEW_EVIDENCE,UNREVIEWED_IS_NOT_CODED_ZERO
ICJ-150-2011-03-08||SC_MEETING::SCM|S/PV.6567,ICJ-150-2011-03-08,150,2011-06-27,111,SC_MEETING,S/PV.6567,0,0,0,NO_PRESERVED_MANUAL_REVIEW_EVIDENCE,UNREVIEWED_IS_NOT_CODED_ZERO
ICJ-150-2011-03-08||SC_FORMAL_VOTE::SCV|1293,ICJ-150-2011-03-08,150,2011-06-28,112,SC_FORMAL_VOTE,S/PV.6568,0,0,0,NO_PRESERVED_MANUAL_REVIEW_EVIDENCE,UNREVIEWED_IS_NOT_CODED_ZERO
ICJ-150-2011-03-08||SC_MEETING::SCM|S/PV.6568,ICJ-150-2011-03-08,150,2011-06-28,112,SC_MEETING,S/PV.6568,0,0,0,NO_PRESERVED_MANUAL_REVIEW_EVIDENCE,UNREVIEWED_IS_NOT_CODED_ZERO
ICJ-150-2011-03-08||SC_MEETING::SCM|S/PV.6569,ICJ-150-2011-03-08,150,2011-06-28,112,SC_MEETING,S/PV.6569,0,0,0,NO_PRESERVED_MANUAL_REVIEW_EVIDENCE,UNREVIEWED_IS_NOT_CODED_ZERO
ICJ-150-2011-03-08||GA_FORMAL_VOTE::GAV|1493376,ICJ-150-2011-03-08,150,2011-06-29,113,GA_FORMAL_VOTE,A/65/PV.105,0,0,0,NO_PRESERVED_MANUAL_REVIEW_EVIDENCE,UNREVIEWED_IS_NOT_CODED_ZERO
ICJ-150-2011-03-08||SC_FORMAL_VOTE::SCV|1294,ICJ-150-2011-03-08,150,2011-06-29,113,SC_FORMAL_VOTE,S/PV.6570,0,0,0,NO_PRESERVED_MANUAL_REVIEW_EVIDENCE,UNREVIEWED_IS_NOT_CODED_ZERO
ICJ-150-2011-03-08||SC_FORMAL_VOTE::SCV|1295,ICJ-150-2011-03-08,150,2011-06-29,113,SC_FORMAL_VOTE,S/PV.6571,0,0,0,NO_PRESERVED_MANUAL_REVIEW_EVIDENCE,UNREVIEWED_IS_NOT_CODED_ZERO
ICJ-150-2011-03-08||SC_MEETING::SCM|S/PV.6570,ICJ-150-2011-03-08,150,2011-06-29,113,SC_MEETING,S/PV.6570,0,0,0,NO_PRESERVED_MANUAL_REVIEW_EVIDENCE,UNREVIEWED_IS_NOT_CODED_ZERO
ICJ-150-2011-03-08||SC_MEETING::SCM|S/PV.6571,ICJ-150-2011-03-08,150,2011-06-29,113,SC_MEETING,S/PV.6571,0,0,0,NO_PRESERVED_MANUAL_REVIEW_EVIDENCE,UNREVIEWED_IS_NOT_CODED_ZERO
ICJ-150-2011-03-08||GA_FORMAL_VOTE::GAV|712767,ICJ-150-2011-03-08,150,2011-06-30,114,GA_FORMAL_VOTE,A/65/PV.106,0,0,0,NO_PRESERVED_MANUAL_REVIEW_EVIDENCE,UNREVIEWED_IS_NOT_CODED_ZERO
ICJ-150-2011-03-08||SC_FORMAL_VOTE::SCV|1296,ICJ-150-2011-03-08,150,2011-06-30,114,SC_FORMAL_VOTE,S/PV.6572,0,0,0,NO_PRESERVED_MANUAL_REVIEW_EVIDENCE,UNREVIEWED_IS_NOT_CODED_ZERO
ICJ-150-2011-03-08||SC_MEETING::SCM|S/PV.6572,ICJ-150-2011-03-08,150,2011-06-30,114,SC_MEETING,S/PV.6572,0,0,0,NO_PRESERVED_MANUAL_REVIEW_EVIDENCE,UNREVIEWED_IS_NOT_CODED_ZERO
ICJ-150-2011-03-08||SC_FORMAL_VOTE::SCV|1297,ICJ-150-2011-03-08,150,2011-07-06,120,SC_FORMAL_VOTE,S/PV.6573,0,0,0,NO_PRESERVED_MANUAL_REVIEW_EVIDENCE,UNREVIEWED_IS_NOT_CODED_ZERO
ICJ-150-2011-03-08||SC_MEETING::SCM|S/PV.6573,ICJ-150-2011-03-08,150,2011-07-06,120,SC_MEETING,S/PV.6573,0,0,0,NO_PRESERVED_MANUAL_REVIEW_EVIDENCE,UNREVIEWED_IS_NOT_CODED_ZERO
ICJ-150-2011-03-08||SC_MEETING::SCM|S/PV.6574,ICJ-150-2011-03-08,150,2011-07-06,120,SC_MEETING,S/PV.6574,0,0,0,NO_PRESERVED_MANUAL_REVIEW_EVIDENCE,UNREVIEWED_IS_NOT_CODED_ZERO
ICJ-150-2011-03-08||SC_MEETING::SCM|S/PV.6575,ICJ-150-2011-03-08,150,2011-07-07,121,SC_MEETING,S/PV.6575,0,0,0,NO_PRESERVED_MANUAL_REVIEW_EVIDENCE,UNREVIEWED_IS_NOT_CODED_ZERO
ICJ-150-2011-03-08||SC_FORMAL_VOTE::SCV|1298,ICJ-150-2011-03-08,150,2011-07-08,122,SC_FORMAL_VOTE,S/PV.6576,0,0,0,NO_PRESERVED_MANUAL_REVIEW_EVIDENCE,UNREVIEWED_IS_NOT_CODED_ZERO
ICJ-150-2011-03-08||SC_MEETING::SCM|S/PV.6576,ICJ-150-2011-03-08,150,2011-07-08,122,SC_MEETING,S/PV.6576,0,0,0,NO_PRESERVED_MANUAL_REVIEW_EVIDENCE,UNREVIEWED_IS_NOT_CODED_ZERO
ICJ-150-2011-03-08||SC_MEETING::SCM|S/PV.6577,ICJ-150-2011-03-08,150,2011-07-08,122,SC_MEETING,S/PV.6577,0,0,0,NO_PRESERVED_MANUAL_REVIEW_EVIDENCE,UNREVIEWED_IS_NOT_CODED_ZERO
ICJ-150-2011-03-08||SC_FORMAL_VOTE::SCV|1299,ICJ-150-2011-03-08,150,2011-07-11,125,SC_FORMAL_VOTE,S/PV.6579,0,0,0,NO_PRESERVED_MANUAL_REVIEW_EVIDENCE,UNREVIEWED_IS_NOT_CODED_ZERO
ICJ-150-2011-03-08||SC_MEETING::SCM|S/PV.6578,ICJ-150-2011-03-08,150,2011-07-11,125,SC_MEETING,S/PV.6578,0,0,0,NO_PRESERVED_MANUAL_REVIEW_EVIDENCE,UNREVIEWED_IS_NOT_CODED_ZERO
ICJ-150-2011-03-08||SC_MEETING::SCM|S/PV.6579,ICJ-150-2011-03-08,150,2011-07-11,125,SC_MEETING,S/PV.6579,0,0,0,NO_PRESERVED_MANUAL_REVIEW_EVIDENCE,UNREVIEWED_IS_NOT_CODED_ZERO
ICJ-150-2011-03-08||SC_MEETING::SCM|S/PV.6580,ICJ-150-2011-03-08,150,2011-07-11,125,SC_MEETING,S/PV.6580,0,0,0,NO_PRESERVED_MANUAL_REVIEW_EVIDENCE,UNREVIEWED_IS_NOT_CODED_ZERO
ICJ-150-2011-03-08||SC_FORMAL_VOTE::SCV|1300,ICJ-150-2011-03-08,150,2011-07-12,126,SC_FORMAL_VOTE,S/PV.6581,0,0,0,NO_PRESERVED_MANUAL_REVIEW_EVIDENCE,UNREVIEWED_IS_NOT_CODED_ZERO
ICJ-150-2011-03-08||SC_MEETING::SCM|S/PV.6581,ICJ-150-2011-03-08,150,2011-07-12,126,SC_MEETING,S/PV.6581,0,0,0,NO_PRESERVED_MANUAL_REVIEW_EVIDENCE,UNREVIEWED_IS_NOT_CODED_ZERO
ICJ-150-2011-03-08||SC_MEETING::SCM|S/PV.6581(Resumption1),ICJ-150-2011-03-08,150,2011-07-12,126,SC_MEETING,S/PV.6581(Resumption1),0,0,0,NO_PRESERVED_MANUAL_REVIEW_EVIDENCE,UNREVIEWED_IS_NOT_CODED_ZERO
ICJ-150-2011-03-08||SC_FORMAL_VOTE::SCV|1301,ICJ-150-2011-03-08,150,2011-07-13,127,SC_FORMAL_VOTE,S/PV.6582,0,0,0,NO_PRESERVED_MANUAL_REVIEW_EVIDENCE,UNREVIEWED_IS_NOT_CODED_ZERO
ICJ-150-2011-03-08||SC_MEETING::SCM|S/PV.6582,ICJ-150-2011-03-08,150,2011-07-13,127,SC_MEETING,S/PV.6582,0,0,0,NO_PRESERVED_MANUAL_REVIEW_EVIDENCE,UNREVIEWED_IS_NOT_CODED_ZERO
ICJ-150-2011-03-08||SC_MEETING::SCM|S/PV.6583,ICJ-150-2011-03-08,150,2011-07-13,127,SC_MEETING,S/PV.6583,0,0,0,NO_PRESERVED_MANUAL_REVIEW_EVIDENCE,UNREVIEWED_IS_NOT_CODED_ZERO
ICJ-150-2011-03-08||SC_MEETING::SCM|S/PV.6584,ICJ-150-2011-03-08,150,2011-07-18,132,SC_MEETING,S/PV.6584,0,0,0,NO_PRESERVED_MANUAL_REVIEW_EVIDENCE,UNREVIEWED_IS_NOT_CODED_ZERO
ICJ-150-2011-03-08||SC_MEETING::SCM|S/PV.6585,ICJ-150-2011-03-08,150,2011-07-18,132,SC_MEETING,S/PV.6585,0,0,0,NO_PRESERVED_MANUAL_REVIEW_EVIDENCE,UNREVIEWED_IS_NOT_CODED_ZERO
ICJ-150-2011-03-08||SC_MEETING::SCM|S/PV.6586,ICJ-150-2011-03-08,150,2011-07-19,133,SC_MEETING,S/PV.6586,0,0,0,NO_PRESERVED_MANUAL_REVIEW_EVIDENCE,UNREVIEWED_IS_NOT_CODED_ZERO
ICJ-150-2011-03-08||SC_MEETING::SCM|S/PV.6587,ICJ-150-2011-03-08,150,2011-07-20,134,SC_MEETING,S/PV.6587,0,0,0,NO_PRESERVED_MANUAL_REVIEW_EVIDENCE,UNREVIEWED_IS_NOT_CODED_ZERO
ICJ-150-2011-03-08||SC_MEETING::SCM|S/PV.6587(Resumption1),ICJ-150-2011-03-08,150,2011-07-20,134,SC_MEETING,S/PV.6587(Resumption1),0,0,0,NO_PRESERVED_MANUAL_REVIEW_EVIDENCE,UNREVIEWED_IS_NOT_CODED_ZERO
ICJ-150-2011-03-08||SC_MEETING::SCM|S/PV.6588,ICJ-150-2011-03-08,150,2011-07-21,135,SC_MEETING,S/PV.6588,0,0,0,NO_PRESERVED_MANUAL_REVIEW_EVIDENCE,UNREVIEWED_IS_NOT_CODED_ZERO
ICJ-150-2011-03-08||SC_MEETING::SCM|S/PV.6589,ICJ-150-2011-03-08,150,2011-07-22,136,SC_MEETING,S/PV.6589,0,0,0,NO_PRESERVED_MANUAL_REVIEW_EVIDENCE,UNREVIEWED_IS_NOT_CODED_ZERO
ICJ-150-2011-03-08||SC_MEETING::SCM|S/PV.6590,ICJ-150-2011-03-08,150,2011-07-26,140,SC_MEETING,S/PV.6590,0,0,0,NO_PRESERVED_MANUAL_REVIEW_EVIDENCE,UNREVIEWED_IS_NOT_CODED_ZERO
ICJ-150-2011-03-08||SC_MEETING::SCM|S/PV.6590(Resumption1),ICJ-150-2011-03-08,150,2011-07-26,140,SC_MEETING,S/PV.6590(Resumption1),0,0,0,NO_PRESERVED_MANUAL_REVIEW_EVIDENCE,UNREVIEWED_IS_NOT_CODED_ZERO
ICJ-150-2011-03-08||SC_FORMAL_VOTE::SCV|1302,ICJ-150-2011-03-08,150,2011-07-27,141,SC_FORMAL_VOTE,S/PV.6591,0,0,0,NO_PRESERVED_MANUAL_REVIEW_EVIDENCE,UNREVIEWED_IS_NOT_CODED_ZERO
ICJ-150-2011-03-08||SC_MEETING::SCM|S/PV.6591,ICJ-150-2011-03-08,150,2011-07-27,141,SC_MEETING,S/PV.6591,0,0,0,NO_PRESERVED_MANUAL_REVIEW_EVIDENCE,UNREVIEWED_IS_NOT_CODED_ZERO
ICJ-150-2011-03-08||SC_MEETING::SCM|S/PV.6592,ICJ-150-2011-03-08,150,2011-07-27,141,SC_MEETING,S/PV.6592,0,0,0,NO_PRESERVED_MANUAL_REVIEW_EVIDENCE,UNREVIEWED_IS_NOT_CODED_ZERO
ICJ-150-2011-03-08||SC_MEETING::SCM|S/PV.6593,ICJ-150-2011-03-08,150,2011-07-27,141,SC_MEETING,S/PV.6593,0,0,0,NO_PRESERVED_MANUAL_REVIEW_EVIDENCE,UNREVIEWED_IS_NOT_CODED_ZERO
ICJ-150-2011-03-08||SC_FORMAL_VOTE::SCV|1303,ICJ-150-2011-03-08,150,2011-07-28,142,SC_FORMAL_VOTE,S/PV.6594,0,0,0,NO_PRESERVED_MANUAL_REVIEW_EVIDENCE,UNREVIEWED_IS_NOT_CODED_ZERO
ICJ-150-2011-03-08||SC_MEETING::SCM|S/PV.6594,ICJ-150-2011-03-08,150,2011-07-28,142,SC_MEETING,S/PV.6594,0,0,0,NO_PRESERVED_MANUAL_REVIEW_EVIDENCE,UNREVIEWED_IS_NOT_CODED_ZERO
ICJ-150-2011-03-08||SC_MEETING::SCM|S/PV.6595,ICJ-150-2011-03-08,150,2011-07-28,142,SC_MEETING,S/PV.6595,0,0,0,NO_PRESERVED_MANUAL_REVIEW_EVIDENCE,UNREVIEWED_IS_NOT_CODED_ZERO
ICJ-150-2011-03-08||SC_FORMAL_VOTE::SCV|1304,ICJ-150-2011-03-08,150,2011-07-29,143,SC_FORMAL_VOTE,S/PV.6596,0,0,0,NO_PRESERVED_MANUAL_REVIEW_EVIDENCE,UNREVIEWED_IS_NOT_CODED_ZERO
ICJ-150-2011-03-08||SC_FORMAL_VOTE::SCV|1305,ICJ-150-2011-03-08,150,2011-07-29,143,SC_FORMAL_VOTE,S/PV.6597,0,0,0,NO_PRESERVED_MANUAL_REVIEW_EVIDENCE,UNREVIEWED_IS_NOT_CODED_ZERO
ICJ-150-2011-03-08||SC_MEETING::SCM|S/PV.6596,ICJ-150-2011-03-08,150,2011-07-29,143,SC_MEETING,S/PV.6596,0,0,0,NO_PRESERVED_MANUAL_REVIEW_EVIDENCE,UNREVIEWED_IS_NOT_CODED_ZERO
ICJ-150-2011-03-08||SC_MEETING::SCM|S/PV.6597,ICJ-150-2011-03-08,150,2011-07-29,143,SC_MEETING,S/PV.6597,0,0,0,NO_PRESERVED_MANUAL_REVIEW_EVIDENCE,UNREVIEWED_IS_NOT_CODED_ZERO
ICJ-150-2011-03-08||SC_MEETING::SCM|S/PV.6598,ICJ-150-2011-03-08,150,2011-08-03,148,SC_MEETING,S/PV.6598,0,0,0,NO_PRESERVED_MANUAL_REVIEW_EVIDENCE,UNREVIEWED_IS_NOT_CODED_ZERO
ICJ-150-2011-03-08||SC_MEETING::SCM|S/PV.6599,ICJ-150-2011-03-08,150,2011-08-10,155,SC_MEETING,S/PV.6599,0,0,0,NO_PRESERVED_MANUAL_REVIEW_EVIDENCE,UNREVIEWED_IS_NOT_CODED_ZERO
ICJ-150-2011-03-08||SC_MEETING::SCM|S/PV.6600,ICJ-150-2011-03-08,150,2011-08-16,161,SC_MEETING,S/PV.6600,0,0,0,NO_PRESERVED_MANUAL_REVIEW_EVIDENCE,UNREVIEWED_IS_NOT_CODED_ZERO
ICJ-150-2011-03-08||SC_MEETING::SCM|S/PV.6601,ICJ-150-2011-03-08,150,2011-08-18,163,SC_MEETING,S/PV.6601,0,0,0,NO_PRESERVED_MANUAL_REVIEW_EVIDENCE,UNREVIEWED_IS_NOT_CODED_ZERO
ICJ-150-2011-03-08||SC_MEETING::SCM|S/PV.6602,ICJ-150-2011-03-08,150,2011-08-25,170,SC_MEETING,S/PV.6602,0,0,0,NO_PRESERVED_MANUAL_REVIEW_EVIDENCE,UNREVIEWED_IS_NOT_CODED_ZERO
ICJ-150-2011-03-08||SC_MEETING::SCM|S/PV.6603,ICJ-150-2011-03-08,150,2011-08-26,171,SC_MEETING,S/PV.6603,0,0,0,NO_PRESERVED_MANUAL_REVIEW_EVIDENCE,UNREVIEWED_IS_NOT_CODED_ZERO
ICJ-150-2011-03-08||SC_MEETING::SCM|S/PV.6603(Resumption1),ICJ-150-2011-03-08,150,2011-08-26,171,SC_MEETING,S/PV.6603(Resumption1),0,0,0,NO_PRESERVED_MANUAL_REVIEW_EVIDENCE,UNREVIEWED_IS_NOT_CODED_ZERO
ICJ-150-2011-03-08||SC_FORMAL_VOTE::SCV|1306,ICJ-150-2011-03-08,150,2011-08-30,175,SC_FORMAL_VOTE,S/PV.6605,0,0,0,NO_PRESERVED_MANUAL_REVIEW_EVIDENCE,UNREVIEWED_IS_NOT_CODED_ZERO
ICJ-150-2011-03-08||SC_MEETING::SCM|S/PV.6604,ICJ-150-2011-03-08,150,2011-08-30,175,SC_MEETING,S/PV.6604,0,0,0,NO_PRESERVED_MANUAL_REVIEW_EVIDENCE,UNREVIEWED_IS_NOT_CODED_ZERO
ICJ-150-2011-03-08||SC_MEETING::SCM|S/PV.6605,ICJ-150-2011-03-08,150,2011-08-30,175,SC_MEETING,S/PV.6605,0,0,0,NO_PRESERVED_MANUAL_REVIEW_EVIDENCE,UNREVIEWED_IS_NOT_CODED_ZERO
ICJ-150-2011-03-08||SC_MEETING::SCM|S/PV.6606,ICJ-150-2011-03-08,150,2011-08-30,175,SC_MEETING,S/PV.6606,0,0,0,NO_PRESERVED_MANUAL_REVIEW_EVIDENCE,UNREVIEWED_IS_NOT_CODED_ZERO
ICJ-150-2013-11-22||SC_FORMAL_VOTE::SCV|1432,ICJ-150-2013-11-22,150,2013-11-25,3,SC_FORMAL_VOTE,S/PV.7067,0,0,0,NO_PRESERVED_MANUAL_REVIEW_EVIDENCE,UNREVIEWED_IS_NOT_CODED_ZERO
ICJ-150-2013-11-22||SC_MEETING::SCM|S/PV.7066,ICJ-150-2013-11-22,150,2013-11-25,3,SC_MEETING,S/PV.7066,0,0,0,NO_PRESERVED_MANUAL_REVIEW_EVIDENCE,UNREVIEWED_IS_NOT_CODED_ZERO
ICJ-150-2013-11-22||SC_MEETING::SCM|S/PV.7067,ICJ-150-2013-11-22,150,2013-11-25,3,SC_MEETING,S/PV.7067,0,0,0,NO_PRESERVED_MANUAL_REVIEW_EVIDENCE,UNREVIEWED_IS_NOT_CODED_ZERO
ICJ-150-2013-11-22||SC_MEETING::SCM|S/PV.7068,ICJ-150-2013-11-22,150,2013-11-25,3,SC_MEETING,S/PV.7068,0,0,0,NO_PRESERVED_MANUAL_REVIEW_EVIDENCE,UNREVIEWED_IS_NOT_CODED_ZERO
ICJ-150-2013-11-22||SC_MEETING::SCM|S/PV.7069,ICJ-150-2013-11-22,150,2013-11-25,3,SC_MEETING,S/PV.7069,0,0,0,NO_PRESERVED_MANUAL_REVIEW_EVIDENCE,UNREVIEWED_IS_NOT_CODED_ZERO
ICJ-150-2013-11-22||GA_FORMAL_VOTE::GAV|762024,ICJ-150-2013-11-22,150,2013-11-26,4,GA_FORMAL_VOTE,A/68/PV.58,0,0,0,NO_PRESERVED_MANUAL_REVIEW_EVIDENCE,UNREVIEWED_IS_NOT_CODED_ZERO
ICJ-150-2013-11-22||GA_FORMAL_VOTE::GAV|764203,ICJ-150-2013-11-22,150,2013-11-26,4,GA_FORMAL_VOTE,A/68/PV.58,0,0,0,NO_PRESERVED_MANUAL_REVIEW_EVIDENCE,UNREVIEWED_IS_NOT_CODED_ZERO
ICJ-150-2013-11-22||GA_FORMAL_VOTE::GAV|764205,ICJ-150-2013-11-22,150,2013-11-26,4,GA_FORMAL_VOTE,A/68/PV.58,0,0,0,NO_PRESERVED_MANUAL_REVIEW_EVIDENCE,UNREVIEWED_IS_NOT_CODED_ZERO
ICJ-150-2013-11-22||GA_FORMAL_VOTE::GAV|764206,ICJ-150-2013-11-22,150,2013-11-26,4,GA_FORMAL_VOTE,A/68/PV.58,0,0,0,NO_PRESERVED_MANUAL_REVIEW_EVIDENCE,UNREVIEWED_IS_NOT_CODED_ZERO
ICJ-150-2013-11-22||GA_FORMAL_VOTE::GAV|764207,ICJ-150-2013-11-22,150,2013-11-26,4,GA_FORMAL_VOTE,A/68/PV.58,0,0,0,NO_PRESERVED_MANUAL_REVIEW_EVIDENCE,UNREVIEWED_IS_NOT_CODED_ZERO
ICJ-150-2013-11-22||GA_FORMAL_VOTE::GAV|764214,ICJ-150-2013-11-22,150,2013-11-26,4,GA_FORMAL_VOTE,A/68/PV.58,0,0,0,NO_PRESERVED_MANUAL_REVIEW_EVIDENCE,UNREVIEWED_IS_NOT_CODED_ZERO
ICJ-150-2013-11-22||SC_MEETING::SCM|S/PV.7070,ICJ-150-2013-11-22,150,2013-11-26,4,SC_MEETING,S/PV.7070,0,0,0,NO_PRESERVED_MANUAL_REVIEW_EVIDENCE,UNREVIEWED_IS_NOT_CODED_ZERO
ICJ-150-2013-11-22||SC_MEETING::SCM|S/PV.7071,ICJ-150-2013-11-22,150,2013-11-27,5,SC_MEETING,S/PV.7071,0,0,0,NO_PRESERVED_MANUAL_REVIEW_EVIDENCE,UNREVIEWED_IS_NOT_CODED_ZERO
ICJ-150-2013-11-22||GA_FORMAL_VOTE::GAV|764976,ICJ-150-2013-11-22,150,2013-12-05,13,GA_FORMAL_VOTE,A/68/PV.60,0,0,0,NO_PRESERVED_MANUAL_REVIEW_EVIDENCE,UNREVIEWED_IS_NOT_CODED_ZERO
ICJ-150-2013-11-22||GA_FORMAL_VOTE::GAV|764978,ICJ-150-2013-11-22,150,2013-12-05,13,GA_FORMAL_VOTE,A/68/PV.60,0,0,0,NO_PRESERVED_MANUAL_REVIEW_EVIDENCE,UNREVIEWED_IS_NOT_CODED_ZERO
ICJ-150-2013-11-22||GA_FORMAL_VOTE::GAV|764980,ICJ-150-2013-11-22,150,2013-12-05,13,GA_FORMAL_VOTE,A/68/PV.60,0,0,0,NO_PRESERVED_MANUAL_REVIEW_EVIDENCE,UNREVIEWED_IS_NOT_CODED_ZERO
ICJ-150-2013-11-22||GA_FORMAL_VOTE::GAV|764986,ICJ-150-2013-11-22,150,2013-12-05,13,GA_FORMAL_VOTE,A/68/PV.60,0,0,0,NO_PRESERVED_MANUAL_REVIEW_EVIDENCE,UNREVIEWED_IS_NOT_CODED_ZERO
ICJ-150-2013-11-22||GA_FORMAL_VOTE::GAV|764988,ICJ-150-2013-11-22,150,2013-12-05,13,GA_FORMAL_VOTE,A/68/PV.60,0,0,0,NO_PRESERVED_MANUAL_REVIEW_EVIDENCE,UNREVIEWED_IS_NOT_CODED_ZERO
ICJ-150-2013-11-22||GA_FORMAL_VOTE::GAV|764991,ICJ-150-2013-11-22,150,2013-12-05,13,GA_FORMAL_VOTE,A/68/PV.60,0,0,0,NO_PRESERVED_MANUAL_REVIEW_EVIDENCE,UNREVIEWED_IS_NOT_CODED_ZERO
ICJ-150-2013-11-22||GA_FORMAL_VOTE::GAV|764996,ICJ-150-2013-11-22,150,2013-12-05,13,GA_FORMAL_VOTE,A/68/PV.60,0,0,0,NO_PRESERVED_MANUAL_REVIEW_EVIDENCE,UNREVIEWED_IS_NOT_CODED_ZERO
ICJ-150-2013-11-22||GA_FORMAL_VOTE::GAV|764998,ICJ-150-2013-11-22,150,2013-12-05,13,GA_FORMAL_VOTE,A/68/PV.60,0,0,0,NO_PRESERVED_MANUAL_REVIEW_EVIDENCE,UNREVIEWED_IS_NOT_CODED_ZERO
ICJ-150-2013-11-22||GA_FORMAL_VOTE::GAV|764999,ICJ-150-2013-11-22,150,2013-12-05,13,GA_FORMAL_VOTE,A/68/PV.60,0,0,0,NO_PRESERVED_MANUAL_REVIEW_EVIDENCE,UNREVIEWED_IS_NOT_CODED_ZERO
ICJ-150-2013-11-22||GA_FORMAL_VOTE::GAV|765000,ICJ-150-2013-11-22,150,2013-12-05,13,GA_FORMAL_VOTE,A/68/PV.60,0,0,0,NO_PRESERVED_MANUAL_REVIEW_EVIDENCE,UNREVIEWED_IS_NOT_CODED_ZERO
ICJ-150-2013-11-22||GA_FORMAL_VOTE::GAV|765001,ICJ-150-2013-11-22,150,2013-12-05,13,GA_FORMAL_VOTE,A/68/PV.60,0,0,0,NO_PRESERVED_MANUAL_REVIEW_EVIDENCE,UNREVIEWED_IS_NOT_CODED_ZERO
ICJ-150-2013-11-22||GA_FORMAL_VOTE::GAV|765002,ICJ-150-2013-11-22,150,2013-12-05,13,GA_FORMAL_VOTE,A/68/PV.60,0,0,0,NO_PRESERVED_MANUAL_REVIEW_EVIDENCE,UNREVIEWED_IS_NOT_CODED_ZERO
ICJ-150-2013-11-22||GA_FORMAL_VOTE::GAV|765003,ICJ-150-2013-11-22,150,2013-12-05,13,GA_FORMAL_VOTE,A/68/PV.60,0,0,0,NO_PRESERVED_MANUAL_REVIEW_EVIDENCE,UNREVIEWED_IS_NOT_CODED_ZERO
ICJ-150-2013-11-22||GA_FORMAL_VOTE::GAV|765004,ICJ-150-2013-11-22,150,2013-12-05,13,GA_FORMAL_VOTE,A/68/PV.60,0,0,0,NO_PRESERVED_MANUAL_REVIEW_EVIDENCE,UNREVIEWED_IS_NOT_CODED_ZERO
ICJ-150-2013-11-22||GA_FORMAL_VOTE::GAV|765005,ICJ-150-2013-11-22,150,2013-12-05,13,GA_FORMAL_VOTE,A/68/PV.60,0,0,0,NO_PRESERVED_MANUAL_REVIEW_EVIDENCE,UNREVIEWED_IS_NOT_CODED_ZERO
ICJ-150-2013-11-22||GA_FORMAL_VOTE::GAV|765007,ICJ-150-2013-11-22,150,2013-12-05,13,GA_FORMAL_VOTE,A/68/PV.60,0,0,0,NO_PRESERVED_MANUAL_REVIEW_EVIDENCE,UNREVIEWED_IS_NOT_CODED_ZERO
ICJ-150-2013-11-22||GA_FORMAL_VOTE::GAV|765008,ICJ-150-2013-11-22,150,2013-12-05,13,GA_FORMAL_VOTE,A/68/PV.60,0,0,0,NO_PRESERVED_MANUAL_REVIEW_EVIDENCE,UNREVIEWED_IS_NOT_CODED_ZERO
ICJ-150-2013-11-22||GA_FORMAL_VOTE::GAV|765009,ICJ-150-2013-11-22,150,2013-12-05,13,GA_FORMAL_VOTE,A/68/PV.60,0,0,0,NO_PRESERVED_MANUAL_REVIEW_EVIDENCE,UNREVIEWED_IS_NOT_CODED_ZERO
ICJ-150-2013-11-22||GA_FORMAL_VOTE::GAV|765010,ICJ-150-2013-11-22,150,2013-12-05,13,GA_FORMAL_VOTE,A/68/PV.60,0,0,0,NO_PRESERVED_MANUAL_REVIEW_EVIDENCE,UNREVIEWED_IS_NOT_CODED_ZERO
ICJ-150-2013-11-22||GA_FORMAL_VOTE::GAV|765011,ICJ-150-2013-11-22,150,2013-12-05,13,GA_FORMAL_VOTE,A/68/PV.60,0,0,0,NO_PRESERVED_MANUAL_REVIEW_EVIDENCE,UNREVIEWED_IS_NOT_CODED_ZERO
ICJ-150-2013-11-22||SC_FORMAL_VOTE::SCV|1433,ICJ-150-2013-11-22,150,2013-12-05,13,SC_FORMAL_VOTE,S/PV.7072,0,0,0,NO_PRESERVED_MANUAL_REVIEW_EVIDENCE,UNREVIEWED_IS_NOT_CODED_ZERO
ICJ-150-2013-11-22||SC_MEETING::SCM|S/PV.7072,ICJ-150-2013-11-22,150,2013-12-05,13,SC_MEETING,S/PV.7072,0,0,0,NO_PRESERVED_MANUAL_REVIEW_EVIDENCE,UNREVIEWED_IS_NOT_CODED_ZERO
ICJ-150-2013-11-22||SC_MEETING::SCM|S/PV.7073,ICJ-150-2013-11-22,150,2013-12-05,13,SC_MEETING,S/PV.7073,0,0,0,NO_PRESERVED_MANUAL_REVIEW_EVIDENCE,UNREVIEWED_IS_NOT_CODED_ZERO
ICJ-150-2013-11-22||GA_FORMAL_VOTE::GAV|765084,ICJ-150-2013-11-22,150,2013-12-09,17,GA_FORMAL_VOTE,A/68/PV.63,0,0,0,NO_PRESERVED_MANUAL_REVIEW_EVIDENCE,UNREVIEWED_IS_NOT_CODED_ZERO
ICJ-150-2013-11-22||SC_MEETING::SCM|S/PV.7074,ICJ-150-2013-11-22,150,2013-12-09,17,SC_MEETING,S/PV.7074,0,0,0,NO_PRESERVED_MANUAL_REVIEW_EVIDENCE,UNREVIEWED_IS_NOT_CODED_ZERO
ICJ-150-2013-11-22||SC_MEETING::SCM|S/PV.7075,ICJ-150-2013-11-22,150,2013-12-09,17,SC_MEETING,S/PV.7075,0,0,0,NO_PRESERVED_MANUAL_REVIEW_EVIDENCE,UNREVIEWED_IS_NOT_CODED_ZERO
ICJ-150-2013-11-22||SC_MEETING::SCM|S/PV.7076,ICJ-150-2013-11-22,150,2013-12-09,17,SC_MEETING,S/PV.7076,0,0,0,NO_PRESERVED_MANUAL_REVIEW_EVIDENCE,UNREVIEWED_IS_NOT_CODED_ZERO
ICJ-150-2013-11-22||SC_FORMAL_VOTE::SCV|1434,ICJ-150-2013-11-22,150,2013-12-10,18,SC_FORMAL_VOTE,S/PV.7077,0,0,0,NO_PRESERVED_MANUAL_REVIEW_EVIDENCE,UNREVIEWED_IS_NOT_CODED_ZERO
ICJ-150-2013-11-22||SC_MEETING::SCM|S/PV.7077,ICJ-150-2013-11-22,150,2013-12-10,18,SC_MEETING,S/PV.7077,0,0,0,NO_PRESERVED_MANUAL_REVIEW_EVIDENCE,UNREVIEWED_IS_NOT_CODED_ZERO
ICJ-150-2013-11-22||SC_MEETING::SCM|S/PV.7078,ICJ-150-2013-11-22,150,2013-12-10,18,SC_MEETING,S/PV.7078,0,0,0,NO_PRESERVED_MANUAL_REVIEW_EVIDENCE,UNREVIEWED_IS_NOT_CODED_ZERO
ICJ-150-2013-11-22||SC_MEETING::SCM|S/PV.7079,ICJ-150-2013-11-22,150,2013-12-10,18,SC_MEETING,S/PV.7079,0,0,0,NO_PRESERVED_MANUAL_REVIEW_EVIDENCE,UNREVIEWED_IS_NOT_CODED_ZERO
ICJ-150-2013-11-22||GA_FORMAL_VOTE::GAV|765013,ICJ-150-2013-11-22,150,2013-12-11,19,GA_FORMAL_VOTE,A/68/PV.65,0,0,0,NO_PRESERVED_MANUAL_REVIEW_EVIDENCE,UNREVIEWED_IS_NOT_CODED_ZERO
ICJ-150-2013-11-22||GA_FORMAL_VOTE::GAV|765014,ICJ-150-2013-11-22,150,2013-12-11,19,GA_FORMAL_VOTE,A/68/PV.65,0,0,0,NO_PRESERVED_MANUAL_REVIEW_EVIDENCE,UNREVIEWED_IS_NOT_CODED_ZERO
ICJ-150-2013-11-22||GA_FORMAL_VOTE::GAV|765015,ICJ-150-2013-11-22,150,2013-12-11,19,GA_FORMAL_VOTE,A/68/PV.65,0,0,0,NO_PRESERVED_MANUAL_REVIEW_EVIDENCE,UNREVIEWED_IS_NOT_CODED_ZERO
ICJ-150-2013-11-22||GA_FORMAL_VOTE::GAV|765017,ICJ-150-2013-11-22,150,2013-12-11,19,GA_FORMAL_VOTE,A/68/PV.65,0,0,0,NO_PRESERVED_MANUAL_REVIEW_EVIDENCE,UNREVIEWED_IS_NOT_CODED_ZERO
ICJ-150-2013-11-22||GA_FORMAL_VOTE::GAV|765018,ICJ-150-2013-11-22,150,2013-12-11,19,GA_FORMAL_VOTE,A/68/PV.65,0,0,0,NO_PRESERVED_MANUAL_REVIEW_EVIDENCE,UNREVIEWED_IS_NOT_CODED_ZERO
ICJ-150-2013-11-22||GA_FORMAL_VOTE::GAV|765019,ICJ-150-2013-11-22,150,2013-12-11,19,GA_FORMAL_VOTE,A/68/PV.65,0,0,0,NO_PRESERVED_MANUAL_REVIEW_EVIDENCE,UNREVIEWED_IS_NOT_CODED_ZERO
ICJ-150-2013-11-22||GA_FORMAL_VOTE::GAV|765020,ICJ-150-2013-11-22,150,2013-12-11,19,GA_FORMAL_VOTE,A/68/PV.65,0,0,0,NO_PRESERVED_MANUAL_REVIEW_EVIDENCE,UNREVIEWED_IS_NOT_CODED_ZERO
ICJ-150-2013-11-22||GA_FORMAL_VOTE::GAV|765021,ICJ-150-2013-11-22,150,2013-12-11,19,GA_FORMAL_VOTE,A/68/PV.65,0,0,0,NO_PRESERVED_MANUAL_REVIEW_EVIDENCE,UNREVIEWED_IS_NOT_CODED_ZERO
ICJ-150-2013-11-22||GA_FORMAL_VOTE::GAV|765023,ICJ-150-2013-11-22,150,2013-12-11,19,GA_FORMAL_VOTE,A/68/PV.65,0,0,0,NO_PRESERVED_MANUAL_REVIEW_EVIDENCE,UNREVIEWED_IS_NOT_CODED_ZERO
ICJ-150-2013-11-22||GA_FORMAL_VOTE::GAV|765024,ICJ-150-2013-11-22,150,2013-12-11,19,GA_FORMAL_VOTE,A/68/PV.65,0,0,0,NO_PRESERVED_MANUAL_REVIEW_EVIDENCE,UNREVIEWED_IS_NOT_CODED_ZERO
ICJ-150-2013-11-22||GA_FORMAL_VOTE::GAV|765027,ICJ-150-2013-11-22,150,2013-12-11,19,GA_FORMAL_VOTE,A/68/PV.65,0,0,0,NO_PRESERVED_MANUAL_REVIEW_EVIDENCE,UNREVIEWED_IS_NOT_CODED_ZERO
ICJ-150-2013-11-22||GA_FORMAL_VOTE::GAV|765028,ICJ-150-2013-11-22,150,2013-12-11,19,GA_FORMAL_VOTE,A/68/PV.65,0,0,0,NO_PRESERVED_MANUAL_REVIEW_EVIDENCE,UNREVIEWED_IS_NOT_CODED_ZERO
ICJ-150-2013-11-22||GA_FORMAL_VOTE::GAV|765029,ICJ-150-2013-11-22,150,2013-12-11,19,GA_FORMAL_VOTE,A/68/PV.65,0,0,0,NO_PRESERVED_MANUAL_REVIEW_EVIDENCE,UNREVIEWED_IS_NOT_CODED_ZERO
ICJ-150-2013-11-22||GA_FORMAL_VOTE::GAV|765030,ICJ-150-2013-11-22,150,2013-12-11,19,GA_FORMAL_VOTE,A/68/PV.65,0,0,0,NO_PRESERVED_MANUAL_REVIEW_EVIDENCE,UNREVIEWED_IS_NOT_CODED_ZERO
ICJ-150-2013-11-22||SC_MEETING::SCM|S/PV.7080,ICJ-150-2013-11-22,150,2013-12-11,19,SC_MEETING,S/PV.7080,0,0,0,NO_PRESERVED_MANUAL_REVIEW_EVIDENCE,UNREVIEWED_IS_NOT_CODED_ZERO
ICJ-150-2013-11-22||SC_MEETING::SCM|S/PV.7081,ICJ-150-2013-11-22,150,2013-12-12,20,SC_MEETING,S/PV.7081,0,0,0,NO_PRESERVED_MANUAL_REVIEW_EVIDENCE,UNREVIEWED_IS_NOT_CODED_ZERO
ICJ-150-2013-11-22||SC_MEETING::SCM|S/PV.7082,ICJ-150-2013-11-22,150,2013-12-12,20,SC_MEETING,S/PV.7082,0,0,0,NO_PRESERVED_MANUAL_REVIEW_EVIDENCE,UNREVIEWED_IS_NOT_CODED_ZERO
ICJ-150-2013-11-22||SC_MEETING::SCM|S/PV.7083,ICJ-150-2013-11-22,150,2013-12-16,24,SC_MEETING,S/PV.7083,0,0,0,NO_PRESERVED_MANUAL_REVIEW_EVIDENCE,UNREVIEWED_IS_NOT_CODED_ZERO
ICJ-150-2013-11-22||SC_MEETING::SCM|S/PV.7084,ICJ-150-2013-11-22,150,2013-12-16,24,SC_MEETING,S/PV.7084,0,0,0,NO_PRESERVED_MANUAL_REVIEW_EVIDENCE,UNREVIEWED_IS_NOT_CODED_ZERO
ICJ-150-2013-11-22||SC_FORMAL_VOTE::SCV|1435,ICJ-150-2013-11-22,150,2013-12-17,25,SC_FORMAL_VOTE,S/PV.7086,0,0,0,NO_PRESERVED_MANUAL_REVIEW_EVIDENCE,UNREVIEWED_IS_NOT_CODED_ZERO
ICJ-150-2013-11-22||SC_MEETING::SCM|S/PV.7085,ICJ-150-2013-11-22,150,2013-12-17,25,SC_MEETING,S/PV.7085,0,0,0,NO_PRESERVED_MANUAL_REVIEW_EVIDENCE,UNREVIEWED_IS_NOT_CODED_ZERO
ICJ-150-2013-11-22||SC_MEETING::SCM|S/PV.7086,ICJ-150-2013-11-22,150,2013-12-17,25,SC_MEETING,S/PV.7086,0,0,0,NO_PRESERVED_MANUAL_REVIEW_EVIDENCE,UNREVIEWED_IS_NOT_CODED_ZERO
ICJ-150-2013-11-22||SC_MEETING::SCM|S/PV.7087,ICJ-150-2013-11-22,150,2013-12-17,25,SC_MEETING,S/PV.7087,0,0,0,NO_PRESERVED_MANUAL_REVIEW_EVIDENCE,UNREVIEWED_IS_NOT_CODED_ZERO
ICJ-150-2013-11-22||GA_FORMAL_VOTE::GAV|765034,ICJ-150-2013-11-22,150,2013-12-18,26,GA_FORMAL_VOTE,A/68/PV.70,0,0,0,NO_PRESERVED_MANUAL_REVIEW_EVIDENCE,UNREVIEWED_IS_NOT_CODED_ZERO
ICJ-150-2013-11-22||GA_FORMAL_VOTE::GAV|765036,ICJ-150-2013-11-22,150,2013-12-18,26,GA_FORMAL_VOTE,A/68/PV.70,0,0,0,NO_PRESERVED_MANUAL_REVIEW_EVIDENCE,UNREVIEWED_IS_NOT_CODED_ZERO
ICJ-150-2013-11-22||GA_FORMAL_VOTE::GAV|765039,ICJ-150-2013-11-22,150,2013-12-18,26,GA_FORMAL_VOTE,A/68/PV.70,0,0,0,NO_PRESERVED_MANUAL_REVIEW_EVIDENCE,UNREVIEWED_IS_NOT_CODED_ZERO
ICJ-150-2013-11-22||GA_FORMAL_VOTE::GAV|765052,ICJ-150-2013-11-22,150,2013-12-18,26,GA_FORMAL_VOTE,A/68/PV.70,0,0,0,NO_PRESERVED_MANUAL_REVIEW_EVIDENCE,UNREVIEWED_IS_NOT_CODED_ZERO
ICJ-150-2013-11-22||GA_FORMAL_VOTE::GAV|765056,ICJ-150-2013-11-22,150,2013-12-18,26,GA_FORMAL_VOTE,A/68/PV.70,0,0,0,NO_PRESERVED_MANUAL_REVIEW_EVIDENCE,UNREVIEWED_IS_NOT_CODED_ZERO
ICJ-150-2013-11-22||GA_FORMAL_VOTE::GAV|765059,ICJ-150-2013-11-22,150,2013-12-18,26,GA_FORMAL_VOTE,A/68/PV.70,0,0,0,NO_PRESERVED_MANUAL_REVIEW_EVIDENCE,UNREVIEWED_IS_NOT_CODED_ZERO
ICJ-150-2013-11-22||GA_FORMAL_VOTE::GAV|765063,ICJ-150-2013-11-22,150,2013-12-18,26,GA_FORMAL_VOTE,A/68/PV.70,0,0,0,NO_PRESERVED_MANUAL_REVIEW_EVIDENCE,UNREVIEWED_IS_NOT_CODED_ZERO
ICJ-150-2013-11-22||GA_FORMAL_VOTE::GAV|765068,ICJ-150-2013-11-22,150,2013-12-18,26,GA_FORMAL_VOTE,A/68/PV.70,0,0,0,NO_PRESERVED_MANUAL_REVIEW_EVIDENCE,UNREVIEWED_IS_NOT_CODED_ZERO
ICJ-150-2013-11-22||GA_FORMAL_VOTE::GAV|765071,ICJ-150-2013-11-22,150,2013-12-18,26,GA_FORMAL_VOTE,A/68/PV.70,0,0,0,NO_PRESERVED_MANUAL_REVIEW_EVIDENCE,UNREVIEWED_IS_NOT_CODED_ZERO
ICJ-150-2013-11-22||GA_FORMAL_VOTE::GAV|765075,ICJ-150-2013-11-22,150,2013-12-18,26,GA_FORMAL_VOTE,A/68/PV.70,0,0,0,NO_PRESERVED_MANUAL_REVIEW_EVIDENCE,UNREVIEWED_IS_NOT_CODED_ZERO
ICJ-150-2013-11-22||GA_FORMAL_VOTE::GAV|765076,ICJ-150-2013-11-22,150,2013-12-18,26,GA_FORMAL_VOTE,A/68/PV.70,0,0,0,NO_PRESERVED_MANUAL_REVIEW_EVIDENCE,UNREVIEWED_IS_NOT_CODED_ZERO
ICJ-150-2013-11-22||GA_FORMAL_VOTE::GAV|765077,ICJ-150-2013-11-22,150,2013-12-18,26,GA_FORMAL_VOTE,A/68/PV.70,0,0,0,NO_PRESERVED_MANUAL_REVIEW_EVIDENCE,UNREVIEWED_IS_NOT_CODED_ZERO
ICJ-150-2013-11-22||GA_FORMAL_VOTE::GAV|765078,ICJ-150-2013-11-22,150,2013-12-18,26,GA_FORMAL_VOTE,A/68/PV.70,0,0,0,NO_PRESERVED_MANUAL_REVIEW_EVIDENCE,UNREVIEWED_IS_NOT_CODED_ZERO
ICJ-150-2013-11-22||SC_FORMAL_VOTE::SCV|1436,ICJ-150-2013-11-22,150,2013-12-18,26,SC_FORMAL_VOTE,S/PV.7088,0,0,0,NO_PRESERVED_MANUAL_REVIEW_EVIDENCE,UNREVIEWED_IS_NOT_CODED_ZERO
ICJ-150-2013-11-22||SC_FORMAL_VOTE::SCV|1437,ICJ-150-2013-11-22,150,2013-12-18,26,SC_FORMAL_VOTE,S/PV.7089,0,0,0,NO_PRESERVED_MANUAL_REVIEW_EVIDENCE,UNREVIEWED_IS_NOT_CODED_ZERO
ICJ-150-2013-11-22||SC_MEETING::SCM|S/PV.7088,ICJ-150-2013-11-22,150,2013-12-18,26,SC_MEETING,S/PV.7088,0,0,0,NO_PRESERVED_MANUAL_REVIEW_EVIDENCE,UNREVIEWED_IS_NOT_CODED_ZERO
ICJ-150-2013-11-22||SC_MEETING::SCM|S/PV.7089,ICJ-150-2013-11-22,150,2013-12-18,26,SC_MEETING,S/PV.7089,0,0,0,NO_PRESERVED_MANUAL_REVIEW_EVIDENCE,UNREVIEWED_IS_NOT_CODED_ZERO
ICJ-150-2013-11-22||SC_MEETING::SCM|S/PV.7090,ICJ-150-2013-11-22,150,2013-12-18,26,SC_MEETING,S/PV.7090,0,0,0,NO_PRESERVED_MANUAL_REVIEW_EVIDENCE,UNREVIEWED_IS_NOT_CODED_ZERO
ICJ-150-2013-11-22||GA_FORMAL_VOTE::GAV|765079,ICJ-150-2013-11-22,150,2013-12-20,28,GA_FORMAL_VOTE,A/68/PV.71,0,0,0,NO_PRESERVED_MANUAL_REVIEW_EVIDENCE,UNREVIEWED_IS_NOT_CODED_ZERO
ICJ-150-2013-11-22||GA_FORMAL_VOTE::GAV|765080,ICJ-150-2013-11-22,150,2013-12-20,28,GA_FORMAL_VOTE,A/68/PV.71,0,0,0,NO_PRESERVED_MANUAL_REVIEW_EVIDENCE,UNREVIEWED_IS_NOT_CODED_ZERO
ICJ-150-2013-11-22||GA_FORMAL_VOTE::GAV|765081,ICJ-150-2013-11-22,150,2013-12-20,28,GA_FORMAL_VOTE,A/68/PV.71,0,0,0,NO_PRESERVED_MANUAL_REVIEW_EVIDENCE,UNREVIEWED_IS_NOT_CODED_ZERO
ICJ-150-2013-11-22||GA_FORMAL_VOTE::GAV|765082,ICJ-150-2013-11-22,150,2013-12-20,28,GA_FORMAL_VOTE,A/68/PV.71,0,0,0,NO_PRESERVED_MANUAL_REVIEW_EVIDENCE,UNREVIEWED_IS_NOT_CODED_ZERO
ICJ-150-2013-11-22||SC_FORMAL_VOTE::SCV|1438,ICJ-150-2013-11-22,150,2013-12-24,32,SC_FORMAL_VOTE,S/PV.7091,0,0,0,NO_PRESERVED_MANUAL_REVIEW_EVIDENCE,UNREVIEWED_IS_NOT_CODED_ZERO
ICJ-150-2013-11-22||SC_MEETING::SCM|S/PV.7091,ICJ-150-2013-11-22,150,2013-12-24,32,SC_MEETING,S/PV.7091,0,0,0,NO_PRESERVED_MANUAL_REVIEW_EVIDENCE,UNREVIEWED_IS_NOT_CODED_ZERO
ICJ-150-2013-11-22||GA_FORMAL_VOTE::GAV|765083,ICJ-150-2013-11-22,150,2013-12-27,35,GA_FORMAL_VOTE,A/68/PV.72,0,0,0,NO_PRESERVED_MANUAL_REVIEW_EVIDENCE,UNREVIEWED_IS_NOT_CODED_ZERO
ICJ-150-2013-11-22||SC_MEETING::SCM|S/PV.7092,ICJ-150-2013-11-22,150,2014-01-06,45,SC_MEETING,S/PV.7092,0,0,0,NO_PRESERVED_MANUAL_REVIEW_EVIDENCE,UNREVIEWED_IS_NOT_CODED_ZERO
ICJ-150-2013-11-22||SC_MEETING::SCM|S/PV.7093,ICJ-150-2013-11-22,150,2014-01-10,49,SC_MEETING,S/PV.7093,0,0,0,NO_PRESERVED_MANUAL_REVIEW_EVIDENCE,UNREVIEWED_IS_NOT_CODED_ZERO
ICJ-150-2013-11-22||SC_MEETING::SCM|S/PV.7094,ICJ-150-2013-11-22,150,2014-01-13,52,SC_MEETING,S/PV.7094,0,0,0,NO_PRESERVED_MANUAL_REVIEW_EVIDENCE,UNREVIEWED_IS_NOT_CODED_ZERO
ICJ-150-2013-11-22||SC_MEETING::SCM|S/PV.7095,ICJ-150-2013-11-22,150,2014-01-16,55,SC_MEETING,S/PV.7095,0,0,0,NO_PRESERVED_MANUAL_REVIEW_EVIDENCE,UNREVIEWED_IS_NOT_CODED_ZERO
ICJ-150-2013-11-22||SC_MEETING::SCM|S/PV.7096,ICJ-150-2013-11-22,150,2014-01-20,59,SC_MEETING,S/PV.7096,0,0,0,NO_PRESERVED_MANUAL_REVIEW_EVIDENCE,UNREVIEWED_IS_NOT_CODED_ZERO
ICJ-150-2013-11-22||SC_MEETING::SCM|S/PV.7096 (Resumption 1),ICJ-150-2013-11-22,150,2014-01-20,59,SC_MEETING,S/PV.7096 (Resumption 1),0,0,0,NO_PRESERVED_MANUAL_REVIEW_EVIDENCE,UNREVIEWED_IS_NOT_CODED_ZERO
ICJ-150-2013-11-22||SC_MEETING::SCM|S/PV.7097,ICJ-150-2013-11-22,150,2014-01-21,60,SC_MEETING,S/PV.7097,0,0,0,NO_PRESERVED_MANUAL_REVIEW_EVIDENCE,UNREVIEWED_IS_NOT_CODED_ZERO
ICJ-150-2013-11-22||SC_MEETING::SCM|S/PV.7098,ICJ-150-2013-11-22,150,2014-01-22,61,SC_MEETING,S/PV.7098,0,0,0,NO_PRESERVED_MANUAL_REVIEW_EVIDENCE,UNREVIEWED_IS_NOT_CODED_ZERO
ICJ-150-2013-11-22||SC_MEETING::SCM|S/PV.7099,ICJ-150-2013-11-22,150,2014-01-23,62,SC_MEETING,S/PV.7099,0,0,0,NO_PRESERVED_MANUAL_REVIEW_EVIDENCE,UNREVIEWED_IS_NOT_CODED_ZERO
ICJ-150-2013-11-22||SC_MEETING::SCM|S/PV.7100,ICJ-150-2013-11-22,150,2014-01-23,62,SC_MEETING,S/PV.7100,0,0,0,NO_PRESERVED_MANUAL_REVIEW_EVIDENCE,UNREVIEWED_IS_NOT_CODED_ZERO
ICJ-150-2013-11-22||SC_FORMAL_VOTE::SCV|1439,ICJ-150-2013-11-22,150,2014-01-27,66,SC_FORMAL_VOTE,S/PV.7101,0,0,0,NO_PRESERVED_MANUAL_REVIEW_EVIDENCE,UNREVIEWED_IS_NOT_CODED_ZERO
ICJ-150-2013-11-22||SC_MEETING::SCM|S/PV.7101,ICJ-150-2013-11-22,150,2014-01-27,66,SC_MEETING,S/PV.7101,0,0,0,NO_PRESERVED_MANUAL_REVIEW_EVIDENCE,UNREVIEWED_IS_NOT_CODED_ZERO
ICJ-150-2013-11-22||SC_MEETING::SCM|S/PV.7102,ICJ-150-2013-11-22,150,2014-01-27,66,SC_MEETING,S/PV.7102,0,0,0,NO_PRESERVED_MANUAL_REVIEW_EVIDENCE,UNREVIEWED_IS_NOT_CODED_ZERO
ICJ-150-2013-11-22||SC_FORMAL_VOTE::SCV|1440,ICJ-150-2013-11-22,150,2014-01-28,67,SC_FORMAL_VOTE,S/PV.7103,0,0,0,NO_PRESERVED_MANUAL_REVIEW_EVIDENCE,UNREVIEWED_IS_NOT_CODED_ZERO
ICJ-150-2013-11-22||SC_MEETING::SCM|S/PV.7103,ICJ-150-2013-11-22,150,2014-01-28,67,SC_MEETING,S/PV.7103,0,0,0,NO_PRESERVED_MANUAL_REVIEW_EVIDENCE,UNREVIEWED_IS_NOT_CODED_ZERO
ICJ-150-2013-11-22||SC_MEETING::SCM|S/PV.7104,ICJ-150-2013-11-22,150,2014-01-28,67,SC_MEETING,S/PV.7104,0,0,0,NO_PRESERVED_MANUAL_REVIEW_EVIDENCE,UNREVIEWED_IS_NOT_CODED_ZERO
ICJ-150-2013-11-22||SC_MEETING::SCM|S/PV.7105,ICJ-150-2013-11-22,150,2014-01-29,68,SC_MEETING,S/PV.7105,0,0,0,NO_PRESERVED_MANUAL_REVIEW_EVIDENCE,UNREVIEWED_IS_NOT_CODED_ZERO
ICJ-150-2013-11-22||SC_FORMAL_VOTE::SCV|1441,ICJ-150-2013-11-22,150,2014-01-30,69,SC_FORMAL_VOTE,S/PV.7106,0,0,0,NO_PRESERVED_MANUAL_REVIEW_EVIDENCE,UNREVIEWED_IS_NOT_CODED_ZERO
ICJ-150-2013-11-22||SC_FORMAL_VOTE::SCV|1442,ICJ-150-2013-11-22,150,2014-01-30,69,SC_FORMAL_VOTE,S/PV.7107,0,0,0,NO_PRESERVED_MANUAL_REVIEW_EVIDENCE,UNREVIEWED_IS_NOT_CODED_ZERO
ICJ-150-2013-11-22||SC_MEETING::SCM|S/PV.7106,ICJ-150-2013-11-22,150,2014-01-30,69,SC_MEETING,S/PV.7106,0,0,0,NO_PRESERVED_MANUAL_REVIEW_EVIDENCE,UNREVIEWED_IS_NOT_CODED_ZERO
ICJ-150-2013-11-22||SC_MEETING::SCM|S/PV.7107,ICJ-150-2013-11-22,150,2014-01-30,69,SC_MEETING,S/PV.7107,0,0,0,NO_PRESERVED_MANUAL_REVIEW_EVIDENCE,UNREVIEWED_IS_NOT_CODED_ZERO
ICJ-150-2013-11-22||SC_MEETING::SCM|S/PV.7108,ICJ-150-2013-11-22,150,2014-02-10,80,SC_MEETING,S/PV.7108,0,0,0,NO_PRESERVED_MANUAL_REVIEW_EVIDENCE,UNREVIEWED_IS_NOT_CODED_ZERO
ICJ-150-2013-11-22||SC_MEETING::SCM|S/PV.7109,ICJ-150-2013-11-22,150,2014-02-12,82,SC_MEETING,S/PV.7109,0,0,0,NO_PRESERVED_MANUAL_REVIEW_EVIDENCE,UNREVIEWED_IS_NOT_CODED_ZERO
ICJ-150-2013-11-22||SC_FORMAL_VOTE::SCV|1443,ICJ-150-2013-11-22,150,2014-02-13,83,SC_FORMAL_VOTE,S/PV.7110,0,0,0,NO_PRESERVED_MANUAL_REVIEW_EVIDENCE,UNREVIEWED_IS_NOT_CODED_ZERO
ICJ-150-2013-11-22||SC_FORMAL_VOTE::SCV|1444,ICJ-150-2013-11-22,150,2014-02-13,83,SC_FORMAL_VOTE,S/PV.7111,0,0,0,NO_PRESERVED_MANUAL_REVIEW_EVIDENCE,UNREVIEWED_IS_NOT_CODED_ZERO
ICJ-150-2013-11-22||SC_MEETING::SCM|S/PV.7110,ICJ-150-2013-11-22,150,2014-02-13,83,SC_MEETING,S/PV.7110,0,0,0,NO_PRESERVED_MANUAL_REVIEW_EVIDENCE,UNREVIEWED_IS_NOT_CODED_ZERO
ICJ-150-2013-11-22||SC_MEETING::SCM|S/PV.7111,ICJ-150-2013-11-22,150,2014-02-13,83,SC_MEETING,S/PV.7111,0,0,0,NO_PRESERVED_MANUAL_REVIEW_EVIDENCE,UNREVIEWED_IS_NOT_CODED_ZERO
ICJ-150-2013-11-22||SC_MEETING::SCM|S/PV.7112,ICJ-150-2013-11-22,150,2014-02-14,84,SC_MEETING,S/PV.7112,0,0,0,NO_PRESERVED_MANUAL_REVIEW_EVIDENCE,UNREVIEWED_IS_NOT_CODED_ZERO
ICJ-150-2013-11-22||SC_MEETING::SCM|S/PV.7113,ICJ-150-2013-11-22,150,2014-02-19,89,SC_MEETING,S/PV.7113,0,0,0,NO_PRESERVED_MANUAL_REVIEW_EVIDENCE,UNREVIEWED_IS_NOT_CODED_ZERO
ICJ-150-2013-11-22||SC_MEETING::SCM|S/PV.7114,ICJ-150-2013-11-22,150,2014-02-20,90,SC_MEETING,S/PV.7114,0,0,0,NO_PRESERVED_MANUAL_REVIEW_EVIDENCE,UNREVIEWED_IS_NOT_CODED_ZERO
ICJ-150-2013-11-22||SC_MEETING::SCM|S/PV.7115,ICJ-150-2013-11-22,150,2014-02-21,91,SC_MEETING,S/PV.7115,0,0,0,NO_PRESERVED_MANUAL_REVIEW_EVIDENCE,UNREVIEWED_IS_NOT_CODED_ZERO
ICJ-150-2013-11-22||SC_FORMAL_VOTE::SCV|1445,ICJ-150-2013-11-22,150,2014-02-22,92,SC_FORMAL_VOTE,S/PV.7116,0,0,0,NO_PRESERVED_MANUAL_REVIEW_EVIDENCE,UNREVIEWED_IS_NOT_CODED_ZERO
ICJ-150-2013-11-22||SC_MEETING::SCM|S/PV.7116,ICJ-150-2013-11-22,150,2014-02-22,92,SC_MEETING,S/PV.7116,0,0,0,NO_PRESERVED_MANUAL_REVIEW_EVIDENCE,UNREVIEWED_IS_NOT_CODED_ZERO
ICJ-150-2013-11-22||SC_MEETING::SCM|S/PV.7117,ICJ-150-2013-11-22,150,2014-02-24,94,SC_MEETING,S/PV.7117,0,0,0,NO_PRESERVED_MANUAL_REVIEW_EVIDENCE,UNREVIEWED_IS_NOT_CODED_ZERO
ICJ-150-2013-11-22||SC_MEETING::SCM|S/PV.7118,ICJ-150-2013-11-22,150,2014-02-25,95,SC_MEETING,S/PV.7118,0,0,0,NO_PRESERVED_MANUAL_REVIEW_EVIDENCE,UNREVIEWED_IS_NOT_CODED_ZERO
ICJ-150-2013-11-22||SC_FORMAL_VOTE::SCV|1446,ICJ-150-2013-11-22,150,2014-02-26,96,SC_FORMAL_VOTE,S/PV.7119,0,0,0,NO_PRESERVED_MANUAL_REVIEW_EVIDENCE,UNREVIEWED_IS_NOT_CODED_ZERO
ICJ-150-2013-11-22||SC_MEETING::SCM|S/PV.7119,ICJ-150-2013-11-22,150,2014-02-26,96,SC_MEETING,S/PV.7119,0,0,0,NO_PRESERVED_MANUAL_REVIEW_EVIDENCE,UNREVIEWED_IS_NOT_CODED_ZERO
ICJ-150-2013-11-22||SC_MEETING::SCM|S/PV.7120,ICJ-150-2013-11-22,150,2014-02-26,96,SC_MEETING,S/PV.7120,0,0,0,NO_PRESERVED_MANUAL_REVIEW_EVIDENCE,UNREVIEWED_IS_NOT_CODED_ZERO
ICJ-150-2013-11-22||SC_MEETING::SCM|S/PV.7121,ICJ-150-2013-11-22,150,2014-02-26,96,SC_MEETING,S/PV.7121,0,0,0,NO_PRESERVED_MANUAL_REVIEW_EVIDENCE,UNREVIEWED_IS_NOT_CODED_ZERO
ICJ-150-2013-11-22||SC_MEETING::SCM|S/PV.7122,ICJ-150-2013-11-22,150,2014-02-27,97,SC_MEETING,S/PV.7122,0,0,0,NO_PRESERVED_MANUAL_REVIEW_EVIDENCE,UNREVIEWED_IS_NOT_CODED_ZERO
ICJ-150-2013-11-22||SC_MEETING::SCM|S/PV.7123,ICJ-150-2013-11-22,150,2014-02-28,98,SC_MEETING,S/PV.7123,0,0,0,NO_PRESERVED_MANUAL_REVIEW_EVIDENCE,UNREVIEWED_IS_NOT_CODED_ZERO
ICJ-150-2013-11-22||SC_MEETING::SCM|S/PV.7124,ICJ-150-2013-11-22,150,2014-03-01,99,SC_MEETING,S/PV.7124,0,0,0,NO_PRESERVED_MANUAL_REVIEW_EVIDENCE,UNREVIEWED_IS_NOT_CODED_ZERO
ICJ-150-2013-11-22||SC_MEETING::SCM|S/PV.7125,ICJ-150-2013-11-22,150,2014-03-03,101,SC_MEETING,S/PV.7125,0,0,0,NO_PRESERVED_MANUAL_REVIEW_EVIDENCE,UNREVIEWED_IS_NOT_CODED_ZERO
ICJ-150-2013-11-22||SC_FORMAL_VOTE::SCV|1447,ICJ-150-2013-11-22,150,2014-03-05,103,SC_FORMAL_VOTE,S/PV.7126,0,0,0,NO_PRESERVED_MANUAL_REVIEW_EVIDENCE,UNREVIEWED_IS_NOT_CODED_ZERO
ICJ-150-2013-11-22||SC_FORMAL_VOTE::SCV|1448,ICJ-150-2013-11-22,150,2014-03-05,103,SC_FORMAL_VOTE,S/PV.7127,0,0,0,NO_PRESERVED_MANUAL_REVIEW_EVIDENCE,UNREVIEWED_IS_NOT_CODED_ZERO
ICJ-150-2013-11-22||SC_MEETING::SCM|S/PV.7126,ICJ-150-2013-11-22,150,2014-03-05,103,SC_MEETING,S/PV.7126,0,0,0,NO_PRESERVED_MANUAL_REVIEW_EVIDENCE,UNREVIEWED_IS_NOT_CODED_ZERO
ICJ-150-2013-11-22||SC_MEETING::SCM|S/PV.7127,ICJ-150-2013-11-22,150,2014-03-05,103,SC_MEETING,S/PV.7127,0,0,0,NO_PRESERVED_MANUAL_REVIEW_EVIDENCE,UNREVIEWED_IS_NOT_CODED_ZERO
ICJ-150-2013-11-22||SC_MEETING::SCM|S/PV.7128,ICJ-150-2013-11-22,150,2014-03-06,104,SC_MEETING,S/PV.7128,0,0,0,NO_PRESERVED_MANUAL_REVIEW_EVIDENCE,UNREVIEWED_IS_NOT_CODED_ZERO
ICJ-150-2013-11-22||SC_FORMAL_VOTE::SCV|1449,ICJ-150-2013-11-22,150,2014-03-07,105,SC_FORMAL_VOTE,S/PV.7129,0,0,0,NO_PRESERVED_MANUAL_REVIEW_EVIDENCE,UNREVIEWED_IS_NOT_CODED_ZERO
ICJ-150-2013-11-22||SC_MEETING::SCM|S/PV.7129,ICJ-150-2013-11-22,150,2014-03-07,105,SC_MEETING,S/PV.7129,0,0,0,NO_PRESERVED_MANUAL_REVIEW_EVIDENCE,UNREVIEWED_IS_NOT_CODED_ZERO
ICJ-150-2013-11-22||SC_MEETING::SCM|S/PV.7130,ICJ-150-2013-11-22,150,2014-03-10,108,SC_MEETING,S/PV.7130,0,0,0,NO_PRESERVED_MANUAL_REVIEW_EVIDENCE,UNREVIEWED_IS_NOT_CODED_ZERO
ICJ-150-2013-11-22||SC_MEETING::SCM|S/PV.7131,ICJ-150-2013-11-22,150,2014-03-10,108,SC_MEETING,S/PV.7131,0,0,0,NO_PRESERVED_MANUAL_REVIEW_EVIDENCE,UNREVIEWED_IS_NOT_CODED_ZERO
ICJ-150-2013-11-22||SC_MEETING::SCM|S/PV.7132,ICJ-150-2013-11-22,150,2014-03-11,109,SC_MEETING,S/PV.7132,0,0,0,NO_PRESERVED_MANUAL_REVIEW_EVIDENCE,UNREVIEWED_IS_NOT_CODED_ZERO
ICJ-150-2013-11-22||SC_MEETING::SCM|S/PV.7133,ICJ-150-2013-11-22,150,2014-03-12,110,SC_MEETING,S/PV.7133,0,0,0,NO_PRESERVED_MANUAL_REVIEW_EVIDENCE,UNREVIEWED_IS_NOT_CODED_ZERO
ICJ-150-2013-11-22||SC_MEETING::SCM|S/PV.7134,ICJ-150-2013-11-22,150,2014-03-13,111,SC_MEETING,S/PV.7134,0,0,0,NO_PRESERVED_MANUAL_REVIEW_EVIDENCE,UNREVIEWED_IS_NOT_CODED_ZERO
ICJ-150-2013-11-22||SC_FORMAL_VOTE::SCV|1450,ICJ-150-2013-11-22,150,2014-03-14,112,SC_FORMAL_VOTE,S/PV.7136,0,0,0,NO_PRESERVED_MANUAL_REVIEW_EVIDENCE,UNREVIEWED_IS_NOT_CODED_ZERO
ICJ-150-2013-11-22||SC_MEETING::SCM|S/PV.7135,ICJ-150-2013-11-22,150,2014-03-14,112,SC_MEETING,S/PV.7135,0,0,0,NO_PRESERVED_MANUAL_REVIEW_EVIDENCE,UNREVIEWED_IS_NOT_CODED_ZERO
ICJ-150-2013-11-22||SC_MEETING::SCM|S/PV.7136,ICJ-150-2013-11-22,150,2014-03-14,112,SC_MEETING,S/PV.7136,0,0,0,NO_PRESERVED_MANUAL_REVIEW_EVIDENCE,UNREVIEWED_IS_NOT_CODED_ZERO
ICJ-150-2013-11-22||SC_MEETING::SCM|S/PV.7137,ICJ-150-2013-11-22,150,2014-03-14,112,SC_MEETING,S/PV.7137,0,0,0,NO_PRESERVED_MANUAL_REVIEW_EVIDENCE,UNREVIEWED_IS_NOT_CODED_ZERO
ICJ-150-2013-11-22||SC_FORMAL_VOTE::SCV|1451,ICJ-150-2013-11-22,150,2014-03-15,113,SC_FORMAL_VOTE,S/PV.7138,0,0,0,NO_PRESERVED_MANUAL_REVIEW_EVIDENCE,UNREVIEWED_IS_NOT_CODED_ZERO
ICJ-150-2013-11-22||SC_MEETING::SCM|S/PV.7138,ICJ-150-2013-11-22,150,2014-03-15,113,SC_MEETING,S/PV.7138,0,0,0,NO_PRESERVED_MANUAL_REVIEW_EVIDENCE,UNREVIEWED_IS_NOT_CODED_ZERO
ICJ-150-2013-11-22||SC_FORMAL_VOTE::SCV|1452,ICJ-150-2013-11-22,150,2014-03-17,115,SC_FORMAL_VOTE,S/PV.7139,0,0,0,NO_PRESERVED_MANUAL_REVIEW_EVIDENCE,UNREVIEWED_IS_NOT_CODED_ZERO
ICJ-150-2013-11-22||SC_MEETING::SCM|S/PV.7139,ICJ-150-2013-11-22,150,2014-03-17,115,SC_MEETING,S/PV.7139,0,0,0,NO_PRESERVED_MANUAL_REVIEW_EVIDENCE,UNREVIEWED_IS_NOT_CODED_ZERO
ICJ-150-2013-11-22||SC_MEETING::SCM|S/PV.7140,ICJ-150-2013-11-22,150,2014-03-18,116,SC_MEETING,S/PV.7140,0,0,0,NO_PRESERVED_MANUAL_REVIEW_EVIDENCE,UNREVIEWED_IS_NOT_CODED_ZERO
ICJ-150-2013-11-22||SC_MEETING::SCM|S/PV.7141,ICJ-150-2013-11-22,150,2014-03-18,116,SC_MEETING,S/PV.7141,0,0,0,NO_PRESERVED_MANUAL_REVIEW_EVIDENCE,UNREVIEWED_IS_NOT_CODED_ZERO
ICJ-150-2013-11-22||SC_FORMAL_VOTE::SCV|1453,ICJ-150-2013-11-22,150,2014-03-19,117,SC_FORMAL_VOTE,S/PV.7142,0,0,0,NO_PRESERVED_MANUAL_REVIEW_EVIDENCE,UNREVIEWED_IS_NOT_CODED_ZERO
ICJ-150-2013-11-22||SC_MEETING::SCM|S/PV.7142,ICJ-150-2013-11-22,150,2014-03-19,117,SC_MEETING,S/PV.7142,0,0,0,NO_PRESERVED_MANUAL_REVIEW_EVIDENCE,UNREVIEWED_IS_NOT_CODED_ZERO
ICJ-150-2013-11-22||SC_MEETING::SCM|S/PV.7143,ICJ-150-2013-11-22,150,2014-03-19,117,SC_MEETING,S/PV.7143,0,0,0,NO_PRESERVED_MANUAL_REVIEW_EVIDENCE,UNREVIEWED_IS_NOT_CODED_ZERO
ICJ-150-2013-11-22||SC_MEETING::SCM|S/PV.7144,ICJ-150-2013-11-22,150,2014-03-19,117,SC_MEETING,S/PV.7144,0,0,0,NO_PRESERVED_MANUAL_REVIEW_EVIDENCE,UNREVIEWED_IS_NOT_CODED_ZERO
ICJ-150-2013-11-22||SC_MEETING::SCM|S/PV.7145,ICJ-150-2013-11-22,150,2014-03-20,118,SC_MEETING,S/PV.7145,0,0,0,NO_PRESERVED_MANUAL_REVIEW_EVIDENCE,UNREVIEWED_IS_NOT_CODED_ZERO
ICJ-150-2013-11-22||SC_MEETING::SCM|S/PV.7146,ICJ-150-2013-11-22,150,2014-03-20,118,SC_MEETING,S/PV.7146,0,0,0,NO_PRESERVED_MANUAL_REVIEW_EVIDENCE,UNREVIEWED_IS_NOT_CODED_ZERO
ICJ-150-2013-11-22||SC_MEETING::SCM|S/PV.7147,ICJ-150-2013-11-22,150,2014-03-24,122,SC_MEETING,S/PV.7147,0,0,0,NO_PRESERVED_MANUAL_REVIEW_EVIDENCE,UNREVIEWED_IS_NOT_CODED_ZERO
ICJ-150-2013-11-22||SC_MEETING::SCM|S/PV.7148,ICJ-150-2013-11-22,150,2014-03-26,124,SC_MEETING,S/PV.7148,0,0,0,NO_PRESERVED_MANUAL_REVIEW_EVIDENCE,UNREVIEWED_IS_NOT_CODED_ZERO
ICJ-150-2013-11-22||GA_FORMAL_VOTE::GAV|767565,ICJ-150-2013-11-22,150,2014-03-27,125,GA_FORMAL_VOTE,A/68/PV.80,0,0,0,NO_PRESERVED_MANUAL_REVIEW_EVIDENCE,UNREVIEWED_IS_NOT_CODED_ZERO
ICJ-150-2013-11-22||SC_MEETING::SCM|S/PV.7149,ICJ-150-2013-11-22,150,2014-03-27,125,SC_MEETING,S/PV.7149,0,0,0,NO_PRESERVED_MANUAL_REVIEW_EVIDENCE,UNREVIEWED_IS_NOT_CODED_ZERO
ICJ-150-2013-11-22||SC_FORMAL_VOTE::SCV|1454,ICJ-150-2013-11-22,150,2014-03-28,126,SC_FORMAL_VOTE,S/PV.7150,0,0,0,NO_PRESERVED_MANUAL_REVIEW_EVIDENCE,UNREVIEWED_IS_NOT_CODED_ZERO
ICJ-150-2013-11-22||SC_MEETING::SCM|S/PV.7150,ICJ-150-2013-11-22,150,2014-03-28,126,SC_MEETING,S/PV.7150,0,0,0,NO_PRESERVED_MANUAL_REVIEW_EVIDENCE,UNREVIEWED_IS_NOT_CODED_ZERO
ICJ-150-2013-11-22||SC_MEETING::SCM|S/PV.7151,ICJ-150-2013-11-22,150,2014-03-31,129,SC_MEETING,S/PV.7151,0,0,0,NO_PRESERVED_MANUAL_REVIEW_EVIDENCE,UNREVIEWED_IS_NOT_CODED_ZERO
ICJ-150-2013-11-22||SC_FORMAL_VOTE::SCV|1455,ICJ-150-2013-11-22,150,2014-04-03,132,SC_FORMAL_VOTE,S/PV.7152,0,0,0,NO_PRESERVED_MANUAL_REVIEW_EVIDENCE,UNREVIEWED_IS_NOT_CODED_ZERO
ICJ-150-2013-11-22||SC_MEETING::SCM|S/PV.7152,ICJ-150-2013-11-22,150,2014-04-03,132,SC_MEETING,S/PV.7152,0,0,0,NO_PRESERVED_MANUAL_REVIEW_EVIDENCE,UNREVIEWED_IS_NOT_CODED_ZERO
ICJ-150-2013-11-22||SC_FORMAL_VOTE::SCV|1456,ICJ-150-2013-11-22,150,2014-04-10,139,SC_FORMAL_VOTE,S/PV.7153,0,0,0,NO_PRESERVED_MANUAL_REVIEW_EVIDENCE,UNREVIEWED_IS_NOT_CODED_ZERO
ICJ-150-2013-11-22||SC_MEETING::SCM|S/PV.7153,ICJ-150-2013-11-22,150,2014-04-10,139,SC_MEETING,S/PV.7153,0,0,0,NO_PRESERVED_MANUAL_REVIEW_EVIDENCE,UNREVIEWED_IS_NOT_CODED_ZERO
ICJ-150-2013-11-22||SC_MEETING::SCM|S/PV.7154,ICJ-150-2013-11-22,150,2014-04-13,142,SC_MEETING,S/PV.7154,0,0,0,NO_PRESERVED_MANUAL_REVIEW_EVIDENCE,UNREVIEWED_IS_NOT_CODED_ZERO
ICJ-150-2013-11-22||SC_FORMAL_VOTE::SCV|1457,ICJ-150-2013-11-22,150,2014-04-16,145,SC_FORMAL_VOTE,S/PV.7155,0,0,0,NO_PRESERVED_MANUAL_REVIEW_EVIDENCE,UNREVIEWED_IS_NOT_CODED_ZERO
ICJ-150-2013-11-22||SC_MEETING::SCM|S/PV.7155,ICJ-150-2013-11-22,150,2014-04-16,145,SC_MEETING,S/PV.7155,0,0,0,NO_PRESERVED_MANUAL_REVIEW_EVIDENCE,UNREVIEWED_IS_NOT_CODED_ZERO
ICJ-150-2013-11-22||SC_MEETING::SCM|S/PV.7156,ICJ-150-2013-11-22,150,2014-04-16,145,SC_MEETING,S/PV.7156,0,0,0,NO_PRESERVED_MANUAL_REVIEW_EVIDENCE,UNREVIEWED_IS_NOT_CODED_ZERO
ICJ-150-2013-11-22||SC_MEETING::SCM|S/PV.7157,ICJ-150-2013-11-22,150,2014-04-16,145,SC_MEETING,S/PV.7157,0,0,0,NO_PRESERVED_MANUAL_REVIEW_EVIDENCE,UNREVIEWED_IS_NOT_CODED_ZERO
ICJ-150-2013-11-22||SC_MEETING::SCM|S/PV.7158,ICJ-150-2013-11-22,150,2014-04-23,152,SC_MEETING,S/PV.7158,0,0,0,NO_PRESERVED_MANUAL_REVIEW_EVIDENCE,UNREVIEWED_IS_NOT_CODED_ZERO
ICJ-150-2013-11-22||SC_MEETING::SCM|S/PV.7159,ICJ-150-2013-11-22,150,2014-04-24,153,SC_MEETING,S/PV.7159,0,0,0,NO_PRESERVED_MANUAL_REVIEW_EVIDENCE,UNREVIEWED_IS_NOT_CODED_ZERO
ICJ-150-2013-11-22||SC_MEETING::SCM|S/PV.7160,ICJ-150-2013-11-22,150,2014-04-25,154,SC_MEETING,S/PV.7160,0,0,0,NO_PRESERVED_MANUAL_REVIEW_EVIDENCE,UNREVIEWED_IS_NOT_CODED_ZERO
ICJ-150-2013-11-22||SC_FORMAL_VOTE::SCV|1458,ICJ-150-2013-11-22,150,2014-04-28,157,SC_FORMAL_VOTE,S/PV.7161,0,0,0,NO_PRESERVED_MANUAL_REVIEW_EVIDENCE,UNREVIEWED_IS_NOT_CODED_ZERO
ICJ-150-2013-11-22||SC_MEETING::SCM|S/PV.7161,ICJ-150-2013-11-22,150,2014-04-28,157,SC_MEETING,S/PV.7161,0,0,0,NO_PRESERVED_MANUAL_REVIEW_EVIDENCE,UNREVIEWED_IS_NOT_CODED_ZERO
ICJ-150-2013-11-22||SC_MEETING::SCM|S/PV.7161 (Resumption 1),ICJ-150-2013-11-22,150,2014-04-28,157,SC_MEETING,S/PV.7161 (Resumption 1),0,0,0,NO_PRESERVED_MANUAL_REVIEW_EVIDENCE,UNREVIEWED_IS_NOT_CODED_ZERO
ICJ-150-2013-11-22||SC_FORMAL_VOTE::SCV|1459,ICJ-150-2013-11-22,150,2014-04-29,158,SC_FORMAL_VOTE,S/PV.7162,0,0,0,NO_PRESERVED_MANUAL_REVIEW_EVIDENCE,UNREVIEWED_IS_NOT_CODED_ZERO
ICJ-150-2013-11-22||SC_FORMAL_VOTE::SCV|1460,ICJ-150-2013-11-22,150,2014-04-29,158,SC_FORMAL_VOTE,S/PV.7163,0,0,0,NO_PRESERVED_MANUAL_REVIEW_EVIDENCE,UNREVIEWED_IS_NOT_CODED_ZERO
ICJ-150-2013-11-22||SC_MEETING::SCM|S/PV.7162,ICJ-150-2013-11-22,150,2014-04-29,158,SC_MEETING,S/PV.7162,0,0,0,NO_PRESERVED_MANUAL_REVIEW_EVIDENCE,UNREVIEWED_IS_NOT_CODED_ZERO
ICJ-150-2013-11-22||SC_MEETING::SCM|S/PV.7163,ICJ-150-2013-11-22,150,2014-04-29,158,SC_MEETING,S/PV.7163,0,0,0,NO_PRESERVED_MANUAL_REVIEW_EVIDENCE,UNREVIEWED_IS_NOT_CODED_ZERO
ICJ-150-2013-11-22||SC_MEETING::SCM|S/PV.7164,ICJ-150-2013-11-22,150,2014-04-29,158,SC_MEETING,S/PV.7164,0,0,0,NO_PRESERVED_MANUAL_REVIEW_EVIDENCE,UNREVIEWED_IS_NOT_CODED_ZERO
ICJ-150-2013-11-22||SC_MEETING::SCM|S/PV.7165,ICJ-150-2013-11-22,150,2014-04-29,158,SC_MEETING,S/PV.7165,0,0,0,NO_PRESERVED_MANUAL_REVIEW_EVIDENCE,UNREVIEWED_IS_NOT_CODED_ZERO
ICJ-150-2013-11-22||SC_MEETING::SCM|S/PV.7166,ICJ-150-2013-11-22,150,2014-04-30,159,SC_MEETING,S/PV.7166,0,0,0,NO_PRESERVED_MANUAL_REVIEW_EVIDENCE,UNREVIEWED_IS_NOT_CODED_ZERO
ICJ-150-2013-11-22||SC_MEETING::SCM|S/PV.7167,ICJ-150-2013-11-22,150,2014-05-02,161,SC_MEETING,S/PV.7167,0,0,0,NO_PRESERVED_MANUAL_REVIEW_EVIDENCE,UNREVIEWED_IS_NOT_CODED_ZERO
ICJ-150-2013-11-22||SC_MEETING::SCM|S/PV.7168,ICJ-150-2013-11-22,150,2014-05-02,161,SC_MEETING,S/PV.7168,0,0,0,NO_PRESERVED_MANUAL_REVIEW_EVIDENCE,UNREVIEWED_IS_NOT_CODED_ZERO
ICJ-150-2013-11-22||SC_MEETING::SCM|S/PV.7169,ICJ-150-2013-11-22,150,2014-05-07,166,SC_MEETING,S/PV.7169,0,0,0,NO_PRESERVED_MANUAL_REVIEW_EVIDENCE,UNREVIEWED_IS_NOT_CODED_ZERO
ICJ-150-2013-11-22||SC_FORMAL_VOTE::SCV|1461,ICJ-150-2013-11-22,150,2014-05-08,167,SC_FORMAL_VOTE,S/PV.7170,0,0,0,NO_PRESERVED_MANUAL_REVIEW_EVIDENCE,UNREVIEWED_IS_NOT_CODED_ZERO
ICJ-150-2013-11-22||SC_MEETING::SCM|S/PV.7170,ICJ-150-2013-11-22,150,2014-05-08,167,SC_MEETING,S/PV.7170,0,0,0,NO_PRESERVED_MANUAL_REVIEW_EVIDENCE,UNREVIEWED_IS_NOT_CODED_ZERO
ICJ-150-2013-11-22||SC_MEETING::SCM|S/PV.7171,ICJ-150-2013-11-22,150,2014-05-12,171,SC_MEETING,S/PV.7171,0,0,0,NO_PRESERVED_MANUAL_REVIEW_EVIDENCE,UNREVIEWED_IS_NOT_CODED_ZERO
ICJ-150-2013-11-22||SC_MEETING::SCM|S/PV.7172,ICJ-150-2013-11-22,150,2014-05-12,171,SC_MEETING,S/PV.7172,0,0,0,NO_PRESERVED_MANUAL_REVIEW_EVIDENCE,UNREVIEWED_IS_NOT_CODED_ZERO
ICJ-150-2013-11-22||SC_MEETING::SCM|S/PV.7173,ICJ-150-2013-11-22,150,2014-05-13,172,SC_MEETING,S/PV.7173,0,0,0,NO_PRESERVED_MANUAL_REVIEW_EVIDENCE,UNREVIEWED_IS_NOT_CODED_ZERO
ICJ-150-2013-11-22||SC_MEETING::SCM|S/PV.7174,ICJ-150-2013-11-22,150,2014-05-14,173,SC_MEETING,S/PV.7174,0,0,0,NO_PRESERVED_MANUAL_REVIEW_EVIDENCE,UNREVIEWED_IS_NOT_CODED_ZERO
ICJ-150-2013-11-22||SC_MEETING::SCM|S/PV.7175,ICJ-150-2013-11-22,150,2014-05-14,173,SC_MEETING,S/PV.7175,0,0,0,NO_PRESERVED_MANUAL_REVIEW_EVIDENCE,UNREVIEWED_IS_NOT_CODED_ZERO
ICJ-150-2013-11-22||SC_MEETING::SCM|S/PV.7176,ICJ-150-2013-11-22,150,2014-05-15,174,SC_MEETING,S/PV.7176,0,0,0,NO_PRESERVED_MANUAL_REVIEW_EVIDENCE,UNREVIEWED_IS_NOT_CODED_ZERO
ICJ-150-2013-11-22||SC_MEETING::SCM|S/PV.7177,ICJ-150-2013-11-22,150,2014-05-19,178,SC_MEETING,S/PV.7177,0,0,0,NO_PRESERVED_MANUAL_REVIEW_EVIDENCE,UNREVIEWED_IS_NOT_CODED_ZERO
ICJ-150-2013-11-22||SC_MEETING::SCM|S/PV.7178,ICJ-150-2013-11-22,150,2014-05-20,179,SC_MEETING,S/PV.7178,0,0,0,NO_PRESERVED_MANUAL_REVIEW_EVIDENCE,UNREVIEWED_IS_NOT_CODED_ZERO
ICJ-150-2013-11-22||SC_MEETING::SCM|S/PV.7179,ICJ-150-2013-11-22,150,2014-05-20,179,SC_MEETING,S/PV.7179,0,0,0,NO_PRESERVED_MANUAL_REVIEW_EVIDENCE,UNREVIEWED_IS_NOT_CODED_ZERO
ICJ-151-2011-07-18||SC_MEETING::SCM|S/PV.6584,ICJ-151-2011-07-18,151,2011-07-18,0,SC_MEETING,S/PV.6584,0,0,0,NO_PRESERVED_MANUAL_REVIEW_EVIDENCE,UNREVIEWED_IS_NOT_CODED_ZERO
ICJ-151-2011-07-18||SC_MEETING::SCM|S/PV.6585,ICJ-151-2011-07-18,151,2011-07-18,0,SC_MEETING,S/PV.6585,0,0,0,NO_PRESERVED_MANUAL_REVIEW_EVIDENCE,UNREVIEWED_IS_NOT_CODED_ZERO
ICJ-151-2011-07-18||SC_MEETING::SCM|S/PV.6586,ICJ-151-2011-07-18,151,2011-07-19,1,SC_MEETING,S/PV.6586,0,0,0,NO_PRESERVED_MANUAL_REVIEW_EVIDENCE,UNREVIEWED_IS_NOT_CODED_ZERO
ICJ-151-2011-07-18||SC_MEETING::SCM|S/PV.6587,ICJ-151-2011-07-18,151,2011-07-20,2,SC_MEETING,S/PV.6587,0,0,0,NO_PRESERVED_MANUAL_REVIEW_EVIDENCE,UNREVIEWED_IS_NOT_CODED_ZERO
ICJ-151-2011-07-18||SC_MEETING::SCM|S/PV.6587(Resumption1),ICJ-151-2011-07-18,151,2011-07-20,2,SC_MEETING,S/PV.6587(Resumption1),0,0,0,NO_PRESERVED_MANUAL_REVIEW_EVIDENCE,UNREVIEWED_IS_NOT_CODED_ZERO
ICJ-151-2011-07-18||SC_MEETING::SCM|S/PV.6588,ICJ-151-2011-07-18,151,2011-07-21,3,SC_MEETING,S/PV.6588,0,0,0,NO_PRESERVED_MANUAL_REVIEW_EVIDENCE,UNREVIEWED_IS_NOT_CODED_ZERO
ICJ-151-2011-07-18||SC_MEETING::SCM|S/PV.6589,ICJ-151-2011-07-18,151,2011-07-22,4,SC_MEETING,S/PV.6589,0,0,0,NO_PRESERVED_MANUAL_REVIEW_EVIDENCE,UNREVIEWED_IS_NOT_CODED_ZERO
ICJ-151-2011-07-18||SC_MEETING::SCM|S/PV.6590,ICJ-151-2011-07-18,151,2011-07-26,8,SC_MEETING,S/PV.6590,0,0,0,NO_PRESERVED_MANUAL_REVIEW_EVIDENCE,UNREVIEWED_IS_NOT_CODED_ZERO
ICJ-151-2011-07-18||SC_MEETING::SCM|S/PV.6590(Resumption1),ICJ-151-2011-07-18,151,2011-07-26,8,SC_MEETING,S/PV.6590(Resumption1),0,0,0,NO_PRESERVED_MANUAL_REVIEW_EVIDENCE,UNREVIEWED_IS_NOT_CODED_ZERO
ICJ-151-2011-07-18||SC_FORMAL_VOTE::SCV|1302,ICJ-151-2011-07-18,151,2011-07-27,9,SC_FORMAL_VOTE,S/PV.6591,0,0,0,NO_PRESERVED_MANUAL_REVIEW_EVIDENCE,UNREVIEWED_IS_NOT_CODED_ZERO
ICJ-151-2011-07-18||SC_MEETING::SCM|S/PV.6591,ICJ-151-2011-07-18,151,2011-07-27,9,SC_MEETING,S/PV.6591,0,0,0,NO_PRESERVED_MANUAL_REVIEW_EVIDENCE,UNREVIEWED_IS_NOT_CODED_ZERO
ICJ-151-2011-07-18||SC_MEETING::SCM|S/PV.6592,ICJ-151-2011-07-18,151,2011-07-27,9,SC_MEETING,S/PV.6592,0,0,0,NO_PRESERVED_MANUAL_REVIEW_EVIDENCE,UNREVIEWED_IS_NOT_CODED_ZERO
ICJ-151-2011-07-18||SC_MEETING::SCM|S/PV.6593,ICJ-151-2011-07-18,151,2011-07-27,9,SC_MEETING,S/PV.6593,0,0,0,NO_PRESERVED_MANUAL_REVIEW_EVIDENCE,UNREVIEWED_IS_NOT_CODED_ZERO
ICJ-151-2011-07-18||SC_FORMAL_VOTE::SCV|1303,ICJ-151-2011-07-18,151,2011-07-28,10,SC_FORMAL_VOTE,S/PV.6594,0,0,0,NO_PRESERVED_MANUAL_REVIEW_EVIDENCE,UNREVIEWED_IS_NOT_CODED_ZERO
ICJ-151-2011-07-18||SC_MEETING::SCM|S/PV.6594,ICJ-151-2011-07-18,151,2011-07-28,10,SC_MEETING,S/PV.6594,0,0,0,NO_PRESERVED_MANUAL_REVIEW_EVIDENCE,UNREVIEWED_IS_NOT_CODED_ZERO
ICJ-151-2011-07-18||SC_MEETING::SCM|S/PV.6595,ICJ-151-2011-07-18,151,2011-07-28,10,SC_MEETING,S/PV.6595,0,0,0,NO_PRESERVED_MANUAL_REVIEW_EVIDENCE,UNREVIEWED_IS_NOT_CODED_ZERO
ICJ-151-2011-07-18||SC_FORMAL_VOTE::SCV|1304,ICJ-151-2011-07-18,151,2011-07-29,11,SC_FORMAL_VOTE,S/PV.6596,0,0,0,NO_PRESERVED_MANUAL_REVIEW_EVIDENCE,UNREVIEWED_IS_NOT_CODED_ZERO
ICJ-151-2011-07-18||SC_FORMAL_VOTE::SCV|1305,ICJ-151-2011-07-18,151,2011-07-29,11,SC_FORMAL_VOTE,S/PV.6597,0,0,0,NO_PRESERVED_MANUAL_REVIEW_EVIDENCE,UNREVIEWED_IS_NOT_CODED_ZERO
ICJ-151-2011-07-18||SC_MEETING::SCM|S/PV.6596,ICJ-151-2011-07-18,151,2011-07-29,11,SC_MEETING,S/PV.6596,0,0,0,NO_PRESERVED_MANUAL_REVIEW_EVIDENCE,UNREVIEWED_IS_NOT_CODED_ZERO
ICJ-151-2011-07-18||SC_MEETING::SCM|S/PV.6597,ICJ-151-2011-07-18,151,2011-07-29,11,SC_MEETING,S/PV.6597,0,0,0,NO_PRESERVED_MANUAL_REVIEW_EVIDENCE,UNREVIEWED_IS_NOT_CODED_ZERO
ICJ-151-2011-07-18||SC_MEETING::SCM|S/PV.6598,ICJ-151-2011-07-18,151,2011-08-03,16,SC_MEETING,S/PV.6598,0,0,0,NO_PRESERVED_MANUAL_REVIEW_EVIDENCE,UNREVIEWED_IS_NOT_CODED_ZERO
ICJ-151-2011-07-18||SC_MEETING::SCM|S/PV.6599,ICJ-151-2011-07-18,151,2011-08-10,23,SC_MEETING,S/PV.6599,0,0,0,NO_PRESERVED_MANUAL_REVIEW_EVIDENCE,UNREVIEWED_IS_NOT_CODED_ZERO
ICJ-151-2011-07-18||SC_MEETING::SCM|S/PV.6600,ICJ-151-2011-07-18,151,2011-08-16,29,SC_MEETING,S/PV.6600,0,0,0,NO_PRESERVED_MANUAL_REVIEW_EVIDENCE,UNREVIEWED_IS_NOT_CODED_ZERO
ICJ-151-2011-07-18||SC_MEETING::SCM|S/PV.6601,ICJ-151-2011-07-18,151,2011-08-18,31,SC_MEETING,S/PV.6601,0,0,0,NO_PRESERVED_MANUAL_REVIEW_EVIDENCE,UNREVIEWED_IS_NOT_CODED_ZERO
ICJ-151-2011-07-18||SC_MEETING::SCM|S/PV.6602,ICJ-151-2011-07-18,151,2011-08-25,38,SC_MEETING,S/PV.6602,0,0,0,NO_PRESERVED_MANUAL_REVIEW_EVIDENCE,UNREVIEWED_IS_NOT_CODED_ZERO
ICJ-151-2011-07-18||SC_MEETING::SCM|S/PV.6603,ICJ-151-2011-07-18,151,2011-08-26,39,SC_MEETING,S/PV.6603,0,0,0,NO_PRESERVED_MANUAL_REVIEW_EVIDENCE,UNREVIEWED_IS_NOT_CODED_ZERO
ICJ-151-2011-07-18||SC_MEETING::SCM|S/PV.6603(Resumption1),ICJ-151-2011-07-18,151,2011-08-26,39,SC_MEETING,S/PV.6603(Resumption1),0,0,0,NO_PRESERVED_MANUAL_REVIEW_EVIDENCE,UNREVIEWED_IS_NOT_CODED_ZERO
ICJ-151-2011-07-18||SC_FORMAL_VOTE::SCV|1306,ICJ-151-2011-07-18,151,2011-08-30,43,SC_FORMAL_VOTE,S/PV.6605,0,0,0,NO_PRESERVED_MANUAL_REVIEW_EVIDENCE,UNREVIEWED_IS_NOT_CODED_ZERO
ICJ-151-2011-07-18||SC_MEETING::SCM|S/PV.6604,ICJ-151-2011-07-18,151,2011-08-30,43,SC_MEETING,S/PV.6604,0,0,0,NO_PRESERVED_MANUAL_REVIEW_EVIDENCE,UNREVIEWED_IS_NOT_CODED_ZERO
ICJ-151-2011-07-18||SC_MEETING::SCM|S/PV.6605,ICJ-151-2011-07-18,151,2011-08-30,43,SC_MEETING,S/PV.6605,0,0,0,NO_PRESERVED_MANUAL_REVIEW_EVIDENCE,UNREVIEWED_IS_NOT_CODED_ZERO
ICJ-151-2011-07-18||SC_MEETING::SCM|S/PV.6606,ICJ-151-2011-07-18,151,2011-08-30,43,SC_MEETING,S/PV.6606,0,0,0,NO_PRESERVED_MANUAL_REVIEW_EVIDENCE,UNREVIEWED_IS_NOT_CODED_ZERO
ICJ-151-2011-07-18||SC_MEETING::SCM|S/PV.6607,ICJ-151-2011-07-18,151,2011-09-07,51,SC_MEETING,S/PV.6607,0,0,0,NO_PRESERVED_MANUAL_REVIEW_EVIDENCE,UNREVIEWED_IS_NOT_CODED_ZERO
ICJ-151-2011-07-18||SC_MEETING::SCM|S/PV.6608,ICJ-151-2011-07-18,151,2011-09-07,51,SC_MEETING,S/PV.6608,0,0,0,NO_PRESERVED_MANUAL_REVIEW_EVIDENCE,UNREVIEWED_IS_NOT_CODED_ZERO
ICJ-151-2011-07-18||SC_MEETING::SCM|S/PV.6609,ICJ-151-2011-07-18,151,2011-09-12,56,SC_MEETING,S/PV.6609,0,0,0,NO_PRESERVED_MANUAL_REVIEW_EVIDENCE,UNREVIEWED_IS_NOT_CODED_ZERO
ICJ-151-2011-07-18||SC_MEETING::SCM|S/PV.6610,ICJ-151-2011-07-18,151,2011-09-13,57,SC_MEETING,S/PV.6610,0,0,0,NO_PRESERVED_MANUAL_REVIEW_EVIDENCE,UNREVIEWED_IS_NOT_CODED_ZERO
ICJ-151-2011-07-18||SC_FORMAL_VOTE::SCV|1307,ICJ-151-2011-07-18,151,2011-09-14,58,SC_FORMAL_VOTE,S/PV.6611,0,0,0,NO_PRESERVED_MANUAL_REVIEW_EVIDENCE,UNREVIEWED_IS_NOT_CODED_ZERO
ICJ-151-2011-07-18||SC_FORMAL_VOTE::SCV|1308,ICJ-151-2011-07-18,151,2011-09-14,58,SC_FORMAL_VOTE,S/PV.6612,0,0,0,NO_PRESERVED_MANUAL_REVIEW_EVIDENCE,UNREVIEWED_IS_NOT_CODED_ZERO
ICJ-151-2011-07-18||SC_FORMAL_VOTE::SCV|1309,ICJ-151-2011-07-18,151,2011-09-14,58,SC_FORMAL_VOTE,S/PV.6613,0,0,0,NO_PRESERVED_MANUAL_REVIEW_EVIDENCE,UNREVIEWED_IS_NOT_CODED_ZERO
ICJ-151-2011-07-18||SC_MEETING::SCM|S/PV.6611,ICJ-151-2011-07-18,151,2011-09-14,58,SC_MEETING,S/PV.6611,0,0,0,NO_PRESERVED_MANUAL_REVIEW_EVIDENCE,UNREVIEWED_IS_NOT_CODED_ZERO
ICJ-151-2011-07-18||SC_MEETING::SCM|S/PV.6612,ICJ-151-2011-07-18,151,2011-09-14,58,SC_MEETING,S/PV.6612,0,0,0,NO_PRESERVED_MANUAL_REVIEW_EVIDENCE,UNREVIEWED_IS_NOT_CODED_ZERO
ICJ-151-2011-07-18||SC_MEETING::SCM|S/PV.6613,ICJ-151-2011-07-18,151,2011-09-14,58,SC_MEETING,S/PV.6613,0,0,0,NO_PRESERVED_MANUAL_REVIEW_EVIDENCE,UNREVIEWED_IS_NOT_CODED_ZERO
ICJ-151-2011-07-18||SC_MEETING::SCM|S/PV.6614,ICJ-151-2011-07-18,151,2011-09-14,58,SC_MEETING,S/PV.6614,0,0,0,NO_PRESERVED_MANUAL_REVIEW_EVIDENCE,UNREVIEWED_IS_NOT_CODED_ZERO
ICJ-151-2011-07-18||SC_MEETING::SCM|S/PV.6615,ICJ-151-2011-07-18,151,2011-09-14,58,SC_MEETING,S/PV.6615,0,0,0,NO_PRESERVED_MANUAL_REVIEW_EVIDENCE,UNREVIEWED_IS_NOT_CODED_ZERO
ICJ-151-2011-07-18||SC_MEETING::SCM|S/PV.6616,ICJ-151-2011-07-18,151,2011-09-15,59,SC_MEETING,S/PV.6616,0,0,0,NO_PRESERVED_MANUAL_REVIEW_EVIDENCE,UNREVIEWED_IS_NOT_CODED_ZERO
ICJ-151-2011-07-18||SC_MEETING::SCM|S/PV.6617,ICJ-151-2011-07-18,151,2011-09-15,59,SC_MEETING,S/PV.6617,0,0,0,NO_PRESERVED_MANUAL_REVIEW_EVIDENCE,UNREVIEWED_IS_NOT_CODED_ZERO
ICJ-151-2011-07-18||GA_FORMAL_VOTE::GAV|716363,ICJ-151-2011-07-18,151,2011-09-16,60,GA_FORMAL_VOTE,A/66/PV.2,0,0,0,NO_PRESERVED_MANUAL_REVIEW_EVIDENCE,UNREVIEWED_IS_NOT_CODED_ZERO
ICJ-151-2011-07-18||SC_FORMAL_VOTE::SCV|1310,ICJ-151-2011-07-18,151,2011-09-16,60,SC_FORMAL_VOTE,S/PV.6619,0,0,0,NO_PRESERVED_MANUAL_REVIEW_EVIDENCE,UNREVIEWED_IS_NOT_CODED_ZERO
ICJ-151-2011-07-18||SC_FORMAL_VOTE::SCV|1311,ICJ-151-2011-07-18,151,2011-09-16,60,SC_FORMAL_VOTE,S/PV.6620,0,0,0,NO_PRESERVED_MANUAL_REVIEW_EVIDENCE,UNREVIEWED_IS_NOT_CODED_ZERO
ICJ-151-2011-07-18||SC_MEETING::SCM|S/PV.6618,ICJ-151-2011-07-18,151,2011-09-16,60,SC_MEETING,S/PV.6618,0,0,0,NO_PRESERVED_MANUAL_REVIEW_EVIDENCE,UNREVIEWED_IS_NOT_CODED_ZERO
ICJ-151-2011-07-18||SC_MEETING::SCM|S/PV.6619,ICJ-151-2011-07-18,151,2011-09-16,60,SC_MEETING,S/PV.6619,0,0,0,NO_PRESERVED_MANUAL_REVIEW_EVIDENCE,UNREVIEWED_IS_NOT_CODED_ZERO
ICJ-151-2011-07-18||SC_MEETING::SCM|S/PV.6620,ICJ-151-2011-07-18,151,2011-09-16,60,SC_MEETING,S/PV.6620,0,0,0,NO_PRESERVED_MANUAL_REVIEW_EVIDENCE,UNREVIEWED_IS_NOT_CODED_ZERO
ICJ-151-2011-07-18||SC_MEETING::SCM|S/PV.6621,ICJ-151-2011-07-18,151,2011-09-22,66,SC_MEETING,S/PV.6621,0,0,0,NO_PRESERVED_MANUAL_REVIEW_EVIDENCE,UNREVIEWED_IS_NOT_CODED_ZERO
ICJ-151-2011-07-18||SC_MEETING::SCM|S/PV.6622,ICJ-151-2011-07-18,151,2011-09-26,70,SC_MEETING,S/PV.6622,0,0,0,NO_PRESERVED_MANUAL_REVIEW_EVIDENCE,UNREVIEWED_IS_NOT_CODED_ZERO
ICJ-151-2011-07-18||SC_MEETING::SCM|S/PV.6623,ICJ-151-2011-07-18,151,2011-09-27,71,SC_MEETING,S/PV.6623,0,0,0,NO_PRESERVED_MANUAL_REVIEW_EVIDENCE,UNREVIEWED_IS_NOT_CODED_ZERO
ICJ-151-2011-07-18||SC_MEETING::SCM|S/PV.6624,ICJ-151-2011-07-18,151,2011-09-28,72,SC_MEETING,S/PV.6624,0,0,0,NO_PRESERVED_MANUAL_REVIEW_EVIDENCE,UNREVIEWED_IS_NOT_CODED_ZERO
ICJ-151-2011-07-18||SC_MEETING::SCM|S/PV.6625,ICJ-151-2011-07-18,151,2011-09-29,73,SC_MEETING,S/PV.6625,0,0,0,NO_PRESERVED_MANUAL_REVIEW_EVIDENCE,UNREVIEWED_IS_NOT_CODED_ZERO
ICJ-151-2011-07-18||SC_FORMAL_VOTE::SCV|1312,ICJ-151-2011-07-18,151,2011-09-30,74,SC_FORMAL_VOTE,S/PV.6626,0,0,0,NO_PRESERVED_MANUAL_REVIEW_EVIDENCE,UNREVIEWED_IS_NOT_CODED_ZERO
ICJ-151-2011-07-18||SC_MEETING::SCM|S/PV.6626,ICJ-151-2011-07-18,151,2011-09-30,74,SC_MEETING,S/PV.6626,0,0,0,NO_PRESERVED_MANUAL_REVIEW_EVIDENCE,UNREVIEWED_IS_NOT_CODED_ZERO
ICJ-151-2011-07-18||SC_FORMAL_VOTE::SCV|1313,ICJ-151-2011-07-18,151,2011-10-04,78,SC_FORMAL_VOTE,S/PV.6627,0,0,0,NO_PRESERVED_MANUAL_REVIEW_EVIDENCE,UNREVIEWED_IS_NOT_CODED_ZERO
ICJ-151-2011-07-18||SC_MEETING::SCM|S/PV.6627,ICJ-151-2011-07-18,151,2011-10-04,78,SC_MEETING,S/PV.6627,0,0,0,NO_PRESERVED_MANUAL_REVIEW_EVIDENCE,UNREVIEWED_IS_NOT_CODED_ZERO
ICJ-151-2011-07-18||SC_MEETING::SCM|S/PV.6628,ICJ-151-2011-07-18,151,2011-10-06,80,SC_MEETING,S/PV.6628,0,0,0,NO_PRESERVED_MANUAL_REVIEW_EVIDENCE,UNREVIEWED_IS_NOT_CODED_ZERO
ICJ-151-2011-07-18||SC_FORMAL_VOTE::SCV|1314,ICJ-151-2011-07-18,151,2011-10-12,86,SC_FORMAL_VOTE,S/PV.6629,0,0,0,NO_PRESERVED_MANUAL_REVIEW_EVIDENCE,UNREVIEWED_IS_NOT_CODED_ZERO
ICJ-151-2011-07-18||SC_MEETING::SCM|S/PV.6629,ICJ-151-2011-07-18,151,2011-10-12,86,SC_MEETING,S/PV.6629,0,0,0,NO_PRESERVED_MANUAL_REVIEW_EVIDENCE,UNREVIEWED_IS_NOT_CODED_ZERO
ICJ-151-2011-07-18||SC_MEETING::SCM|S/PV.6630,ICJ-151-2011-07-18,151,2011-10-12,86,SC_MEETING,S/PV.6630,0,0,0,NO_PRESERVED_MANUAL_REVIEW_EVIDENCE,UNREVIEWED_IS_NOT_CODED_ZERO
ICJ-151-2011-07-18||SC_FORMAL_VOTE::SCV|1315,ICJ-151-2011-07-18,151,2011-10-14,88,SC_FORMAL_VOTE,S/PV.6631,0,0,0,NO_PRESERVED_MANUAL_REVIEW_EVIDENCE,UNREVIEWED_IS_NOT_CODED_ZERO
ICJ-151-2011-07-18||SC_FORMAL_VOTE::SCV|1316,ICJ-151-2011-07-18,151,2011-10-14,88,SC_FORMAL_VOTE,S/PV.6632,0,0,0,NO_PRESERVED_MANUAL_REVIEW_EVIDENCE,UNREVIEWED_IS_NOT_CODED_ZERO
ICJ-151-2011-07-18||SC_MEETING::SCM|S/PV.6631,ICJ-151-2011-07-18,151,2011-10-14,88,SC_MEETING,S/PV.6631,0,0,0,NO_PRESERVED_MANUAL_REVIEW_EVIDENCE,UNREVIEWED_IS_NOT_CODED_ZERO
ICJ-151-2011-07-18||SC_MEETING::SCM|S/PV.6632,ICJ-151-2011-07-18,151,2011-10-14,88,SC_MEETING,S/PV.6632,0,0,0,NO_PRESERVED_MANUAL_REVIEW_EVIDENCE,UNREVIEWED_IS_NOT_CODED_ZERO
ICJ-151-2011-07-18||SC_MEETING::SCM|S/PV.6633,ICJ-151-2011-07-18,151,2011-10-19,93,SC_MEETING,S/PV.6633,0,0,0,NO_PRESERVED_MANUAL_REVIEW_EVIDENCE,UNREVIEWED_IS_NOT_CODED_ZERO
ICJ-151-2011-07-18||SC_FORMAL_VOTE::SCV|1317,ICJ-151-2011-07-18,151,2011-10-21,95,SC_FORMAL_VOTE,S/PV.6634,0,0,0,NO_PRESERVED_MANUAL_REVIEW_EVIDENCE,UNREVIEWED_IS_NOT_CODED_ZERO
ICJ-151-2011-07-18||SC_MEETING::SCM|S/PV.6634,ICJ-151-2011-07-18,151,2011-10-21,95,SC_MEETING,S/PV.6634,0,0,0,NO_PRESERVED_MANUAL_REVIEW_EVIDENCE,UNREVIEWED_IS_NOT_CODED_ZERO
ICJ-151-2011-07-18||SC_FORMAL_VOTE::SCV|1318,ICJ-151-2011-07-18,151,2011-10-24,98,SC_FORMAL_VOTE,S/PV.6635,0,0,0,NO_PRESERVED_MANUAL_REVIEW_EVIDENCE,UNREVIEWED_IS_NOT_CODED_ZERO
ICJ-151-2011-07-18||SC_MEETING::SCM|S/PV.6635,ICJ-151-2011-07-18,151,2011-10-24,98,SC_MEETING,S/PV.6635,0,0,0,NO_PRESERVED_MANUAL_REVIEW_EVIDENCE,UNREVIEWED_IS_NOT_CODED_ZERO
ICJ-151-2011-07-18||SC_MEETING::SCM|S/PV.6636,ICJ-151-2011-07-18,151,2011-10-24,98,SC_MEETING,S/PV.6636,0,0,0,NO_PRESERVED_MANUAL_REVIEW_EVIDENCE,UNREVIEWED_IS_NOT_CODED_ZERO
ICJ-151-2011-07-18||SC_MEETING::SCM|S/PV.6636(Resumption1),ICJ-151-2011-07-18,151,2011-10-24,98,SC_MEETING,S/PV.6636(Resumption1),0,0,0,NO_PRESERVED_MANUAL_REVIEW_EVIDENCE,UNREVIEWED_IS_NOT_CODED_ZERO
ICJ-151-2011-07-18||GA_FORMAL_VOTE::GAV|719132,ICJ-151-2011-07-18,151,2011-10-25,99,GA_FORMAL_VOTE,A/66/PV.41,0,0,0,NO_PRESERVED_MANUAL_REVIEW_EVIDENCE,UNREVIEWED_IS_NOT_CODED_ZERO
ICJ-151-2011-07-18||SC_MEETING::SCM|S/PV.6637,ICJ-151-2011-07-18,151,2011-10-25,99,SC_MEETING,S/PV.6637,0,1,1,PUBLISHED_RECALL_REVIEW_REPORTED_CANDIDATE_ID_RECONSTRUCTED,REVIEW_EVIDENCE_PRESENT
ICJ-151-2011-07-18||SC_MEETING::SCM|S/PV.6638,ICJ-151-2011-07-18,151,2011-10-25,99,SC_MEETING,S/PV.6638,0,0,0,NO_PRESERVED_MANUAL_REVIEW_EVIDENCE,UNREVIEWED_IS_NOT_CODED_ZERO
ICJ-151-2011-07-18||SC_MEETING::SCM|S/PV.6639,ICJ-151-2011-07-18,151,2011-10-26,100,SC_MEETING,S/PV.6639,0,0,0,NO_PRESERVED_MANUAL_REVIEW_EVIDENCE,UNREVIEWED_IS_NOT_CODED_ZERO
ICJ-151-2011-07-18||SC_FORMAL_VOTE::SCV|1319,ICJ-151-2011-07-18,151,2011-10-27,101,SC_FORMAL_VOTE,S/PV.6640,0,0,0,NO_PRESERVED_MANUAL_REVIEW_EVIDENCE,UNREVIEWED_IS_NOT_CODED_ZERO
ICJ-151-2011-07-18||SC_MEETING::SCM|S/PV.6640,ICJ-151-2011-07-18,151,2011-10-27,101,SC_MEETING,S/PV.6640,0,0,0,NO_PRESERVED_MANUAL_REVIEW_EVIDENCE,UNREVIEWED_IS_NOT_CODED_ZERO
ICJ-151-2011-07-18||SC_MEETING::SCM|S/PV.6641,ICJ-151-2011-07-18,151,2011-10-27,101,SC_MEETING,S/PV.6641,0,0,0,NO_PRESERVED_MANUAL_REVIEW_EVIDENCE,UNREVIEWED_IS_NOT_CODED_ZERO
ICJ-151-2011-07-18||SC_MEETING::SCM|S/PV.6642,ICJ-151-2011-07-18,151,2011-10-28,102,SC_MEETING,S/PV.6642,0,0,0,NO_PRESERVED_MANUAL_REVIEW_EVIDENCE,UNREVIEWED_IS_NOT_CODED_ZERO
ICJ-151-2011-07-18||SC_MEETING::SCM|S/PV.6642(Resumption1),ICJ-151-2011-07-18,151,2011-10-28,102,SC_MEETING,S/PV.6642(Resumption1),0,0,0,NO_PRESERVED_MANUAL_REVIEW_EVIDENCE,UNREVIEWED_IS_NOT_CODED_ZERO
ICJ-151-2011-07-18||SC_FORMAL_VOTE::SCV|1320,ICJ-151-2011-07-18,151,2011-10-31,105,SC_FORMAL_VOTE,S/PV.6644,0,0,0,NO_PRESERVED_MANUAL_REVIEW_EVIDENCE,UNREVIEWED_IS_NOT_CODED_ZERO
ICJ-151-2011-07-18||SC_FORMAL_VOTE::SCV|1321,ICJ-151-2011-07-18,151,2011-10-31,105,SC_FORMAL_VOTE,S/PV.6645,0,0,0,NO_PRESERVED_MANUAL_REVIEW_EVIDENCE,UNREVIEWED_IS_NOT_CODED_ZERO
ICJ-151-2011-07-18||SC_MEETING::SCM|S/PV.6643,ICJ-151-2011-07-18,151,2011-10-31,105,SC_MEETING,S/PV.6643,0,0,0,NO_PRESERVED_MANUAL_REVIEW_EVIDENCE,UNREVIEWED_IS_NOT_CODED_ZERO
ICJ-151-2011-07-18||SC_MEETING::SCM|S/PV.6644,ICJ-151-2011-07-18,151,2011-10-31,105,SC_MEETING,S/PV.6644,0,0,0,NO_PRESERVED_MANUAL_REVIEW_EVIDENCE,UNREVIEWED_IS_NOT_CODED_ZERO
ICJ-151-2011-07-18||SC_MEETING::SCM|S/PV.6645,ICJ-151-2011-07-18,151,2011-10-31,105,SC_MEETING,S/PV.6645,0,0,0,NO_PRESERVED_MANUAL_REVIEW_EVIDENCE,UNREVIEWED_IS_NOT_CODED_ZERO
ICJ-151-2011-07-18||SC_MEETING::SCM|S/PV.6646,ICJ-151-2011-07-18,151,2011-10-31,105,SC_MEETING,S/PV.6646,0,0,0,NO_PRESERVED_MANUAL_REVIEW_EVIDENCE,UNREVIEWED_IS_NOT_CODED_ZERO
ICJ-151-2011-07-18||SC_MEETING::SCM|S/PV.6647,ICJ-151-2011-07-18,151,2011-11-02,107,SC_MEETING,S/PV.6647,0,0,0,NO_PRESERVED_MANUAL_REVIEW_EVIDENCE,UNREVIEWED_IS_NOT_CODED_ZERO
ICJ-151-2011-07-18||SC_MEETING::SCM|S/PV.6648,ICJ-151-2011-07-18,151,2011-11-03,108,SC_MEETING,S/PV.6648,0,0,0,NO_PRESERVED_MANUAL_REVIEW_EVIDENCE,UNREVIEWED_IS_NOT_CODED_ZERO
ICJ-151-2011-07-18||SC_MEETING::SCM|S/PV.6649,ICJ-151-2011-07-18,151,2011-11-08,113,SC_MEETING,S/PV.6649,0,0,0,NO_PRESERVED_MANUAL_REVIEW_EVIDENCE,UNREVIEWED_IS_NOT_CODED_ZERO
ICJ-151-2011-07-18||SC_MEETING::SCM|S/PV.6650,ICJ-151-2011-07-18,151,2011-11-09,114,SC_MEETING,S/PV.6650,0,0,0,NO_PRESERVED_MANUAL_REVIEW_EVIDENCE,UNREVIEWED_IS_NOT_CODED_ZERO
ICJ-151-2011-07-18||SC_MEETING::SCM|S/PV.6650(Resumption1),ICJ-151-2011-07-18,151,2011-11-09,114,SC_MEETING,S/PV.6650(Resumption1),0,0,0,NO_PRESERVED_MANUAL_REVIEW_EVIDENCE,UNREVIEWED_IS_NOT_CODED_ZERO
ICJ-151-2011-07-18||SC_MEETING::SCM|S/PV.6651,ICJ-151-2011-07-18,151,2011-11-10,115,SC_MEETING,S/PV.6651,0,1,1,PUBLISHED_RECALL_REVIEW_REPORTED_CANDIDATE_ID_RECONSTRUCTED,REVIEW_EVIDENCE_PRESENT
ICJ-151-2011-07-18||SC_MEETING::SCM|S/PV.6652,ICJ-151-2011-07-18,151,2011-11-10,115,SC_MEETING,S/PV.6652,0,1,1,PUBLISHED_RECALL_REVIEW_REPORTED_CANDIDATE_ID_RECONSTRUCTED,REVIEW_EVIDENCE_PRESENT
ICJ-151-2011-07-18||SC_MEETING::SCM|S/PV.6653,ICJ-151-2011-07-18,151,2011-11-10,115,SC_MEETING,S/PV.6653,0,1,1,PUBLISHED_RECALL_REVIEW_REPORTED_CANDIDATE_ID_RECONSTRUCTED,REVIEW_EVIDENCE_PRESENT
ICJ-151-2011-07-18||SC_MEETING::SCM|S/PV.6654,ICJ-151-2011-07-18,151,2011-11-10,115,SC_MEETING,S/PV.6654,0,1,1,PUBLISHED_RECALL_REVIEW_REPORTED_CANDIDATE_ID_RECONSTRUCTED,REVIEW_EVIDENCE_PRESENT
ICJ-151-2011-07-18||SC_MEETING::SCM|S/PV.6655,ICJ-151-2011-07-18,151,2011-11-10,115,SC_MEETING,S/PV.6655,0,1,1,PUBLISHED_RECALL_REVIEW_REPORTED_CANDIDATE_ID_RECONSTRUCTED,REVIEW_EVIDENCE_PRESENT
ICJ-151-2011-07-18||SC_MEETING::SCM|S/PV.6656,ICJ-151-2011-07-18,151,2011-11-11,116,SC_MEETING,S/PV.6656,0,0,0,NO_PRESERVED_MANUAL_REVIEW_EVIDENCE,UNREVIEWED_IS_NOT_CODED_ZERO
ICJ-151-2011-07-18||SC_MEETING::SCM|S/PV.6657,ICJ-151-2011-07-18,151,2011-11-14,119,SC_MEETING,S/PV.6657,0,0,0,NO_PRESERVED_MANUAL_REVIEW_EVIDENCE,UNREVIEWED_IS_NOT_CODED_ZERO
ICJ-151-2011-07-18||SC_MEETING::SCM|S/PV.6658,ICJ-151-2011-07-18,151,2011-11-14,119,SC_MEETING,S/PV.6658,0,0,0,NO_PRESERVED_MANUAL_REVIEW_EVIDENCE,UNREVIEWED_IS_NOT_CODED_ZERO
ICJ-151-2011-07-18||SC_MEETING::SCM|S/PV.6659,ICJ-151-2011-07-18,151,2011-11-15,120,SC_MEETING,S/PV.6659,0,0,0,NO_PRESERVED_MANUAL_REVIEW_EVIDENCE,UNREVIEWED_IS_NOT_CODED_ZERO
ICJ-151-2011-07-18||SC_MEETING::SCM|S/PV.6660,ICJ-151-2011-07-18,151,2011-11-15,120,SC_MEETING,S/PV.6660,0,0,0,NO_PRESERVED_MANUAL_REVIEW_EVIDENCE,UNREVIEWED_IS_NOT_CODED_ZERO
ICJ-151-2011-07-18||SC_FORMAL_VOTE::SCV|1322,ICJ-151-2011-07-18,151,2011-11-16,121,SC_FORMAL_VOTE,S/PV.6661,0,0,0,NO_PRESERVED_MANUAL_REVIEW_EVIDENCE,UNREVIEWED_IS_NOT_CODED_ZERO
ICJ-151-2011-07-18||SC_MEETING::SCM|S/PV.6661,ICJ-151-2011-07-18,151,2011-11-16,121,SC_MEETING,S/PV.6661,0,0,0,NO_PRESERVED_MANUAL_REVIEW_EVIDENCE,UNREVIEWED_IS_NOT_CODED_ZERO
ICJ-151-2011-07-18||GA_FORMAL_VOTE::GAV|719134,ICJ-151-2011-07-18,151,2011-11-18,123,GA_FORMAL_VOTE,A/66/PV.60,0,0,0,NO_PRESERVED_MANUAL_REVIEW_EVIDENCE,UNREVIEWED_IS_NOT_CODED_ZERO
ICJ-151-2011-07-18||GA_FORMAL_VOTE::GAV|720591,ICJ-151-2011-07-18,151,2011-11-18,123,GA_FORMAL_VOTE,A/66/PV.61,0,0,0,NO_PRESERVED_MANUAL_REVIEW_EVIDENCE,UNREVIEWED_IS_NOT_CODED_ZERO
ICJ-151-2011-07-18||SC_MEETING::SCM|S/PV.6662,ICJ-151-2011-07-18,151,2011-11-21,126,SC_MEETING,S/PV.6662,0,0,0,NO_PRESERVED_MANUAL_REVIEW_EVIDENCE,UNREVIEWED_IS_NOT_CODED_ZERO
ICJ-151-2011-07-18||SC_FORMAL_VOTE::SCV|1323,ICJ-151-2011-07-18,151,2011-11-22,127,SC_FORMAL_VOTE,S/PV.6663,0,0,0,NO_PRESERVED_MANUAL_REVIEW_EVIDENCE,UNREVIEWED_IS_NOT_CODED_ZERO
ICJ-151-2011-07-18||SC_MEETING::SCM|S/PV.6663,ICJ-151-2011-07-18,151,2011-11-22,127,SC_MEETING,S/PV.6663,0,0,0,NO_PRESERVED_MANUAL_REVIEW_EVIDENCE,UNREVIEWED_IS_NOT_CODED_ZERO
ICJ-151-2011-07-18||SC_MEETING::SCM|S/PV.6664,ICJ-151-2011-07-18,151,2011-11-22,127,SC_MEETING,S/PV.6664,0,0,0,NO_PRESERVED_MANUAL_REVIEW_EVIDENCE,UNREVIEWED_IS_NOT_CODED_ZERO
ICJ-151-2011-07-18||SC_MEETING::SCM|S/PV.6665,ICJ-151-2011-07-18,151,2011-11-22,127,SC_MEETING,S/PV.6665,0,1,1,PUBLISHED_RECALL_REVIEW_REPORTED_CANDIDATE_ID_RECONSTRUCTED,REVIEW_EVIDENCE_PRESENT
ICJ-151-2011-07-18||SC_MEETING::SCM|S/PV.6666,ICJ-151-2011-07-18,151,2011-11-22,127,SC_MEETING,S/PV.6666,0,1,1,PUBLISHED_RECALL_REVIEW_REPORTED_CANDIDATE_ID_RECONSTRUCTED,REVIEW_EVIDENCE_PRESENT
ICJ-151-2011-07-18||SC_MEETING::SCM|S/PV.6667,ICJ-151-2011-07-18,151,2011-11-22,127,SC_MEETING,S/PV.6667,0,1,1,PUBLISHED_RECALL_REVIEW_REPORTED_CANDIDATE_ID_RECONSTRUCTED,REVIEW_EVIDENCE_PRESENT
ICJ-151-2011-07-18||SC_MEETING::SCM|S/PV.6668,ICJ-151-2011-07-18,151,2011-11-23,128,SC_MEETING,S/PV.6668,0,0,0,NO_PRESERVED_MANUAL_REVIEW_EVIDENCE,UNREVIEWED_IS_NOT_CODED_ZERO
ICJ-151-2011-07-18||SC_MEETING::SCM|S/PV.6669,ICJ-151-2011-07-18,151,2011-11-28,133,SC_MEETING,S/PV.6669,0,0,0,NO_PRESERVED_MANUAL_REVIEW_EVIDENCE,UNREVIEWED_IS_NOT_CODED_ZERO
ICJ-151-2011-07-18||SC_FORMAL_VOTE::SCV|1324,ICJ-151-2011-07-18,151,2011-11-29,134,SC_FORMAL_VOTE,S/PV.6671,0,0,0,NO_PRESERVED_MANUAL_REVIEW_EVIDENCE,UNREVIEWED_IS_NOT_CODED_ZERO
ICJ-151-2011-07-18||SC_MEETING::SCM|S/PV.6670,ICJ-151-2011-07-18,151,2011-11-29,134,SC_MEETING,S/PV.6670,0,0,0,NO_PRESERVED_MANUAL_REVIEW_EVIDENCE,UNREVIEWED_IS_NOT_CODED_ZERO
ICJ-151-2011-07-18||SC_MEETING::SCM|S/PV.6671,ICJ-151-2011-07-18,151,2011-11-29,134,SC_MEETING,S/PV.6671,0,0,0,NO_PRESERVED_MANUAL_REVIEW_EVIDENCE,UNREVIEWED_IS_NOT_CODED_ZERO
ICJ-151-2011-07-18||GA_FORMAL_VOTE::GAV|720396,ICJ-151-2011-07-18,151,2011-11-30,135,GA_FORMAL_VOTE,A/66/PV.69,0,0,0,NO_PRESERVED_MANUAL_REVIEW_EVIDENCE,UNREVIEWED_IS_NOT_CODED_ZERO
ICJ-151-2011-07-18||GA_FORMAL_VOTE::GAV|720397,ICJ-151-2011-07-18,151,2011-11-30,135,GA_FORMAL_VOTE,A/66/PV.69,0,0,0,NO_PRESERVED_MANUAL_REVIEW_EVIDENCE,UNREVIEWED_IS_NOT_CODED_ZERO
ICJ-151-2011-07-18||GA_FORMAL_VOTE::GAV|720398,ICJ-151-2011-07-18,151,2011-11-30,135,GA_FORMAL_VOTE,A/66/PV.69,0,0,0,NO_PRESERVED_MANUAL_REVIEW_EVIDENCE,UNREVIEWED_IS_NOT_CODED_ZERO
ICJ-151-2011-07-18||GA_FORMAL_VOTE::GAV|720399,ICJ-151-2011-07-18,151,2011-11-30,135,GA_FORMAL_VOTE,A/66/PV.69,0,0,0,NO_PRESERVED_MANUAL_REVIEW_EVIDENCE,UNREVIEWED_IS_NOT_CODED_ZERO
ICJ-151-2011-07-18||GA_FORMAL_VOTE::GAV|720410,ICJ-151-2011-07-18,151,2011-11-30,135,GA_FORMAL_VOTE,A/66/PV.69,0,0,0,NO_PRESERVED_MANUAL_REVIEW_EVIDENCE,UNREVIEWED_IS_NOT_CODED_ZERO
ICJ-151-2011-07-18||GA_FORMAL_VOTE::GAV|720416,ICJ-151-2011-07-18,151,2011-11-30,135,GA_FORMAL_VOTE,A/66/PV.69,0,0,0,NO_PRESERVED_MANUAL_REVIEW_EVIDENCE,UNREVIEWED_IS_NOT_CODED_ZERO
ICJ-151-2011-07-18||SC_MEETING::SCM|S/PV.6672,ICJ-151-2011-07-18,151,2011-11-30,135,SC_MEETING,S/PV.6672,0,0,0,NO_PRESERVED_MANUAL_REVIEW_EVIDENCE,UNREVIEWED_IS_NOT_CODED_ZERO
ICJ-151-2011-07-18||SC_MEETING::SCM|S/PV.6672(Resumption1),ICJ-151-2011-07-18,151,2011-11-30,135,SC_MEETING,S/PV.6672(Resumption1),0,0,0,NO_PRESERVED_MANUAL_REVIEW_EVIDENCE,UNREVIEWED_IS_NOT_CODED_ZERO
ICJ-151-2011-07-18||GA_FORMAL_VOTE::GAV|718557,ICJ-151-2011-07-18,151,2011-12-02,137,GA_FORMAL_VOTE,A/66/PV.71,0,0,0,NO_PRESERVED_MANUAL_REVIEW_EVIDENCE,UNREVIEWED_IS_NOT_CODED_ZERO
ICJ-151-2011-07-18||GA_FORMAL_VOTE::GAV|718599,ICJ-151-2011-07-18,151,2011-12-02,137,GA_FORMAL_VOTE,A/66/PV.71,0,0,0,NO_PRESERVED_MANUAL_REVIEW_EVIDENCE,UNREVIEWED_IS_NOT_CODED_ZERO
ICJ-151-2011-07-18||GA_FORMAL_VOTE::GAV|718618,ICJ-151-2011-07-18,151,2011-12-02,137,GA_FORMAL_VOTE,A/66/PV.71,0,0,0,NO_PRESERVED_MANUAL_REVIEW_EVIDENCE,UNREVIEWED_IS_NOT_CODED_ZERO
ICJ-151-2011-07-18||GA_FORMAL_VOTE::GAV|718624,ICJ-151-2011-07-18,151,2011-12-02,137,GA_FORMAL_VOTE,A/66/PV.71,0,0,0,NO_PRESERVED_MANUAL_REVIEW_EVIDENCE,UNREVIEWED_IS_NOT_CODED_ZERO
ICJ-151-2011-07-18||GA_FORMAL_VOTE::GAV|718652,ICJ-151-2011-07-18,151,2011-12-02,137,GA_FORMAL_VOTE,A/66/PV.71,0,0,0,NO_PRESERVED_MANUAL_REVIEW_EVIDENCE,UNREVIEWED_IS_NOT_CODED_ZERO
ICJ-151-2011-07-18||GA_FORMAL_VOTE::GAV|719746,ICJ-151-2011-07-18,151,2011-12-02,137,GA_FORMAL_VOTE,A/66/PV.71,0,0,0,NO_PRESERVED_MANUAL_REVIEW_EVIDENCE,UNREVIEWED_IS_NOT_CODED_ZERO
ICJ-151-2011-07-18||GA_FORMAL_VOTE::GAV|719747,ICJ-151-2011-07-18,151,2011-12-02,137,GA_FORMAL_VOTE,A/66/PV.71,0,0,0,NO_PRESERVED_MANUAL_REVIEW_EVIDENCE,UNREVIEWED_IS_NOT_CODED_ZERO
ICJ-151-2011-07-18||GA_FORMAL_VOTE::GAV|719748,ICJ-151-2011-07-18,151,2011-12-02,137,GA_FORMAL_VOTE,A/66/PV.71,0,0,0,NO_PRESERVED_MANUAL_REVIEW_EVIDENCE,UNREVIEWED_IS_NOT_CODED_ZERO
ICJ-151-2011-07-18||GA_FORMAL_VOTE::GAV|719749,ICJ-151-2011-07-18,151,2011-12-02,137,GA_FORMAL_VOTE,A/66/PV.71,0,0,0,NO_PRESERVED_MANUAL_REVIEW_EVIDENCE,UNREVIEWED_IS_NOT_CODED_ZERO
ICJ-151-2011-07-18||GA_FORMAL_VOTE::GAV|719814,ICJ-151-2011-07-18,151,2011-12-02,137,GA_FORMAL_VOTE,A/66/PV.71,0,0,0,NO_PRESERVED_MANUAL_REVIEW_EVIDENCE,UNREVIEWED_IS_NOT_CODED_ZERO
ICJ-151-2011-07-18||GA_FORMAL_VOTE::GAV|719823,ICJ-151-2011-07-18,151,2011-12-02,137,GA_FORMAL_VOTE,A/66/PV.71,0,0,0,NO_PRESERVED_MANUAL_REVIEW_EVIDENCE,UNREVIEWED_IS_NOT_CODED_ZERO
ICJ-151-2011-07-18||GA_FORMAL_VOTE::GAV|719827,ICJ-151-2011-07-18,151,2011-12-02,137,GA_FORMAL_VOTE,A/66/PV.71,0,0,0,NO_PRESERVED_MANUAL_REVIEW_EVIDENCE,UNREVIEWED_IS_NOT_CODED_ZERO
ICJ-151-2011-07-18||GA_FORMAL_VOTE::GAV|719829,ICJ-151-2011-07-18,151,2011-12-02,137,GA_FORMAL_VOTE,A/66/PV.71,0,0,0,NO_PRESERVED_MANUAL_REVIEW_EVIDENCE,UNREVIEWED_IS_NOT_CODED_ZERO
ICJ-151-2011-07-18||GA_FORMAL_VOTE::GAV|719860,ICJ-151-2011-07-18,151,2011-12-02,137,GA_FORMAL_VOTE,A/66/PV.71,0,0,0,NO_PRESERVED_MANUAL_REVIEW_EVIDENCE,UNREVIEWED_IS_NOT_CODED_ZERO
ICJ-151-2011-07-18||GA_FORMAL_VOTE::GAV|719861,ICJ-151-2011-07-18,151,2011-12-02,137,GA_FORMAL_VOTE,A/66/PV.71,0,0,0,NO_PRESERVED_MANUAL_REVIEW_EVIDENCE,UNREVIEWED_IS_NOT_CODED_ZERO
ICJ-151-2011-07-18||GA_FORMAL_VOTE::GAV|719863,ICJ-151-2011-07-18,151,2011-12-02,137,GA_FORMAL_VOTE,A/66/PV.71,0,0,0,NO_PRESERVED_MANUAL_REVIEW_EVIDENCE,UNREVIEWED_IS_NOT_CODED_ZERO
ICJ-151-2011-07-18||GA_FORMAL_VOTE::GAV|719890,ICJ-151-2011-07-18,151,2011-12-02,137,GA_FORMAL_VOTE,A/66/PV.71,0,0,0,NO_PRESERVED_MANUAL_REVIEW_EVIDENCE,UNREVIEWED_IS_NOT_CODED_ZERO
ICJ-151-2011-07-18||GA_FORMAL_VOTE::GAV|719891,ICJ-151-2011-07-18,151,2011-12-02,137,GA_FORMAL_VOTE,A/66/PV.71,0,0,0,NO_PRESERVED_MANUAL_REVIEW_EVIDENCE,UNREVIEWED_IS_NOT_CODED_ZERO
ICJ-151-2011-07-18||GA_FORMAL_VOTE::GAV|719898,ICJ-151-2011-07-18,151,2011-12-02,137,GA_FORMAL_VOTE,A/66/PV.71,0,0,0,NO_PRESERVED_MANUAL_REVIEW_EVIDENCE,UNREVIEWED_IS_NOT_CODED_ZERO
ICJ-151-2011-07-18||GA_FORMAL_VOTE::GAV|719924,ICJ-151-2011-07-18,151,2011-12-02,137,GA_FORMAL_VOTE,A/66/PV.71,0,0,0,NO_PRESERVED_MANUAL_REVIEW_EVIDENCE,UNREVIEWED_IS_NOT_CODED_ZERO
ICJ-151-2011-07-18||SC_FORMAL_VOTE::SCV|1325,ICJ-151-2011-07-18,151,2011-12-02,137,SC_FORMAL_VOTE,S/PV.6673,0,0,0,NO_PRESERVED_MANUAL_REVIEW_EVIDENCE,UNREVIEWED_IS_NOT_CODED_ZERO
ICJ-151-2011-07-18||SC_MEETING::SCM|S/PV.6673,ICJ-151-2011-07-18,151,2011-12-02,137,SC_MEETING,S/PV.6673,0,0,0,NO_PRESERVED_MANUAL_REVIEW_EVIDENCE,UNREVIEWED_IS_NOT_CODED_ZERO
ICJ-151-2011-07-18||SC_FORMAL_VOTE::SCV|1326,ICJ-151-2011-07-18,151,2011-12-05,140,SC_FORMAL_VOTE,S/PV.6674,0,0,0,NO_PRESERVED_MANUAL_REVIEW_EVIDENCE,UNREVIEWED_IS_NOT_CODED_ZERO
ICJ-151-2011-07-18||SC_MEETING::SCM|S/PV.6674,ICJ-151-2011-07-18,151,2011-12-05,140,SC_MEETING,S/PV.6674,0,0,0,NO_PRESERVED_MANUAL_REVIEW_EVIDENCE,UNREVIEWED_IS_NOT_CODED_ZERO
ICJ-151-2011-07-18||SC_MEETING::SCM|S/PV.6674(Resumption1),ICJ-151-2011-07-18,151,2011-12-05,140,SC_MEETING,S/PV.6674(Resumption1),0,0,0,NO_PRESERVED_MANUAL_REVIEW_EVIDENCE,UNREVIEWED_IS_NOT_CODED_ZERO
ICJ-151-2011-07-18||SC_MEETING::SCM|S/PV.6675,ICJ-151-2011-07-18,151,2011-12-06,141,SC_MEETING,S/PV.6675,0,0,0,NO_PRESERVED_MANUAL_REVIEW_EVIDENCE,UNREVIEWED_IS_NOT_CODED_ZERO
ICJ-151-2011-07-18||SC_MEETING::SCM|S/PV.6676,ICJ-151-2011-07-18,151,2011-12-07,142,SC_MEETING,S/PV.6676,0,0,0,NO_PRESERVED_MANUAL_REVIEW_EVIDENCE,UNREVIEWED_IS_NOT_CODED_ZERO
ICJ-151-2011-07-18||SC_MEETING::SCM|S/PV.6677,ICJ-151-2011-07-18,151,2011-12-07,142,SC_MEETING,S/PV.6677,0,0,0,NO_PRESERVED_MANUAL_REVIEW_EVIDENCE,UNREVIEWED_IS_NOT_CODED_ZERO
ICJ-151-2011-07-18||SC_MEETING::SCM|S/PV.6678,ICJ-151-2011-07-18,151,2011-12-07,142,SC_MEETING,S/PV.6678,0,0,0,NO_PRESERVED_MANUAL_REVIEW_EVIDENCE,UNREVIEWED_IS_NOT_CODED_ZERO
ICJ-151-2011-07-18||SC_MEETING::SCM|S/PV.6679,ICJ-151-2011-07-18,151,2011-12-08,143,SC_MEETING,S/PV.6679,0,0,0,NO_PRESERVED_MANUAL_REVIEW_EVIDENCE,UNREVIEWED_IS_NOT_CODED_ZERO
ICJ-151-2011-07-18||GA_FORMAL_VOTE::GAV|720036,ICJ-151-2011-07-18,151,2011-12-09,144,GA_FORMAL_VOTE,A/66/PV.81,0,0,0,NO_PRESERVED_MANUAL_REVIEW_EVIDENCE,UNREVIEWED_IS_NOT_CODED_ZERO
ICJ-151-2011-07-18||GA_FORMAL_VOTE::GAV|720043,ICJ-151-2011-07-18,151,2011-12-09,144,GA_FORMAL_VOTE,A/66/PV.81,0,0,0,NO_PRESERVED_MANUAL_REVIEW_EVIDENCE,UNREVIEWED_IS_NOT_CODED_ZERO
ICJ-151-2011-07-18||GA_FORMAL_VOTE::GAV|720046,ICJ-151-2011-07-18,151,2011-12-09,144,GA_FORMAL_VOTE,A/66/PV.81,0,0,0,NO_PRESERVED_MANUAL_REVIEW_EVIDENCE,UNREVIEWED_IS_NOT_CODED_ZERO
ICJ-151-2011-07-18||GA_FORMAL_VOTE::GAV|720050,ICJ-151-2011-07-18,151,2011-12-09,144,GA_FORMAL_VOTE,A/66/PV.81,0,0,0,NO_PRESERVED_MANUAL_REVIEW_EVIDENCE,UNREVIEWED_IS_NOT_CODED_ZERO
ICJ-151-2011-07-18||GA_FORMAL_VOTE::GAV|720060,ICJ-151-2011-07-18,151,2011-12-09,144,GA_FORMAL_VOTE,A/66/PV.81,0,0,0,NO_PRESERVED_MANUAL_REVIEW_EVIDENCE,UNREVIEWED_IS_NOT_CODED_ZERO
ICJ-151-2011-07-18||GA_FORMAL_VOTE::GAV|720062,ICJ-151-2011-07-18,151,2011-12-09,144,GA_FORMAL_VOTE,A/66/PV.81,0,0,0,NO_PRESERVED_MANUAL_REVIEW_EVIDENCE,UNREVIEWED_IS_NOT_CODED_ZERO
ICJ-151-2011-07-18||GA_FORMAL_VOTE::GAV|720116,ICJ-151-2011-07-18,151,2011-12-09,144,GA_FORMAL_VOTE,A/66/PV.81,0,0,0,NO_PRESERVED_MANUAL_REVIEW_EVIDENCE,UNREVIEWED_IS_NOT_CODED_ZERO
ICJ-151-2011-07-18||GA_FORMAL_VOTE::GAV|720117,ICJ-151-2011-07-18,151,2011-12-09,144,GA_FORMAL_VOTE,A/66/PV.81,0,0,0,NO_PRESERVED_MANUAL_REVIEW_EVIDENCE,UNREVIEWED_IS_NOT_CODED_ZERO
ICJ-151-2011-07-18||GA_FORMAL_VOTE::GAV|720119,ICJ-151-2011-07-18,151,2011-12-09,144,GA_FORMAL_VOTE,A/66/PV.81,0,0,0,NO_PRESERVED_MANUAL_REVIEW_EVIDENCE,UNREVIEWED_IS_NOT_CODED_ZERO
ICJ-151-2011-07-18||GA_FORMAL_VOTE::GAV|720161,ICJ-151-2011-07-18,151,2011-12-09,144,GA_FORMAL_VOTE,A/66/PV.81,0,0,0,NO_PRESERVED_MANUAL_REVIEW_EVIDENCE,UNREVIEWED_IS_NOT_CODED_ZERO
ICJ-151-2011-07-18||GA_FORMAL_VOTE::GAV|720162,ICJ-151-2011-07-18,151,2011-12-09,144,GA_FORMAL_VOTE,A/66/PV.81,0,0,0,NO_PRESERVED_MANUAL_REVIEW_EVIDENCE,UNREVIEWED_IS_NOT_CODED_ZERO
ICJ-151-2011-07-18||GA_FORMAL_VOTE::GAV|720165,ICJ-151-2011-07-18,151,2011-12-09,144,GA_FORMAL_VOTE,A/66/PV.81,0,0,0,NO_PRESERVED_MANUAL_REVIEW_EVIDENCE,UNREVIEWED_IS_NOT_CODED_ZERO
ICJ-151-2011-07-18||GA_FORMAL_VOTE::GAV|720379,ICJ-151-2011-07-18,151,2011-12-09,144,GA_FORMAL_VOTE,A/66/PV.81,0,0,0,NO_PRESERVED_MANUAL_REVIEW_EVIDENCE,UNREVIEWED_IS_NOT_CODED_ZERO
ICJ-151-2011-07-18||GA_FORMAL_VOTE::GAV|720380,ICJ-151-2011-07-18,151,2011-12-09,144,GA_FORMAL_VOTE,A/66/PV.81,0,0,0,NO_PRESERVED_MANUAL_REVIEW_EVIDENCE,UNREVIEWED_IS_NOT_CODED_ZERO
ICJ-151-2011-07-18||SC_MEETING::SCM|S/PV.6680,ICJ-151-2011-07-18,151,2011-12-13,148,SC_MEETING,S/PV.6680,0,0,0,NO_PRESERVED_MANUAL_REVIEW_EVIDENCE,UNREVIEWED_IS_NOT_CODED_ZERO
ICJ-151-2011-07-18||SC_MEETING::SCM|S/PV.6681,ICJ-151-2011-07-18,151,2011-12-13,148,SC_MEETING,S/PV.6681,0,0,0,NO_PRESERVED_MANUAL_REVIEW_EVIDENCE,UNREVIEWED_IS_NOT_CODED_ZERO
ICJ-151-2011-07-18||SC_MEETING::SCM|S/PV.6682,ICJ-151-2011-07-18,151,2011-12-13,148,SC_MEETING,S/PV.6682,0,1,1,PUBLISHED_RECALL_REVIEW_REPORTED_CANDIDATE_ID_RECONSTRUCTED,REVIEW_EVIDENCE_PRESENT
ICJ-151-2011-07-18||SC_FORMAL_VOTE::SCV|1327,ICJ-151-2011-07-18,151,2011-12-14,149,SC_FORMAL_VOTE,S/PV.6683,0,0,0,NO_PRESERVED_MANUAL_REVIEW_EVIDENCE,UNREVIEWED_IS_NOT_CODED_ZERO
ICJ-151-2011-07-18||SC_FORMAL_VOTE::SCV|1328,ICJ-151-2011-07-18,151,2011-12-14,149,SC_FORMAL_VOTE,S/PV.6684,0,0,0,NO_PRESERVED_MANUAL_REVIEW_EVIDENCE,UNREVIEWED_IS_NOT_CODED_ZERO
ICJ-151-2011-07-18||SC_FORMAL_VOTE::SCV|1329,ICJ-151-2011-07-18,151,2011-12-14,149,SC_FORMAL_VOTE,S/PV.6685,0,0,0,NO_PRESERVED_MANUAL_REVIEW_EVIDENCE,UNREVIEWED_IS_NOT_CODED_ZERO
ICJ-151-2011-07-18||SC_MEETING::SCM|S/PV.6683,ICJ-151-2011-07-18,151,2011-12-14,149,SC_MEETING,S/PV.6683,0,0,0,NO_PRESERVED_MANUAL_REVIEW_EVIDENCE,UNREVIEWED_IS_NOT_CODED_ZERO
ICJ-151-2011-07-18||SC_MEETING::SCM|S/PV.6684,ICJ-151-2011-07-18,151,2011-12-14,149,SC_MEETING,S/PV.6684,0,0,0,NO_PRESERVED_MANUAL_REVIEW_EVIDENCE,UNREVIEWED_IS_NOT_CODED_ZERO
ICJ-151-2011-07-18||SC_MEETING::SCM|S/PV.6685,ICJ-151-2011-07-18,151,2011-12-14,149,SC_MEETING,S/PV.6685,0,0,0,NO_PRESERVED_MANUAL_REVIEW_EVIDENCE,UNREVIEWED_IS_NOT_CODED_ZERO
ICJ-151-2011-07-18||SC_MEETING::SCM|S/PV.6686,ICJ-151-2011-07-18,151,2011-12-14,149,SC_MEETING,S/PV.6686,0,0,0,NO_PRESERVED_MANUAL_REVIEW_EVIDENCE,UNREVIEWED_IS_NOT_CODED_ZERO
ICJ-151-2011-07-18||SC_MEETING::SCM|S/PV.6687,ICJ-151-2011-07-18,151,2011-12-14,149,SC_MEETING,S/PV.6687,0,0,0,NO_PRESERVED_MANUAL_REVIEW_EVIDENCE,UNREVIEWED_IS_NOT_CODED_ZERO
ICJ-151-2011-07-18||SC_MEETING::SCM|S/PV.6688,ICJ-151-2011-07-18,151,2011-12-15,150,SC_MEETING,S/PV.6688,0,0,0,NO_PRESERVED_MANUAL_REVIEW_EVIDENCE,UNREVIEWED_IS_NOT_CODED_ZERO
ICJ-151-2011-07-18||SC_MEETING::SCM|S/PV.6689,ICJ-151-2011-07-18,151,2011-12-15,150,SC_MEETING,S/PV.6689,0,0,0,NO_PRESERVED_MANUAL_REVIEW_EVIDENCE,UNREVIEWED_IS_NOT_CODED_ZERO
ICJ-151-2011-07-18||GA_FORMAL_VOTE::GAV|721356,ICJ-151-2011-07-18,151,2011-12-19,154,GA_FORMAL_VOTE,A/66/PV.89,0,0,0,NO_PRESERVED_MANUAL_REVIEW_EVIDENCE,UNREVIEWED_IS_NOT_CODED_ZERO
ICJ-151-2011-07-18||GA_FORMAL_VOTE::GAV|721456,ICJ-151-2011-07-18,151,2011-12-19,154,GA_FORMAL_VOTE,A/66/PV.89,0,0,0,NO_PRESERVED_MANUAL_REVIEW_EVIDENCE,UNREVIEWED_IS_NOT_CODED_ZERO
ICJ-151-2011-07-18||GA_FORMAL_VOTE::GAV|722846,ICJ-151-2011-07-18,151,2011-12-19,154,GA_FORMAL_VOTE,A/66/PV.89,0,0,0,NO_PRESERVED_MANUAL_REVIEW_EVIDENCE,UNREVIEWED_IS_NOT_CODED_ZERO
ICJ-151-2011-07-18||GA_FORMAL_VOTE::GAV|723989,ICJ-151-2011-07-18,151,2011-12-19,154,GA_FORMAL_VOTE,A/66/PV.89,0,0,0,NO_PRESERVED_MANUAL_REVIEW_EVIDENCE,UNREVIEWED_IS_NOT_CODED_ZERO
ICJ-151-2011-07-18||GA_FORMAL_VOTE::GAV|723993,ICJ-151-2011-07-18,151,2011-12-19,154,GA_FORMAL_VOTE,A/66/PV.89,0,0,0,NO_PRESERVED_MANUAL_REVIEW_EVIDENCE,UNREVIEWED_IS_NOT_CODED_ZERO
ICJ-151-2011-07-18||GA_FORMAL_VOTE::GAV|723996,ICJ-151-2011-07-18,151,2011-12-19,154,GA_FORMAL_VOTE,A/66/PV.89,0,0,0,NO_PRESERVED_MANUAL_REVIEW_EVIDENCE,UNREVIEWED_IS_NOT_CODED_ZERO
ICJ-151-2011-07-18||GA_FORMAL_VOTE::GAV|724004,ICJ-151-2011-07-18,151,2011-12-19,154,GA_FORMAL_VOTE,A/66/PV.89,0,0,0,NO_PRESERVED_MANUAL_REVIEW_EVIDENCE,UNREVIEWED_IS_NOT_CODED_ZERO
ICJ-151-2011-07-18||GA_FORMAL_VOTE::GAV|724243,ICJ-151-2011-07-18,151,2011-12-19,154,GA_FORMAL_VOTE,A/66/PV.89,0,0,0,NO_PRESERVED_MANUAL_REVIEW_EVIDENCE,UNREVIEWED_IS_NOT_CODED_ZERO
ICJ-151-2011-07-18||GA_FORMAL_VOTE::GAV|724245,ICJ-151-2011-07-18,151,2011-12-19,154,GA_FORMAL_VOTE,A/66/PV.89,0,0,0,NO_PRESERVED_MANUAL_REVIEW_EVIDENCE,UNREVIEWED_IS_NOT_CODED_ZERO
ICJ-151-2011-07-18||GA_FORMAL_VOTE::GAV|724279,ICJ-151-2011-07-18,151,2011-12-19,154,GA_FORMAL_VOTE,A/66/PV.89,0,0,0,NO_PRESERVED_MANUAL_REVIEW_EVIDENCE,UNREVIEWED_IS_NOT_CODED_ZERO
ICJ-151-2011-07-18||GA_FORMAL_VOTE::GAV|724410,ICJ-151-2011-07-18,151,2011-12-19,154,GA_FORMAL_VOTE,A/66/PV.89,0,0,0,NO_PRESERVED_MANUAL_REVIEW_EVIDENCE,UNREVIEWED_IS_NOT_CODED_ZERO
ICJ-151-2011-07-18||GA_FORMAL_VOTE::GAV|724411,ICJ-151-2011-07-18,151,2011-12-19,154,GA_FORMAL_VOTE,A/66/PV.89,0,0,0,NO_PRESERVED_MANUAL_REVIEW_EVIDENCE,UNREVIEWED_IS_NOT_CODED_ZERO
ICJ-151-2011-07-18||GA_FORMAL_VOTE::GAV|724459,ICJ-151-2011-07-18,151,2011-12-19,154,GA_FORMAL_VOTE,A/66/PV.89,0,0,0,NO_PRESERVED_MANUAL_REVIEW_EVIDENCE,UNREVIEWED_IS_NOT_CODED_ZERO
ICJ-151-2011-07-18||GA_FORMAL_VOTE::GAV|724615,ICJ-151-2011-07-18,151,2011-12-19,154,GA_FORMAL_VOTE,A/66/PV.89,0,0,0,NO_PRESERVED_MANUAL_REVIEW_EVIDENCE,UNREVIEWED_IS_NOT_CODED_ZERO
ICJ-151-2011-07-18||SC_MEETING::SCM|S/PV.6690,ICJ-151-2011-07-18,151,2011-12-19,154,SC_MEETING,S/PV.6690,0,0,0,NO_PRESERVED_MANUAL_REVIEW_EVIDENCE,UNREVIEWED_IS_NOT_CODED_ZERO
ICJ-151-2011-07-18||SC_FORMAL_VOTE::SCV|1330,ICJ-151-2011-07-18,151,2011-12-20,155,SC_FORMAL_VOTE,S/PV.6691,0,0,0,NO_PRESERVED_MANUAL_REVIEW_EVIDENCE,UNREVIEWED_IS_NOT_CODED_ZERO
ICJ-151-2011-07-18||SC_MEETING::SCM|S/PV.6691,ICJ-151-2011-07-18,151,2011-12-20,155,SC_MEETING,S/PV.6691,0,0,0,NO_PRESERVED_MANUAL_REVIEW_EVIDENCE,UNREVIEWED_IS_NOT_CODED_ZERO
ICJ-151-2011-07-18||SC_MEETING::SCM|S/PV.6692,ICJ-151-2011-07-18,151,2011-12-20,155,SC_MEETING,S/PV.6692,0,0,0,NO_PRESERVED_MANUAL_REVIEW_EVIDENCE,UNREVIEWED_IS_NOT_CODED_ZERO
ICJ-151-2011-07-18||SC_FORMAL_VOTE::SCV|1331,ICJ-151-2011-07-18,151,2011-12-21,156,SC_FORMAL_VOTE,S/PV.6693,0,0,0,NO_PRESERVED_MANUAL_REVIEW_EVIDENCE,UNREVIEWED_IS_NOT_CODED_ZERO
ICJ-151-2011-07-18||SC_FORMAL_VOTE::SCV|1332,ICJ-151-2011-07-18,151,2011-12-21,156,SC_FORMAL_VOTE,S/PV.6694,0,0,0,NO_PRESERVED_MANUAL_REVIEW_EVIDENCE,UNREVIEWED_IS_NOT_CODED_ZERO
ICJ-151-2011-07-18||SC_FORMAL_VOTE::SCV|1333,ICJ-151-2011-07-18,151,2011-12-21,156,SC_FORMAL_VOTE,S/PV.6695,0,0,0,NO_PRESERVED_MANUAL_REVIEW_EVIDENCE,UNREVIEWED_IS_NOT_CODED_ZERO
ICJ-151-2011-07-18||SC_FORMAL_VOTE::SCV|1334,ICJ-151-2011-07-18,151,2011-12-21,156,SC_FORMAL_VOTE,S/PV.6696,0,0,0,NO_PRESERVED_MANUAL_REVIEW_EVIDENCE,UNREVIEWED_IS_NOT_CODED_ZERO
ICJ-151-2011-07-18||SC_MEETING::SCM|S/PV.6693,ICJ-151-2011-07-18,151,2011-12-21,156,SC_MEETING,S/PV.6693,0,0,0,NO_PRESERVED_MANUAL_REVIEW_EVIDENCE,UNREVIEWED_IS_NOT_CODED_ZERO
ICJ-151-2011-07-18||SC_MEETING::SCM|S/PV.6694,ICJ-151-2011-07-18,151,2011-12-21,156,SC_MEETING,S/PV.6694,0,0,0,NO_PRESERVED_MANUAL_REVIEW_EVIDENCE,UNREVIEWED_IS_NOT_CODED_ZERO
ICJ-151-2011-07-18||SC_MEETING::SCM|S/PV.6695,ICJ-151-2011-07-18,151,2011-12-21,156,SC_MEETING,S/PV.6695,0,0,0,NO_PRESERVED_MANUAL_REVIEW_EVIDENCE,UNREVIEWED_IS_NOT_CODED_ZERO
ICJ-151-2011-07-18||SC_MEETING::SCM|S/PV.6696,ICJ-151-2011-07-18,151,2011-12-21,156,SC_MEETING,S/PV.6696,0,0,0,NO_PRESERVED_MANUAL_REVIEW_EVIDENCE,UNREVIEWED_IS_NOT_CODED_ZERO
ICJ-151-2011-07-18||SC_MEETING::SCM|S/PV.6697,ICJ-151-2011-07-18,151,2011-12-21,156,SC_MEETING,S/PV.6697,0,0,0,NO_PRESERVED_MANUAL_REVIEW_EVIDENCE,UNREVIEWED_IS_NOT_CODED_ZERO
ICJ-151-2011-07-18||GA_FORMAL_VOTE::GAV|721485,ICJ-151-2011-07-18,151,2011-12-22,157,GA_FORMAL_VOTE,A/66/PV.91,0,0,0,NO_PRESERVED_MANUAL_REVIEW_EVIDENCE,UNREVIEWED_IS_NOT_CODED_ZERO
ICJ-151-2011-07-18||GA_FORMAL_VOTE::GAV|721707,ICJ-151-2011-07-18,151,2011-12-22,157,GA_FORMAL_VOTE,A/66/PV.91,0,0,0,NO_PRESERVED_MANUAL_REVIEW_EVIDENCE,UNREVIEWED_IS_NOT_CODED_ZERO
ICJ-151-2011-07-18||GA_FORMAL_VOTE::GAV|722029,ICJ-151-2011-07-18,151,2011-12-22,157,GA_FORMAL_VOTE,A/66/PV.91,0,0,0,NO_PRESERVED_MANUAL_REVIEW_EVIDENCE,UNREVIEWED_IS_NOT_CODED_ZERO
ICJ-151-2011-07-18||GA_FORMAL_VOTE::GAV|724283,ICJ-151-2011-07-18,151,2011-12-22,157,GA_FORMAL_VOTE,A/66/PV.91,0,0,0,NO_PRESERVED_MANUAL_REVIEW_EVIDENCE,UNREVIEWED_IS_NOT_CODED_ZERO
ICJ-151-2011-07-18||SC_FORMAL_VOTE::SCV|1335,ICJ-151-2011-07-18,151,2011-12-22,157,SC_FORMAL_VOTE,S/PV.6699,0,0,0,NO_PRESERVED_MANUAL_REVIEW_EVIDENCE,UNREVIEWED_IS_NOT_CODED_ZERO
ICJ-151-2011-07-18||SC_MEETING::SCM|S/PV.6698,ICJ-151-2011-07-18,151,2011-12-22,157,SC_MEETING,S/PV.6698,0,0,0,NO_PRESERVED_MANUAL_REVIEW_EVIDENCE,UNREVIEWED_IS_NOT_CODED_ZERO
ICJ-151-2011-07-18||SC_MEETING::SCM|S/PV.6699,ICJ-151-2011-07-18,151,2011-12-22,157,SC_MEETING,S/PV.6699,0,0,0,NO_PRESERVED_MANUAL_REVIEW_EVIDENCE,UNREVIEWED_IS_NOT_CODED_ZERO
ICJ-151-2011-07-18||GA_FORMAL_VOTE::GAV|724755,ICJ-151-2011-07-18,151,2011-12-24,159,GA_FORMAL_VOTE,A/66/PV.93,0,0,0,NO_PRESERVED_MANUAL_REVIEW_EVIDENCE,UNREVIEWED_IS_NOT_CODED_ZERO
ICJ-151-2011-07-18||GA_FORMAL_VOTE::GAV|724807,ICJ-151-2011-07-18,151,2011-12-24,159,GA_FORMAL_VOTE,A/66/PV.93,0,0,0,NO_PRESERVED_MANUAL_REVIEW_EVIDENCE,UNREVIEWED_IS_NOT_CODED_ZERO
ICJ-151-2011-07-18||SC_MEETING::SCM|S/PV.6700,ICJ-151-2011-07-18,151,2012-01-11,177,SC_MEETING,S/PV.6700,0,0,0,NO_PRESERVED_MANUAL_REVIEW_EVIDENCE,UNREVIEWED_IS_NOT_CODED_ZERO
ICJ-151-2011-07-18||SC_MEETING::SCM|S/PV.6701,ICJ-151-2011-07-18,151,2012-01-11,177,SC_MEETING,S/PV.6701,0,0,0,NO_PRESERVED_MANUAL_REVIEW_EVIDENCE,UNREVIEWED_IS_NOT_CODED_ZERO
ICJ-151-2011-07-18||SC_MEETING::SCM|S/PV.6702,ICJ-151-2011-07-18,151,2012-01-12,178,SC_MEETING,S/PV.6702,0,0,0,NO_PRESERVED_MANUAL_REVIEW_EVIDENCE,UNREVIEWED_IS_NOT_CODED_ZERO
ICJ-151-2011-07-18||SC_MEETING::SCM|S/PV.6702(Resumption1),ICJ-151-2011-07-18,151,2012-01-12,178,SC_MEETING,S/PV.6702(Resumption1),0,0,0,NO_PRESERVED_MANUAL_REVIEW_EVIDENCE,UNREVIEWED_IS_NOT_CODED_ZERO
ICJ-151-2011-07-18||SC_FORMAL_VOTE::SCV|1336,ICJ-151-2011-07-18,151,2012-01-13,179,SC_FORMAL_VOTE,S/PV.6702,0,0,0,NO_PRESERVED_MANUAL_REVIEW_EVIDENCE,UNREVIEWED_IS_NOT_CODED_ZERO
ICJ-156-2014-03-03||SC_MEETING::SCM|S/PV.7125,ICJ-156-2014-03-03,156,2014-03-03,0,SC_MEETING,S/PV.7125,0,0,0,NO_PRESERVED_MANUAL_REVIEW_EVIDENCE,UNREVIEWED_IS_NOT_CODED_ZERO
ICJ-156-2014-03-03||SC_FORMAL_VOTE::SCV|1447,ICJ-156-2014-03-03,156,2014-03-05,2,SC_FORMAL_VOTE,S/PV.7126,0,0,0,NO_PRESERVED_MANUAL_REVIEW_EVIDENCE,UNREVIEWED_IS_NOT_CODED_ZERO
ICJ-156-2014-03-03||SC_FORMAL_VOTE::SCV|1448,ICJ-156-2014-03-03,156,2014-03-05,2,SC_FORMAL_VOTE,S/PV.7127,0,0,0,NO_PRESERVED_MANUAL_REVIEW_EVIDENCE,UNREVIEWED_IS_NOT_CODED_ZERO
ICJ-156-2014-03-03||SC_MEETING::SCM|S/PV.7126,ICJ-156-2014-03-03,156,2014-03-05,2,SC_MEETING,S/PV.7126,0,0,0,NO_PRESERVED_MANUAL_REVIEW_EVIDENCE,UNREVIEWED_IS_NOT_CODED_ZERO
ICJ-156-2014-03-03||SC_MEETING::SCM|S/PV.7127,ICJ-156-2014-03-03,156,2014-03-05,2,SC_MEETING,S/PV.7127,0,0,0,NO_PRESERVED_MANUAL_REVIEW_EVIDENCE,UNREVIEWED_IS_NOT_CODED_ZERO
ICJ-156-2014-03-03||SC_MEETING::SCM|S/PV.7128,ICJ-156-2014-03-03,156,2014-03-06,3,SC_MEETING,S/PV.7128,0,0,0,NO_PRESERVED_MANUAL_REVIEW_EVIDENCE,UNREVIEWED_IS_NOT_CODED_ZERO
ICJ-156-2014-03-03||SC_FORMAL_VOTE::SCV|1449,ICJ-156-2014-03-03,156,2014-03-07,4,SC_FORMAL_VOTE,S/PV.7129,0,0,0,NO_PRESERVED_MANUAL_REVIEW_EVIDENCE,UNREVIEWED_IS_NOT_CODED_ZERO
ICJ-156-2014-03-03||SC_MEETING::SCM|S/PV.7129,ICJ-156-2014-03-03,156,2014-03-07,4,SC_MEETING,S/PV.7129,0,0,0,NO_PRESERVED_MANUAL_REVIEW_EVIDENCE,UNREVIEWED_IS_NOT_CODED_ZERO
ICJ-156-2014-03-03||SC_MEETING::SCM|S/PV.7130,ICJ-156-2014-03-03,156,2014-03-10,7,SC_MEETING,S/PV.7130,0,0,0,NO_PRESERVED_MANUAL_REVIEW_EVIDENCE,UNREVIEWED_IS_NOT_CODED_ZERO
ICJ-156-2014-03-03||SC_MEETING::SCM|S/PV.7131,ICJ-156-2014-03-03,156,2014-03-10,7,SC_MEETING,S/PV.7131,0,0,0,NO_PRESERVED_MANUAL_REVIEW_EVIDENCE,UNREVIEWED_IS_NOT_CODED_ZERO
ICJ-156-2014-03-03||SC_MEETING::SCM|S/PV.7132,ICJ-156-2014-03-03,156,2014-03-11,8,SC_MEETING,S/PV.7132,0,0,0,NO_PRESERVED_MANUAL_REVIEW_EVIDENCE,UNREVIEWED_IS_NOT_CODED_ZERO
ICJ-156-2014-03-03||SC_MEETING::SCM|S/PV.7133,ICJ-156-2014-03-03,156,2014-03-12,9,SC_MEETING,S/PV.7133,0,0,0,NO_PRESERVED_MANUAL_REVIEW_EVIDENCE,UNREVIEWED_IS_NOT_CODED_ZERO
ICJ-156-2014-03-03||SC_MEETING::SCM|S/PV.7134,ICJ-156-2014-03-03,156,2014-03-13,10,SC_MEETING,S/PV.7134,0,0,0,NO_PRESERVED_MANUAL_REVIEW_EVIDENCE,UNREVIEWED_IS_NOT_CODED_ZERO
ICJ-156-2014-03-03||SC_FORMAL_VOTE::SCV|1450,ICJ-156-2014-03-03,156,2014-03-14,11,SC_FORMAL_VOTE,S/PV.7136,0,0,0,NO_PRESERVED_MANUAL_REVIEW_EVIDENCE,UNREVIEWED_IS_NOT_CODED_ZERO
ICJ-156-2014-03-03||SC_MEETING::SCM|S/PV.7135,ICJ-156-2014-03-03,156,2014-03-14,11,SC_MEETING,S/PV.7135,0,0,0,NO_PRESERVED_MANUAL_REVIEW_EVIDENCE,UNREVIEWED_IS_NOT_CODED_ZERO
ICJ-156-2014-03-03||SC_MEETING::SCM|S/PV.7136,ICJ-156-2014-03-03,156,2014-03-14,11,SC_MEETING,S/PV.7136,0,0,0,NO_PRESERVED_MANUAL_REVIEW_EVIDENCE,UNREVIEWED_IS_NOT_CODED_ZERO
ICJ-156-2014-03-03||SC_MEETING::SCM|S/PV.7137,ICJ-156-2014-03-03,156,2014-03-14,11,SC_MEETING,S/PV.7137,0,0,0,NO_PRESERVED_MANUAL_REVIEW_EVIDENCE,UNREVIEWED_IS_NOT_CODED_ZERO
ICJ-156-2014-03-03||SC_FORMAL_VOTE::SCV|1451,ICJ-156-2014-03-03,156,2014-03-15,12,SC_FORMAL_VOTE,S/PV.7138,0,0,0,NO_PRESERVED_MANUAL_REVIEW_EVIDENCE,UNREVIEWED_IS_NOT_CODED_ZERO
ICJ-156-2014-03-03||SC_MEETING::SCM|S/PV.7138,ICJ-156-2014-03-03,156,2014-03-15,12,SC_MEETING,S/PV.7138,0,0,0,NO_PRESERVED_MANUAL_REVIEW_EVIDENCE,UNREVIEWED_IS_NOT_CODED_ZERO
ICJ-156-2014-03-03||SC_FORMAL_VOTE::SCV|1452,ICJ-156-2014-03-03,156,2014-03-17,14,SC_FORMAL_VOTE,S/PV.7139,0,0,0,NO_PRESERVED_MANUAL_REVIEW_EVIDENCE,UNREVIEWED_IS_NOT_CODED_ZERO
ICJ-156-2014-03-03||SC_MEETING::SCM|S/PV.7139,ICJ-156-2014-03-03,156,2014-03-17,14,SC_MEETING,S/PV.7139,0,0,0,NO_PRESERVED_MANUAL_REVIEW_EVIDENCE,UNREVIEWED_IS_NOT_CODED_ZERO
ICJ-156-2014-03-03||SC_MEETING::SCM|S/PV.7140,ICJ-156-2014-03-03,156,2014-03-18,15,SC_MEETING,S/PV.7140,0,0,0,NO_PRESERVED_MANUAL_REVIEW_EVIDENCE,UNREVIEWED_IS_NOT_CODED_ZERO
ICJ-156-2014-03-03||SC_MEETING::SCM|S/PV.7141,ICJ-156-2014-03-03,156,2014-03-18,15,SC_MEETING,S/PV.7141,0,0,0,NO_PRESERVED_MANUAL_REVIEW_EVIDENCE,UNREVIEWED_IS_NOT_CODED_ZERO
ICJ-156-2014-03-03||SC_FORMAL_VOTE::SCV|1453,ICJ-156-2014-03-03,156,2014-03-19,16,SC_FORMAL_VOTE,S/PV.7142,0,0,0,NO_PRESERVED_MANUAL_REVIEW_EVIDENCE,UNREVIEWED_IS_NOT_CODED_ZERO
ICJ-156-2014-03-03||SC_MEETING::SCM|S/PV.7142,ICJ-156-2014-03-03,156,2014-03-19,16,SC_MEETING,S/PV.7142,0,0,0,NO_PRESERVED_MANUAL_REVIEW_EVIDENCE,UNREVIEWED_IS_NOT_CODED_ZERO
ICJ-156-2014-03-03||SC_MEETING::SCM|S/PV.7143,ICJ-156-2014-03-03,156,2014-03-19,16,SC_MEETING,S/PV.7143,0,0,0,NO_PRESERVED_MANUAL_REVIEW_EVIDENCE,UNREVIEWED_IS_NOT_CODED_ZERO
ICJ-156-2014-03-03||SC_MEETING::SCM|S/PV.7144,ICJ-156-2014-03-03,156,2014-03-19,16,SC_MEETING,S/PV.7144,0,0,0,NO_PRESERVED_MANUAL_REVIEW_EVIDENCE,UNREVIEWED_IS_NOT_CODED_ZERO
ICJ-156-2014-03-03||SC_MEETING::SCM|S/PV.7145,ICJ-156-2014-03-03,156,2014-03-20,17,SC_MEETING,S/PV.7145,0,0,0,NO_PRESERVED_MANUAL_REVIEW_EVIDENCE,UNREVIEWED_IS_NOT_CODED_ZERO
ICJ-156-2014-03-03||SC_MEETING::SCM|S/PV.7146,ICJ-156-2014-03-03,156,2014-03-20,17,SC_MEETING,S/PV.7146,0,0,0,NO_PRESERVED_MANUAL_REVIEW_EVIDENCE,UNREVIEWED_IS_NOT_CODED_ZERO
ICJ-156-2014-03-03||SC_MEETING::SCM|S/PV.7147,ICJ-156-2014-03-03,156,2014-03-24,21,SC_MEETING,S/PV.7147,0,0,0,NO_PRESERVED_MANUAL_REVIEW_EVIDENCE,UNREVIEWED_IS_NOT_CODED_ZERO
ICJ-156-2014-03-03||SC_MEETING::SCM|S/PV.7148,ICJ-156-2014-03-03,156,2014-03-26,23,SC_MEETING,S/PV.7148,0,0,0,NO_PRESERVED_MANUAL_REVIEW_EVIDENCE,UNREVIEWED_IS_NOT_CODED_ZERO
ICJ-156-2014-03-03||GA_FORMAL_VOTE::GAV|767565,ICJ-156-2014-03-03,156,2014-03-27,24,GA_FORMAL_VOTE,A/68/PV.80,0,0,0,NO_PRESERVED_MANUAL_REVIEW_EVIDENCE,UNREVIEWED_IS_NOT_CODED_ZERO
ICJ-156-2014-03-03||SC_MEETING::SCM|S/PV.7149,ICJ-156-2014-03-03,156,2014-03-27,24,SC_MEETING,S/PV.7149,0,0,0,NO_PRESERVED_MANUAL_REVIEW_EVIDENCE,UNREVIEWED_IS_NOT_CODED_ZERO
ICJ-156-2014-03-03||SC_FORMAL_VOTE::SCV|1454,ICJ-156-2014-03-03,156,2014-03-28,25,SC_FORMAL_VOTE,S/PV.7150,0,0,0,NO_PRESERVED_MANUAL_REVIEW_EVIDENCE,UNREVIEWED_IS_NOT_CODED_ZERO
ICJ-156-2014-03-03||SC_MEETING::SCM|S/PV.7150,ICJ-156-2014-03-03,156,2014-03-28,25,SC_MEETING,S/PV.7150,0,0,0,NO_PRESERVED_MANUAL_REVIEW_EVIDENCE,UNREVIEWED_IS_NOT_CODED_ZERO
ICJ-156-2014-03-03||SC_MEETING::SCM|S/PV.7151,ICJ-156-2014-03-03,156,2014-03-31,28,SC_MEETING,S/PV.7151,0,0,0,NO_PRESERVED_MANUAL_REVIEW_EVIDENCE,UNREVIEWED_IS_NOT_CODED_ZERO
ICJ-156-2014-03-03||SC_FORMAL_VOTE::SCV|1455,ICJ-156-2014-03-03,156,2014-04-03,31,SC_FORMAL_VOTE,S/PV.7152,0,0,0,NO_PRESERVED_MANUAL_REVIEW_EVIDENCE,UNREVIEWED_IS_NOT_CODED_ZERO
ICJ-156-2014-03-03||SC_MEETING::SCM|S/PV.7152,ICJ-156-2014-03-03,156,2014-04-03,31,SC_MEETING,S/PV.7152,0,0,0,NO_PRESERVED_MANUAL_REVIEW_EVIDENCE,UNREVIEWED_IS_NOT_CODED_ZERO
ICJ-156-2014-03-03||SC_FORMAL_VOTE::SCV|1456,ICJ-156-2014-03-03,156,2014-04-10,38,SC_FORMAL_VOTE,S/PV.7153,0,0,0,NO_PRESERVED_MANUAL_REVIEW_EVIDENCE,UNREVIEWED_IS_NOT_CODED_ZERO
ICJ-156-2014-03-03||SC_MEETING::SCM|S/PV.7153,ICJ-156-2014-03-03,156,2014-04-10,38,SC_MEETING,S/PV.7153,0,0,0,NO_PRESERVED_MANUAL_REVIEW_EVIDENCE,UNREVIEWED_IS_NOT_CODED_ZERO
ICJ-156-2014-03-03||SC_MEETING::SCM|S/PV.7154,ICJ-156-2014-03-03,156,2014-04-13,41,SC_MEETING,S/PV.7154,0,0,0,NO_PRESERVED_MANUAL_REVIEW_EVIDENCE,UNREVIEWED_IS_NOT_CODED_ZERO
ICJ-156-2014-03-03||SC_FORMAL_VOTE::SCV|1457,ICJ-156-2014-03-03,156,2014-04-16,44,SC_FORMAL_VOTE,S/PV.7155,0,0,0,NO_PRESERVED_MANUAL_REVIEW_EVIDENCE,UNREVIEWED_IS_NOT_CODED_ZERO
ICJ-156-2014-03-03||SC_MEETING::SCM|S/PV.7155,ICJ-156-2014-03-03,156,2014-04-16,44,SC_MEETING,S/PV.7155,0,0,0,NO_PRESERVED_MANUAL_REVIEW_EVIDENCE,UNREVIEWED_IS_NOT_CODED_ZERO
ICJ-156-2014-03-03||SC_MEETING::SCM|S/PV.7156,ICJ-156-2014-03-03,156,2014-04-16,44,SC_MEETING,S/PV.7156,0,0,0,NO_PRESERVED_MANUAL_REVIEW_EVIDENCE,UNREVIEWED_IS_NOT_CODED_ZERO
ICJ-156-2014-03-03||SC_MEETING::SCM|S/PV.7157,ICJ-156-2014-03-03,156,2014-04-16,44,SC_MEETING,S/PV.7157,0,0,0,NO_PRESERVED_MANUAL_REVIEW_EVIDENCE,UNREVIEWED_IS_NOT_CODED_ZERO
ICJ-156-2014-03-03||SC_MEETING::SCM|S/PV.7158,ICJ-156-2014-03-03,156,2014-04-23,51,SC_MEETING,S/PV.7158,0,0,0,NO_PRESERVED_MANUAL_REVIEW_EVIDENCE,UNREVIEWED_IS_NOT_CODED_ZERO
ICJ-156-2014-03-03||SC_MEETING::SCM|S/PV.7159,ICJ-156-2014-03-03,156,2014-04-24,52,SC_MEETING,S/PV.7159,0,0,0,NO_PRESERVED_MANUAL_REVIEW_EVIDENCE,UNREVIEWED_IS_NOT_CODED_ZERO
ICJ-156-2014-03-03||SC_MEETING::SCM|S/PV.7160,ICJ-156-2014-03-03,156,2014-04-25,53,SC_MEETING,S/PV.7160,0,0,0,NO_PRESERVED_MANUAL_REVIEW_EVIDENCE,UNREVIEWED_IS_NOT_CODED_ZERO
ICJ-156-2014-03-03||SC_FORMAL_VOTE::SCV|1458,ICJ-156-2014-03-03,156,2014-04-28,56,SC_FORMAL_VOTE,S/PV.7161,0,0,0,NO_PRESERVED_MANUAL_REVIEW_EVIDENCE,UNREVIEWED_IS_NOT_CODED_ZERO
ICJ-156-2014-03-03||SC_MEETING::SCM|S/PV.7161,ICJ-156-2014-03-03,156,2014-04-28,56,SC_MEETING,S/PV.7161,0,0,0,NO_PRESERVED_MANUAL_REVIEW_EVIDENCE,UNREVIEWED_IS_NOT_CODED_ZERO
ICJ-156-2014-03-03||SC_MEETING::SCM|S/PV.7161 (Resumption 1),ICJ-156-2014-03-03,156,2014-04-28,56,SC_MEETING,S/PV.7161 (Resumption 1),0,0,0,NO_PRESERVED_MANUAL_REVIEW_EVIDENCE,UNREVIEWED_IS_NOT_CODED_ZERO
ICJ-156-2014-03-03||SC_FORMAL_VOTE::SCV|1459,ICJ-156-2014-03-03,156,2014-04-29,57,SC_FORMAL_VOTE,S/PV.7162,0,0,0,NO_PRESERVED_MANUAL_REVIEW_EVIDENCE,UNREVIEWED_IS_NOT_CODED_ZERO
ICJ-156-2014-03-03||SC_FORMAL_VOTE::SCV|1460,ICJ-156-2014-03-03,156,2014-04-29,57,SC_FORMAL_VOTE,S/PV.7163,0,0,0,NO_PRESERVED_MANUAL_REVIEW_EVIDENCE,UNREVIEWED_IS_NOT_CODED_ZERO
ICJ-156-2014-03-03||SC_MEETING::SCM|S/PV.7162,ICJ-156-2014-03-03,156,2014-04-29,57,SC_MEETING,S/PV.7162,0,0,0,NO_PRESERVED_MANUAL_REVIEW_EVIDENCE,UNREVIEWED_IS_NOT_CODED_ZERO
ICJ-156-2014-03-03||SC_MEETING::SCM|S/PV.7163,ICJ-156-2014-03-03,156,2014-04-29,57,SC_MEETING,S/PV.7163,0,0,0,NO_PRESERVED_MANUAL_REVIEW_EVIDENCE,UNREVIEWED_IS_NOT_CODED_ZERO
ICJ-156-2014-03-03||SC_MEETING::SCM|S/PV.7164,ICJ-156-2014-03-03,156,2014-04-29,57,SC_MEETING,S/PV.7164,0,0,0,NO_PRESERVED_MANUAL_REVIEW_EVIDENCE,UNREVIEWED_IS_NOT_CODED_ZERO
ICJ-156-2014-03-03||SC_MEETING::SCM|S/PV.7165,ICJ-156-2014-03-03,156,2014-04-29,57,SC_MEETING,S/PV.7165,0,0,0,NO_PRESERVED_MANUAL_REVIEW_EVIDENCE,UNREVIEWED_IS_NOT_CODED_ZERO
ICJ-156-2014-03-03||SC_MEETING::SCM|S/PV.7166,ICJ-156-2014-03-03,156,2014-04-30,58,SC_MEETING,S/PV.7166,0,0,0,NO_PRESERVED_MANUAL_REVIEW_EVIDENCE,UNREVIEWED_IS_NOT_CODED_ZERO
ICJ-156-2014-03-03||SC_MEETING::SCM|S/PV.7167,ICJ-156-2014-03-03,156,2014-05-02,60,SC_MEETING,S/PV.7167,0,0,0,NO_PRESERVED_MANUAL_REVIEW_EVIDENCE,UNREVIEWED_IS_NOT_CODED_ZERO
ICJ-156-2014-03-03||SC_MEETING::SCM|S/PV.7168,ICJ-156-2014-03-03,156,2014-05-02,60,SC_MEETING,S/PV.7168,0,0,0,NO_PRESERVED_MANUAL_REVIEW_EVIDENCE,UNREVIEWED_IS_NOT_CODED_ZERO
ICJ-156-2014-03-03||SC_MEETING::SCM|S/PV.7169,ICJ-156-2014-03-03,156,2014-05-07,65,SC_MEETING,S/PV.7169,0,0,0,NO_PRESERVED_MANUAL_REVIEW_EVIDENCE,UNREVIEWED_IS_NOT_CODED_ZERO
ICJ-156-2014-03-03||SC_FORMAL_VOTE::SCV|1461,ICJ-156-2014-03-03,156,2014-05-08,66,SC_FORMAL_VOTE,S/PV.7170,0,0,0,NO_PRESERVED_MANUAL_REVIEW_EVIDENCE,UNREVIEWED_IS_NOT_CODED_ZERO
ICJ-156-2014-03-03||SC_MEETING::SCM|S/PV.7170,ICJ-156-2014-03-03,156,2014-05-08,66,SC_MEETING,S/PV.7170,0,0,0,NO_PRESERVED_MANUAL_REVIEW_EVIDENCE,UNREVIEWED_IS_NOT_CODED_ZERO
ICJ-156-2014-03-03||SC_MEETING::SCM|S/PV.7171,ICJ-156-2014-03-03,156,2014-05-12,70,SC_MEETING,S/PV.7171,0,0,0,NO_PRESERVED_MANUAL_REVIEW_EVIDENCE,UNREVIEWED_IS_NOT_CODED_ZERO
ICJ-156-2014-03-03||SC_MEETING::SCM|S/PV.7172,ICJ-156-2014-03-03,156,2014-05-12,70,SC_MEETING,S/PV.7172,0,0,0,NO_PRESERVED_MANUAL_REVIEW_EVIDENCE,UNREVIEWED_IS_NOT_CODED_ZERO
ICJ-156-2014-03-03||SC_MEETING::SCM|S/PV.7173,ICJ-156-2014-03-03,156,2014-05-13,71,SC_MEETING,S/PV.7173,0,0,0,NO_PRESERVED_MANUAL_REVIEW_EVIDENCE,UNREVIEWED_IS_NOT_CODED_ZERO
ICJ-156-2014-03-03||SC_MEETING::SCM|S/PV.7174,ICJ-156-2014-03-03,156,2014-05-14,72,SC_MEETING,S/PV.7174,0,0,0,NO_PRESERVED_MANUAL_REVIEW_EVIDENCE,UNREVIEWED_IS_NOT_CODED_ZERO
ICJ-156-2014-03-03||SC_MEETING::SCM|S/PV.7175,ICJ-156-2014-03-03,156,2014-05-14,72,SC_MEETING,S/PV.7175,0,0,0,NO_PRESERVED_MANUAL_REVIEW_EVIDENCE,UNREVIEWED_IS_NOT_CODED_ZERO
ICJ-156-2014-03-03||SC_MEETING::SCM|S/PV.7176,ICJ-156-2014-03-03,156,2014-05-15,73,SC_MEETING,S/PV.7176,0,0,0,NO_PRESERVED_MANUAL_REVIEW_EVIDENCE,UNREVIEWED_IS_NOT_CODED_ZERO
ICJ-156-2014-03-03||SC_MEETING::SCM|S/PV.7177,ICJ-156-2014-03-03,156,2014-05-19,77,SC_MEETING,S/PV.7177,0,0,0,NO_PRESERVED_MANUAL_REVIEW_EVIDENCE,UNREVIEWED_IS_NOT_CODED_ZERO
ICJ-156-2014-03-03||SC_MEETING::SCM|S/PV.7178,ICJ-156-2014-03-03,156,2014-05-20,78,SC_MEETING,S/PV.7178,0,0,0,NO_PRESERVED_MANUAL_REVIEW_EVIDENCE,UNREVIEWED_IS_NOT_CODED_ZERO
ICJ-156-2014-03-03||SC_MEETING::SCM|S/PV.7179,ICJ-156-2014-03-03,156,2014-05-20,78,SC_MEETING,S/PV.7179,0,0,0,NO_PRESERVED_MANUAL_REVIEW_EVIDENCE,UNREVIEWED_IS_NOT_CODED_ZERO
ICJ-156-2014-03-03||SC_FORMAL_VOTE::SCV|1462,ICJ-156-2014-03-03,156,2014-05-22,80,SC_FORMAL_VOTE,S/PV.7180,0,0,0,NO_PRESERVED_MANUAL_REVIEW_EVIDENCE,UNREVIEWED_IS_NOT_CODED_ZERO
ICJ-156-2014-03-03||SC_MEETING::SCM|S/PV.7180,ICJ-156-2014-03-03,156,2014-05-22,80,SC_MEETING,S/PV.7180,0,0,0,NO_PRESERVED_MANUAL_REVIEW_EVIDENCE,UNREVIEWED_IS_NOT_CODED_ZERO
ICJ-156-2014-03-03||SC_MEETING::SCM|S/PV.7181,ICJ-156-2014-03-03,156,2014-05-22,80,SC_MEETING,S/PV.7181,0,0,0,NO_PRESERVED_MANUAL_REVIEW_EVIDENCE,UNREVIEWED_IS_NOT_CODED_ZERO
ICJ-156-2014-03-03||SC_FORMAL_VOTE::SCV|1463,ICJ-156-2014-03-03,156,2014-05-27,85,SC_FORMAL_VOTE,S/PV.7182,0,0,0,NO_PRESERVED_MANUAL_REVIEW_EVIDENCE,UNREVIEWED_IS_NOT_CODED_ZERO
ICJ-156-2014-03-03||SC_MEETING::SCM|S/PV.7182,ICJ-156-2014-03-03,156,2014-05-27,85,SC_MEETING,S/PV.7182,0,0,0,NO_PRESERVED_MANUAL_REVIEW_EVIDENCE,UNREVIEWED_IS_NOT_CODED_ZERO
ICJ-156-2014-03-03||SC_MEETING::SCM|S/PV.7183,ICJ-156-2014-03-03,156,2014-05-27,85,SC_MEETING,S/PV.7183,0,0,0,NO_PRESERVED_MANUAL_REVIEW_EVIDENCE,UNREVIEWED_IS_NOT_CODED_ZERO
ICJ-156-2014-03-03||SC_MEETING::SCM|S/PV.7184,ICJ-156-2014-03-03,156,2014-05-28,86,SC_MEETING,S/PV.7184,0,0,0,NO_PRESERVED_MANUAL_REVIEW_EVIDENCE,UNREVIEWED_IS_NOT_CODED_ZERO
ICJ-156-2014-03-03||SC_MEETING::SCM|S/PV.7185,ICJ-156-2014-03-03,156,2014-05-28,86,SC_MEETING,S/PV.7185,0,0,0,NO_PRESERVED_MANUAL_REVIEW_EVIDENCE,UNREVIEWED_IS_NOT_CODED_ZERO
ICJ-156-2014-03-03||SC_FORMAL_VOTE::SCV|1464,ICJ-156-2014-03-03,156,2014-05-29,87,SC_FORMAL_VOTE,S/PV.7186,0,0,0,NO_PRESERVED_MANUAL_REVIEW_EVIDENCE,UNREVIEWED_IS_NOT_CODED_ZERO
ICJ-156-2014-03-03||SC_FORMAL_VOTE::SCV|1465,ICJ-156-2014-03-03,156,2014-05-29,87,SC_FORMAL_VOTE,S/PV.7187,0,0,0,NO_PRESERVED_MANUAL_REVIEW_EVIDENCE,UNREVIEWED_IS_NOT_CODED_ZERO
ICJ-156-2014-03-03||SC_FORMAL_VOTE::SCV|1466,ICJ-156-2014-03-03,156,2014-05-29,87,SC_FORMAL_VOTE,S/PV.7188,0,0,0,NO_PRESERVED_MANUAL_REVIEW_EVIDENCE,UNREVIEWED_IS_NOT_CODED_ZERO
ICJ-156-2014-03-03||SC_MEETING::SCM|S/PV.7186,ICJ-156-2014-03-03,156,2014-05-29,87,SC_MEETING,S/PV.7186,0,0,0,NO_PRESERVED_MANUAL_REVIEW_EVIDENCE,UNREVIEWED_IS_NOT_CODED_ZERO
ICJ-156-2014-03-03||SC_MEETING::SCM|S/PV.7187,ICJ-156-2014-03-03,156,2014-05-29,87,SC_MEETING,S/PV.7187,0,0,0,NO_PRESERVED_MANUAL_REVIEW_EVIDENCE,UNREVIEWED_IS_NOT_CODED_ZERO
ICJ-156-2014-03-03||SC_MEETING::SCM|S/PV.7188,ICJ-156-2014-03-03,156,2014-05-29,87,SC_MEETING,S/PV.7188,0,0,0,NO_PRESERVED_MANUAL_REVIEW_EVIDENCE,UNREVIEWED_IS_NOT_CODED_ZERO
ICJ-156-2014-03-03||SC_MEETING::SCM|S/PV.7189,ICJ-156-2014-03-03,156,2014-05-29,87,SC_MEETING,S/PV.7189,0,0,0,NO_PRESERVED_MANUAL_REVIEW_EVIDENCE,UNREVIEWED_IS_NOT_CODED_ZERO
ICJ-156-2014-03-03||SC_MEETING::SCM|S/PV.7190,ICJ-156-2014-03-03,156,2014-05-29,87,SC_MEETING,S/PV.7190,0,0,0,NO_PRESERVED_MANUAL_REVIEW_EVIDENCE,UNREVIEWED_IS_NOT_CODED_ZERO
ICJ-156-2014-03-03||SC_MEETING::SCM|S/PV.7191,ICJ-156-2014-03-03,156,2014-06-04,93,SC_MEETING,S/PV.7191,0,0,0,NO_PRESERVED_MANUAL_REVIEW_EVIDENCE,UNREVIEWED_IS_NOT_CODED_ZERO
ICJ-156-2014-03-03||GA_FORMAL_VOTE::GAV|772070,ICJ-156-2014-03-03,156,2014-06-05,94,GA_FORMAL_VOTE,A/68/PV.90,0,0,0,NO_PRESERVED_MANUAL_REVIEW_EVIDENCE,UNREVIEWED_IS_NOT_CODED_ZERO
ICJ-156-2014-03-03||SC_MEETING::SCM|S/PV.7192,ICJ-156-2014-03-03,156,2014-06-05,94,SC_MEETING,S/PV.7192,0,0,0,NO_PRESERVED_MANUAL_REVIEW_EVIDENCE,UNREVIEWED_IS_NOT_CODED_ZERO
ICJ-156-2014-03-03||SC_FORMAL_VOTE::SCV|1467,ICJ-156-2014-03-03,156,2014-06-09,98,SC_FORMAL_VOTE,S/PV.7193,0,0,0,NO_PRESERVED_MANUAL_REVIEW_EVIDENCE,UNREVIEWED_IS_NOT_CODED_ZERO
ICJ-156-2014-03-03||SC_MEETING::SCM|S/PV.7193,ICJ-156-2014-03-03,156,2014-06-09,98,SC_MEETING,S/PV.7193,0,0,0,NO_PRESERVED_MANUAL_REVIEW_EVIDENCE,UNREVIEWED_IS_NOT_CODED_ZERO
ICJ-156-2014-03-03||SC_MEETING::SCM|S/PV.7194,ICJ-156-2014-03-03,156,2014-06-09,98,SC_MEETING,S/PV.7194,0,0,0,NO_PRESERVED_MANUAL_REVIEW_EVIDENCE,UNREVIEWED_IS_NOT_CODED_ZERO
ICJ-156-2014-03-03||SC_MEETING::SCM|S/PV.7195,ICJ-156-2014-03-03,156,2014-06-09,98,SC_MEETING,S/PV.7195,0,0,0,NO_PRESERVED_MANUAL_REVIEW_EVIDENCE,UNREVIEWED_IS_NOT_CODED_ZERO
ICJ-156-2014-03-03||SC_MEETING::SCM|S/PV.7196,ICJ-156-2014-03-03,156,2014-06-11,100,SC_MEETING,S/PV.7196,0,0,0,NO_PRESERVED_MANUAL_REVIEW_EVIDENCE,UNREVIEWED_IS_NOT_CODED_ZERO
ICJ-156-2014-03-03||SC_MEETING::SCM|S/PV.7197,ICJ-156-2014-03-03,156,2014-06-16,105,SC_MEETING,S/PV.7197,0,0,0,NO_PRESERVED_MANUAL_REVIEW_EVIDENCE,UNREVIEWED_IS_NOT_CODED_ZERO
ICJ-156-2014-03-03||SC_FORMAL_VOTE::SCV|1468,ICJ-156-2014-03-03,156,2014-06-17,106,SC_FORMAL_VOTE,S/PV.7198,0,0,0,NO_PRESERVED_MANUAL_REVIEW_EVIDENCE,UNREVIEWED_IS_NOT_CODED_ZERO
ICJ-156-2014-03-03||SC_FORMAL_VOTE::SCV|1469,ICJ-156-2014-03-03,156,2014-06-17,106,SC_FORMAL_VOTE,S/PV.7198,0,0,0,NO_PRESERVED_MANUAL_REVIEW_EVIDENCE,UNREVIEWED_IS_NOT_CODED_ZERO
ICJ-156-2014-03-03||SC_MEETING::SCM|S/PV.7198,ICJ-156-2014-03-03,156,2014-06-17,106,SC_MEETING,S/PV.7198,0,0,0,NO_PRESERVED_MANUAL_REVIEW_EVIDENCE,UNREVIEWED_IS_NOT_CODED_ZERO
ICJ-156-2014-03-03||SC_MEETING::SCM|S/PV.7199,ICJ-156-2014-03-03,156,2014-06-17,106,SC_MEETING,S/PV.7199,0,0,0,NO_PRESERVED_MANUAL_REVIEW_EVIDENCE,UNREVIEWED_IS_NOT_CODED_ZERO
ICJ-156-2014-03-03||SC_MEETING::SCM|S/PV.7200,ICJ-156-2014-03-03,156,2014-06-17,106,SC_MEETING,S/PV.7200,0,0,0,NO_PRESERVED_MANUAL_REVIEW_EVIDENCE,UNREVIEWED_IS_NOT_CODED_ZERO
ICJ-156-2014-03-03||SC_MEETING::SCM|S/PV.7201,ICJ-156-2014-03-03,156,2014-06-17,106,SC_MEETING,S/PV.7201,0,0,0,NO_PRESERVED_MANUAL_REVIEW_EVIDENCE,UNREVIEWED_IS_NOT_CODED_ZERO
ICJ-156-2014-03-03||SC_MEETING::SCM|S/PV.7202,ICJ-156-2014-03-03,156,2014-06-18,107,SC_MEETING,S/PV.7202,0,0,0,NO_PRESERVED_MANUAL_REVIEW_EVIDENCE,UNREVIEWED_IS_NOT_CODED_ZERO
ICJ-156-2014-03-03||SC_MEETING::SCM|S/PV.7203,ICJ-156-2014-03-03,156,2014-06-19,108,SC_MEETING,S/PV.7203,0,0,0,NO_PRESERVED_MANUAL_REVIEW_EVIDENCE,UNREVIEWED_IS_NOT_CODED_ZERO
ICJ-156-2014-03-03||SC_MEETING::SCM|S/PV.7204,ICJ-156-2014-03-03,156,2014-06-23,112,SC_MEETING,S/PV.7204,0,0,0,NO_PRESERVED_MANUAL_REVIEW_EVIDENCE,UNREVIEWED_IS_NOT_CODED_ZERO
ICJ-156-2014-03-03||SC_MEETING::SCM|S/PV.7205,ICJ-156-2014-03-03,156,2014-06-24,113,SC_MEETING,S/PV.7205,0,0,0,NO_PRESERVED_MANUAL_REVIEW_EVIDENCE,UNREVIEWED_IS_NOT_CODED_ZERO
ICJ-156-2014-03-03||SC_MEETING::SCM|S/PV.7206,ICJ-156-2014-03-03,156,2014-06-24,113,SC_MEETING,S/PV.7206,0,0,0,NO_PRESERVED_MANUAL_REVIEW_EVIDENCE,UNREVIEWED_IS_NOT_CODED_ZERO
ICJ-156-2014-03-03||SC_FORMAL_VOTE::SCV|1470,ICJ-156-2014-03-03,156,2014-06-25,114,SC_FORMAL_VOTE,S/PV.7207,0,0,0,NO_PRESERVED_MANUAL_REVIEW_EVIDENCE,UNREVIEWED_IS_NOT_CODED_ZERO
ICJ-156-2014-03-03||SC_FORMAL_VOTE::SCV|1471,ICJ-156-2014-03-03,156,2014-06-25,114,SC_FORMAL_VOTE,S/PV.7209,0,0,0,NO_PRESERVED_MANUAL_REVIEW_EVIDENCE,UNREVIEWED_IS_NOT_CODED_ZERO
ICJ-156-2014-03-03||SC_FORMAL_VOTE::SCV|1472,ICJ-156-2014-03-03,156,2014-06-25,114,SC_FORMAL_VOTE,S/PV.7210,0,0,0,NO_PRESERVED_MANUAL_REVIEW_EVIDENCE,UNREVIEWED_IS_NOT_CODED_ZERO
ICJ-156-2014-03-03||SC_MEETING::SCM|S/PV.7207,ICJ-156-2014-03-03,156,2014-06-25,114,SC_MEETING,S/PV.7207,0,0,0,NO_PRESERVED_MANUAL_REVIEW_EVIDENCE,UNREVIEWED_IS_NOT_CODED_ZERO
ICJ-156-2014-03-03||SC_MEETING::SCM|S/PV.7208,ICJ-156-2014-03-03,156,2014-06-25,114,SC_MEETING,S/PV.7208,0,0,0,NO_PRESERVED_MANUAL_REVIEW_EVIDENCE,UNREVIEWED_IS_NOT_CODED_ZERO
ICJ-156-2014-03-03||SC_MEETING::SCM|S/PV.7209,ICJ-156-2014-03-03,156,2014-06-25,114,SC_MEETING,S/PV.7209,0,0,0,NO_PRESERVED_MANUAL_REVIEW_EVIDENCE,UNREVIEWED_IS_NOT_CODED_ZERO
ICJ-156-2014-03-03||SC_MEETING::SCM|S/PV.7210,ICJ-156-2014-03-03,156,2014-06-25,114,SC_MEETING,S/PV.7210,0,0,0,NO_PRESERVED_MANUAL_REVIEW_EVIDENCE,UNREVIEWED_IS_NOT_CODED_ZERO
ICJ-156-2014-03-03||SC_MEETING::SCM|S/PV.7211,ICJ-156-2014-03-03,156,2014-06-25,114,SC_MEETING,S/PV.7211,0,0,0,NO_PRESERVED_MANUAL_REVIEW_EVIDENCE,UNREVIEWED_IS_NOT_CODED_ZERO
ICJ-156-2014-03-03||SC_MEETING::SCM|S/PV.7212,ICJ-156-2014-03-03,156,2014-06-26,115,SC_MEETING,S/PV.7212,0,0,0,NO_PRESERVED_MANUAL_REVIEW_EVIDENCE,UNREVIEWED_IS_NOT_CODED_ZERO
ICJ-156-2014-03-03||GA_FORMAL_VOTE::GAV|774238,ICJ-156-2014-03-03,156,2014-06-30,119,GA_FORMAL_VOTE,A/68/PV.99,0,0,0,NO_PRESERVED_MANUAL_REVIEW_EVIDENCE,UNREVIEWED_IS_NOT_CODED_ZERO
ICJ-156-2014-03-03||SC_MEETING::SCM|S/PV.7213,ICJ-156-2014-03-03,156,2014-07-08,127,SC_MEETING,S/PV.7213,0,0,0,NO_PRESERVED_MANUAL_REVIEW_EVIDENCE,UNREVIEWED_IS_NOT_CODED_ZERO
ICJ-156-2014-03-03||SC_MEETING::SCM|S/PV.7214,ICJ-156-2014-03-03,156,2014-07-10,129,SC_MEETING,S/PV.7214,0,0,0,NO_PRESERVED_MANUAL_REVIEW_EVIDENCE,UNREVIEWED_IS_NOT_CODED_ZERO
ICJ-156-2014-03-03||SC_MEETING::SCM|S/PV.7215,ICJ-156-2014-03-03,156,2014-07-11,130,SC_MEETING,S/PV.7215,0,0,0,NO_PRESERVED_MANUAL_REVIEW_EVIDENCE,UNREVIEWED_IS_NOT_CODED_ZERO
ICJ-156-2014-03-03||SC_FORMAL_VOTE::SCV|1473,ICJ-156-2014-03-03,156,2014-07-14,133,SC_FORMAL_VOTE,S/PV.7216,0,0,0,NO_PRESERVED_MANUAL_REVIEW_EVIDENCE,UNREVIEWED_IS_NOT_CODED_ZERO
ICJ-156-2014-03-03||SC_MEETING::SCM|S/PV.7216,ICJ-156-2014-03-03,156,2014-07-14,133,SC_MEETING,S/PV.7216,0,0,0,NO_PRESERVED_MANUAL_REVIEW_EVIDENCE,UNREVIEWED_IS_NOT_CODED_ZERO
ICJ-156-2014-03-03||SC_MEETING::SCM|S/PV.7217,ICJ-156-2014-03-03,156,2014-07-15,134,SC_MEETING,S/PV.7217,0,0,0,NO_PRESERVED_MANUAL_REVIEW_EVIDENCE,UNREVIEWED_IS_NOT_CODED_ZERO
ICJ-156-2014-03-03||SC_MEETING::SCM|S/PV.7218,ICJ-156-2014-03-03,156,2014-07-17,136,SC_MEETING,S/PV.7218,0,0,0,NO_PRESERVED_MANUAL_REVIEW_EVIDENCE,UNREVIEWED_IS_NOT_CODED_ZERO
ICJ-156-2014-03-03||SC_MEETING::SCM|S/PV.7219,ICJ-156-2014-03-03,156,2014-07-18,137,SC_MEETING,S/PV.7219,0,0,0,NO_PRESERVED_MANUAL_REVIEW_EVIDENCE,UNREVIEWED_IS_NOT_CODED_ZERO
ICJ-156-2014-03-03||SC_MEETING::SCM|S/PV.7220,ICJ-156-2014-03-03,156,2014-07-18,137,SC_MEETING,S/PV.7220,0,0,0,NO_PRESERVED_MANUAL_REVIEW_EVIDENCE,UNREVIEWED_IS_NOT_CODED_ZERO
ICJ-156-2014-03-03||SC_FORMAL_VOTE::SCV|1474,ICJ-156-2014-03-03,156,2014-07-21,140,SC_FORMAL_VOTE,S/PV.7221,0,0,0,NO_PRESERVED_MANUAL_REVIEW_EVIDENCE,UNREVIEWED_IS_NOT_CODED_ZERO
ICJ-156-2014-03-03||SC_MEETING::SCM|S/PV.7221,ICJ-156-2014-03-03,156,2014-07-21,140,SC_MEETING,S/PV.7221,0,0,0,NO_PRESERVED_MANUAL_REVIEW_EVIDENCE,UNREVIEWED_IS_NOT_CODED_ZERO
ICJ-156-2014-03-03||SC_MEETING::SCM|S/PV.7222,ICJ-156-2014-03-03,156,2014-07-22,141,SC_MEETING,S/PV.7222,0,0,0,NO_PRESERVED_MANUAL_REVIEW_EVIDENCE,UNREVIEWED_IS_NOT_CODED_ZERO
ICJ-156-2014-03-03||SC_MEETING::SCM|S/PV.7223,ICJ-156-2014-03-03,156,2014-07-23,142,SC_MEETING,S/PV.7223,0,0,0,NO_PRESERVED_MANUAL_REVIEW_EVIDENCE,UNREVIEWED_IS_NOT_CODED_ZERO
ICJ-156-2014-03-03||SC_MEETING::SCM|S/PV.7224,ICJ-156-2014-03-03,156,2014-07-23,142,SC_MEETING,S/PV.7224,0,0,0,NO_PRESERVED_MANUAL_REVIEW_EVIDENCE,UNREVIEWED_IS_NOT_CODED_ZERO
ICJ-156-2014-03-03||SC_FORMAL_VOTE::SCV|1475,ICJ-156-2014-03-03,156,2014-07-28,147,SC_FORMAL_VOTE,S/PV.7228,0,0,0,NO_PRESERVED_MANUAL_REVIEW_EVIDENCE,UNREVIEWED_IS_NOT_CODED_ZERO
ICJ-156-2014-03-03||SC_MEETING::SCM|S/PV.7225,ICJ-156-2014-03-03,156,2014-07-28,147,SC_MEETING,S/PV.7225,0,0,0,NO_PRESERVED_MANUAL_REVIEW_EVIDENCE,UNREVIEWED_IS_NOT_CODED_ZERO
ICJ-156-2014-03-03||SC_MEETING::SCM|S/PV.7226,ICJ-156-2014-03-03,156,2014-07-28,147,SC_MEETING,S/PV.7226,0,0,0,NO_PRESERVED_MANUAL_REVIEW_EVIDENCE,UNREVIEWED_IS_NOT_CODED_ZERO
ICJ-156-2014-03-03||SC_MEETING::SCM|S/PV.7227,ICJ-156-2014-03-03,156,2014-07-28,147,SC_MEETING,S/PV.7227,0,0,0,NO_PRESERVED_MANUAL_REVIEW_EVIDENCE,UNREVIEWED_IS_NOT_CODED_ZERO
ICJ-156-2014-03-03||SC_MEETING::SCM|S/PV.7228,ICJ-156-2014-03-03,156,2014-07-28,147,SC_MEETING,S/PV.7228,0,0,0,NO_PRESERVED_MANUAL_REVIEW_EVIDENCE,UNREVIEWED_IS_NOT_CODED_ZERO
ICJ-156-2014-03-03||SC_FORMAL_VOTE::SCV|1476,ICJ-156-2014-03-03,156,2014-07-30,149,SC_FORMAL_VOTE,S/PV.7229,0,0,0,NO_PRESERVED_MANUAL_REVIEW_EVIDENCE,UNREVIEWED_IS_NOT_CODED_ZERO
ICJ-156-2014-03-03||SC_FORMAL_VOTE::SCV|1477,ICJ-156-2014-03-03,156,2014-07-30,149,SC_FORMAL_VOTE,S/PV.7230,0,0,0,NO_PRESERVED_MANUAL_REVIEW_EVIDENCE,UNREVIEWED_IS_NOT_CODED_ZERO
ICJ-156-2014-03-03||SC_MEETING::SCM|S/PV.7229,ICJ-156-2014-03-03,156,2014-07-30,149,SC_MEETING,S/PV.7229,0,0,0,NO_PRESERVED_MANUAL_REVIEW_EVIDENCE,UNREVIEWED_IS_NOT_CODED_ZERO
ICJ-156-2014-03-03||SC_MEETING::SCM|S/PV.7230,ICJ-156-2014-03-03,156,2014-07-30,149,SC_MEETING,S/PV.7230,0,0,0,NO_PRESERVED_MANUAL_REVIEW_EVIDENCE,UNREVIEWED_IS_NOT_CODED_ZERO
ICJ-156-2014-03-03||SC_MEETING::SCM|S/PV.7231,ICJ-156-2014-03-03,156,2014-07-30,149,SC_MEETING,S/PV.7231,0,0,0,NO_PRESERVED_MANUAL_REVIEW_EVIDENCE,UNREVIEWED_IS_NOT_CODED_ZERO
ICJ-156-2014-03-03||SC_MEETING::SCM|S/PV.7232,ICJ-156-2014-03-03,156,2014-07-31,150,SC_MEETING,S/PV.7232,0,0,0,NO_PRESERVED_MANUAL_REVIEW_EVIDENCE,UNREVIEWED_IS_NOT_CODED_ZERO
ICJ-156-2014-03-03||SC_MEETING::SCM|S/PV.7233,ICJ-156-2014-03-03,156,2014-08-05,155,SC_MEETING,S/PV.7233,0,0,0,NO_PRESERVED_MANUAL_REVIEW_EVIDENCE,UNREVIEWED_IS_NOT_CODED_ZERO
ICJ-156-2014-03-03||SC_MEETING::SCM|S/PV.7234,ICJ-156-2014-03-03,156,2014-08-05,155,SC_MEETING,S/PV.7234,0,0,0,NO_PRESERVED_MANUAL_REVIEW_EVIDENCE,UNREVIEWED_IS_NOT_CODED_ZERO
ICJ-156-2014-03-03||SC_MEETING::SCM|S/PV.7235,ICJ-156-2014-03-03,156,2014-08-06,156,SC_MEETING,S/PV.7235,0,0,0,NO_PRESERVED_MANUAL_REVIEW_EVIDENCE,UNREVIEWED_IS_NOT_CODED_ZERO
ICJ-156-2014-03-03||SC_MEETING::SCM|S/PV.7236,ICJ-156-2014-03-03,156,2014-08-06,156,SC_MEETING,S/PV.7236,0,0,0,NO_PRESERVED_MANUAL_REVIEW_EVIDENCE,UNREVIEWED_IS_NOT_CODED_ZERO
ICJ-156-2014-03-03||SC_MEETING::SCM|S/PV.7237,ICJ-156-2014-03-03,156,2014-08-07,157,SC_MEETING,S/PV.7237,0,0,0,NO_PRESERVED_MANUAL_REVIEW_EVIDENCE,UNREVIEWED_IS_NOT_CODED_ZERO
ICJ-156-2014-03-03||SC_MEETING::SCM|S/PV.7238,ICJ-156-2014-03-03,156,2014-08-07,157,SC_MEETING,S/PV.7238,0,0,0,NO_PRESERVED_MANUAL_REVIEW_EVIDENCE,UNREVIEWED_IS_NOT_CODED_ZERO
ICJ-156-2014-03-03||SC_MEETING::SCM|S/PV.7239,ICJ-156-2014-03-03,156,2014-08-08,158,SC_MEETING,S/PV.7239,0,0,0,NO_PRESERVED_MANUAL_REVIEW_EVIDENCE,UNREVIEWED_IS_NOT_CODED_ZERO
ICJ-156-2014-03-03||SC_MEETING::SCM|S/PV.7240,ICJ-156-2014-03-03,156,2014-08-08,158,SC_MEETING,S/PV.7240,0,0,0,NO_PRESERVED_MANUAL_REVIEW_EVIDENCE,UNREVIEWED_IS_NOT_CODED_ZERO
ICJ-156-2014-03-03||SC_MEETING::SCM|S/PV.7241,ICJ-156-2014-03-03,156,2014-08-14,164,SC_MEETING,S/PV.7241,0,0,0,NO_PRESERVED_MANUAL_REVIEW_EVIDENCE,UNREVIEWED_IS_NOT_CODED_ZERO
ICJ-156-2014-03-03||SC_FORMAL_VOTE::SCV|1478,ICJ-156-2014-03-03,156,2014-08-15,165,SC_FORMAL_VOTE,S/PV.7242,0,0,0,NO_PRESERVED_MANUAL_REVIEW_EVIDENCE,UNREVIEWED_IS_NOT_CODED_ZERO
ICJ-156-2014-03-03||SC_MEETING::SCM|S/PV.7242,ICJ-156-2014-03-03,156,2014-08-15,165,SC_MEETING,S/PV.7242,0,0,0,NO_PRESERVED_MANUAL_REVIEW_EVIDENCE,UNREVIEWED_IS_NOT_CODED_ZERO
ICJ-156-2014-03-03||SC_MEETING::SCM|S/PV.7243,ICJ-156-2014-03-03,156,2014-08-18,168,SC_MEETING,S/PV.7243,0,0,0,NO_PRESERVED_MANUAL_REVIEW_EVIDENCE,UNREVIEWED_IS_NOT_CODED_ZERO
ICJ-156-2014-03-03||SC_MEETING::SCM|S/PV.7244,ICJ-156-2014-03-03,156,2014-08-19,169,SC_MEETING,S/PV.7244,0,0,0,NO_PRESERVED_MANUAL_REVIEW_EVIDENCE,UNREVIEWED_IS_NOT_CODED_ZERO
ICJ-156-2014-03-03||SC_MEETING::SCM|S/PV.7245,ICJ-156-2014-03-03,156,2014-08-19,169,SC_MEETING,S/PV.7245,0,0,0,NO_PRESERVED_MANUAL_REVIEW_EVIDENCE,UNREVIEWED_IS_NOT_CODED_ZERO
ICJ-156-2014-03-03||SC_MEETING::SCM|S/PV.7246,ICJ-156-2014-03-03,156,2014-08-19,169,SC_MEETING,S/PV.7246,0,0,0,NO_PRESERVED_MANUAL_REVIEW_EVIDENCE,UNREVIEWED_IS_NOT_CODED_ZERO
ICJ-156-2014-03-03||SC_FORMAL_VOTE::SCV|1479,ICJ-156-2014-03-03,156,2014-08-21,171,SC_FORMAL_VOTE,S/PV.7247,0,0,0,NO_PRESERVED_MANUAL_REVIEW_EVIDENCE,UNREVIEWED_IS_NOT_CODED_ZERO
ICJ-156-2014-03-03||SC_MEETING::SCM|S/PV.7247,ICJ-156-2014-03-03,156,2014-08-21,171,SC_MEETING,S/PV.7247,0,0,0,NO_PRESERVED_MANUAL_REVIEW_EVIDENCE,UNREVIEWED_IS_NOT_CODED_ZERO
ICJ-156-2014-03-03||SC_FORMAL_VOTE::SCV|1480,ICJ-156-2014-03-03,156,2014-08-26,176,SC_FORMAL_VOTE,S/PV.7248,0,0,0,NO_PRESERVED_MANUAL_REVIEW_EVIDENCE,UNREVIEWED_IS_NOT_CODED_ZERO
ICJ-156-2014-03-03||SC_MEETING::SCM|S/PV.7248,ICJ-156-2014-03-03,156,2014-08-26,176,SC_MEETING,S/PV.7248,0,0,0,NO_PRESERVED_MANUAL_REVIEW_EVIDENCE,UNREVIEWED_IS_NOT_CODED_ZERO
ICJ-156-2014-03-03||SC_FORMAL_VOTE::SCV|1481,ICJ-156-2014-03-03,156,2014-08-27,177,SC_FORMAL_VOTE,S/PV.7250,0,0,0,NO_PRESERVED_MANUAL_REVIEW_EVIDENCE,UNREVIEWED_IS_NOT_CODED_ZERO
ICJ-156-2014-03-03||SC_FORMAL_VOTE::SCV|1482,ICJ-156-2014-03-03,156,2014-08-27,177,SC_FORMAL_VOTE,S/PV.7251,0,0,0,NO_PRESERVED_MANUAL_REVIEW_EVIDENCE,UNREVIEWED_IS_NOT_CODED_ZERO
ICJ-156-2014-03-03||SC_MEETING::SCM|S/PV.7249,ICJ-156-2014-03-03,156,2014-08-27,177,SC_MEETING,S/PV.7249,0,0,0,NO_PRESERVED_MANUAL_REVIEW_EVIDENCE,UNREVIEWED_IS_NOT_CODED_ZERO
ICJ-156-2014-03-03||SC_MEETING::SCM|S/PV.7250,ICJ-156-2014-03-03,156,2014-08-27,177,SC_MEETING,S/PV.7250,0,0,0,NO_PRESERVED_MANUAL_REVIEW_EVIDENCE,UNREVIEWED_IS_NOT_CODED_ZERO
ICJ-156-2014-03-03||SC_MEETING::SCM|S/PV.7251,ICJ-156-2014-03-03,156,2014-08-27,177,SC_MEETING,S/PV.7251,0,0,0,NO_PRESERVED_MANUAL_REVIEW_EVIDENCE,UNREVIEWED_IS_NOT_CODED_ZERO
ICJ-156-2014-03-03||SC_MEETING::SCM|S/PV.7252,ICJ-156-2014-03-03,156,2014-08-28,178,SC_MEETING,S/PV.7252,0,0,0,NO_PRESERVED_MANUAL_REVIEW_EVIDENCE,UNREVIEWED_IS_NOT_CODED_ZERO
ICJ-156-2014-03-03||SC_MEETING::SCM|S/PV.7253,ICJ-156-2014-03-03,156,2014-08-28,178,SC_MEETING,S/PV.7253,0,0,0,NO_PRESERVED_MANUAL_REVIEW_EVIDENCE,UNREVIEWED_IS_NOT_CODED_ZERO
ICJ-156-2014-03-03||SC_MEETING::SCM|S/PV.7254,ICJ-156-2014-03-03,156,2014-08-28,178,SC_MEETING,S/PV.7254,0,0,0,NO_PRESERVED_MANUAL_REVIEW_EVIDENCE,UNREVIEWED_IS_NOT_CODED_ZERO
ICJ-156-2014-03-03||SC_FORMAL_VOTE::SCV|1483,ICJ-156-2014-03-03,156,2014-08-29,179,SC_FORMAL_VOTE,S/PV.7256,0,0,0,NO_PRESERVED_MANUAL_REVIEW_EVIDENCE,UNREVIEWED_IS_NOT_CODED_ZERO
ICJ-156-2014-03-03||SC_MEETING::SCM|S/PV.7255,ICJ-156-2014-03-03,156,2014-08-29,179,SC_MEETING,S/PV.7255,0,0,0,NO_PRESERVED_MANUAL_REVIEW_EVIDENCE,UNREVIEWED_IS_NOT_CODED_ZERO
ICJ-156-2014-03-03||SC_MEETING::SCM|S/PV.7256,ICJ-156-2014-03-03,156,2014-08-29,179,SC_MEETING,S/PV.7256,0,0,0,NO_PRESERVED_MANUAL_REVIEW_EVIDENCE,UNREVIEWED_IS_NOT_CODED_ZERO
ICJ-156-2014-03-03||SC_MEETING::SCM|S/PV.7257,ICJ-156-2014-03-03,156,2014-08-29,179,SC_MEETING,S/PV.7257,0,0,0,NO_PRESERVED_MANUAL_REVIEW_EVIDENCE,UNREVIEWED_IS_NOT_CODED_ZERO
ICJ-156-2015-04-22||SC_MEETING::SCM|S/PV.7431,ICJ-156-2015-04-22,156,2015-04-22,0,SC_MEETING,S/PV.7431,0,0,0,NO_PRESERVED_MANUAL_REVIEW_EVIDENCE,UNREVIEWED_IS_NOT_CODED_ZERO
ICJ-156-2015-04-22||SC_MEETING::SCM|S/PV.7432,ICJ-156-2015-04-22,156,2015-04-23,1,SC_MEETING,S/PV.7432,0,0,0,NO_PRESERVED_MANUAL_REVIEW_EVIDENCE,UNREVIEWED_IS_NOT_CODED_ZERO
ICJ-156-2015-04-22||SC_MEETING::SCM|S/PV.7433,ICJ-156-2015-04-22,156,2015-04-24,2,SC_MEETING,S/PV.7433,0,0,0,NO_PRESERVED_MANUAL_REVIEW_EVIDENCE,UNREVIEWED_IS_NOT_CODED_ZERO
ICJ-156-2015-04-22||SC_FORMAL_VOTE::SCV|1526,ICJ-156-2015-04-22,156,2015-04-28,6,SC_FORMAL_VOTE,S/PV.7434,0,0,0,NO_PRESERVED_MANUAL_REVIEW_EVIDENCE,UNREVIEWED_IS_NOT_CODED_ZERO
ICJ-156-2015-04-22||SC_FORMAL_VOTE::SCV|1527,ICJ-156-2015-04-22,156,2015-04-28,6,SC_FORMAL_VOTE,S/PV.7435,0,0,0,NO_PRESERVED_MANUAL_REVIEW_EVIDENCE,UNREVIEWED_IS_NOT_CODED_ZERO
ICJ-156-2015-04-22||SC_FORMAL_VOTE::SCV|1528,ICJ-156-2015-04-22,156,2015-04-28,6,SC_FORMAL_VOTE,S/PV.7436,0,0,0,NO_PRESERVED_MANUAL_REVIEW_EVIDENCE,UNREVIEWED_IS_NOT_CODED_ZERO
ICJ-156-2015-04-22||SC_MEETING::SCM|S/PV.7434,ICJ-156-2015-04-22,156,2015-04-28,6,SC_MEETING,S/PV.7434,0,0,0,NO_PRESERVED_MANUAL_REVIEW_EVIDENCE,UNREVIEWED_IS_NOT_CODED_ZERO
ICJ-156-2015-04-22||SC_MEETING::SCM|S/PV.7435,ICJ-156-2015-04-22,156,2015-04-28,6,SC_MEETING,S/PV.7435,0,0,0,NO_PRESERVED_MANUAL_REVIEW_EVIDENCE,UNREVIEWED_IS_NOT_CODED_ZERO
ICJ-156-2015-04-22||SC_MEETING::SCM|S/PV.7436,ICJ-156-2015-04-22,156,2015-04-28,6,SC_MEETING,S/PV.7436,0,0,0,NO_PRESERVED_MANUAL_REVIEW_EVIDENCE,UNREVIEWED_IS_NOT_CODED_ZERO
ICJ-156-2015-04-22||SC_MEETING::SCM|S/PV.7437,ICJ-156-2015-04-22,156,2015-05-05,13,SC_MEETING,S/PV.7437,0,0,0,NO_PRESERVED_MANUAL_REVIEW_EVIDENCE,UNREVIEWED_IS_NOT_CODED_ZERO
ICJ-156-2015-04-22||SC_MEETING::SCM|S/PV.7438,ICJ-156-2015-04-22,156,2015-05-05,13,SC_MEETING,S/PV.7438,0,0,0,NO_PRESERVED_MANUAL_REVIEW_EVIDENCE,UNREVIEWED_IS_NOT_CODED_ZERO
ICJ-156-2015-04-22||SC_MEETING::SCM|S/PV.7439,ICJ-156-2015-04-22,156,2015-05-11,19,SC_MEETING,S/PV.7439,0,0,0,NO_PRESERVED_MANUAL_REVIEW_EVIDENCE,UNREVIEWED_IS_NOT_CODED_ZERO
ICJ-156-2015-04-22||SC_MEETING::SCM|S/PV.7440,ICJ-156-2015-04-22,156,2015-05-12,20,SC_MEETING,S/PV.7440,0,0,0,NO_PRESERVED_MANUAL_REVIEW_EVIDENCE,UNREVIEWED_IS_NOT_CODED_ZERO
ICJ-156-2015-04-22||SC_MEETING::SCM|S/PV.7441,ICJ-156-2015-04-22,156,2015-05-12,20,SC_MEETING,S/PV.7441,0,0,0,NO_PRESERVED_MANUAL_REVIEW_EVIDENCE,UNREVIEWED_IS_NOT_CODED_ZERO
ICJ-156-2015-04-22||SC_MEETING::SCM|S/PV.7442,ICJ-156-2015-04-22,156,2015-05-13,21,SC_MEETING,S/PV.7442,0,0,0,NO_PRESERVED_MANUAL_REVIEW_EVIDENCE,UNREVIEWED_IS_NOT_CODED_ZERO
ICJ-156-2015-04-22||SC_MEETING::SCM|S/PV.7443,ICJ-156-2015-04-22,156,2015-05-14,22,SC_MEETING,S/PV.7443,0,0,0,NO_PRESERVED_MANUAL_REVIEW_EVIDENCE,UNREVIEWED_IS_NOT_CODED_ZERO
ICJ-156-2015-04-22||SC_MEETING::SCM|S/PV.7444,ICJ-156-2015-04-22,156,2015-05-14,22,SC_MEETING,S/PV.7444,0,0,0,NO_PRESERVED_MANUAL_REVIEW_EVIDENCE,UNREVIEWED_IS_NOT_CODED_ZERO
ICJ-156-2015-04-22||SC_MEETING::SCM|S/PV.7445,ICJ-156-2015-04-22,156,2015-05-19,27,SC_MEETING,S/PV.7445,0,0,0,NO_PRESERVED_MANUAL_REVIEW_EVIDENCE,UNREVIEWED_IS_NOT_CODED_ZERO
ICJ-156-2015-04-22||SC_MEETING::SCM|S/PV.7446,ICJ-156-2015-04-22,156,2015-05-19,27,SC_MEETING,S/PV.7446,0,0,0,NO_PRESERVED_MANUAL_REVIEW_EVIDENCE,UNREVIEWED_IS_NOT_CODED_ZERO
ICJ-156-2015-04-22||SC_FORMAL_VOTE::SCV|1529,ICJ-156-2015-04-22,156,2015-05-22,30,SC_FORMAL_VOTE,S/PV.7447,0,0,0,NO_PRESERVED_MANUAL_REVIEW_EVIDENCE,UNREVIEWED_IS_NOT_CODED_ZERO
ICJ-156-2015-04-22||SC_MEETING::SCM|S/PV.7447,ICJ-156-2015-04-22,156,2015-05-22,30,SC_MEETING,S/PV.7447,0,0,0,NO_PRESERVED_MANUAL_REVIEW_EVIDENCE,UNREVIEWED_IS_NOT_CODED_ZERO
ICJ-156-2015-04-22||SC_FORMAL_VOTE::SCV|1530,ICJ-156-2015-04-22,156,2015-05-26,34,SC_FORMAL_VOTE,S/PV.7449,0,0,0,NO_PRESERVED_MANUAL_REVIEW_EVIDENCE,UNREVIEWED_IS_NOT_CODED_ZERO
ICJ-156-2015-04-22||SC_MEETING::SCM|S/PV.7448,ICJ-156-2015-04-22,156,2015-05-26,34,SC_MEETING,S/PV.7448,0,0,0,NO_PRESERVED_MANUAL_REVIEW_EVIDENCE,UNREVIEWED_IS_NOT_CODED_ZERO
ICJ-156-2015-04-22||SC_MEETING::SCM|S/PV.7449,ICJ-156-2015-04-22,156,2015-05-26,34,SC_MEETING,S/PV.7449,0,0,0,NO_PRESERVED_MANUAL_REVIEW_EVIDENCE,UNREVIEWED_IS_NOT_CODED_ZERO
ICJ-156-2015-04-22||SC_FORMAL_VOTE::SCV|1531,ICJ-156-2015-04-22,156,2015-05-27,35,SC_FORMAL_VOTE,S/PV.7450,0,0,0,NO_PRESERVED_MANUAL_REVIEW_EVIDENCE,UNREVIEWED_IS_NOT_CODED_ZERO
ICJ-156-2015-04-22||SC_MEETING::SCM|S/PV.7450,ICJ-156-2015-04-22,156,2015-05-27,35,SC_MEETING,S/PV.7450,0,0,0,NO_PRESERVED_MANUAL_REVIEW_EVIDENCE,UNREVIEWED_IS_NOT_CODED_ZERO
ICJ-156-2015-04-22||SC_MEETING::SCM|S/PV.7450 (Resumption 1),ICJ-156-2015-04-22,156,2015-05-27,35,SC_MEETING,S/PV.7450 (Resumption 1),0,0,0,NO_PRESERVED_MANUAL_REVIEW_EVIDENCE,UNREVIEWED_IS_NOT_CODED_ZERO
ICJ-156-2015-04-22||SC_FORMAL_VOTE::SCV|1532,ICJ-156-2015-04-22,156,2015-05-28,36,SC_FORMAL_VOTE,S/PV.7451,0,0,0,NO_PRESERVED_MANUAL_REVIEW_EVIDENCE,UNREVIEWED_IS_NOT_CODED_ZERO
ICJ-156-2015-04-22||SC_MEETING::SCM|S/PV.7451,ICJ-156-2015-04-22,156,2015-05-28,36,SC_MEETING,S/PV.7451,0,0,0,NO_PRESERVED_MANUAL_REVIEW_EVIDENCE,UNREVIEWED_IS_NOT_CODED_ZERO
ICJ-156-2015-04-22||SC_MEETING::SCM|S/PV.7452,ICJ-156-2015-04-22,156,2015-05-28,36,SC_MEETING,S/PV.7452,0,0,0,NO_PRESERVED_MANUAL_REVIEW_EVIDENCE,UNREVIEWED_IS_NOT_CODED_ZERO
ICJ-156-2015-04-22||SC_MEETING::SCM|S/PV.7453,ICJ-156-2015-04-22,156,2015-05-29,37,SC_MEETING,S/PV.7453,0,0,0,NO_PRESERVED_MANUAL_REVIEW_EVIDENCE,UNREVIEWED_IS_NOT_CODED_ZERO
ICJ-156-2015-04-22||GA_FORMAL_VOTE::GAV|820124,ICJ-156-2015-04-22,156,2015-06-03,42,GA_FORMAL_VOTE,A/69/PV.92,0,0,0,NO_PRESERVED_MANUAL_REVIEW_EVIDENCE,UNREVIEWED_IS_NOT_CODED_ZERO
ICJ-156-2015-04-22||SC_MEETING::SCM|S/PV.7454,ICJ-156-2015-04-22,156,2015-06-03,42,SC_MEETING,S/PV.7454,0,0,0,NO_PRESERVED_MANUAL_REVIEW_EVIDENCE,UNREVIEWED_IS_NOT_CODED_ZERO
ICJ-156-2015-04-22||SC_MEETING::SCM|S/PV.7455,ICJ-156-2015-04-22,156,2015-06-03,42,SC_MEETING,S/PV.7455,0,0,0,NO_PRESERVED_MANUAL_REVIEW_EVIDENCE,UNREVIEWED_IS_NOT_CODED_ZERO
ICJ-156-2015-04-22||SC_MEETING::SCM|S/PV.7456,ICJ-156-2015-04-22,156,2015-06-04,43,SC_MEETING,S/PV.7456,0,0,0,NO_PRESERVED_MANUAL_REVIEW_EVIDENCE,UNREVIEWED_IS_NOT_CODED_ZERO
ICJ-156-2015-04-22||SC_MEETING::SCM|S/PV.7457,ICJ-156-2015-04-22,156,2015-06-05,44,SC_MEETING,S/PV.7457,0,0,0,NO_PRESERVED_MANUAL_REVIEW_EVIDENCE,UNREVIEWED_IS_NOT_CODED_ZERO
ICJ-156-2015-04-22||SC_FORMAL_VOTE::SCV|1533,ICJ-156-2015-04-22,156,2015-06-09,48,SC_FORMAL_VOTE,S/PV.7458,0,0,0,NO_PRESERVED_MANUAL_REVIEW_EVIDENCE,UNREVIEWED_IS_NOT_CODED_ZERO
ICJ-156-2015-04-22||SC_MEETING::SCM|S/PV.7458,ICJ-156-2015-04-22,156,2015-06-09,48,SC_MEETING,S/PV.7458,0,0,0,NO_PRESERVED_MANUAL_REVIEW_EVIDENCE,UNREVIEWED_IS_NOT_CODED_ZERO
ICJ-156-2015-04-22||SC_MEETING::SCM|S/PV.7459,ICJ-156-2015-04-22,156,2015-06-09,48,SC_MEETING,S/PV.7459,0,0,0,NO_PRESERVED_MANUAL_REVIEW_EVIDENCE,UNREVIEWED_IS_NOT_CODED_ZERO
ICJ-156-2015-04-22||SC_MEETING::SCM|S/PV.7460,ICJ-156-2015-04-22,156,2015-06-10,49,SC_MEETING,S/PV.7460,0,0,0,NO_PRESERVED_MANUAL_REVIEW_EVIDENCE,UNREVIEWED_IS_NOT_CODED_ZERO
ICJ-156-2015-04-22||SC_MEETING::SCM|S/PV.7461,ICJ-156-2015-04-22,156,2015-06-11,50,SC_MEETING,S/PV.7461,0,0,0,NO_PRESERVED_MANUAL_REVIEW_EVIDENCE,UNREVIEWED_IS_NOT_CODED_ZERO
ICJ-156-2015-04-22||SC_MEETING::SCM|S/PV.7462,ICJ-156-2015-04-22,156,2015-06-16,55,SC_MEETING,S/PV.7462,0,0,0,NO_PRESERVED_MANUAL_REVIEW_EVIDENCE,UNREVIEWED_IS_NOT_CODED_ZERO
ICJ-156-2015-04-22||SC_MEETING::SCM|S/PV.7463,ICJ-156-2015-04-22,156,2015-06-16,55,SC_MEETING,S/PV.7463,0,0,0,NO_PRESERVED_MANUAL_REVIEW_EVIDENCE,UNREVIEWED_IS_NOT_CODED_ZERO
ICJ-156-2015-04-22||SC_MEETING::SCM|S/PV.7464,ICJ-156-2015-04-22,156,2015-06-17,56,SC_MEETING,S/PV.7464,0,0,0,NO_PRESERVED_MANUAL_REVIEW_EVIDENCE,UNREVIEWED_IS_NOT_CODED_ZERO
ICJ-156-2015-04-22||SC_MEETING::SCM|S/PV.7465,ICJ-156-2015-04-22,156,2015-06-17,56,SC_MEETING,S/PV.7465,0,0,0,NO_PRESERVED_MANUAL_REVIEW_EVIDENCE,UNREVIEWED_IS_NOT_CODED_ZERO
ICJ-156-2015-04-22||SC_FORMAL_VOTE::SCV|1534,ICJ-156-2015-04-22,156,2015-06-18,57,SC_FORMAL_VOTE,S/PV.7466,0,0,0,NO_PRESERVED_MANUAL_REVIEW_EVIDENCE,UNREVIEWED_IS_NOT_CODED_ZERO
ICJ-156-2015-04-22||SC_MEETING::SCM|S/PV.7466,ICJ-156-2015-04-22,156,2015-06-18,57,SC_MEETING,S/PV.7466,0,0,0,NO_PRESERVED_MANUAL_REVIEW_EVIDENCE,UNREVIEWED_IS_NOT_CODED_ZERO
ICJ-156-2015-04-22||SC_MEETING::SCM|S/PV.7467,ICJ-156-2015-04-22,156,2015-06-22,61,SC_MEETING,S/PV.7467,0,0,0,NO_PRESERVED_MANUAL_REVIEW_EVIDENCE,UNREVIEWED_IS_NOT_CODED_ZERO
ICJ-156-2015-04-22||SC_MEETING::SCM|S/PV.7468,ICJ-156-2015-04-22,156,2015-06-23,62,SC_MEETING,S/PV.7468,0,0,0,NO_PRESERVED_MANUAL_REVIEW_EVIDENCE,UNREVIEWED_IS_NOT_CODED_ZERO
ICJ-156-2015-04-22||SC_MEETING::SCM|S/PV.7469,ICJ-156-2015-04-22,156,2015-06-23,62,SC_MEETING,S/PV.7469,0,0,0,NO_PRESERVED_MANUAL_REVIEW_EVIDENCE,UNREVIEWED_IS_NOT_CODED_ZERO
ICJ-156-2015-04-22||SC_MEETING::SCM|S/PV.7470,ICJ-156-2015-04-22,156,2015-06-24,63,SC_MEETING,S/PV.7470,0,0,0,NO_PRESERVED_MANUAL_REVIEW_EVIDENCE,UNREVIEWED_IS_NOT_CODED_ZERO
ICJ-156-2015-04-22||GA_FORMAL_VOTE::GAV|820122,ICJ-156-2015-04-22,156,2015-06-25,64,GA_FORMAL_VOTE,A/69/PV.97,0,0,0,NO_PRESERVED_MANUAL_REVIEW_EVIDENCE,UNREVIEWED_IS_NOT_CODED_ZERO
ICJ-156-2015-04-22||SC_FORMAL_VOTE::SCV|1535,ICJ-156-2015-04-22,156,2015-06-25,64,SC_FORMAL_VOTE,S/PV.7471,0,0,0,NO_PRESERVED_MANUAL_REVIEW_EVIDENCE,UNREVIEWED_IS_NOT_CODED_ZERO
ICJ-156-2015-04-22||SC_MEETING::SCM|S/PV.7471,ICJ-156-2015-04-22,156,2015-06-25,64,SC_MEETING,S/PV.7471,0,0,0,NO_PRESERVED_MANUAL_REVIEW_EVIDENCE,UNREVIEWED_IS_NOT_CODED_ZERO
ICJ-156-2015-04-22||SC_MEETING::SCM|S/PV.7472,ICJ-156-2015-04-22,156,2015-06-25,64,SC_MEETING,S/PV.7472,0,0,0,NO_PRESERVED_MANUAL_REVIEW_EVIDENCE,UNREVIEWED_IS_NOT_CODED_ZERO
ICJ-156-2015-04-22||SC_MEETING::SCM|S/PV.7473,ICJ-156-2015-04-22,156,2015-06-26,65,SC_MEETING,S/PV.7473,0,0,0,NO_PRESERVED_MANUAL_REVIEW_EVIDENCE,UNREVIEWED_IS_NOT_CODED_ZERO
ICJ-156-2015-04-22||SC_FORMAL_VOTE::SCV|1536,ICJ-156-2015-04-22,156,2015-06-29,68,SC_FORMAL_VOTE,S/PV.7474,0,0,0,NO_PRESERVED_MANUAL_REVIEW_EVIDENCE,UNREVIEWED_IS_NOT_CODED_ZERO
ICJ-156-2015-04-22||SC_FORMAL_VOTE::SCV|1537,ICJ-156-2015-04-22,156,2015-06-29,68,SC_FORMAL_VOTE,S/PV.7475,0,0,0,NO_PRESERVED_MANUAL_REVIEW_EVIDENCE,UNREVIEWED_IS_NOT_CODED_ZERO
ICJ-156-2015-04-22||SC_FORMAL_VOTE::SCV|1538,ICJ-156-2015-04-22,156,2015-06-29,68,SC_FORMAL_VOTE,S/PV.7477,0,0,0,NO_PRESERVED_MANUAL_REVIEW_EVIDENCE,UNREVIEWED_IS_NOT_CODED_ZERO
ICJ-156-2015-04-22||SC_MEETING::SCM|S/PV.7474,ICJ-156-2015-04-22,156,2015-06-29,68,SC_MEETING,S/PV.7474,0,0,0,NO_PRESERVED_MANUAL_REVIEW_EVIDENCE,UNREVIEWED_IS_NOT_CODED_ZERO
ICJ-156-2015-04-22||SC_MEETING::SCM|S/PV.7475,ICJ-156-2015-04-22,156,2015-06-29,68,SC_MEETING,S/PV.7475,0,0,0,NO_PRESERVED_MANUAL_REVIEW_EVIDENCE,UNREVIEWED_IS_NOT_CODED_ZERO
ICJ-156-2015-04-22||SC_MEETING::SCM|S/PV.7476,ICJ-156-2015-04-22,156,2015-06-29,68,SC_MEETING,S/PV.7476,0,0,0,NO_PRESERVED_MANUAL_REVIEW_EVIDENCE,UNREVIEWED_IS_NOT_CODED_ZERO
ICJ-156-2015-04-22||SC_MEETING::SCM|S/PV.7477,ICJ-156-2015-04-22,156,2015-06-29,68,SC_MEETING,S/PV.7477,0,0,0,NO_PRESERVED_MANUAL_REVIEW_EVIDENCE,UNREVIEWED_IS_NOT_CODED_ZERO
ICJ-156-2015-04-22||SC_MEETING::SCM|S/PV.7478,ICJ-156-2015-04-22,156,2015-06-29,68,SC_MEETING,S/PV.7478,0,0,0,NO_PRESERVED_MANUAL_REVIEW_EVIDENCE,UNREVIEWED_IS_NOT_CODED_ZERO
ICJ-156-2015-04-22||SC_MEETING::SCM|S/PV.7479,ICJ-156-2015-04-22,156,2015-06-30,69,SC_MEETING,S/PV.7479,0,0,0,NO_PRESERVED_MANUAL_REVIEW_EVIDENCE,UNREVIEWED_IS_NOT_CODED_ZERO
ICJ-156-2015-04-22||SC_MEETING::SCM|S/PV.7480,ICJ-156-2015-04-22,156,2015-07-07,76,SC_MEETING,S/PV.7480,0,0,0,NO_PRESERVED_MANUAL_REVIEW_EVIDENCE,UNREVIEWED_IS_NOT_CODED_ZERO
ICJ-156-2015-04-22||SC_FORMAL_VOTE::SCV|1539,ICJ-156-2015-04-22,156,2015-07-08,77,SC_FORMAL_VOTE,S/PV.7481,0,0,0,NO_PRESERVED_MANUAL_REVIEW_EVIDENCE,UNREVIEWED_IS_NOT_CODED_ZERO
ICJ-156-2015-04-22||SC_MEETING::SCM|S/PV.7481,ICJ-156-2015-04-22,156,2015-07-08,77,SC_MEETING,S/PV.7481,0,0,0,NO_PRESERVED_MANUAL_REVIEW_EVIDENCE,UNREVIEWED_IS_NOT_CODED_ZERO
ICJ-156-2015-04-22||SC_MEETING::SCM|S/PV.7482,ICJ-156-2015-04-22,156,2015-07-09,78,SC_MEETING,S/PV.7482,0,0,0,NO_PRESERVED_MANUAL_REVIEW_EVIDENCE,UNREVIEWED_IS_NOT_CODED_ZERO
ICJ-156-2015-04-22||SC_FORMAL_VOTE::SCV|1540,ICJ-156-2015-04-22,156,2015-07-14,83,SC_FORMAL_VOTE,S/PV.7483,0,0,0,NO_PRESERVED_MANUAL_REVIEW_EVIDENCE,UNREVIEWED_IS_NOT_CODED_ZERO
ICJ-156-2015-04-22||SC_MEETING::SCM|S/PV.7483,ICJ-156-2015-04-22,156,2015-07-14,83,SC_MEETING,S/PV.7483,0,0,0,NO_PRESERVED_MANUAL_REVIEW_EVIDENCE,UNREVIEWED_IS_NOT_CODED_ZERO
ICJ-156-2015-04-22||SC_MEETING::SCM|S/PV.7484,ICJ-156-2015-04-22,156,2015-07-14,83,SC_MEETING,S/PV.7484,0,0,0,NO_PRESERVED_MANUAL_REVIEW_EVIDENCE,UNREVIEWED_IS_NOT_CODED_ZERO
ICJ-156-2015-04-22||SC_MEETING::SCM|S/PV.7485,ICJ-156-2015-04-22,156,2015-07-15,84,SC_MEETING,S/PV.7485,0,0,0,NO_PRESERVED_MANUAL_REVIEW_EVIDENCE,UNREVIEWED_IS_NOT_CODED_ZERO
ICJ-156-2015-04-22||SC_MEETING::SCM|S/PV.7486,ICJ-156-2015-04-22,156,2015-07-16,85,SC_MEETING,S/PV.7486,0,0,0,NO_PRESERVED_MANUAL_REVIEW_EVIDENCE,UNREVIEWED_IS_NOT_CODED_ZERO
ICJ-156-2015-04-22||SC_MEETING::SCM|S/PV.7487,ICJ-156-2015-04-22,156,2015-07-16,85,SC_MEETING,S/PV.7487,0,0,0,NO_PRESERVED_MANUAL_REVIEW_EVIDENCE,UNREVIEWED_IS_NOT_CODED_ZERO
ICJ-156-2015-04-22||SC_FORMAL_VOTE::SCV|1541,ICJ-156-2015-04-22,156,2015-07-20,89,SC_FORMAL_VOTE,S/PV.7488,0,0,0,NO_PRESERVED_MANUAL_REVIEW_EVIDENCE,UNREVIEWED_IS_NOT_CODED_ZERO
ICJ-156-2015-04-22||SC_MEETING::SCM|S/PV.7488,ICJ-156-2015-04-22,156,2015-07-20,89,SC_MEETING,S/PV.7488,0,0,0,NO_PRESERVED_MANUAL_REVIEW_EVIDENCE,UNREVIEWED_IS_NOT_CODED_ZERO
ICJ-156-2015-04-22||SC_MEETING::SCM|S/PV.7489,ICJ-156-2015-04-22,156,2015-07-22,91,SC_MEETING,S/PV.7489,0,0,0,NO_PRESERVED_MANUAL_REVIEW_EVIDENCE,UNREVIEWED_IS_NOT_CODED_ZERO
ICJ-156-2015-04-22||SC_MEETING::SCM|S/PV.7490,ICJ-156-2015-04-22,156,2015-07-23,92,SC_MEETING,S/PV.7490,0,0,0,NO_PRESERVED_MANUAL_REVIEW_EVIDENCE,UNREVIEWED_IS_NOT_CODED_ZERO
ICJ-156-2015-04-22||SC_FORMAL_VOTE::SCV|1542,ICJ-156-2015-04-22,156,2015-07-28,97,SC_FORMAL_VOTE,S/PV.7491,0,0,0,NO_PRESERVED_MANUAL_REVIEW_EVIDENCE,UNREVIEWED_IS_NOT_CODED_ZERO
ICJ-156-2015-04-22||SC_MEETING::SCM|S/PV.7491,ICJ-156-2015-04-22,156,2015-07-28,97,SC_MEETING,S/PV.7491,0,0,0,NO_PRESERVED_MANUAL_REVIEW_EVIDENCE,UNREVIEWED_IS_NOT_CODED_ZERO
ICJ-156-2015-04-22||SC_MEETING::SCM|S/PV.7492,ICJ-156-2015-04-22,156,2015-07-28,97,SC_MEETING,S/PV.7492,0,0,0,NO_PRESERVED_MANUAL_REVIEW_EVIDENCE,UNREVIEWED_IS_NOT_CODED_ZERO
ICJ-156-2015-04-22||SC_MEETING::SCM|S/PV.7493,ICJ-156-2015-04-22,156,2015-07-28,97,SC_MEETING,S/PV.7493,0,0,0,NO_PRESERVED_MANUAL_REVIEW_EVIDENCE,UNREVIEWED_IS_NOT_CODED_ZERO
ICJ-156-2015-04-22||SC_MEETING::SCM|S/PV.7494,ICJ-156-2015-04-22,156,2015-07-28,97,SC_MEETING,S/PV.7494,0,0,0,NO_PRESERVED_MANUAL_REVIEW_EVIDENCE,UNREVIEWED_IS_NOT_CODED_ZERO
ICJ-156-2015-04-22||SC_FORMAL_VOTE::SCV|1543,ICJ-156-2015-04-22,156,2015-07-29,98,SC_FORMAL_VOTE,S/PV.7498,0,0,0,NO_PRESERVED_MANUAL_REVIEW_EVIDENCE,UNREVIEWED_IS_NOT_CODED_ZERO
ICJ-156-2015-04-22||SC_FORMAL_VOTE::SCV|1544,ICJ-156-2015-04-22,156,2015-07-29,98,SC_FORMAL_VOTE,S/PV.7495,0,0,0,NO_PRESERVED_MANUAL_REVIEW_EVIDENCE,UNREVIEWED_IS_NOT_CODED_ZERO
ICJ-156-2015-04-22||SC_FORMAL_VOTE::SCV|1545,ICJ-156-2015-04-22,156,2015-07-29,98,SC_FORMAL_VOTE,S/PV.7496,0,0,0,NO_PRESERVED_MANUAL_REVIEW_EVIDENCE,UNREVIEWED_IS_NOT_CODED_ZERO
ICJ-156-2015-04-22||SC_MEETING::SCM|S/PV.7495,ICJ-156-2015-04-22,156,2015-07-29,98,SC_MEETING,S/PV.7495,0,0,0,NO_PRESERVED_MANUAL_REVIEW_EVIDENCE,UNREVIEWED_IS_NOT_CODED_ZERO
ICJ-156-2015-04-22||SC_MEETING::SCM|S/PV.7496,ICJ-156-2015-04-22,156,2015-07-29,98,SC_MEETING,S/PV.7496,0,0,0,NO_PRESERVED_MANUAL_REVIEW_EVIDENCE,UNREVIEWED_IS_NOT_CODED_ZERO
ICJ-156-2015-04-22||SC_MEETING::SCM|S/PV.7497,ICJ-156-2015-04-22,156,2015-07-29,98,SC_MEETING,S/PV.7497,0,0,0,NO_PRESERVED_MANUAL_REVIEW_EVIDENCE,UNREVIEWED_IS_NOT_CODED_ZERO
ICJ-156-2015-04-22||SC_MEETING::SCM|S/PV.7498,ICJ-156-2015-04-22,156,2015-07-29,98,SC_MEETING,S/PV.7498,0,0,0,NO_PRESERVED_MANUAL_REVIEW_EVIDENCE,UNREVIEWED_IS_NOT_CODED_ZERO
ICJ-156-2015-04-22||SC_MEETING::SCM|S/PV.7499,ICJ-156-2015-04-22,156,2015-07-30,99,SC_MEETING,S/PV.7499,0,0,0,NO_PRESERVED_MANUAL_REVIEW_EVIDENCE,UNREVIEWED_IS_NOT_CODED_ZERO
ICJ-156-2015-04-22||SC_MEETING::SCM|S/PV.7500,ICJ-156-2015-04-22,156,2015-08-05,105,SC_MEETING,S/PV.7500,0,0,0,NO_PRESERVED_MANUAL_REVIEW_EVIDENCE,UNREVIEWED_IS_NOT_CODED_ZERO
ICJ-156-2015-04-22||SC_FORMAL_VOTE::SCV|1546,ICJ-156-2015-04-22,156,2015-08-07,107,SC_FORMAL_VOTE,S/PV.7501,0,0,0,NO_PRESERVED_MANUAL_REVIEW_EVIDENCE,UNREVIEWED_IS_NOT_CODED_ZERO
ICJ-156-2015-04-22||SC_MEETING::SCM|S/PV.7501,ICJ-156-2015-04-22,156,2015-08-07,107,SC_MEETING,S/PV.7501,0,0,0,NO_PRESERVED_MANUAL_REVIEW_EVIDENCE,UNREVIEWED_IS_NOT_CODED_ZERO
ICJ-156-2015-04-22||SC_MEETING::SCM|S/PV.7502,ICJ-156-2015-04-22,156,2015-08-13,113,SC_MEETING,S/PV.7502,0,0,0,NO_PRESERVED_MANUAL_REVIEW_EVIDENCE,UNREVIEWED_IS_NOT_CODED_ZERO
ICJ-156-2015-04-22||SC_MEETING::SCM|S/PV.7503,ICJ-156-2015-04-22,156,2015-08-13,113,SC_MEETING,S/PV.7503,0,0,0,NO_PRESERVED_MANUAL_REVIEW_EVIDENCE,UNREVIEWED_IS_NOT_CODED_ZERO
ICJ-156-2015-04-22||SC_MEETING::SCM|S/PV.7504,ICJ-156-2015-04-22,156,2015-08-17,117,SC_MEETING,S/PV.7504,0,0,0,NO_PRESERVED_MANUAL_REVIEW_EVIDENCE,UNREVIEWED_IS_NOT_CODED_ZERO
ICJ-156-2015-04-22||SC_MEETING::SCM|S/PV.7505,ICJ-156-2015-04-22,156,2015-08-18,118,SC_MEETING,S/PV.7505,0,0,0,NO_PRESERVED_MANUAL_REVIEW_EVIDENCE,UNREVIEWED_IS_NOT_CODED_ZERO
ICJ-156-2015-04-22||SC_MEETING::SCM|S/PV.7505 (Resumption 1),ICJ-156-2015-04-22,156,2015-08-18,118,SC_MEETING,S/PV.7505 (Resumption 1),0,0,0,NO_PRESERVED_MANUAL_REVIEW_EVIDENCE,UNREVIEWED_IS_NOT_CODED_ZERO
ICJ-156-2015-04-22||SC_MEETING::SCM|S/PV.7506,ICJ-156-2015-04-22,156,2015-08-19,119,SC_MEETING,S/PV.7506,0,0,0,NO_PRESERVED_MANUAL_REVIEW_EVIDENCE,UNREVIEWED_IS_NOT_CODED_ZERO
ICJ-156-2015-04-22||SC_MEETING::SCM|S/PV.7507,ICJ-156-2015-04-22,156,2015-08-19,119,SC_MEETING,S/PV.7507,0,0,0,NO_PRESERVED_MANUAL_REVIEW_EVIDENCE,UNREVIEWED_IS_NOT_CODED_ZERO
ICJ-156-2015-04-22||SC_MEETING::SCM|S/PV.7508,ICJ-156-2015-04-22,156,2015-08-20,120,SC_MEETING,S/PV.7508,0,0,0,NO_PRESERVED_MANUAL_REVIEW_EVIDENCE,UNREVIEWED_IS_NOT_CODED_ZERO
ICJ-156-2015-04-22||SC_FORMAL_VOTE::SCV|1547,ICJ-156-2015-04-22,156,2015-08-21,121,SC_FORMAL_VOTE,S/PV.7509,0,0,0,NO_PRESERVED_MANUAL_REVIEW_EVIDENCE,UNREVIEWED_IS_NOT_CODED_ZERO
ICJ-156-2015-04-22||SC_MEETING::SCM|S/PV.7509,ICJ-156-2015-04-22,156,2015-08-21,121,SC_MEETING,S/PV.7509,0,0,0,NO_PRESERVED_MANUAL_REVIEW_EVIDENCE,UNREVIEWED_IS_NOT_CODED_ZERO
ICJ-156-2015-04-22||SC_MEETING::SCM|S/PV.7510,ICJ-156-2015-04-22,156,2015-08-21,121,SC_MEETING,S/PV.7510,0,0,0,NO_PRESERVED_MANUAL_REVIEW_EVIDENCE,UNREVIEWED_IS_NOT_CODED_ZERO
ICJ-156-2015-04-22||SC_MEETING::SCM|S/PV.7511,ICJ-156-2015-04-22,156,2015-08-25,125,SC_MEETING,S/PV.7511,0,0,0,NO_PRESERVED_MANUAL_REVIEW_EVIDENCE,UNREVIEWED_IS_NOT_CODED_ZERO
ICJ-156-2015-04-22||SC_MEETING::SCM|S/PV.7512,ICJ-156-2015-04-22,156,2015-08-26,126,SC_MEETING,S/PV.7512,0,0,0,NO_PRESERVED_MANUAL_REVIEW_EVIDENCE,UNREVIEWED_IS_NOT_CODED_ZERO
ICJ-156-2015-04-22||SC_MEETING::SCM|S/PV.7513,ICJ-156-2015-04-22,156,2015-08-27,127,SC_MEETING,S/PV.7513,0,0,0,NO_PRESERVED_MANUAL_REVIEW_EVIDENCE,UNREVIEWED_IS_NOT_CODED_ZERO
ICJ-156-2015-04-22||SC_MEETING::SCM|S/PV.7514,ICJ-156-2015-04-22,156,2015-08-28,128,SC_MEETING,S/PV.7514,0,0,0,NO_PRESERVED_MANUAL_REVIEW_EVIDENCE,UNREVIEWED_IS_NOT_CODED_ZERO
ICJ-156-2015-04-22||SC_MEETING::SCM|S/PV.7515,ICJ-156-2015-04-22,156,2015-08-28,128,SC_MEETING,S/PV.7515,0,0,0,NO_PRESERVED_MANUAL_REVIEW_EVIDENCE,UNREVIEWED_IS_NOT_CODED_ZERO
ICJ-156-2015-04-22||SC_MEETING::SCM|S/PV.7516,ICJ-156-2015-04-22,156,2015-08-31,131,SC_MEETING,S/PV.7516,0,0,0,NO_PRESERVED_MANUAL_REVIEW_EVIDENCE,UNREVIEWED_IS_NOT_CODED_ZERO
ICJ-156-2015-04-22||SC_FORMAL_VOTE::SCV|1548,ICJ-156-2015-04-22,156,2015-09-02,133,SC_FORMAL_VOTE,S/PV.7517,0,0,0,NO_PRESERVED_MANUAL_REVIEW_EVIDENCE,UNREVIEWED_IS_NOT_CODED_ZERO
ICJ-156-2015-04-22||SC_MEETING::SCM|S/PV.7517,ICJ-156-2015-04-22,156,2015-09-02,133,SC_MEETING,S/PV.7517,0,0,0,NO_PRESERVED_MANUAL_REVIEW_EVIDENCE,UNREVIEWED_IS_NOT_CODED_ZERO
ICJ-156-2015-04-22||SC_MEETING::SCM|S/PV.7518,ICJ-156-2015-04-22,156,2015-09-08,139,SC_MEETING,S/PV.7518,0,0,0,NO_PRESERVED_MANUAL_REVIEW_EVIDENCE,UNREVIEWED_IS_NOT_CODED_ZERO
ICJ-156-2015-04-22||GA_FORMAL_VOTE::GAV|820104,ICJ-156-2015-04-22,156,2015-09-10,141,GA_FORMAL_VOTE,A/69/PV.102,0,0,0,NO_PRESERVED_MANUAL_REVIEW_EVIDENCE,UNREVIEWED_IS_NOT_CODED_ZERO
ICJ-156-2015-04-22||GA_FORMAL_VOTE::GAV|820120,ICJ-156-2015-04-22,156,2015-09-10,141,GA_FORMAL_VOTE,A/69/PV.102,0,0,0,NO_PRESERVED_MANUAL_REVIEW_EVIDENCE,UNREVIEWED_IS_NOT_CODED_ZERO
ICJ-156-2015-04-22||SC_FORMAL_VOTE::SCV|1549,ICJ-156-2015-04-22,156,2015-09-10,141,SC_FORMAL_VOTE,S/PV.7520,0,0,0,NO_PRESERVED_MANUAL_REVIEW_EVIDENCE,UNREVIEWED_IS_NOT_CODED_ZERO
ICJ-156-2015-04-22||SC_MEETING::SCM|S/PV.7519,ICJ-156-2015-04-22,156,2015-09-10,141,SC_MEETING,S/PV.7519,0,0,0,NO_PRESERVED_MANUAL_REVIEW_EVIDENCE,UNREVIEWED_IS_NOT_CODED_ZERO
ICJ-156-2015-04-22||SC_MEETING::SCM|S/PV.7520,ICJ-156-2015-04-22,156,2015-09-10,141,SC_MEETING,S/PV.7520,0,0,0,NO_PRESERVED_MANUAL_REVIEW_EVIDENCE,UNREVIEWED_IS_NOT_CODED_ZERO
ICJ-156-2015-04-22||GA_FORMAL_VOTE::GAV|820116,ICJ-156-2015-04-22,156,2015-09-11,142,GA_FORMAL_VOTE,A/69/PV.103,0,0,0,NO_PRESERVED_MANUAL_REVIEW_EVIDENCE,UNREVIEWED_IS_NOT_CODED_ZERO
ICJ-156-2015-04-22||SC_MEETING::SCM|S/PV.7521,ICJ-156-2015-04-22,156,2015-09-15,146,SC_MEETING,S/PV.7521,0,0,0,NO_PRESERVED_MANUAL_REVIEW_EVIDENCE,UNREVIEWED_IS_NOT_CODED_ZERO
ICJ-156-2015-04-22||SC_MEETING::SCM|S/PV.7522,ICJ-156-2015-04-22,156,2015-09-15,146,SC_MEETING,S/PV.7522,0,0,0,NO_PRESERVED_MANUAL_REVIEW_EVIDENCE,UNREVIEWED_IS_NOT_CODED_ZERO
ICJ-156-2015-04-22||SC_MEETING::SCM|S/PV.7523,ICJ-156-2015-04-22,156,2015-09-16,147,SC_MEETING,S/PV.7523,0,0,0,NO_PRESERVED_MANUAL_REVIEW_EVIDENCE,UNREVIEWED_IS_NOT_CODED_ZERO
ICJ-156-2015-04-22||SC_MEETING::SCM|S/PV.7524,ICJ-156-2015-04-22,156,2015-09-16,147,SC_MEETING,S/PV.7524,0,0,0,NO_PRESERVED_MANUAL_REVIEW_EVIDENCE,UNREVIEWED_IS_NOT_CODED_ZERO
ICJ-156-2015-04-22||SC_FORMAL_VOTE::SCV|1550,ICJ-156-2015-04-22,156,2015-09-17,148,SC_FORMAL_VOTE,S/PV.7525,0,0,0,NO_PRESERVED_MANUAL_REVIEW_EVIDENCE,UNREVIEWED_IS_NOT_CODED_ZERO
ICJ-156-2015-04-22||SC_MEETING::SCM|S/PV.7525,ICJ-156-2015-04-22,156,2015-09-17,148,SC_MEETING,S/PV.7525,0,0,0,NO_PRESERVED_MANUAL_REVIEW_EVIDENCE,UNREVIEWED_IS_NOT_CODED_ZERO
ICJ-156-2015-04-22||SC_MEETING::SCM|S/PV.7526,ICJ-156-2015-04-22,156,2015-09-17,148,SC_MEETING,S/PV.7526,0,0,0,NO_PRESERVED_MANUAL_REVIEW_EVIDENCE,UNREVIEWED_IS_NOT_CODED_ZERO
ICJ-156-2015-04-22||SC_MEETING::SCM|S/PV.7527,ICJ-156-2015-04-22,156,2015-09-30,161,SC_MEETING,S/PV.7527,0,0,0,NO_PRESERVED_MANUAL_REVIEW_EVIDENCE,UNREVIEWED_IS_NOT_CODED_ZERO
ICJ-156-2015-04-22||SC_MEETING::SCM|S/PV.7528,ICJ-156-2015-04-22,156,2015-10-06,167,SC_MEETING,S/PV.7528,0,0,0,NO_PRESERVED_MANUAL_REVIEW_EVIDENCE,UNREVIEWED_IS_NOT_CODED_ZERO
ICJ-156-2015-04-22||SC_MEETING::SCM|S/PV.7529,ICJ-156-2015-04-22,156,2015-10-07,168,SC_MEETING,S/PV.7529,0,0,0,NO_PRESERVED_MANUAL_REVIEW_EVIDENCE,UNREVIEWED_IS_NOT_CODED_ZERO
ICJ-156-2015-04-22||SC_MEETING::SCM|S/PV.7530,ICJ-156-2015-04-22,156,2015-10-08,169,SC_MEETING,S/PV.7530,0,0,0,NO_PRESERVED_MANUAL_REVIEW_EVIDENCE,UNREVIEWED_IS_NOT_CODED_ZERO
ICJ-156-2015-04-22||SC_FORMAL_VOTE::SCV|1551,ICJ-156-2015-04-22,156,2015-10-09,170,SC_FORMAL_VOTE,S/PV.7532,0,0,0,NO_PRESERVED_MANUAL_REVIEW_EVIDENCE,UNREVIEWED_IS_NOT_CODED_ZERO
ICJ-156-2015-04-22||SC_FORMAL_VOTE::SCV|1552,ICJ-156-2015-04-22,156,2015-10-09,170,SC_FORMAL_VOTE,S/PV.7531,0,0,0,NO_PRESERVED_MANUAL_REVIEW_EVIDENCE,UNREVIEWED_IS_NOT_CODED_ZERO
ICJ-156-2015-04-22||SC_MEETING::SCM|S/PV.7531,ICJ-156-2015-04-22,156,2015-10-09,170,SC_MEETING,S/PV.7531,0,0,0,NO_PRESERVED_MANUAL_REVIEW_EVIDENCE,UNREVIEWED_IS_NOT_CODED_ZERO
ICJ-156-2015-04-22||SC_MEETING::SCM|S/PV.7532,ICJ-156-2015-04-22,156,2015-10-09,170,SC_MEETING,S/PV.7532,0,0,0,NO_PRESERVED_MANUAL_REVIEW_EVIDENCE,UNREVIEWED_IS_NOT_CODED_ZERO
ICJ-156-2015-04-22||SC_FORMAL_VOTE::SCV|1553,ICJ-156-2015-04-22,156,2015-10-13,174,SC_FORMAL_VOTE,S/PV.7533,0,0,0,NO_PRESERVED_MANUAL_REVIEW_EVIDENCE,UNREVIEWED_IS_NOT_CODED_ZERO
ICJ-156-2015-04-22||SC_MEETING::SCM|S/PV.7533,ICJ-156-2015-04-22,156,2015-10-13,174,SC_MEETING,S/PV.7533,0,0,0,NO_PRESERVED_MANUAL_REVIEW_EVIDENCE,UNREVIEWED_IS_NOT_CODED_ZERO
ICJ-156-2015-04-22||SC_FORMAL_VOTE::SCV|1554,ICJ-156-2015-04-22,156,2015-10-14,175,SC_FORMAL_VOTE,S/PV.7534,0,0,0,NO_PRESERVED_MANUAL_REVIEW_EVIDENCE,UNREVIEWED_IS_NOT_CODED_ZERO
ICJ-156-2015-04-22||SC_MEETING::SCM|S/PV.7533 (Resumption 1),ICJ-156-2015-04-22,156,2015-10-14,175,SC_MEETING,S/PV.7533 (Resumption 1),0,0,0,NO_PRESERVED_MANUAL_REVIEW_EVIDENCE,UNREVIEWED_IS_NOT_CODED_ZERO
ICJ-156-2015-04-22||SC_MEETING::SCM|S/PV.7534,ICJ-156-2015-04-22,156,2015-10-14,175,SC_MEETING,S/PV.7534,0,0,0,NO_PRESERVED_MANUAL_REVIEW_EVIDENCE,UNREVIEWED_IS_NOT_CODED_ZERO
ICJ-156-2015-04-22||SC_MEETING::SCM|S/PV.7535,ICJ-156-2015-04-22,156,2015-10-14,175,SC_MEETING,S/PV.7535,0,0,0,NO_PRESERVED_MANUAL_REVIEW_EVIDENCE,UNREVIEWED_IS_NOT_CODED_ZERO
ICJ-156-2015-04-22||SC_MEETING::SCM|S/PV.7536,ICJ-156-2015-04-22,156,2015-10-16,177,SC_MEETING,S/PV.7536,0,0,0,NO_PRESERVED_MANUAL_REVIEW_EVIDENCE,UNREVIEWED_IS_NOT_CODED_ZERO
ICJ-163-2016-12-07||SC_MEETING::SCM|S/PV.7828,ICJ-163-2016-12-07,163,2016-12-07,0,SC_MEETING,S/PV.7828,0,0,0,NO_PRESERVED_MANUAL_REVIEW_EVIDENCE,UNREVIEWED_IS_NOT_CODED_ZERO
ICJ-163-2016-12-07||SC_MEETING::SCM|S/PV.7829,ICJ-163-2016-12-07,163,2016-12-08,1,SC_MEETING,S/PV.7829,0,0,0,NO_PRESERVED_MANUAL_REVIEW_EVIDENCE,UNREVIEWED_IS_NOT_CODED_ZERO
ICJ-163-2016-12-07||GA_FORMAL_VOTE::GAV|855193,ICJ-163-2016-12-07,163,2016-12-09,2,GA_FORMAL_VOTE,A/71/PV.58,0,0,0,NO_PRESERVED_MANUAL_REVIEW_EVIDENCE,UNREVIEWED_IS_NOT_CODED_ZERO
ICJ-163-2016-12-07||SC_MEETING::SCM|S/PV.7830,ICJ-163-2016-12-07,163,2016-12-09,2,SC_MEETING,S/PV.7830,0,0,0,NO_PRESERVED_MANUAL_REVIEW_EVIDENCE,UNREVIEWED_IS_NOT_CODED_ZERO
ICJ-163-2016-12-07||SC_FORMAL_VOTE::SCV|1636,ICJ-163-2016-12-07,163,2016-12-12,5,SC_FORMAL_VOTE,S/PV.7831,0,0,0,NO_PRESERVED_MANUAL_REVIEW_EVIDENCE,UNREVIEWED_IS_NOT_CODED_ZERO
ICJ-163-2016-12-07||SC_MEETING::SCM|S/PV.7831,ICJ-163-2016-12-07,163,2016-12-12,5,SC_MEETING,S/PV.7831,0,0,0,NO_PRESERVED_MANUAL_REVIEW_EVIDENCE,UNREVIEWED_IS_NOT_CODED_ZERO
ICJ-163-2016-12-07||SC_FORMAL_VOTE::SCV|1637,ICJ-163-2016-12-07,163,2016-12-13,6,SC_FORMAL_VOTE,S/PV.7832,0,0,0,NO_PRESERVED_MANUAL_REVIEW_EVIDENCE,UNREVIEWED_IS_NOT_CODED_ZERO
ICJ-163-2016-12-07||SC_MEETING::SCM|S/PV.7832,ICJ-163-2016-12-07,163,2016-12-13,6,SC_MEETING,S/PV.7832,0,0,0,NO_PRESERVED_MANUAL_REVIEW_EVIDENCE,UNREVIEWED_IS_NOT_CODED_ZERO
ICJ-163-2016-12-07||SC_MEETING::SCM|S/PV.7833,ICJ-163-2016-12-07,163,2016-12-13,6,SC_MEETING,S/PV.7833,0,0,0,NO_PRESERVED_MANUAL_REVIEW_EVIDENCE,UNREVIEWED_IS_NOT_CODED_ZERO
ICJ-163-2016-12-07||SC_MEETING::SCM|S/PV.7834,ICJ-163-2016-12-07,163,2016-12-13,6,SC_MEETING,S/PV.7834,0,0,0,NO_PRESERVED_MANUAL_REVIEW_EVIDENCE,UNREVIEWED_IS_NOT_CODED_ZERO
ICJ-163-2016-12-07||SC_MEETING::SCM|S/PV.7835,ICJ-163-2016-12-07,163,2016-12-13,6,SC_MEETING,S/PV.7835,0,0,0,NO_PRESERVED_MANUAL_REVIEW_EVIDENCE,UNREVIEWED_IS_NOT_CODED_ZERO
ICJ-163-2016-12-07||SC_FORMAL_VOTE::SCV|1638,ICJ-163-2016-12-07,163,2016-12-14,7,SC_FORMAL_VOTE,S/PV.7836,0,0,0,NO_PRESERVED_MANUAL_REVIEW_EVIDENCE,UNREVIEWED_IS_NOT_CODED_ZERO
ICJ-163-2016-12-07||SC_MEETING::SCM|S/PV.7836,ICJ-163-2016-12-07,163,2016-12-14,7,SC_MEETING,S/PV.7836,0,0,0,NO_PRESERVED_MANUAL_REVIEW_EVIDENCE,UNREVIEWED_IS_NOT_CODED_ZERO
ICJ-163-2016-12-07||SC_FORMAL_VOTE::SCV|1639,ICJ-163-2016-12-07,163,2016-12-15,8,SC_FORMAL_VOTE,S/PV.7838,0,0,0,NO_PRESERVED_MANUAL_REVIEW_EVIDENCE,UNREVIEWED_IS_NOT_CODED_ZERO
ICJ-163-2016-12-07||SC_FORMAL_VOTE::SCV|1640,ICJ-163-2016-12-07,163,2016-12-15,8,SC_FORMAL_VOTE,S/PV.7837,0,0,0,NO_PRESERVED_MANUAL_REVIEW_EVIDENCE,UNREVIEWED_IS_NOT_CODED_ZERO
ICJ-163-2016-12-07||SC_MEETING::SCM|S/PV.7837,ICJ-163-2016-12-07,163,2016-12-15,8,SC_MEETING,S/PV.7837,0,0,0,NO_PRESERVED_MANUAL_REVIEW_EVIDENCE,UNREVIEWED_IS_NOT_CODED_ZERO
ICJ-163-2016-12-07||SC_MEETING::SCM|S/PV.7838,ICJ-163-2016-12-07,163,2016-12-15,8,SC_MEETING,S/PV.7838,0,0,0,NO_PRESERVED_MANUAL_REVIEW_EVIDENCE,UNREVIEWED_IS_NOT_CODED_ZERO
ICJ-163-2016-12-07||SC_FORMAL_VOTE::SCV|1641,ICJ-163-2016-12-07,163,2016-12-16,9,SC_FORMAL_VOTE,S/PV.7840,0,0,0,NO_PRESERVED_MANUAL_REVIEW_EVIDENCE,UNREVIEWED_IS_NOT_CODED_ZERO
ICJ-163-2016-12-07||SC_MEETING::SCM|S/PV.7839,ICJ-163-2016-12-07,163,2016-12-16,9,SC_MEETING,S/PV.7839,0,0,0,NO_PRESERVED_MANUAL_REVIEW_EVIDENCE,UNREVIEWED_IS_NOT_CODED_ZERO
ICJ-163-2016-12-07||SC_MEETING::SCM|S/PV.7840,ICJ-163-2016-12-07,163,2016-12-16,9,SC_MEETING,S/PV.7840,0,0,0,NO_PRESERVED_MANUAL_REVIEW_EVIDENCE,UNREVIEWED_IS_NOT_CODED_ZERO
ICJ-163-2016-12-07||GA_FORMAL_VOTE::GAV|855168,ICJ-163-2016-12-07,163,2016-12-19,12,GA_FORMAL_VOTE,A/71/PV.65,0,0,0,NO_PRESERVED_MANUAL_REVIEW_EVIDENCE,UNREVIEWED_IS_NOT_CODED_ZERO
ICJ-163-2016-12-07||GA_FORMAL_VOTE::GAV|855169,ICJ-163-2016-12-07,163,2016-12-19,12,GA_FORMAL_VOTE,A/71/PV.65,0,0,0,NO_PRESERVED_MANUAL_REVIEW_EVIDENCE,UNREVIEWED_IS_NOT_CODED_ZERO
ICJ-163-2016-12-07||GA_FORMAL_VOTE::GAV|855170,ICJ-163-2016-12-07,163,2016-12-19,12,GA_FORMAL_VOTE,A/71/PV.65,0,0,0,NO_PRESERVED_MANUAL_REVIEW_EVIDENCE,UNREVIEWED_IS_NOT_CODED_ZERO
ICJ-163-2016-12-07||GA_FORMAL_VOTE::GAV|855172,ICJ-163-2016-12-07,163,2016-12-19,12,GA_FORMAL_VOTE,A/71/PV.65,0,0,0,NO_PRESERVED_MANUAL_REVIEW_EVIDENCE,UNREVIEWED_IS_NOT_CODED_ZERO
ICJ-163-2016-12-07||GA_FORMAL_VOTE::GAV|855181,ICJ-163-2016-12-07,163,2016-12-19,12,GA_FORMAL_VOTE,A/71/PV.65,0,0,0,NO_PRESERVED_MANUAL_REVIEW_EVIDENCE,UNREVIEWED_IS_NOT_CODED_ZERO
ICJ-163-2016-12-07||GA_FORMAL_VOTE::GAV|855184,ICJ-163-2016-12-07,163,2016-12-19,12,GA_FORMAL_VOTE,A/71/PV.65,0,0,0,NO_PRESERVED_MANUAL_REVIEW_EVIDENCE,UNREVIEWED_IS_NOT_CODED_ZERO
ICJ-163-2016-12-07||GA_FORMAL_VOTE::GAV|855185,ICJ-163-2016-12-07,163,2016-12-19,12,GA_FORMAL_VOTE,A/71/PV.65,0,0,0,NO_PRESERVED_MANUAL_REVIEW_EVIDENCE,UNREVIEWED_IS_NOT_CODED_ZERO
ICJ-163-2016-12-07||GA_FORMAL_VOTE::GAV|855187,ICJ-163-2016-12-07,163,2016-12-19,12,GA_FORMAL_VOTE,A/71/PV.65,0,0,0,NO_PRESERVED_MANUAL_REVIEW_EVIDENCE,UNREVIEWED_IS_NOT_CODED_ZERO
ICJ-163-2016-12-07||GA_FORMAL_VOTE::GAV|855189,ICJ-163-2016-12-07,163,2016-12-19,12,GA_FORMAL_VOTE,A/71/PV.65,0,0,0,NO_PRESERVED_MANUAL_REVIEW_EVIDENCE,UNREVIEWED_IS_NOT_CODED_ZERO
ICJ-163-2016-12-07||GA_FORMAL_VOTE::GAV|855197,ICJ-163-2016-12-07,163,2016-12-19,12,GA_FORMAL_VOTE,A/71/PV.65,0,0,0,NO_PRESERVED_MANUAL_REVIEW_EVIDENCE,UNREVIEWED_IS_NOT_CODED_ZERO
ICJ-163-2016-12-07||GA_FORMAL_VOTE::GAV|855198,ICJ-163-2016-12-07,163,2016-12-19,12,GA_FORMAL_VOTE,A/71/PV.65,0,0,0,NO_PRESERVED_MANUAL_REVIEW_EVIDENCE,UNREVIEWED_IS_NOT_CODED_ZERO
ICJ-163-2016-12-07||GA_FORMAL_VOTE::GAV|855216,ICJ-163-2016-12-07,163,2016-12-19,12,GA_FORMAL_VOTE,A/71/PV.65,0,0,0,NO_PRESERVED_MANUAL_REVIEW_EVIDENCE,UNREVIEWED_IS_NOT_CODED_ZERO
ICJ-163-2016-12-07||GA_FORMAL_VOTE::GAV|855227,ICJ-163-2016-12-07,163,2016-12-19,12,GA_FORMAL_VOTE,A/71/PV.65,0,0,0,NO_PRESERVED_MANUAL_REVIEW_EVIDENCE,UNREVIEWED_IS_NOT_CODED_ZERO
ICJ-163-2016-12-07||GA_FORMAL_VOTE::GAV|855228,ICJ-163-2016-12-07,163,2016-12-19,12,GA_FORMAL_VOTE,A/71/PV.65,0,0,0,NO_PRESERVED_MANUAL_REVIEW_EVIDENCE,UNREVIEWED_IS_NOT_CODED_ZERO
ICJ-163-2016-12-07||GA_FORMAL_VOTE::GAV|855231,ICJ-163-2016-12-07,163,2016-12-19,12,GA_FORMAL_VOTE,A/71/PV.65,0,0,0,NO_PRESERVED_MANUAL_REVIEW_EVIDENCE,UNREVIEWED_IS_NOT_CODED_ZERO
ICJ-163-2016-12-07||SC_FORMAL_VOTE::SCV|1642,ICJ-163-2016-12-07,163,2016-12-19,12,SC_FORMAL_VOTE,S/PV.7841,0,0,0,NO_PRESERVED_MANUAL_REVIEW_EVIDENCE,UNREVIEWED_IS_NOT_CODED_ZERO
ICJ-163-2016-12-07||SC_FORMAL_VOTE::SCV|1643,ICJ-163-2016-12-07,163,2016-12-19,12,SC_FORMAL_VOTE,S/PV.7842,0,0,0,NO_PRESERVED_MANUAL_REVIEW_EVIDENCE,UNREVIEWED_IS_NOT_CODED_ZERO
ICJ-163-2016-12-07||SC_FORMAL_VOTE::SCV|1644,ICJ-163-2016-12-07,163,2016-12-19,12,SC_FORMAL_VOTE,S/PV.7843,0,0,0,NO_PRESERVED_MANUAL_REVIEW_EVIDENCE,UNREVIEWED_IS_NOT_CODED_ZERO
ICJ-163-2016-12-07||SC_MEETING::SCM|S/PV.7841,ICJ-163-2016-12-07,163,2016-12-19,12,SC_MEETING,S/PV.7841,0,0,0,NO_PRESERVED_MANUAL_REVIEW_EVIDENCE,UNREVIEWED_IS_NOT_CODED_ZERO
ICJ-163-2016-12-07||SC_MEETING::SCM|S/PV.7842,ICJ-163-2016-12-07,163,2016-12-19,12,SC_MEETING,S/PV.7842,0,0,0,NO_PRESERVED_MANUAL_REVIEW_EVIDENCE,UNREVIEWED_IS_NOT_CODED_ZERO
ICJ-163-2016-12-07||SC_MEETING::SCM|S/PV.7843,ICJ-163-2016-12-07,163,2016-12-19,12,SC_MEETING,S/PV.7843,0,0,0,NO_PRESERVED_MANUAL_REVIEW_EVIDENCE,UNREVIEWED_IS_NOT_CODED_ZERO
ICJ-163-2016-12-07||SC_MEETING::SCM|S/PV.7844,ICJ-163-2016-12-07,163,2016-12-19,12,SC_MEETING,S/PV.7844,0,0,0,NO_PRESERVED_MANUAL_REVIEW_EVIDENCE,UNREVIEWED_IS_NOT_CODED_ZERO
ICJ-163-2016-12-07||SC_MEETING::SCM|S/PV.7845,ICJ-163-2016-12-07,163,2016-12-19,12,SC_MEETING,S/PV.7845,0,0,0,NO_PRESERVED_MANUAL_REVIEW_EVIDENCE,UNREVIEWED_IS_NOT_CODED_ZERO
ICJ-163-2016-12-07||SC_MEETING::SCM|S/PV.7846,ICJ-163-2016-12-07,163,2016-12-19,12,SC_MEETING,S/PV.7846,0,0,0,NO_PRESERVED_MANUAL_REVIEW_EVIDENCE,UNREVIEWED_IS_NOT_CODED_ZERO
ICJ-163-2016-12-07||SC_FORMAL_VOTE::SCV|1645,ICJ-163-2016-12-07,163,2016-12-20,13,SC_FORMAL_VOTE,S/PV.7847,0,0,0,NO_PRESERVED_MANUAL_REVIEW_EVIDENCE,UNREVIEWED_IS_NOT_CODED_ZERO
ICJ-163-2016-12-07||SC_MEETING::SCM|S/PV.7847,ICJ-163-2016-12-07,163,2016-12-20,13,SC_MEETING,S/PV.7847,0,0,0,NO_PRESERVED_MANUAL_REVIEW_EVIDENCE,UNREVIEWED_IS_NOT_CODED_ZERO
ICJ-163-2016-12-07||GA_FORMAL_VOTE::GAV|855166,ICJ-163-2016-12-07,163,2016-12-21,14,GA_FORMAL_VOTE,A/71/PV.66,0,0,0,NO_PRESERVED_MANUAL_REVIEW_EVIDENCE,UNREVIEWED_IS_NOT_CODED_ZERO
ICJ-163-2016-12-07||GA_FORMAL_VOTE::GAV|855182,ICJ-163-2016-12-07,163,2016-12-21,14,GA_FORMAL_VOTE,A/71/PV.66,0,0,0,NO_PRESERVED_MANUAL_REVIEW_EVIDENCE,UNREVIEWED_IS_NOT_CODED_ZERO
ICJ-163-2016-12-07||GA_FORMAL_VOTE::GAV|855190,ICJ-163-2016-12-07,163,2016-12-21,14,GA_FORMAL_VOTE,A/71/PV.66,0,0,0,NO_PRESERVED_MANUAL_REVIEW_EVIDENCE,UNREVIEWED_IS_NOT_CODED_ZERO
ICJ-163-2016-12-07||GA_FORMAL_VOTE::GAV|855192,ICJ-163-2016-12-07,163,2016-12-21,14,GA_FORMAL_VOTE,A/71/PV.66,0,0,0,NO_PRESERVED_MANUAL_REVIEW_EVIDENCE,UNREVIEWED_IS_NOT_CODED_ZERO
ICJ-163-2016-12-07||GA_FORMAL_VOTE::GAV|855222,ICJ-163-2016-12-07,163,2016-12-21,14,GA_FORMAL_VOTE,A/71/PV.66,0,0,0,NO_PRESERVED_MANUAL_REVIEW_EVIDENCE,UNREVIEWED_IS_NOT_CODED_ZERO
ICJ-163-2016-12-07||GA_FORMAL_VOTE::GAV|855235,ICJ-163-2016-12-07,163,2016-12-21,14,GA_FORMAL_VOTE,A/71/PV.66,0,0,0,NO_PRESERVED_MANUAL_REVIEW_EVIDENCE,UNREVIEWED_IS_NOT_CODED_ZERO
ICJ-163-2016-12-07||SC_FORMAL_VOTE::SCV|1646,ICJ-163-2016-12-07,163,2016-12-21,14,SC_FORMAL_VOTE,S/PV.7849,0,0,0,NO_PRESERVED_MANUAL_REVIEW_EVIDENCE,UNREVIEWED_IS_NOT_CODED_ZERO
ICJ-163-2016-12-07||SC_MEETING::SCM|S/PV.7848,ICJ-163-2016-12-07,163,2016-12-21,14,SC_MEETING,S/PV.7848,0,0,0,NO_PRESERVED_MANUAL_REVIEW_EVIDENCE,UNREVIEWED_IS_NOT_CODED_ZERO
ICJ-163-2016-12-07||SC_MEETING::SCM|S/PV.7849,ICJ-163-2016-12-07,163,2016-12-21,14,SC_MEETING,S/PV.7849,0,0,0,NO_PRESERVED_MANUAL_REVIEW_EVIDENCE,UNREVIEWED_IS_NOT_CODED_ZERO
ICJ-163-2016-12-07||GA_FORMAL_VOTE::GAV|855188,ICJ-163-2016-12-07,163,2016-12-22,15,GA_FORMAL_VOTE,A/71/PV.67,0,0,0,NO_PRESERVED_MANUAL_REVIEW_EVIDENCE,UNREVIEWED_IS_NOT_CODED_ZERO
ICJ-163-2016-12-07||GA_FORMAL_VOTE::GAV|855180,ICJ-163-2016-12-07,163,2016-12-23,16,GA_FORMAL_VOTE,A/71/PV.68,0,0,0,NO_PRESERVED_MANUAL_REVIEW_EVIDENCE,UNREVIEWED_IS_NOT_CODED_ZERO
ICJ-163-2016-12-07||GA_FORMAL_VOTE::GAV|855229,ICJ-163-2016-12-07,163,2016-12-23,16,GA_FORMAL_VOTE,A/71/PV.68,0,0,0,NO_PRESERVED_MANUAL_REVIEW_EVIDENCE,UNREVIEWED_IS_NOT_CODED_ZERO
ICJ-163-2016-12-07||GA_FORMAL_VOTE::GAV|855232,ICJ-163-2016-12-07,163,2016-12-23,16,GA_FORMAL_VOTE,A/71/PV.68,0,0,0,NO_PRESERVED_MANUAL_REVIEW_EVIDENCE,UNREVIEWED_IS_NOT_CODED_ZERO
ICJ-163-2016-12-07||SC_FORMAL_VOTE::SCV|1647,ICJ-163-2016-12-07,163,2016-12-23,16,SC_FORMAL_VOTE,S/PV.7853,0,0,0,NO_PRESERVED_MANUAL_REVIEW_EVIDENCE,UNREVIEWED_IS_NOT_CODED_ZERO
ICJ-163-2016-12-07||SC_FORMAL_VOTE::SCV|1648,ICJ-163-2016-12-07,163,2016-12-23,16,SC_FORMAL_VOTE,S/PV.7850,0,0,0,NO_PRESERVED_MANUAL_REVIEW_EVIDENCE,UNREVIEWED_IS_NOT_CODED_ZERO
ICJ-163-2016-12-07||SC_FORMAL_VOTE::SCV|1649,ICJ-163-2016-12-07,163,2016-12-23,16,SC_FORMAL_VOTE,S/PV.7851,0,0,0,NO_PRESERVED_MANUAL_REVIEW_EVIDENCE,UNREVIEWED_IS_NOT_CODED_ZERO
ICJ-163-2016-12-07||SC_MEETING::SCM|S/PV.7850,ICJ-163-2016-12-07,163,2016-12-23,16,SC_MEETING,S/PV.7850,0,0,0,NO_PRESERVED_MANUAL_REVIEW_EVIDENCE,UNREVIEWED_IS_NOT_CODED_ZERO
ICJ-163-2016-12-07||SC_MEETING::SCM|S/PV.7851,ICJ-163-2016-12-07,163,2016-12-23,16,SC_MEETING,S/PV.7851,0,0,0,NO_PRESERVED_MANUAL_REVIEW_EVIDENCE,UNREVIEWED_IS_NOT_CODED_ZERO
ICJ-163-2016-12-07||SC_MEETING::SCM|S/PV.7852,ICJ-163-2016-12-07,163,2016-12-23,16,SC_MEETING,S/PV.7852,0,0,0,NO_PRESERVED_MANUAL_REVIEW_EVIDENCE,UNREVIEWED_IS_NOT_CODED_ZERO
ICJ-163-2016-12-07||SC_MEETING::SCM|S/PV.7853,ICJ-163-2016-12-07,163,2016-12-23,16,SC_MEETING,S/PV.7853,0,0,0,NO_PRESERVED_MANUAL_REVIEW_EVIDENCE,UNREVIEWED_IS_NOT_CODED_ZERO
ICJ-163-2016-12-07||SC_FORMAL_VOTE::SCV|1650,ICJ-163-2016-12-07,163,2016-12-30,23,SC_FORMAL_VOTE,S/PV.7854,0,0,0,NO_PRESERVED_MANUAL_REVIEW_EVIDENCE,UNREVIEWED_IS_NOT_CODED_ZERO
ICJ-163-2016-12-07||SC_MEETING::SCM|S/PV.7854,ICJ-163-2016-12-07,163,2016-12-30,23,SC_MEETING,S/PV.7854,0,0,0,NO_PRESERVED_MANUAL_REVIEW_EVIDENCE,UNREVIEWED_IS_NOT_CODED_ZERO
ICJ-163-2016-12-07||SC_FORMAL_VOTE::SCV|1651,ICJ-163-2016-12-07,163,2016-12-31,24,SC_FORMAL_VOTE,S/PV.7855,0,0,0,NO_PRESERVED_MANUAL_REVIEW_EVIDENCE,UNREVIEWED_IS_NOT_CODED_ZERO
ICJ-163-2016-12-07||SC_MEETING::SCM|S/PV.7855,ICJ-163-2016-12-07,163,2016-12-31,24,SC_MEETING,S/PV.7855,0,0,0,NO_PRESERVED_MANUAL_REVIEW_EVIDENCE,UNREVIEWED_IS_NOT_CODED_ZERO
ICJ-163-2016-12-07||SC_MEETING::SCM|S/PV.7856,ICJ-163-2016-12-07,163,2017-01-04,28,SC_MEETING,S/PV.7856,0,0,0,NO_PRESERVED_MANUAL_REVIEW_EVIDENCE,UNREVIEWED_IS_NOT_CODED_ZERO
ICJ-163-2016-12-07||SC_MEETING::SCM|S/PV.7857,ICJ-163-2016-12-07,163,2017-01-10,34,SC_MEETING,S/PV.7857,0,0,0,NO_PRESERVED_MANUAL_REVIEW_EVIDENCE,UNREVIEWED_IS_NOT_CODED_ZERO
ICJ-163-2016-12-07||SC_MEETING::SCM|S/PV.7858,ICJ-163-2016-12-07,163,2017-01-11,35,SC_MEETING,S/PV.7858,0,0,0,NO_PRESERVED_MANUAL_REVIEW_EVIDENCE,UNREVIEWED_IS_NOT_CODED_ZERO
ICJ-163-2016-12-07||SC_MEETING::SCM|S/PV.7859,ICJ-163-2016-12-07,163,2017-01-11,35,SC_MEETING,S/PV.7859,0,0,0,NO_PRESERVED_MANUAL_REVIEW_EVIDENCE,UNREVIEWED_IS_NOT_CODED_ZERO
ICJ-163-2016-12-07||SC_MEETING::SCM|S/PV.7860,ICJ-163-2016-12-07,163,2017-01-12,36,SC_MEETING,S/PV.7860,0,0,0,NO_PRESERVED_MANUAL_REVIEW_EVIDENCE,UNREVIEWED_IS_NOT_CODED_ZERO
ICJ-163-2016-12-07||SC_MEETING::SCM|S/PV.7861,ICJ-163-2016-12-07,163,2017-01-12,36,SC_MEETING,S/PV.7861,0,0,0,NO_PRESERVED_MANUAL_REVIEW_EVIDENCE,UNREVIEWED_IS_NOT_CODED_ZERO
ICJ-163-2016-12-07||SC_MEETING::SCM|S/PV.7862,ICJ-163-2016-12-07,163,2017-01-13,37,SC_MEETING,S/PV.7862,0,0,0,NO_PRESERVED_MANUAL_REVIEW_EVIDENCE,UNREVIEWED_IS_NOT_CODED_ZERO
ICJ-163-2016-12-07||SC_MEETING::SCM|S/PV.7863,ICJ-163-2016-12-07,163,2017-01-17,41,SC_MEETING,S/PV.7863,0,0,0,NO_PRESERVED_MANUAL_REVIEW_EVIDENCE,UNREVIEWED_IS_NOT_CODED_ZERO
ICJ-163-2016-12-07||SC_MEETING::SCM|S/PV.7864,ICJ-163-2016-12-07,163,2017-01-18,42,SC_MEETING,S/PV.7864,0,0,0,NO_PRESERVED_MANUAL_REVIEW_EVIDENCE,UNREVIEWED_IS_NOT_CODED_ZERO
ICJ-163-2016-12-07||SC_MEETING::SCM|S/PV.7865,ICJ-163-2016-12-07,163,2017-01-18,42,SC_MEETING,S/PV.7865,0,0,0,NO_PRESERVED_MANUAL_REVIEW_EVIDENCE,UNREVIEWED_IS_NOT_CODED_ZERO
ICJ-163-2016-12-07||SC_FORMAL_VOTE::SCV|1652,ICJ-163-2016-12-07,163,2017-01-19,43,SC_FORMAL_VOTE,S/PV.7866,0,0,0,NO_PRESERVED_MANUAL_REVIEW_EVIDENCE,UNREVIEWED_IS_NOT_CODED_ZERO
ICJ-163-2016-12-07||SC_MEETING::SCM|S/PV.7866,ICJ-163-2016-12-07,163,2017-01-19,43,SC_MEETING,S/PV.7866,0,0,0,NO_PRESERVED_MANUAL_REVIEW_EVIDENCE,UNREVIEWED_IS_NOT_CODED_ZERO
ICJ-163-2016-12-07||SC_MEETING::SCM|S/PV.7867,ICJ-163-2016-12-07,163,2017-01-20,44,SC_MEETING,S/PV.7867,0,0,0,NO_PRESERVED_MANUAL_REVIEW_EVIDENCE,UNREVIEWED_IS_NOT_CODED_ZERO
ICJ-163-2016-12-07||SC_MEETING::SCM|S/PV.7868,ICJ-163-2016-12-07,163,2017-01-20,44,SC_MEETING,S/PV.7868,0,0,0,NO_PRESERVED_MANUAL_REVIEW_EVIDENCE,UNREVIEWED_IS_NOT_CODED_ZERO
ICJ-163-2016-12-07||SC_FORMAL_VOTE::SCV|1653,ICJ-163-2016-12-07,163,2017-01-26,50,SC_FORMAL_VOTE,S/PV.7869,0,0,0,NO_PRESERVED_MANUAL_REVIEW_EVIDENCE,UNREVIEWED_IS_NOT_CODED_ZERO
ICJ-163-2016-12-07||SC_MEETING::SCM|S/PV.7869,ICJ-163-2016-12-07,163,2017-01-26,50,SC_MEETING,S/PV.7869,0,0,0,NO_PRESERVED_MANUAL_REVIEW_EVIDENCE,UNREVIEWED_IS_NOT_CODED_ZERO
ICJ-163-2016-12-07||SC_MEETING::SCM|S/PV.7870,ICJ-163-2016-12-07,163,2017-01-26,50,SC_MEETING,S/PV.7870,0,0,0,NO_PRESERVED_MANUAL_REVIEW_EVIDENCE,UNREVIEWED_IS_NOT_CODED_ZERO
ICJ-163-2016-12-07||SC_MEETING::SCM|S/PV.7871,ICJ-163-2016-12-07,163,2017-01-26,50,SC_MEETING,S/PV.7871,0,0,0,NO_PRESERVED_MANUAL_REVIEW_EVIDENCE,UNREVIEWED_IS_NOT_CODED_ZERO
ICJ-163-2016-12-07||SC_FORMAL_VOTE::SCV|1654,ICJ-163-2016-12-07,163,2017-01-27,51,SC_FORMAL_VOTE,S/PV.7872,0,0,0,NO_PRESERVED_MANUAL_REVIEW_EVIDENCE,UNREVIEWED_IS_NOT_CODED_ZERO
ICJ-163-2016-12-07||SC_MEETING::SCM|S/PV.7872,ICJ-163-2016-12-07,163,2017-01-27,51,SC_MEETING,S/PV.7872,0,0,0,NO_PRESERVED_MANUAL_REVIEW_EVIDENCE,UNREVIEWED_IS_NOT_CODED_ZERO
ICJ-163-2016-12-07||SC_MEETING::SCM|S/PV.7873,ICJ-163-2016-12-07,163,2017-01-27,51,SC_MEETING,S/PV.7873,0,0,0,NO_PRESERVED_MANUAL_REVIEW_EVIDENCE,UNREVIEWED_IS_NOT_CODED_ZERO
ICJ-163-2016-12-07||SC_MEETING::SCM|S/PV.7874,ICJ-163-2016-12-07,163,2017-01-27,51,SC_MEETING,S/PV.7874,0,0,0,NO_PRESERVED_MANUAL_REVIEW_EVIDENCE,UNREVIEWED_IS_NOT_CODED_ZERO
ICJ-163-2016-12-07||SC_MEETING::SCM|S/PV.7875,ICJ-163-2016-12-07,163,2017-02-02,57,SC_MEETING,S/PV.7875,0,0,0,NO_PRESERVED_MANUAL_REVIEW_EVIDENCE,UNREVIEWED_IS_NOT_CODED_ZERO
ICJ-163-2016-12-07||SC_MEETING::SCM|S/PV.7876,ICJ-163-2016-12-07,163,2017-02-02,57,SC_MEETING,S/PV.7876,0,0,0,NO_PRESERVED_MANUAL_REVIEW_EVIDENCE,UNREVIEWED_IS_NOT_CODED_ZERO
ICJ-163-2016-12-07||SC_MEETING::SCM|S/PV.7877,ICJ-163-2016-12-07,163,2017-02-07,62,SC_MEETING,S/PV.7877,0,0,0,NO_PRESERVED_MANUAL_REVIEW_EVIDENCE,UNREVIEWED_IS_NOT_CODED_ZERO
ICJ-163-2016-12-07||SC_FORMAL_VOTE::SCV|1655,ICJ-163-2016-12-07,163,2017-02-08,63,SC_FORMAL_VOTE,S/PV.7878,0,0,0,NO_PRESERVED_MANUAL_REVIEW_EVIDENCE,UNREVIEWED_IS_NOT_CODED_ZERO
ICJ-163-2016-12-07||SC_MEETING::SCM|S/PV.7878,ICJ-163-2016-12-07,163,2017-02-08,63,SC_MEETING,S/PV.7878,0,0,0,NO_PRESERVED_MANUAL_REVIEW_EVIDENCE,UNREVIEWED_IS_NOT_CODED_ZERO
ICJ-163-2016-12-07||SC_MEETING::SCM|S/PV.7879,ICJ-163-2016-12-07,163,2017-02-08,63,SC_MEETING,S/PV.7879,0,0,0,NO_PRESERVED_MANUAL_REVIEW_EVIDENCE,UNREVIEWED_IS_NOT_CODED_ZERO
ICJ-163-2016-12-07||SC_MEETING::SCM|S/PV.7880,ICJ-163-2016-12-07,163,2017-02-08,63,SC_MEETING,S/PV.7880,0,0,0,NO_PRESERVED_MANUAL_REVIEW_EVIDENCE,UNREVIEWED_IS_NOT_CODED_ZERO
ICJ-163-2016-12-07||SC_MEETING::SCM|S/PV.7881,ICJ-163-2016-12-07,163,2017-02-10,65,SC_MEETING,S/PV.7881,0,0,0,NO_PRESERVED_MANUAL_REVIEW_EVIDENCE,UNREVIEWED_IS_NOT_CODED_ZERO
ICJ-163-2016-12-07||SC_FORMAL_VOTE::SCV|1656,ICJ-163-2016-12-07,163,2017-02-13,68,SC_FORMAL_VOTE,S/PV.7882,0,0,0,NO_PRESERVED_MANUAL_REVIEW_EVIDENCE,UNREVIEWED_IS_NOT_CODED_ZERO
ICJ-163-2016-12-07||SC_MEETING::SCM|S/PV.7882,ICJ-163-2016-12-07,163,2017-02-13,68,SC_MEETING,S/PV.7882,0,0,0,NO_PRESERVED_MANUAL_REVIEW_EVIDENCE,UNREVIEWED_IS_NOT_CODED_ZERO
ICJ-163-2016-12-07||SC_MEETING::SCM|S/PV.7883,ICJ-163-2016-12-07,163,2017-02-14,69,SC_MEETING,S/PV.7883,0,0,0,NO_PRESERVED_MANUAL_REVIEW_EVIDENCE,UNREVIEWED_IS_NOT_CODED_ZERO
ICJ-163-2016-12-07||SC_MEETING::SCM|S/PV.7884,ICJ-163-2016-12-07,163,2017-02-15,70,SC_MEETING,S/PV.7884,0,0,0,NO_PRESERVED_MANUAL_REVIEW_EVIDENCE,UNREVIEWED_IS_NOT_CODED_ZERO
ICJ-163-2016-12-07||SC_MEETING::SCM|S/PV.7885,ICJ-163-2016-12-07,163,2017-02-16,71,SC_MEETING,S/PV.7885,0,0,0,NO_PRESERVED_MANUAL_REVIEW_EVIDENCE,UNREVIEWED_IS_NOT_CODED_ZERO
ICJ-163-2016-12-07||SC_MEETING::SCM|S/PV.7886,ICJ-163-2016-12-07,163,2017-02-21,76,SC_MEETING,S/PV.7886,0,0,0,NO_PRESERVED_MANUAL_REVIEW_EVIDENCE,UNREVIEWED_IS_NOT_CODED_ZERO
ICJ-163-2016-12-07||SC_MEETING::SCM|S/PV.7887,ICJ-163-2016-12-07,163,2017-02-22,77,SC_MEETING,S/PV.7887,0,0,0,NO_PRESERVED_MANUAL_REVIEW_EVIDENCE,UNREVIEWED_IS_NOT_CODED_ZERO
ICJ-163-2016-12-07||SC_MEETING::SCM|S/PV.7888,ICJ-163-2016-12-07,163,2017-02-22,77,SC_MEETING,S/PV.7888,0,0,0,NO_PRESERVED_MANUAL_REVIEW_EVIDENCE,UNREVIEWED_IS_NOT_CODED_ZERO
ICJ-163-2016-12-07||SC_FORMAL_VOTE::SCV|1657,ICJ-163-2016-12-07,163,2017-02-23,78,SC_FORMAL_VOTE,S/PV.7890,0,0,0,NO_PRESERVED_MANUAL_REVIEW_EVIDENCE,UNREVIEWED_IS_NOT_CODED_ZERO
ICJ-163-2016-12-07||SC_FORMAL_VOTE::SCV|1658,ICJ-163-2016-12-07,163,2017-02-23,78,SC_FORMAL_VOTE,S/PV.7889,0,0,0,NO_PRESERVED_MANUAL_REVIEW_EVIDENCE,UNREVIEWED_IS_NOT_CODED_ZERO
ICJ-163-2016-12-07||SC_MEETING::SCM|S/PV.7889,ICJ-163-2016-12-07,163,2017-02-23,78,SC_MEETING,S/PV.7889,0,0,0,NO_PRESERVED_MANUAL_REVIEW_EVIDENCE,UNREVIEWED_IS_NOT_CODED_ZERO
ICJ-163-2016-12-07||SC_MEETING::SCM|S/PV.7890,ICJ-163-2016-12-07,163,2017-02-23,78,SC_MEETING,S/PV.7890,0,0,0,NO_PRESERVED_MANUAL_REVIEW_EVIDENCE,UNREVIEWED_IS_NOT_CODED_ZERO
ICJ-163-2016-12-07||SC_MEETING::SCM|S/PV.7891,ICJ-163-2016-12-07,163,2017-02-27,82,SC_MEETING,S/PV.7891,0,0,0,NO_PRESERVED_MANUAL_REVIEW_EVIDENCE,UNREVIEWED_IS_NOT_CODED_ZERO
ICJ-163-2016-12-07||SC_FORMAL_VOTE::SCV|1659,ICJ-163-2016-12-07,163,2017-02-28,83,SC_FORMAL_VOTE,S/PV.7893,0,0,0,NO_PRESERVED_MANUAL_REVIEW_EVIDENCE,UNREVIEWED_IS_NOT_CODED_ZERO
ICJ-163-2016-12-07||SC_MEETING::SCM|S/PV.7892,ICJ-163-2016-12-07,163,2017-02-28,83,SC_MEETING,S/PV.7892,0,0,0,NO_PRESERVED_MANUAL_REVIEW_EVIDENCE,UNREVIEWED_IS_NOT_CODED_ZERO
ICJ-163-2016-12-07||SC_MEETING::SCM|S/PV.7893,ICJ-163-2016-12-07,163,2017-02-28,83,SC_MEETING,S/PV.7893,0,0,0,NO_PRESERVED_MANUAL_REVIEW_EVIDENCE,UNREVIEWED_IS_NOT_CODED_ZERO
ICJ-163-2016-12-07||SC_MEETING::SCM|S/PV.7894,ICJ-163-2016-12-07,163,2017-03-09,92,SC_MEETING,S/PV.7894,0,0,0,NO_PRESERVED_MANUAL_REVIEW_EVIDENCE,UNREVIEWED_IS_NOT_CODED_ZERO
ICJ-163-2016-12-07||SC_MEETING::SCM|S/PV.7895,ICJ-163-2016-12-07,163,2017-03-09,92,SC_MEETING,S/PV.7895,0,0,0,NO_PRESERVED_MANUAL_REVIEW_EVIDENCE,UNREVIEWED_IS_NOT_CODED_ZERO
ICJ-163-2016-12-07||SC_MEETING::SCM|S/PV.7896,ICJ-163-2016-12-07,163,2017-03-10,93,SC_MEETING,S/PV.7896,0,0,0,NO_PRESERVED_MANUAL_REVIEW_EVIDENCE,UNREVIEWED_IS_NOT_CODED_ZERO
ICJ-163-2016-12-07||SC_MEETING::SCM|S/PV.7897,ICJ-163-2016-12-07,163,2017-03-10,93,SC_MEETING,S/PV.7897,0,0,0,NO_PRESERVED_MANUAL_REVIEW_EVIDENCE,UNREVIEWED_IS_NOT_CODED_ZERO
ICJ-163-2016-12-07||SC_MEETING::SCM|S/PV.7898,ICJ-163-2016-12-07,163,2017-03-15,98,SC_MEETING,S/PV.7898,0,0,0,NO_PRESERVED_MANUAL_REVIEW_EVIDENCE,UNREVIEWED_IS_NOT_CODED_ZERO
ICJ-163-2016-12-07||SC_MEETING::SCM|S/PV.7899,ICJ-163-2016-12-07,163,2017-03-16,99,SC_MEETING,S/PV.7899,0,0,0,NO_PRESERVED_MANUAL_REVIEW_EVIDENCE,UNREVIEWED_IS_NOT_CODED_ZERO
ICJ-163-2016-12-07||SC_MEETING::SCM|S/PV.7900,ICJ-163-2016-12-07,163,2017-03-16,99,SC_MEETING,S/PV.7900,0,0,0,NO_PRESERVED_MANUAL_REVIEW_EVIDENCE,UNREVIEWED_IS_NOT_CODED_ZERO
ICJ-163-2016-12-07||SC_MEETING::SCM|S/PV.7901,ICJ-163-2016-12-07,163,2017-03-16,99,SC_MEETING,S/PV.7901,0,0,0,NO_PRESERVED_MANUAL_REVIEW_EVIDENCE,UNREVIEWED_IS_NOT_CODED_ZERO
ICJ-163-2016-12-07||SC_FORMAL_VOTE::SCV|1660,ICJ-163-2016-12-07,163,2017-03-17,100,SC_FORMAL_VOTE,S/PV.7902,0,0,0,NO_PRESERVED_MANUAL_REVIEW_EVIDENCE,UNREVIEWED_IS_NOT_CODED_ZERO
ICJ-163-2016-12-07||SC_MEETING::SCM|S/PV.7902,ICJ-163-2016-12-07,163,2017-03-17,100,SC_MEETING,S/PV.7902,0,0,0,NO_PRESERVED_MANUAL_REVIEW_EVIDENCE,UNREVIEWED_IS_NOT_CODED_ZERO
ICJ-163-2016-12-07||SC_MEETING::SCM|S/PV.7903,ICJ-163-2016-12-07,163,2017-03-21,104,SC_MEETING,S/PV.7903,0,0,0,NO_PRESERVED_MANUAL_REVIEW_EVIDENCE,UNREVIEWED_IS_NOT_CODED_ZERO
ICJ-163-2016-12-07||SC_FORMAL_VOTE::SCV|1661,ICJ-163-2016-12-07,163,2017-03-23,106,SC_FORMAL_VOTE,S/PV.7904,0,0,0,NO_PRESERVED_MANUAL_REVIEW_EVIDENCE,UNREVIEWED_IS_NOT_CODED_ZERO
ICJ-163-2016-12-07||SC_FORMAL_VOTE::SCV|1662,ICJ-163-2016-12-07,163,2017-03-23,106,SC_FORMAL_VOTE,S/PV.7905,0,0,0,NO_PRESERVED_MANUAL_REVIEW_EVIDENCE,UNREVIEWED_IS_NOT_CODED_ZERO
ICJ-163-2016-12-07||SC_MEETING::SCM|S/PV.7904,ICJ-163-2016-12-07,163,2017-03-23,106,SC_MEETING,S/PV.7904,0,0,0,NO_PRESERVED_MANUAL_REVIEW_EVIDENCE,UNREVIEWED_IS_NOT_CODED_ZERO
ICJ-163-2016-12-07||SC_MEETING::SCM|S/PV.7905,ICJ-163-2016-12-07,163,2017-03-23,106,SC_MEETING,S/PV.7905,0,0,0,NO_PRESERVED_MANUAL_REVIEW_EVIDENCE,UNREVIEWED_IS_NOT_CODED_ZERO
ICJ-163-2016-12-07||SC_MEETING::SCM|S/PV.7906,ICJ-163-2016-12-07,163,2017-03-23,106,SC_MEETING,S/PV.7906,0,0,0,NO_PRESERVED_MANUAL_REVIEW_EVIDENCE,UNREVIEWED_IS_NOT_CODED_ZERO
ICJ-163-2016-12-07||SC_FORMAL_VOTE::SCV|1663,ICJ-163-2016-12-07,163,2017-03-24,107,SC_FORMAL_VOTE,S/PV.7907,0,0,0,NO_PRESERVED_MANUAL_REVIEW_EVIDENCE,UNREVIEWED_IS_NOT_CODED_ZERO
ICJ-163-2016-12-07||SC_MEETING::SCM|S/PV.7907,ICJ-163-2016-12-07,163,2017-03-24,107,SC_MEETING,S/PV.7907,0,0,0,NO_PRESERVED_MANUAL_REVIEW_EVIDENCE,UNREVIEWED_IS_NOT_CODED_ZERO
ICJ-163-2016-12-07||SC_MEETING::SCM|S/PV.7908,ICJ-163-2016-12-07,163,2017-03-24,107,SC_MEETING,S/PV.7908,0,0,0,NO_PRESERVED_MANUAL_REVIEW_EVIDENCE,UNREVIEWED_IS_NOT_CODED_ZERO
ICJ-163-2016-12-07||SC_MEETING::SCM|S/PV.7909,ICJ-163-2016-12-07,163,2017-03-30,113,SC_MEETING,S/PV.7909,0,0,0,NO_PRESERVED_MANUAL_REVIEW_EVIDENCE,UNREVIEWED_IS_NOT_CODED_ZERO
ICJ-163-2016-12-07||SC_FORMAL_VOTE::SCV|1664,ICJ-163-2016-12-07,163,2017-03-31,114,SC_FORMAL_VOTE,S/PV.7910,0,0,0,NO_PRESERVED_MANUAL_REVIEW_EVIDENCE,UNREVIEWED_IS_NOT_CODED_ZERO
ICJ-163-2016-12-07||SC_FORMAL_VOTE::SCV|1665,ICJ-163-2016-12-07,163,2017-03-31,114,SC_FORMAL_VOTE,S/PV.7911,0,0,0,NO_PRESERVED_MANUAL_REVIEW_EVIDENCE,UNREVIEWED_IS_NOT_CODED_ZERO
ICJ-163-2016-12-07||SC_MEETING::SCM|S/PV.7910,ICJ-163-2016-12-07,163,2017-03-31,114,SC_MEETING,S/PV.7910,0,0,0,NO_PRESERVED_MANUAL_REVIEW_EVIDENCE,UNREVIEWED_IS_NOT_CODED_ZERO
ICJ-163-2016-12-07||SC_MEETING::SCM|S/PV.7911,ICJ-163-2016-12-07,163,2017-03-31,114,SC_MEETING,S/PV.7911,0,0,0,NO_PRESERVED_MANUAL_REVIEW_EVIDENCE,UNREVIEWED_IS_NOT_CODED_ZERO
ICJ-163-2016-12-07||SC_MEETING::SCM|S/PV.7912,ICJ-163-2016-12-07,163,2017-04-04,118,SC_MEETING,S/PV.7912,0,0,0,NO_PRESERVED_MANUAL_REVIEW_EVIDENCE,UNREVIEWED_IS_NOT_CODED_ZERO
ICJ-163-2016-12-07||SC_MEETING::SCM|S/PV.7913,ICJ-163-2016-12-07,163,2017-04-04,118,SC_MEETING,S/PV.7913,0,0,0,NO_PRESERVED_MANUAL_REVIEW_EVIDENCE,UNREVIEWED_IS_NOT_CODED_ZERO
ICJ-163-2016-12-07||SC_MEETING::SCM|S/PV.7914,ICJ-163-2016-12-07,163,2017-04-04,118,SC_MEETING,S/PV.7914,0,0,0,NO_PRESERVED_MANUAL_REVIEW_EVIDENCE,UNREVIEWED_IS_NOT_CODED_ZERO
ICJ-163-2016-12-07||SC_MEETING::SCM|S/PV.7915,ICJ-163-2016-12-07,163,2017-04-05,119,SC_MEETING,S/PV.7915,0,0,0,NO_PRESERVED_MANUAL_REVIEW_EVIDENCE,UNREVIEWED_IS_NOT_CODED_ZERO
ICJ-163-2016-12-07||SC_MEETING::SCM|S/PV.7916,ICJ-163-2016-12-07,163,2017-04-05,119,SC_MEETING,S/PV.7916,0,0,0,NO_PRESERVED_MANUAL_REVIEW_EVIDENCE,UNREVIEWED_IS_NOT_CODED_ZERO
ICJ-163-2016-12-07||SC_MEETING::SCM|S/PV.7917,ICJ-163-2016-12-07,163,2017-04-06,120,SC_MEETING,S/PV.7917,0,0,0,NO_PRESERVED_MANUAL_REVIEW_EVIDENCE,UNREVIEWED_IS_NOT_CODED_ZERO
ICJ-163-2016-12-07||SC_MEETING::SCM|S/PV.7918,ICJ-163-2016-12-07,163,2017-04-06,120,SC_MEETING,S/PV.7918,0,0,0,NO_PRESERVED_MANUAL_REVIEW_EVIDENCE,UNREVIEWED_IS_NOT_CODED_ZERO
ICJ-163-2016-12-07||SC_MEETING::SCM|S/PV.7919,ICJ-163-2016-12-07,163,2017-04-07,121,SC_MEETING,S/PV.7919,0,0,0,NO_PRESERVED_MANUAL_REVIEW_EVIDENCE,UNREVIEWED_IS_NOT_CODED_ZERO
ICJ-163-2016-12-07||SC_MEETING::SCM|S/PV.7920,ICJ-163-2016-12-07,163,2017-04-11,125,SC_MEETING,S/PV.7920,0,0,0,NO_PRESERVED_MANUAL_REVIEW_EVIDENCE,UNREVIEWED_IS_NOT_CODED_ZERO
ICJ-163-2016-12-07||SC_FORMAL_VOTE::SCV|1666,ICJ-163-2016-12-07,163,2017-04-12,126,SC_FORMAL_VOTE,S/PV.7922,0,0,0,NO_PRESERVED_MANUAL_REVIEW_EVIDENCE,UNREVIEWED_IS_NOT_CODED_ZERO
ICJ-163-2016-12-07||SC_MEETING::SCM|S/PV.7921,ICJ-163-2016-12-07,163,2017-04-12,126,SC_MEETING,S/PV.7921,0,0,0,NO_PRESERVED_MANUAL_REVIEW_EVIDENCE,UNREVIEWED_IS_NOT_CODED_ZERO
ICJ-163-2016-12-07||SC_MEETING::SCM|S/PV.7922,ICJ-163-2016-12-07,163,2017-04-12,126,SC_MEETING,S/PV.7922,0,0,0,NO_PRESERVED_MANUAL_REVIEW_EVIDENCE,UNREVIEWED_IS_NOT_CODED_ZERO
ICJ-163-2016-12-07||SC_MEETING::SCM|S/PV.7923,ICJ-163-2016-12-07,163,2017-04-12,126,SC_MEETING,S/PV.7923,0,0,0,NO_PRESERVED_MANUAL_REVIEW_EVIDENCE,UNREVIEWED_IS_NOT_CODED_ZERO
ICJ-163-2016-12-07||SC_FORMAL_VOTE::SCV|1667,ICJ-163-2016-12-07,163,2017-04-13,127,SC_FORMAL_VOTE,S/PV.7924,0,0,0,NO_PRESERVED_MANUAL_REVIEW_EVIDENCE,UNREVIEWED_IS_NOT_CODED_ZERO
ICJ-163-2016-12-07||SC_MEETING::SCM|S/PV.7924,ICJ-163-2016-12-07,163,2017-04-13,127,SC_MEETING,S/PV.7924,0,0,0,NO_PRESERVED_MANUAL_REVIEW_EVIDENCE,UNREVIEWED_IS_NOT_CODED_ZERO
ICJ-163-2016-12-07||SC_MEETING::SCM|S/PV.7925,ICJ-163-2016-12-07,163,2017-04-13,127,SC_MEETING,S/PV.7925,0,0,0,NO_PRESERVED_MANUAL_REVIEW_EVIDENCE,UNREVIEWED_IS_NOT_CODED_ZERO
ICJ-163-2016-12-07||SC_MEETING::SCM|S/PV.7926,ICJ-163-2016-12-07,163,2017-04-18,132,SC_MEETING,S/PV.7926,0,0,0,NO_PRESERVED_MANUAL_REVIEW_EVIDENCE,UNREVIEWED_IS_NOT_CODED_ZERO
ICJ-163-2016-12-07||SC_MEETING::SCM|S/PV.7927,ICJ-163-2016-12-07,163,2017-04-19,133,SC_MEETING,S/PV.7927,0,0,0,NO_PRESERVED_MANUAL_REVIEW_EVIDENCE,UNREVIEWED_IS_NOT_CODED_ZERO
ICJ-163-2016-12-07||SC_MEETING::SCM|S/PV.7928,ICJ-163-2016-12-07,163,2017-04-19,133,SC_MEETING,S/PV.7928,0,0,0,NO_PRESERVED_MANUAL_REVIEW_EVIDENCE,UNREVIEWED_IS_NOT_CODED_ZERO
ICJ-163-2016-12-07||SC_MEETING::SCM|S/PV.7929,ICJ-163-2016-12-07,163,2017-04-20,134,SC_MEETING,S/PV.7929,0,0,0,NO_PRESERVED_MANUAL_REVIEW_EVIDENCE,UNREVIEWED_IS_NOT_CODED_ZERO
ICJ-163-2016-12-07||SC_MEETING::SCM|S/PV.7930,ICJ-163-2016-12-07,163,2017-04-25,139,SC_MEETING,S/PV.7930,0,0,0,NO_PRESERVED_MANUAL_REVIEW_EVIDENCE,UNREVIEWED_IS_NOT_CODED_ZERO
ICJ-163-2016-12-07||SC_MEETING::SCM|S/PV.7931,ICJ-163-2016-12-07,163,2017-04-27,141,SC_MEETING,S/PV.7931,0,0,0,NO_PRESERVED_MANUAL_REVIEW_EVIDENCE,UNREVIEWED_IS_NOT_CODED_ZERO
ICJ-163-2016-12-07||SC_FORMAL_VOTE::SCV|1668,ICJ-163-2016-12-07,163,2017-04-28,142,SC_FORMAL_VOTE,S/PV.7933,0,0,0,NO_PRESERVED_MANUAL_REVIEW_EVIDENCE,UNREVIEWED_IS_NOT_CODED_ZERO
ICJ-163-2016-12-07||SC_MEETING::SCM|S/PV.7932,ICJ-163-2016-12-07,163,2017-04-28,142,SC_MEETING,S/PV.7932,0,0,0,NO_PRESERVED_MANUAL_REVIEW_EVIDENCE,UNREVIEWED_IS_NOT_CODED_ZERO
ICJ-163-2016-12-07||SC_MEETING::SCM|S/PV.7933,ICJ-163-2016-12-07,163,2017-04-28,142,SC_MEETING,S/PV.7933,0,0,0,NO_PRESERVED_MANUAL_REVIEW_EVIDENCE,UNREVIEWED_IS_NOT_CODED_ZERO
ICJ-163-2016-12-07||SC_MEETING::SCM|S/PV.7934,ICJ-163-2016-12-07,163,2017-05-08,152,SC_MEETING,S/PV.7934,0,0,0,NO_PRESERVED_MANUAL_REVIEW_EVIDENCE,UNREVIEWED_IS_NOT_CODED_ZERO
ICJ-163-2016-12-07||SC_MEETING::SCM|S/PV.7935,ICJ-163-2016-12-07,163,2017-05-09,153,SC_MEETING,S/PV.7935,0,0,0,NO_PRESERVED_MANUAL_REVIEW_EVIDENCE,UNREVIEWED_IS_NOT_CODED_ZERO
ICJ-163-2016-12-07||SC_MEETING::SCM|S/PV.7936,ICJ-163-2016-12-07,163,2017-05-11,155,SC_MEETING,S/PV.7936,0,0,0,NO_PRESERVED_MANUAL_REVIEW_EVIDENCE,UNREVIEWED_IS_NOT_CODED_ZERO
ICJ-163-2016-12-07||SC_MEETING::SCM|S/PV.7937,ICJ-163-2016-12-07,163,2017-05-11,155,SC_MEETING,S/PV.7937,0,0,0,NO_PRESERVED_MANUAL_REVIEW_EVIDENCE,UNREVIEWED_IS_NOT_CODED_ZERO
ICJ-163-2016-12-07||SC_FORMAL_VOTE::SCV|1669,ICJ-163-2016-12-07,163,2017-05-15,159,SC_FORMAL_VOTE,S/PV.7939,0,0,0,NO_PRESERVED_MANUAL_REVIEW_EVIDENCE,UNREVIEWED_IS_NOT_CODED_ZERO
ICJ-163-2016-12-07||SC_MEETING::SCM|S/PV.7938,ICJ-163-2016-12-07,163,2017-05-15,159,SC_MEETING,S/PV.7938,0,0,0,NO_PRESERVED_MANUAL_REVIEW_EVIDENCE,UNREVIEWED_IS_NOT_CODED_ZERO
ICJ-163-2016-12-07||SC_MEETING::SCM|S/PV.7939,ICJ-163-2016-12-07,163,2017-05-15,159,SC_MEETING,S/PV.7939,0,0,0,NO_PRESERVED_MANUAL_REVIEW_EVIDENCE,UNREVIEWED_IS_NOT_CODED_ZERO
ICJ-163-2016-12-07||SC_MEETING::SCM|S/PV.7940,ICJ-163-2016-12-07,163,2017-05-16,160,SC_MEETING,S/PV.7940,0,0,0,NO_PRESERVED_MANUAL_REVIEW_EVIDENCE,UNREVIEWED_IS_NOT_CODED_ZERO
ICJ-163-2016-12-07||SC_MEETING::SCM|S/PV.7941,ICJ-163-2016-12-07,163,2017-05-16,160,SC_MEETING,S/PV.7941,0,0,0,NO_PRESERVED_MANUAL_REVIEW_EVIDENCE,UNREVIEWED_IS_NOT_CODED_ZERO
ICJ-163-2016-12-07||SC_MEETING::SCM|S/PV.7942,ICJ-163-2016-12-07,163,2017-05-17,161,SC_MEETING,S/PV.7942,0,0,0,NO_PRESERVED_MANUAL_REVIEW_EVIDENCE,UNREVIEWED_IS_NOT_CODED_ZERO
ICJ-163-2016-12-07||SC_MEETING::SCM|S/PV.7943,ICJ-163-2016-12-07,163,2017-05-18,162,SC_MEETING,S/PV.7943,0,0,0,NO_PRESERVED_MANUAL_REVIEW_EVIDENCE,UNREVIEWED_IS_NOT_CODED_ZERO
ICJ-163-2016-12-07||SC_MEETING::SCM|S/PV.7944,ICJ-163-2016-12-07,163,2017-05-22,166,SC_MEETING,S/PV.7944,0,0,0,NO_PRESERVED_MANUAL_REVIEW_EVIDENCE,UNREVIEWED_IS_NOT_CODED_ZERO
ICJ-163-2016-12-07||SC_MEETING::SCM|S/PV.7945,ICJ-163-2016-12-07,163,2017-05-22,166,SC_MEETING,S/PV.7945,0,0,0,NO_PRESERVED_MANUAL_REVIEW_EVIDENCE,UNREVIEWED_IS_NOT_CODED_ZERO
ICJ-163-2016-12-07||SC_MEETING::SCM|S/PV.7946,ICJ-163-2016-12-07,163,2017-05-23,167,SC_MEETING,S/PV.7946,0,0,0,NO_PRESERVED_MANUAL_REVIEW_EVIDENCE,UNREVIEWED_IS_NOT_CODED_ZERO
ICJ-163-2016-12-07||SC_MEETING::SCM|S/PV.7947,ICJ-163-2016-12-07,163,2017-05-23,167,SC_MEETING,S/PV.7947,0,0,0,NO_PRESERVED_MANUAL_REVIEW_EVIDENCE,UNREVIEWED_IS_NOT_CODED_ZERO
ICJ-163-2016-12-07||SC_FORMAL_VOTE::SCV|1670,ICJ-163-2016-12-07,163,2017-05-24,168,SC_FORMAL_VOTE,S/PV.7948,0,0,0,NO_PRESERVED_MANUAL_REVIEW_EVIDENCE,UNREVIEWED_IS_NOT_CODED_ZERO
ICJ-163-2016-12-07||SC_FORMAL_VOTE::SCV|1671,ICJ-163-2016-12-07,163,2017-05-24,168,SC_FORMAL_VOTE,S/PV.7949,0,0,0,NO_PRESERVED_MANUAL_REVIEW_EVIDENCE,UNREVIEWED_IS_NOT_CODED_ZERO
ICJ-163-2016-12-07||SC_MEETING::SCM|S/PV.7948,ICJ-163-2016-12-07,163,2017-05-24,168,SC_MEETING,S/PV.7948,0,0,0,NO_PRESERVED_MANUAL_REVIEW_EVIDENCE,UNREVIEWED_IS_NOT_CODED_ZERO
ICJ-163-2016-12-07||SC_MEETING::SCM|S/PV.7949,ICJ-163-2016-12-07,163,2017-05-24,168,SC_MEETING,S/PV.7949,0,0,0,NO_PRESERVED_MANUAL_REVIEW_EVIDENCE,UNREVIEWED_IS_NOT_CODED_ZERO
ICJ-163-2016-12-07||SC_MEETING::SCM|S/PV.7950,ICJ-163-2016-12-07,163,2017-05-24,168,SC_MEETING,S/PV.7950,0,0,0,NO_PRESERVED_MANUAL_REVIEW_EVIDENCE,UNREVIEWED_IS_NOT_CODED_ZERO
ICJ-163-2016-12-07||SC_MEETING::SCM|S/PV.7951,ICJ-163-2016-12-07,163,2017-05-25,169,SC_MEETING,S/PV.7951,0,0,0,NO_PRESERVED_MANUAL_REVIEW_EVIDENCE,UNREVIEWED_IS_NOT_CODED_ZERO
ICJ-163-2016-12-07||SC_FORMAL_VOTE::SCV|1672,ICJ-163-2016-12-07,163,2017-05-26,170,SC_FORMAL_VOTE,S/PV.7952,0,0,0,NO_PRESERVED_MANUAL_REVIEW_EVIDENCE,UNREVIEWED_IS_NOT_CODED_ZERO
ICJ-163-2016-12-07||SC_MEETING::SCM|S/PV.7952,ICJ-163-2016-12-07,163,2017-05-26,170,SC_MEETING,S/PV.7952,0,0,0,NO_PRESERVED_MANUAL_REVIEW_EVIDENCE,UNREVIEWED_IS_NOT_CODED_ZERO
ICJ-163-2016-12-07||SC_MEETING::SCM|S/PV.7953,ICJ-163-2016-12-07,163,2017-05-26,170,SC_MEETING,S/PV.7953,0,0,0,NO_PRESERVED_MANUAL_REVIEW_EVIDENCE,UNREVIEWED_IS_NOT_CODED_ZERO
ICJ-163-2016-12-07||SC_MEETING::SCM|S/PV.7954,ICJ-163-2016-12-07,163,2017-05-30,174,SC_MEETING,S/PV.7954,0,0,0,NO_PRESERVED_MANUAL_REVIEW_EVIDENCE,UNREVIEWED_IS_NOT_CODED_ZERO
ICJ-163-2016-12-07||SC_MEETING::SCM|S/PV.7955,ICJ-163-2016-12-07,163,2017-05-30,174,SC_MEETING,S/PV.7955,0,0,0,NO_PRESERVED_MANUAL_REVIEW_EVIDENCE,UNREVIEWED_IS_NOT_CODED_ZERO
ICJ-163-2016-12-07||GA_FORMAL_VOTE::GAV|1289215,ICJ-163-2016-12-07,163,2017-06-01,176,GA_FORMAL_VOTE,A/71/PV.85,0,0,0,NO_PRESERVED_MANUAL_REVIEW_EVIDENCE,UNREVIEWED_IS_NOT_CODED_ZERO
ICJ-163-2016-12-07||SC_MEETING::SCM|S/PV.7956,ICJ-163-2016-12-07,163,2017-06-01,176,SC_MEETING,S/PV.7956,0,0,0,NO_PRESERVED_MANUAL_REVIEW_EVIDENCE,UNREVIEWED_IS_NOT_CODED_ZERO
ICJ-163-2016-12-07||SC_FORMAL_VOTE::SCV|1673,ICJ-163-2016-12-07,163,2017-06-02,177,SC_FORMAL_VOTE,S/PV.7958,0,0,0,NO_PRESERVED_MANUAL_REVIEW_EVIDENCE,UNREVIEWED_IS_NOT_CODED_ZERO
ICJ-163-2016-12-07||SC_MEETING::SCM|S/PV.7957,ICJ-163-2016-12-07,163,2017-06-02,177,SC_MEETING,S/PV.7957,0,0,0,NO_PRESERVED_MANUAL_REVIEW_EVIDENCE,UNREVIEWED_IS_NOT_CODED_ZERO
ICJ-163-2016-12-07||SC_MEETING::SCM|S/PV.7958,ICJ-163-2016-12-07,163,2017-06-02,177,SC_MEETING,S/PV.7958,0,0,0,NO_PRESERVED_MANUAL_REVIEW_EVIDENCE,UNREVIEWED_IS_NOT_CODED_ZERO
ICJ-166-2017-04-19||SC_MEETING::SCM|S/PV.7927,ICJ-166-2017-04-19,166,2017-04-19,0,SC_MEETING,S/PV.7927,0,0,0,NO_PRESERVED_MANUAL_REVIEW_EVIDENCE,UNREVIEWED_IS_NOT_CODED_ZERO
ICJ-166-2017-04-19||SC_MEETING::SCM|S/PV.7928,ICJ-166-2017-04-19,166,2017-04-19,0,SC_MEETING,S/PV.7928,0,0,0,NO_PRESERVED_MANUAL_REVIEW_EVIDENCE,UNREVIEWED_IS_NOT_CODED_ZERO
ICJ-166-2017-04-19||SC_MEETING::SCM|S/PV.7929,ICJ-166-2017-04-19,166,2017-04-20,1,SC_MEETING,S/PV.7929,0,0,0,NO_PRESERVED_MANUAL_REVIEW_EVIDENCE,UNREVIEWED_IS_NOT_CODED_ZERO
ICJ-166-2017-04-19||SC_MEETING::SCM|S/PV.7930,ICJ-166-2017-04-19,166,2017-04-25,6,SC_MEETING,S/PV.7930,0,0,0,NO_PRESERVED_MANUAL_REVIEW_EVIDENCE,UNREVIEWED_IS_NOT_CODED_ZERO
ICJ-166-2017-04-19||SC_MEETING::SCM|S/PV.7931,ICJ-166-2017-04-19,166,2017-04-27,8,SC_MEETING,S/PV.7931,0,0,0,NO_PRESERVED_MANUAL_REVIEW_EVIDENCE,UNREVIEWED_IS_NOT_CODED_ZERO
ICJ-166-2017-04-19||SC_FORMAL_VOTE::SCV|1668,ICJ-166-2017-04-19,166,2017-04-28,9,SC_FORMAL_VOTE,S/PV.7933,0,0,0,NO_PRESERVED_MANUAL_REVIEW_EVIDENCE,UNREVIEWED_IS_NOT_CODED_ZERO
ICJ-166-2017-04-19||SC_MEETING::SCM|S/PV.7932,ICJ-166-2017-04-19,166,2017-04-28,9,SC_MEETING,S/PV.7932,0,0,0,NO_PRESERVED_MANUAL_REVIEW_EVIDENCE,UNREVIEWED_IS_NOT_CODED_ZERO
ICJ-166-2017-04-19||SC_MEETING::SCM|S/PV.7933,ICJ-166-2017-04-19,166,2017-04-28,9,SC_MEETING,S/PV.7933,0,0,0,NO_PRESERVED_MANUAL_REVIEW_EVIDENCE,UNREVIEWED_IS_NOT_CODED_ZERO
ICJ-166-2017-04-19||SC_MEETING::SCM|S/PV.7934,ICJ-166-2017-04-19,166,2017-05-08,19,SC_MEETING,S/PV.7934,0,0,0,NO_PRESERVED_MANUAL_REVIEW_EVIDENCE,UNREVIEWED_IS_NOT_CODED_ZERO
ICJ-166-2017-04-19||SC_MEETING::SCM|S/PV.7935,ICJ-166-2017-04-19,166,2017-05-09,20,SC_MEETING,S/PV.7935,0,0,0,NO_PRESERVED_MANUAL_REVIEW_EVIDENCE,UNREVIEWED_IS_NOT_CODED_ZERO
ICJ-166-2017-04-19||SC_MEETING::SCM|S/PV.7936,ICJ-166-2017-04-19,166,2017-05-11,22,SC_MEETING,S/PV.7936,0,0,0,NO_PRESERVED_MANUAL_REVIEW_EVIDENCE,UNREVIEWED_IS_NOT_CODED_ZERO
ICJ-166-2017-04-19||SC_MEETING::SCM|S/PV.7937,ICJ-166-2017-04-19,166,2017-05-11,22,SC_MEETING,S/PV.7937,0,0,0,NO_PRESERVED_MANUAL_REVIEW_EVIDENCE,UNREVIEWED_IS_NOT_CODED_ZERO
ICJ-166-2017-04-19||SC_FORMAL_VOTE::SCV|1669,ICJ-166-2017-04-19,166,2017-05-15,26,SC_FORMAL_VOTE,S/PV.7939,0,0,0,NO_PRESERVED_MANUAL_REVIEW_EVIDENCE,UNREVIEWED_IS_NOT_CODED_ZERO
ICJ-166-2017-04-19||SC_MEETING::SCM|S/PV.7938,ICJ-166-2017-04-19,166,2017-05-15,26,SC_MEETING,S/PV.7938,0,0,0,NO_PRESERVED_MANUAL_REVIEW_EVIDENCE,UNREVIEWED_IS_NOT_CODED_ZERO
ICJ-166-2017-04-19||SC_MEETING::SCM|S/PV.7939,ICJ-166-2017-04-19,166,2017-05-15,26,SC_MEETING,S/PV.7939,0,0,0,NO_PRESERVED_MANUAL_REVIEW_EVIDENCE,UNREVIEWED_IS_NOT_CODED_ZERO
ICJ-166-2017-04-19||SC_MEETING::SCM|S/PV.7940,ICJ-166-2017-04-19,166,2017-05-16,27,SC_MEETING,S/PV.7940,0,0,0,NO_PRESERVED_MANUAL_REVIEW_EVIDENCE,UNREVIEWED_IS_NOT_CODED_ZERO
ICJ-166-2017-04-19||SC_MEETING::SCM|S/PV.7941,ICJ-166-2017-04-19,166,2017-05-16,27,SC_MEETING,S/PV.7941,0,0,0,NO_PRESERVED_MANUAL_REVIEW_EVIDENCE,UNREVIEWED_IS_NOT_CODED_ZERO
ICJ-166-2017-04-19||SC_MEETING::SCM|S/PV.7942,ICJ-166-2017-04-19,166,2017-05-17,28,SC_MEETING,S/PV.7942,0,0,0,NO_PRESERVED_MANUAL_REVIEW_EVIDENCE,UNREVIEWED_IS_NOT_CODED_ZERO
ICJ-166-2017-04-19||SC_MEETING::SCM|S/PV.7943,ICJ-166-2017-04-19,166,2017-05-18,29,SC_MEETING,S/PV.7943,0,0,0,NO_PRESERVED_MANUAL_REVIEW_EVIDENCE,UNREVIEWED_IS_NOT_CODED_ZERO
ICJ-166-2017-04-19||SC_MEETING::SCM|S/PV.7944,ICJ-166-2017-04-19,166,2017-05-22,33,SC_MEETING,S/PV.7944,0,0,0,NO_PRESERVED_MANUAL_REVIEW_EVIDENCE,UNREVIEWED_IS_NOT_CODED_ZERO
ICJ-166-2017-04-19||SC_MEETING::SCM|S/PV.7945,ICJ-166-2017-04-19,166,2017-05-22,33,SC_MEETING,S/PV.7945,0,0,0,NO_PRESERVED_MANUAL_REVIEW_EVIDENCE,UNREVIEWED_IS_NOT_CODED_ZERO
ICJ-166-2017-04-19||SC_MEETING::SCM|S/PV.7946,ICJ-166-2017-04-19,166,2017-05-23,34,SC_MEETING,S/PV.7946,0,0,0,NO_PRESERVED_MANUAL_REVIEW_EVIDENCE,UNREVIEWED_IS_NOT_CODED_ZERO
ICJ-166-2017-04-19||SC_MEETING::SCM|S/PV.7947,ICJ-166-2017-04-19,166,2017-05-23,34,SC_MEETING,S/PV.7947,0,0,0,NO_PRESERVED_MANUAL_REVIEW_EVIDENCE,UNREVIEWED_IS_NOT_CODED_ZERO
ICJ-166-2017-04-19||SC_FORMAL_VOTE::SCV|1670,ICJ-166-2017-04-19,166,2017-05-24,35,SC_FORMAL_VOTE,S/PV.7948,0,0,0,NO_PRESERVED_MANUAL_REVIEW_EVIDENCE,UNREVIEWED_IS_NOT_CODED_ZERO
ICJ-166-2017-04-19||SC_FORMAL_VOTE::SCV|1671,ICJ-166-2017-04-19,166,2017-05-24,35,SC_FORMAL_VOTE,S/PV.7949,0,0,0,NO_PRESERVED_MANUAL_REVIEW_EVIDENCE,UNREVIEWED_IS_NOT_CODED_ZERO
ICJ-166-2017-04-19||SC_MEETING::SCM|S/PV.7948,ICJ-166-2017-04-19,166,2017-05-24,35,SC_MEETING,S/PV.7948,0,0,0,NO_PRESERVED_MANUAL_REVIEW_EVIDENCE,UNREVIEWED_IS_NOT_CODED_ZERO
ICJ-166-2017-04-19||SC_MEETING::SCM|S/PV.7949,ICJ-166-2017-04-19,166,2017-05-24,35,SC_MEETING,S/PV.7949,0,0,0,NO_PRESERVED_MANUAL_REVIEW_EVIDENCE,UNREVIEWED_IS_NOT_CODED_ZERO
ICJ-166-2017-04-19||SC_MEETING::SCM|S/PV.7950,ICJ-166-2017-04-19,166,2017-05-24,35,SC_MEETING,S/PV.7950,0,0,0,NO_PRESERVED_MANUAL_REVIEW_EVIDENCE,UNREVIEWED_IS_NOT_CODED_ZERO
ICJ-166-2017-04-19||SC_MEETING::SCM|S/PV.7951,ICJ-166-2017-04-19,166,2017-05-25,36,SC_MEETING,S/PV.7951,0,0,0,NO_PRESERVED_MANUAL_REVIEW_EVIDENCE,UNREVIEWED_IS_NOT_CODED_ZERO
ICJ-166-2017-04-19||SC_FORMAL_VOTE::SCV|1672,ICJ-166-2017-04-19,166,2017-05-26,37,SC_FORMAL_VOTE,S/PV.7952,0,0,0,NO_PRESERVED_MANUAL_REVIEW_EVIDENCE,UNREVIEWED_IS_NOT_CODED_ZERO
ICJ-166-2017-04-19||SC_MEETING::SCM|S/PV.7952,ICJ-166-2017-04-19,166,2017-05-26,37,SC_MEETING,S/PV.7952,0,0,0,NO_PRESERVED_MANUAL_REVIEW_EVIDENCE,UNREVIEWED_IS_NOT_CODED_ZERO
ICJ-166-2017-04-19||SC_MEETING::SCM|S/PV.7953,ICJ-166-2017-04-19,166,2017-05-26,37,SC_MEETING,S/PV.7953,0,0,0,NO_PRESERVED_MANUAL_REVIEW_EVIDENCE,UNREVIEWED_IS_NOT_CODED_ZERO
ICJ-166-2017-04-19||SC_MEETING::SCM|S/PV.7954,ICJ-166-2017-04-19,166,2017-05-30,41,SC_MEETING,S/PV.7954,0,0,0,NO_PRESERVED_MANUAL_REVIEW_EVIDENCE,UNREVIEWED_IS_NOT_CODED_ZERO
ICJ-166-2017-04-19||SC_MEETING::SCM|S/PV.7955,ICJ-166-2017-04-19,166,2017-05-30,41,SC_MEETING,S/PV.7955,0,0,0,NO_PRESERVED_MANUAL_REVIEW_EVIDENCE,UNREVIEWED_IS_NOT_CODED_ZERO
ICJ-166-2017-04-19||GA_FORMAL_VOTE::GAV|1289215,ICJ-166-2017-04-19,166,2017-06-01,43,GA_FORMAL_VOTE,A/71/PV.85,0,0,0,NO_PRESERVED_MANUAL_REVIEW_EVIDENCE,UNREVIEWED_IS_NOT_CODED_ZERO
ICJ-166-2017-04-19||SC_MEETING::SCM|S/PV.7956,ICJ-166-2017-04-19,166,2017-06-01,43,SC_MEETING,S/PV.7956,0,0,0,NO_PRESERVED_MANUAL_REVIEW_EVIDENCE,UNREVIEWED_IS_NOT_CODED_ZERO
ICJ-166-2017-04-19||SC_FORMAL_VOTE::SCV|1673,ICJ-166-2017-04-19,166,2017-06-02,44,SC_FORMAL_VOTE,S/PV.7958,0,0,0,NO_PRESERVED_MANUAL_REVIEW_EVIDENCE,UNREVIEWED_IS_NOT_CODED_ZERO
ICJ-166-2017-04-19||SC_MEETING::SCM|S/PV.7957,ICJ-166-2017-04-19,166,2017-06-02,44,SC_MEETING,S/PV.7957,0,0,0,NO_PRESERVED_MANUAL_REVIEW_EVIDENCE,UNREVIEWED_IS_NOT_CODED_ZERO
ICJ-166-2017-04-19||SC_MEETING::SCM|S/PV.7958,ICJ-166-2017-04-19,166,2017-06-02,44,SC_MEETING,S/PV.7958,0,0,0,NO_PRESERVED_MANUAL_REVIEW_EVIDENCE,UNREVIEWED_IS_NOT_CODED_ZERO
ICJ-166-2017-04-19||SC_MEETING::SCM|S/PV.7959,ICJ-166-2017-04-19,166,2017-06-06,48,SC_MEETING,S/PV.7959,0,0,0,NO_PRESERVED_MANUAL_REVIEW_EVIDENCE,UNREVIEWED_IS_NOT_CODED_ZERO
ICJ-166-2017-04-19||SC_MEETING::SCM|S/PV.7960,ICJ-166-2017-04-19,166,2017-06-07,49,SC_MEETING,S/PV.7960,0,0,0,NO_PRESERVED_MANUAL_REVIEW_EVIDENCE,UNREVIEWED_IS_NOT_CODED_ZERO
ICJ-166-2017-04-19||SC_MEETING::SCM|S/PV.7961,ICJ-166-2017-04-19,166,2017-06-07,49,SC_MEETING,S/PV.7961,0,0,0,NO_PRESERVED_MANUAL_REVIEW_EVIDENCE,UNREVIEWED_IS_NOT_CODED_ZERO
ICJ-166-2017-04-19||SC_MEETING::SCM|S/PV.7962,ICJ-166-2017-04-19,166,2017-06-08,50,SC_MEETING,S/PV.7962,0,0,0,NO_PRESERVED_MANUAL_REVIEW_EVIDENCE,UNREVIEWED_IS_NOT_CODED_ZERO
ICJ-166-2017-04-19||SC_MEETING::SCM|S/PV.7963,ICJ-166-2017-04-19,166,2017-06-08,50,SC_MEETING,S/PV.7963,0,0,0,NO_PRESERVED_MANUAL_REVIEW_EVIDENCE,UNREVIEWED_IS_NOT_CODED_ZERO
ICJ-166-2017-04-19||SC_FORMAL_VOTE::SCV|1674,ICJ-166-2017-04-19,166,2017-06-12,54,SC_FORMAL_VOTE,S/PV.7964,0,0,0,NO_PRESERVED_MANUAL_REVIEW_EVIDENCE,UNREVIEWED_IS_NOT_CODED_ZERO
ICJ-166-2017-04-19||SC_MEETING::SCM|S/PV.7964,ICJ-166-2017-04-19,166,2017-06-12,54,SC_MEETING,S/PV.7964,0,0,0,NO_PRESERVED_MANUAL_REVIEW_EVIDENCE,UNREVIEWED_IS_NOT_CODED_ZERO
ICJ-166-2017-04-19||SC_MEETING::SCM|S/PV.7965,ICJ-166-2017-04-19,166,2017-06-12,54,SC_MEETING,S/PV.7965,0,0,0,NO_PRESERVED_MANUAL_REVIEW_EVIDENCE,UNREVIEWED_IS_NOT_CODED_ZERO
ICJ-166-2017-04-19||SC_MEETING::SCM|S/PV.7966,ICJ-166-2017-04-19,166,2017-06-13,55,SC_MEETING,S/PV.7966,0,0,0,NO_PRESERVED_MANUAL_REVIEW_EVIDENCE,UNREVIEWED_IS_NOT_CODED_ZERO
ICJ-166-2017-04-19||SC_MEETING::SCM|S/PV.7967,ICJ-166-2017-04-19,166,2017-06-13,55,SC_MEETING,S/PV.7967,0,0,0,NO_PRESERVED_MANUAL_REVIEW_EVIDENCE,UNREVIEWED_IS_NOT_CODED_ZERO
ICJ-166-2017-04-19||SC_FORMAL_VOTE::SCV|1675,ICJ-166-2017-04-19,166,2017-06-14,56,SC_FORMAL_VOTE,S/PV.7968,0,0,0,NO_PRESERVED_MANUAL_REVIEW_EVIDENCE,UNREVIEWED_IS_NOT_CODED_ZERO
ICJ-166-2017-04-19||SC_MEETING::SCM|S/PV.7968,ICJ-166-2017-04-19,166,2017-06-14,56,SC_MEETING,S/PV.7968,0,0,0,NO_PRESERVED_MANUAL_REVIEW_EVIDENCE,UNREVIEWED_IS_NOT_CODED_ZERO
ICJ-166-2017-04-19||SC_MEETING::SCM|S/PV.7969,ICJ-166-2017-04-19,166,2017-06-14,56,SC_MEETING,S/PV.7969,0,0,0,NO_PRESERVED_MANUAL_REVIEW_EVIDENCE,UNREVIEWED_IS_NOT_CODED_ZERO
ICJ-166-2017-04-19||SC_MEETING::SCM|S/PV.7970,ICJ-166-2017-04-19,166,2017-06-14,56,SC_MEETING,S/PV.7970,0,0,0,NO_PRESERVED_MANUAL_REVIEW_EVIDENCE,UNREVIEWED_IS_NOT_CODED_ZERO
ICJ-166-2017-04-19||SC_MEETING::SCM|S/PV.7971,ICJ-166-2017-04-19,166,2017-06-15,57,SC_MEETING,S/PV.7971,0,0,0,NO_PRESERVED_MANUAL_REVIEW_EVIDENCE,UNREVIEWED_IS_NOT_CODED_ZERO
ICJ-166-2017-04-19||SC_MEETING::SCM|S/PV.7972,ICJ-166-2017-04-19,166,2017-06-15,57,SC_MEETING,S/PV.7972,0,0,0,NO_PRESERVED_MANUAL_REVIEW_EVIDENCE,UNREVIEWED_IS_NOT_CODED_ZERO
ICJ-166-2017-04-19||SC_MEETING::SCM|S/PV.7973,ICJ-166-2017-04-19,166,2017-06-15,57,SC_MEETING,S/PV.7973,0,0,0,NO_PRESERVED_MANUAL_REVIEW_EVIDENCE,UNREVIEWED_IS_NOT_CODED_ZERO
ICJ-166-2017-04-19||SC_MEETING::SCM|S/PV.7974,ICJ-166-2017-04-19,166,2017-06-15,57,SC_MEETING,S/PV.7974,0,0,0,NO_PRESERVED_MANUAL_REVIEW_EVIDENCE,UNREVIEWED_IS_NOT_CODED_ZERO
ICJ-166-2017-04-19||SC_MEETING::SCM|S/PV.7975,ICJ-166-2017-04-19,166,2017-06-16,58,SC_MEETING,S/PV.7975,0,0,0,NO_PRESERVED_MANUAL_REVIEW_EVIDENCE,UNREVIEWED_IS_NOT_CODED_ZERO
ICJ-166-2017-04-19||SC_MEETING::SCM|S/PV.7976,ICJ-166-2017-04-19,166,2017-06-19,61,SC_MEETING,S/PV.7976,0,0,0,NO_PRESERVED_MANUAL_REVIEW_EVIDENCE,UNREVIEWED_IS_NOT_CODED_ZERO
ICJ-166-2017-04-19||SC_MEETING::SCM|S/PV.7977,ICJ-166-2017-04-19,166,2017-06-20,62,SC_MEETING,S/PV.7977,0,0,0,NO_PRESERVED_MANUAL_REVIEW_EVIDENCE,UNREVIEWED_IS_NOT_CODED_ZERO
ICJ-166-2017-04-19||SC_MEETING::SCM|S/PV.7978,ICJ-166-2017-04-19,166,2017-06-20,62,SC_MEETING,S/PV.7978,0,0,0,NO_PRESERVED_MANUAL_REVIEW_EVIDENCE,UNREVIEWED_IS_NOT_CODED_ZERO
ICJ-166-2017-04-19||SC_FORMAL_VOTE::SCV|1676,ICJ-166-2017-04-19,166,2017-06-21,63,SC_FORMAL_VOTE,S/PV.7979,0,0,0,NO_PRESERVED_MANUAL_REVIEW_EVIDENCE,UNREVIEWED_IS_NOT_CODED_ZERO
ICJ-166-2017-04-19||SC_FORMAL_VOTE::SCV|1677,ICJ-166-2017-04-19,166,2017-06-21,63,SC_FORMAL_VOTE,S/PV.7981,0,0,0,NO_PRESERVED_MANUAL_REVIEW_EVIDENCE,UNREVIEWED_IS_NOT_CODED_ZERO
ICJ-166-2017-04-19||SC_MEETING::SCM|S/PV.7979,ICJ-166-2017-04-19,166,2017-06-21,63,SC_MEETING,S/PV.7979,0,0,0,NO_PRESERVED_MANUAL_REVIEW_EVIDENCE,UNREVIEWED_IS_NOT_CODED_ZERO
ICJ-166-2017-04-19||SC_MEETING::SCM|S/PV.7980,ICJ-166-2017-04-19,166,2017-06-21,63,SC_MEETING,S/PV.7980,0,0,0,NO_PRESERVED_MANUAL_REVIEW_EVIDENCE,UNREVIEWED_IS_NOT_CODED_ZERO
ICJ-166-2017-04-19||SC_MEETING::SCM|S/PV.7981,ICJ-166-2017-04-19,166,2017-06-21,63,SC_MEETING,S/PV.7981,0,0,0,NO_PRESERVED_MANUAL_REVIEW_EVIDENCE,UNREVIEWED_IS_NOT_CODED_ZERO
ICJ-166-2017-04-19||SC_MEETING::SCM|S/PV.7982,ICJ-166-2017-04-19,166,2017-06-21,63,SC_MEETING,S/PV.7982,0,0,0,NO_PRESERVED_MANUAL_REVIEW_EVIDENCE,UNREVIEWED_IS_NOT_CODED_ZERO
ICJ-166-2017-04-19||GA_FORMAL_VOTE::GAV|1290041,ICJ-166-2017-04-19,166,2017-06-22,64,GA_FORMAL_VOTE,A/71/PV.88,0,0,0,NO_PRESERVED_MANUAL_REVIEW_EVIDENCE,UNREVIEWED_IS_NOT_CODED_ZERO
ICJ-166-2017-04-19||SC_MEETING::SCM|S/PV.7983,ICJ-166-2017-04-19,166,2017-06-27,69,SC_MEETING,S/PV.7983,0,0,0,NO_PRESERVED_MANUAL_REVIEW_EVIDENCE,UNREVIEWED_IS_NOT_CODED_ZERO
ICJ-166-2017-04-19||SC_MEETING::SCM|S/PV.7984,ICJ-166-2017-04-19,166,2017-06-27,69,SC_MEETING,S/PV.7984,0,0,0,NO_PRESERVED_MANUAL_REVIEW_EVIDENCE,UNREVIEWED_IS_NOT_CODED_ZERO
ICJ-166-2017-04-19||SC_MEETING::SCM|S/PV.7985,ICJ-166-2017-04-19,166,2017-06-28,70,SC_MEETING,S/PV.7985,0,0,0,NO_PRESERVED_MANUAL_REVIEW_EVIDENCE,UNREVIEWED_IS_NOT_CODED_ZERO
ICJ-166-2017-04-19||SC_MEETING::SCM|S/PV.7985 (Resumption 1),ICJ-166-2017-04-19,166,2017-06-28,70,SC_MEETING,S/PV.7985 (Resumption 1),0,0,0,NO_PRESERVED_MANUAL_REVIEW_EVIDENCE,UNREVIEWED_IS_NOT_CODED_ZERO
ICJ-166-2017-04-19||SC_FORMAL_VOTE::SCV|1678,ICJ-166-2017-04-19,166,2017-06-29,71,SC_FORMAL_VOTE,S/PV.7986,0,0,0,NO_PRESERVED_MANUAL_REVIEW_EVIDENCE,UNREVIEWED_IS_NOT_CODED_ZERO
ICJ-166-2017-04-19||SC_FORMAL_VOTE::SCV|1679,ICJ-166-2017-04-19,166,2017-06-29,71,SC_FORMAL_VOTE,S/PV.7988,0,0,0,NO_PRESERVED_MANUAL_REVIEW_EVIDENCE,UNREVIEWED_IS_NOT_CODED_ZERO
ICJ-166-2017-04-19||SC_FORMAL_VOTE::SCV|1680,ICJ-166-2017-04-19,166,2017-06-29,71,SC_FORMAL_VOTE,S/PV.7989,0,0,0,NO_PRESERVED_MANUAL_REVIEW_EVIDENCE,UNREVIEWED_IS_NOT_CODED_ZERO
ICJ-166-2017-04-19||SC_FORMAL_VOTE::SCV|1681,ICJ-166-2017-04-19,166,2017-06-29,71,SC_FORMAL_VOTE,S/PV.7991,0,0,0,NO_PRESERVED_MANUAL_REVIEW_EVIDENCE,UNREVIEWED_IS_NOT_CODED_ZERO
ICJ-166-2017-04-19||SC_MEETING::SCM|S/PV.7986,ICJ-166-2017-04-19,166,2017-06-29,71,SC_MEETING,S/PV.7986,0,0,0,NO_PRESERVED_MANUAL_REVIEW_EVIDENCE,UNREVIEWED_IS_NOT_CODED_ZERO
ICJ-166-2017-04-19||SC_MEETING::SCM|S/PV.7987,ICJ-166-2017-04-19,166,2017-06-29,71,SC_MEETING,S/PV.7987,0,0,0,NO_PRESERVED_MANUAL_REVIEW_EVIDENCE,UNREVIEWED_IS_NOT_CODED_ZERO
ICJ-166-2017-04-19||SC_MEETING::SCM|S/PV.7988,ICJ-166-2017-04-19,166,2017-06-29,71,SC_MEETING,S/PV.7988,0,0,0,NO_PRESERVED_MANUAL_REVIEW_EVIDENCE,UNREVIEWED_IS_NOT_CODED_ZERO
ICJ-166-2017-04-19||SC_MEETING::SCM|S/PV.7989,ICJ-166-2017-04-19,166,2017-06-29,71,SC_MEETING,S/PV.7989,0,0,0,NO_PRESERVED_MANUAL_REVIEW_EVIDENCE,UNREVIEWED_IS_NOT_CODED_ZERO
ICJ-166-2017-04-19||SC_MEETING::SCM|S/PV.7990,ICJ-166-2017-04-19,166,2017-06-29,71,SC_MEETING,S/PV.7990,0,0,0,NO_PRESERVED_MANUAL_REVIEW_EVIDENCE,UNREVIEWED_IS_NOT_CODED_ZERO
ICJ-166-2017-04-19||SC_MEETING::SCM|S/PV.7991,ICJ-166-2017-04-19,166,2017-06-29,71,SC_MEETING,S/PV.7991,0,0,0,NO_PRESERVED_MANUAL_REVIEW_EVIDENCE,UNREVIEWED_IS_NOT_CODED_ZERO
ICJ-166-2017-04-19||GA_FORMAL_VOTE::GAV|1298240,ICJ-166-2017-04-19,166,2017-06-30,72,GA_FORMAL_VOTE,A/71/PV.89,0,0,0,NO_PRESERVED_MANUAL_REVIEW_EVIDENCE,UNREVIEWED_IS_NOT_CODED_ZERO
ICJ-166-2017-04-19||SC_FORMAL_VOTE::SCV|1682,ICJ-166-2017-04-19,166,2017-06-30,72,SC_FORMAL_VOTE,S/PV.7992,0,0,0,NO_PRESERVED_MANUAL_REVIEW_EVIDENCE,UNREVIEWED_IS_NOT_CODED_ZERO
ICJ-166-2017-04-19||SC_MEETING::SCM|S/PV.7992,ICJ-166-2017-04-19,166,2017-06-30,72,SC_MEETING,S/PV.7992,0,0,0,NO_PRESERVED_MANUAL_REVIEW_EVIDENCE,UNREVIEWED_IS_NOT_CODED_ZERO
ICJ-166-2017-04-19||SC_MEETING::SCM|S/PV.7993,ICJ-166-2017-04-19,166,2017-06-30,72,SC_MEETING,S/PV.7993,0,0,0,NO_PRESERVED_MANUAL_REVIEW_EVIDENCE,UNREVIEWED_IS_NOT_CODED_ZERO
ICJ-166-2017-04-19||SC_MEETING::SCM|S/PV.7994,ICJ-166-2017-04-19,166,2017-06-30,72,SC_MEETING,S/PV.7994,0,0,0,NO_PRESERVED_MANUAL_REVIEW_EVIDENCE,UNREVIEWED_IS_NOT_CODED_ZERO
ICJ-166-2017-04-19||SC_MEETING::SCM|S/PV.7995,ICJ-166-2017-04-19,166,2017-06-30,72,SC_MEETING,S/PV.7995,0,0,0,NO_PRESERVED_MANUAL_REVIEW_EVIDENCE,UNREVIEWED_IS_NOT_CODED_ZERO
ICJ-166-2017-04-19||SC_MEETING::SCM|S/PV.7996,ICJ-166-2017-04-19,166,2017-07-05,77,SC_MEETING,S/PV.7996,0,0,0,NO_PRESERVED_MANUAL_REVIEW_EVIDENCE,UNREVIEWED_IS_NOT_CODED_ZERO
ICJ-166-2017-04-19||SC_FORMAL_VOTE::SCV|1683,ICJ-166-2017-04-19,166,2017-07-10,82,SC_FORMAL_VOTE,S/PV.7997,0,0,0,NO_PRESERVED_MANUAL_REVIEW_EVIDENCE,UNREVIEWED_IS_NOT_CODED_ZERO
ICJ-166-2017-04-19||SC_MEETING::SCM|S/PV.7997,ICJ-166-2017-04-19,166,2017-07-10,82,SC_MEETING,S/PV.7997,0,0,0,NO_PRESERVED_MANUAL_REVIEW_EVIDENCE,UNREVIEWED_IS_NOT_CODED_ZERO
ICJ-166-2017-04-19||SC_MEETING::SCM|S/PV.7998,ICJ-166-2017-04-19,166,2017-07-11,83,SC_MEETING,S/PV.7998,0,0,0,NO_PRESERVED_MANUAL_REVIEW_EVIDENCE,UNREVIEWED_IS_NOT_CODED_ZERO
ICJ-166-2017-04-19||SC_MEETING::SCM|S/PV.7999,ICJ-166-2017-04-19,166,2017-07-12,84,SC_MEETING,S/PV.7999,0,0,0,NO_PRESERVED_MANUAL_REVIEW_EVIDENCE,UNREVIEWED_IS_NOT_CODED_ZERO
ICJ-166-2017-04-19||SC_MEETING::SCM|S/PV.8000,ICJ-166-2017-04-19,166,2017-07-13,85,SC_MEETING,S/PV.8000,0,0,0,NO_PRESERVED_MANUAL_REVIEW_EVIDENCE,UNREVIEWED_IS_NOT_CODED_ZERO
ICJ-166-2017-04-19||SC_MEETING::SCM|S/PV.8001,ICJ-166-2017-04-19,166,2017-07-13,85,SC_MEETING,S/PV.8001,0,0,0,NO_PRESERVED_MANUAL_REVIEW_EVIDENCE,UNREVIEWED_IS_NOT_CODED_ZERO
ICJ-166-2017-04-19||SC_MEETING::SCM|S/PV.8002,ICJ-166-2017-04-19,166,2017-07-13,85,SC_MEETING,S/PV.8002,0,0,0,NO_PRESERVED_MANUAL_REVIEW_EVIDENCE,UNREVIEWED_IS_NOT_CODED_ZERO
ICJ-166-2017-04-19||SC_FORMAL_VOTE::SCV|1684,ICJ-166-2017-04-19,166,2017-07-14,86,SC_FORMAL_VOTE,S/PV.8003,0,0,0,NO_PRESERVED_MANUAL_REVIEW_EVIDENCE,UNREVIEWED_IS_NOT_CODED_ZERO
ICJ-166-2017-04-19||SC_MEETING::SCM|S/PV.8003,ICJ-166-2017-04-19,166,2017-07-14,86,SC_MEETING,S/PV.8003,0,0,0,NO_PRESERVED_MANUAL_REVIEW_EVIDENCE,UNREVIEWED_IS_NOT_CODED_ZERO
ICJ-166-2017-04-19||SC_MEETING::SCM|S/PV.8004,ICJ-166-2017-04-19,166,2017-07-17,89,SC_MEETING,S/PV.8004,0,0,0,NO_PRESERVED_MANUAL_REVIEW_EVIDENCE,UNREVIEWED_IS_NOT_CODED_ZERO
ICJ-166-2017-04-19||SC_MEETING::SCM|S/PV.8005,ICJ-166-2017-04-19,166,2017-07-18,90,SC_MEETING,S/PV.8005,0,0,0,NO_PRESERVED_MANUAL_REVIEW_EVIDENCE,UNREVIEWED_IS_NOT_CODED_ZERO
ICJ-166-2017-04-19||SC_MEETING::SCM|S/PV.8006,ICJ-166-2017-04-19,166,2017-07-19,91,SC_MEETING,S/PV.8006,0,0,0,NO_PRESERVED_MANUAL_REVIEW_EVIDENCE,UNREVIEWED_IS_NOT_CODED_ZERO
ICJ-166-2017-04-19||SC_MEETING::SCM|S/PV.8006 (Resumption 1),ICJ-166-2017-04-19,166,2017-07-19,91,SC_MEETING,S/PV.8006 (Resumption 1),0,0,0,NO_PRESERVED_MANUAL_REVIEW_EVIDENCE,UNREVIEWED_IS_NOT_CODED_ZERO
ICJ-166-2017-04-19||SC_FORMAL_VOTE::SCV|1685,ICJ-166-2017-04-19,166,2017-07-20,92,SC_FORMAL_VOTE,S/PV.8007,0,0,0,NO_PRESERVED_MANUAL_REVIEW_EVIDENCE,UNREVIEWED_IS_NOT_CODED_ZERO
ICJ-166-2017-04-19||SC_MEETING::SCM|S/PV.8007,ICJ-166-2017-04-19,166,2017-07-20,92,SC_MEETING,S/PV.8007,0,0,0,NO_PRESERVED_MANUAL_REVIEW_EVIDENCE,UNREVIEWED_IS_NOT_CODED_ZERO
ICJ-166-2017-04-19||SC_MEETING::SCM|S/PV.8008,ICJ-166-2017-04-19,166,2017-07-20,92,SC_MEETING,S/PV.8008,0,0,0,NO_PRESERVED_MANUAL_REVIEW_EVIDENCE,UNREVIEWED_IS_NOT_CODED_ZERO
ICJ-166-2017-04-19||SC_MEETING::SCM|S/PV.8009,ICJ-166-2017-04-19,166,2017-07-24,96,SC_MEETING,S/PV.8009,0,0,0,NO_PRESERVED_MANUAL_REVIEW_EVIDENCE,UNREVIEWED_IS_NOT_CODED_ZERO
ICJ-166-2017-04-19||SC_MEETING::SCM|S/PV.8010,ICJ-166-2017-04-19,166,2017-07-24,96,SC_MEETING,S/PV.8010,0,0,0,NO_PRESERVED_MANUAL_REVIEW_EVIDENCE,UNREVIEWED_IS_NOT_CODED_ZERO
ICJ-166-2017-04-19||SC_MEETING::SCM|S/PV.8011,ICJ-166-2017-04-19,166,2017-07-25,97,SC_MEETING,S/PV.8011,0,0,0,NO_PRESERVED_MANUAL_REVIEW_EVIDENCE,UNREVIEWED_IS_NOT_CODED_ZERO
ICJ-166-2017-04-19||SC_MEETING::SCM|S/PV.8011 (Resumption 1),ICJ-166-2017-04-19,166,2017-07-25,97,SC_MEETING,S/PV.8011 (Resumption 1),0,0,0,NO_PRESERVED_MANUAL_REVIEW_EVIDENCE,UNREVIEWED_IS_NOT_CODED_ZERO
ICJ-166-2017-04-19||SC_MEETING::SCM|S/PV.8012,ICJ-166-2017-04-19,166,2017-07-26,98,SC_MEETING,S/PV.8012,0,0,0,NO_PRESERVED_MANUAL_REVIEW_EVIDENCE,UNREVIEWED_IS_NOT_CODED_ZERO
ICJ-166-2017-04-19||SC_MEETING::SCM|S/PV.8013,ICJ-166-2017-04-19,166,2017-07-26,98,SC_MEETING,S/PV.8013,0,0,0,NO_PRESERVED_MANUAL_REVIEW_EVIDENCE,UNREVIEWED_IS_NOT_CODED_ZERO
ICJ-166-2017-04-19||SC_FORMAL_VOTE::SCV|1686,ICJ-166-2017-04-19,166,2017-07-27,99,SC_FORMAL_VOTE,S/PV.8014,0,0,0,NO_PRESERVED_MANUAL_REVIEW_EVIDENCE,UNREVIEWED_IS_NOT_CODED_ZERO
ICJ-166-2017-04-19||SC_MEETING::SCM|S/PV.8014,ICJ-166-2017-04-19,166,2017-07-27,99,SC_MEETING,S/PV.8014,0,0,0,NO_PRESERVED_MANUAL_REVIEW_EVIDENCE,UNREVIEWED_IS_NOT_CODED_ZERO
ICJ-166-2017-04-19||SC_MEETING::SCM|S/PV.8015,ICJ-166-2017-04-19,166,2017-07-27,99,SC_MEETING,S/PV.8015,0,0,0,NO_PRESERVED_MANUAL_REVIEW_EVIDENCE,UNREVIEWED_IS_NOT_CODED_ZERO
ICJ-166-2017-04-19||SC_FORMAL_VOTE::SCV|1687,ICJ-166-2017-04-19,166,2017-08-02,105,SC_FORMAL_VOTE,S/PV.8017,0,0,0,NO_PRESERVED_MANUAL_REVIEW_EVIDENCE,UNREVIEWED_IS_NOT_CODED_ZERO
ICJ-166-2017-04-19||SC_MEETING::SCM|S/PV.8016,ICJ-166-2017-04-19,166,2017-08-02,105,SC_MEETING,S/PV.8016,0,0,0,NO_PRESERVED_MANUAL_REVIEW_EVIDENCE,UNREVIEWED_IS_NOT_CODED_ZERO
ICJ-166-2017-04-19||SC_MEETING::SCM|S/PV.8017,ICJ-166-2017-04-19,166,2017-08-02,105,SC_MEETING,S/PV.8017,0,0,0,NO_PRESERVED_MANUAL_REVIEW_EVIDENCE,UNREVIEWED_IS_NOT_CODED_ZERO
ICJ-166-2017-04-19||SC_MEETING::SCM|S/PV.8018,ICJ-166-2017-04-19,166,2017-08-03,106,SC_MEETING,S/PV.8018,0,0,0,NO_PRESERVED_MANUAL_REVIEW_EVIDENCE,UNREVIEWED_IS_NOT_CODED_ZERO
ICJ-166-2017-04-19||SC_FORMAL_VOTE::SCV|1688,ICJ-166-2017-04-19,166,2017-08-05,108,SC_FORMAL_VOTE,S/PV.8019,0,0,0,NO_PRESERVED_MANUAL_REVIEW_EVIDENCE,UNREVIEWED_IS_NOT_CODED_ZERO
ICJ-166-2017-04-19||SC_MEETING::SCM|S/PV.8019,ICJ-166-2017-04-19,166,2017-08-05,108,SC_MEETING,S/PV.8019,0,0,0,NO_PRESERVED_MANUAL_REVIEW_EVIDENCE,UNREVIEWED_IS_NOT_CODED_ZERO
ICJ-166-2017-04-19||SC_MEETING::SCM|S/PV.8020,ICJ-166-2017-04-19,166,2017-08-09,112,SC_MEETING,S/PV.8020,0,0,0,NO_PRESERVED_MANUAL_REVIEW_EVIDENCE,UNREVIEWED_IS_NOT_CODED_ZERO
ICJ-166-2017-04-19||SC_MEETING::SCM|S/PV.8021,ICJ-166-2017-04-19,166,2017-08-09,112,SC_MEETING,S/PV.8021,0,0,0,NO_PRESERVED_MANUAL_REVIEW_EVIDENCE,UNREVIEWED_IS_NOT_CODED_ZERO
ICJ-166-2017-04-19||SC_MEETING::SCM|S/PV.8022,ICJ-166-2017-04-19,166,2017-08-10,113,SC_MEETING,S/PV.8022,0,0,0,NO_PRESERVED_MANUAL_REVIEW_EVIDENCE,UNREVIEWED_IS_NOT_CODED_ZERO
ICJ-166-2017-04-19||SC_MEETING::SCM|S/PV.8023,ICJ-166-2017-04-19,166,2017-08-10,113,SC_MEETING,S/PV.8023,0,0,0,NO_PRESERVED_MANUAL_REVIEW_EVIDENCE,UNREVIEWED_IS_NOT_CODED_ZERO
ICJ-166-2017-04-19||SC_MEETING::SCM|S/PV.8024,ICJ-166-2017-04-19,166,2017-08-15,118,SC_MEETING,S/PV.8024,0,0,0,NO_PRESERVED_MANUAL_REVIEW_EVIDENCE,UNREVIEWED_IS_NOT_CODED_ZERO
ICJ-166-2017-04-19||SC_MEETING::SCM|S/PV.8025,ICJ-166-2017-04-19,166,2017-08-16,119,SC_MEETING,S/PV.8025,0,0,0,NO_PRESERVED_MANUAL_REVIEW_EVIDENCE,UNREVIEWED_IS_NOT_CODED_ZERO
ICJ-166-2017-04-19||SC_MEETING::SCM|S/PV.8026,ICJ-166-2017-04-19,166,2017-08-17,120,SC_MEETING,S/PV.8026,0,0,0,NO_PRESERVED_MANUAL_REVIEW_EVIDENCE,UNREVIEWED_IS_NOT_CODED_ZERO
ICJ-166-2017-04-19||SC_MEETING::SCM|S/PV.8027,ICJ-166-2017-04-19,166,2017-08-18,121,SC_MEETING,S/PV.8027,0,0,0,NO_PRESERVED_MANUAL_REVIEW_EVIDENCE,UNREVIEWED_IS_NOT_CODED_ZERO
ICJ-166-2017-04-19||SC_MEETING::SCM|S/PV.8028,ICJ-166-2017-04-19,166,2017-08-22,125,SC_MEETING,S/PV.8028,0,0,0,NO_PRESERVED_MANUAL_REVIEW_EVIDENCE,UNREVIEWED_IS_NOT_CODED_ZERO
ICJ-166-2017-04-19||SC_MEETING::SCM|S/PV.8029,ICJ-166-2017-04-19,166,2017-08-24,127,SC_MEETING,S/PV.8029,0,0,0,NO_PRESERVED_MANUAL_REVIEW_EVIDENCE,UNREVIEWED_IS_NOT_CODED_ZERO
ICJ-166-2017-04-19||SC_MEETING::SCM|S/PV.8030,ICJ-166-2017-04-19,166,2017-08-24,127,SC_MEETING,S/PV.8030,0,0,0,NO_PRESERVED_MANUAL_REVIEW_EVIDENCE,UNREVIEWED_IS_NOT_CODED_ZERO
ICJ-166-2017-04-19||SC_MEETING::SCM|S/PV.8031,ICJ-166-2017-04-19,166,2017-08-24,127,SC_MEETING,S/PV.8031,0,0,0,NO_PRESERVED_MANUAL_REVIEW_EVIDENCE,UNREVIEWED_IS_NOT_CODED_ZERO
ICJ-166-2017-04-19||SC_MEETING::SCM|S/PV.8032,ICJ-166-2017-04-19,166,2017-08-28,131,SC_MEETING,S/PV.8032,0,0,0,NO_PRESERVED_MANUAL_REVIEW_EVIDENCE,UNREVIEWED_IS_NOT_CODED_ZERO
ICJ-166-2017-04-19||SC_MEETING::SCM|S/PV.8033,ICJ-166-2017-04-19,166,2017-08-29,132,SC_MEETING,S/PV.8033,0,0,0,NO_PRESERVED_MANUAL_REVIEW_EVIDENCE,UNREVIEWED_IS_NOT_CODED_ZERO
ICJ-166-2017-04-19||SC_MEETING::SCM|S/PV.8034,ICJ-166-2017-04-19,166,2017-08-29,132,SC_MEETING,S/PV.8034,0,0,0,NO_PRESERVED_MANUAL_REVIEW_EVIDENCE,UNREVIEWED_IS_NOT_CODED_ZERO
ICJ-166-2017-04-19||SC_FORMAL_VOTE::SCV|1689,ICJ-166-2017-04-19,166,2017-08-30,133,SC_FORMAL_VOTE,S/PV.8035,0,0,0,NO_PRESERVED_MANUAL_REVIEW_EVIDENCE,UNREVIEWED_IS_NOT_CODED_ZERO
ICJ-166-2017-04-19||SC_FORMAL_VOTE::SCV|1690,ICJ-166-2017-04-19,166,2017-08-30,133,SC_FORMAL_VOTE,S/PV.8037,0,0,0,NO_PRESERVED_MANUAL_REVIEW_EVIDENCE,UNREVIEWED_IS_NOT_CODED_ZERO
ICJ-166-2017-04-19||SC_MEETING::SCM|S/PV.8035,ICJ-166-2017-04-19,166,2017-08-30,133,SC_MEETING,S/PV.8035,0,0,0,NO_PRESERVED_MANUAL_REVIEW_EVIDENCE,UNREVIEWED_IS_NOT_CODED_ZERO
ICJ-166-2017-04-19||SC_MEETING::SCM|S/PV.8036,ICJ-166-2017-04-19,166,2017-08-30,133,SC_MEETING,S/PV.8036,0,0,0,NO_PRESERVED_MANUAL_REVIEW_EVIDENCE,UNREVIEWED_IS_NOT_CODED_ZERO
ICJ-166-2017-04-19||SC_MEETING::SCM|S/PV.8037,ICJ-166-2017-04-19,166,2017-08-30,133,SC_MEETING,S/PV.8037,0,0,0,NO_PRESERVED_MANUAL_REVIEW_EVIDENCE,UNREVIEWED_IS_NOT_CODED_ZERO
ICJ-166-2017-04-19||SC_MEETING::SCM|S/PV.8038,ICJ-166-2017-04-19,166,2017-08-30,133,SC_MEETING,S/PV.8038,0,0,0,NO_PRESERVED_MANUAL_REVIEW_EVIDENCE,UNREVIEWED_IS_NOT_CODED_ZERO
ICJ-166-2017-04-19||SC_MEETING::SCM|S/PV.8039,ICJ-166-2017-04-19,166,2017-09-04,138,SC_MEETING,S/PV.8039,0,0,0,NO_PRESERVED_MANUAL_REVIEW_EVIDENCE,UNREVIEWED_IS_NOT_CODED_ZERO
ICJ-166-2017-04-19||SC_FORMAL_VOTE::SCV|1691,ICJ-166-2017-04-19,166,2017-09-05,139,SC_FORMAL_VOTE,S/PV.8040,0,0,0,NO_PRESERVED_MANUAL_REVIEW_EVIDENCE,UNREVIEWED_IS_NOT_CODED_ZERO
ICJ-166-2017-04-19||SC_MEETING::SCM|S/PV.8040,ICJ-166-2017-04-19,166,2017-09-05,139,SC_MEETING,S/PV.8040,0,0,0,NO_PRESERVED_MANUAL_REVIEW_EVIDENCE,UNREVIEWED_IS_NOT_CODED_ZERO
ICJ-166-2017-04-19||GA_FORMAL_VOTE::GAV|1305244,ICJ-166-2017-04-19,166,2017-09-11,145,GA_FORMAL_VOTE,A/71/PV.97,0,0,0,NO_PRESERVED_MANUAL_REVIEW_EVIDENCE,UNREVIEWED_IS_NOT_CODED_ZERO
ICJ-166-2017-04-19||SC_FORMAL_VOTE::SCV|1692,ICJ-166-2017-04-19,166,2017-09-11,145,SC_FORMAL_VOTE,S/PV.8042,0,0,0,NO_PRESERVED_MANUAL_REVIEW_EVIDENCE,UNREVIEWED_IS_NOT_CODED_ZERO
ICJ-166-2017-04-19||SC_MEETING::SCM|S/PV.8041,ICJ-166-2017-04-19,166,2017-09-11,145,SC_MEETING,S/PV.8041,0,0,0,NO_PRESERVED_MANUAL_REVIEW_EVIDENCE,UNREVIEWED_IS_NOT_CODED_ZERO
ICJ-166-2017-04-19||SC_MEETING::SCM|S/PV.8042,ICJ-166-2017-04-19,166,2017-09-11,145,SC_MEETING,S/PV.8042,0,0,0,NO_PRESERVED_MANUAL_REVIEW_EVIDENCE,UNREVIEWED_IS_NOT_CODED_ZERO
ICJ-166-2017-04-19||SC_MEETING::SCM|S/PV.8043,ICJ-166-2017-04-19,166,2017-09-12,146,SC_MEETING,S/PV.8043,0,0,0,NO_PRESERVED_MANUAL_REVIEW_EVIDENCE,UNREVIEWED_IS_NOT_CODED_ZERO
ICJ-166-2017-04-19||SC_MEETING::SCM|S/PV.8044,ICJ-166-2017-04-19,166,2017-09-12,146,SC_MEETING,S/PV.8044,0,0,0,NO_PRESERVED_MANUAL_REVIEW_EVIDENCE,UNREVIEWED_IS_NOT_CODED_ZERO
ICJ-166-2017-04-19||SC_MEETING::SCM|S/PV.8045,ICJ-166-2017-04-19,166,2017-09-13,147,SC_MEETING,S/PV.8045,0,0,0,NO_PRESERVED_MANUAL_REVIEW_EVIDENCE,UNREVIEWED_IS_NOT_CODED_ZERO
ICJ-166-2017-04-19||SC_MEETING::SCM|S/PV.8046,ICJ-166-2017-04-19,166,2017-09-13,147,SC_MEETING,S/PV.8046,0,0,0,NO_PRESERVED_MANUAL_REVIEW_EVIDENCE,UNREVIEWED_IS_NOT_CODED_ZERO
ICJ-166-2017-04-19||SC_MEETING::SCM|S/PV.8047,ICJ-166-2017-04-19,166,2017-09-13,147,SC_MEETING,S/PV.8047,0,0,0,NO_PRESERVED_MANUAL_REVIEW_EVIDENCE,UNREVIEWED_IS_NOT_CODED_ZERO
ICJ-166-2017-04-19||SC_FORMAL_VOTE::SCV|1693,ICJ-166-2017-04-19,166,2017-09-14,148,SC_FORMAL_VOTE,S/PV.8048,0,0,0,NO_PRESERVED_MANUAL_REVIEW_EVIDENCE,UNREVIEWED_IS_NOT_CODED_ZERO
ICJ-166-2017-04-19||SC_FORMAL_VOTE::SCV|1694,ICJ-166-2017-04-19,166,2017-09-14,148,SC_FORMAL_VOTE,S/PV.8049,0,0,0,NO_PRESERVED_MANUAL_REVIEW_EVIDENCE,UNREVIEWED_IS_NOT_CODED_ZERO
ICJ-166-2017-04-19||SC_MEETING::SCM|S/PV.8048,ICJ-166-2017-04-19,166,2017-09-14,148,SC_MEETING,S/PV.8048,0,0,0,NO_PRESERVED_MANUAL_REVIEW_EVIDENCE,UNREVIEWED_IS_NOT_CODED_ZERO
ICJ-166-2017-04-19||SC_MEETING::SCM|S/PV.8049,ICJ-166-2017-04-19,166,2017-09-14,148,SC_MEETING,S/PV.8049,0,0,0,NO_PRESERVED_MANUAL_REVIEW_EVIDENCE,UNREVIEWED_IS_NOT_CODED_ZERO
ICJ-166-2017-04-19||SC_MEETING::SCM|S/PV.8050,ICJ-166-2017-04-19,166,2017-09-14,148,SC_MEETING,S/PV.8050,0,0,0,NO_PRESERVED_MANUAL_REVIEW_EVIDENCE,UNREVIEWED_IS_NOT_CODED_ZERO
ICJ-166-2017-04-19||SC_FORMAL_VOTE::SCV|1695,ICJ-166-2017-04-19,166,2017-09-20,154,SC_FORMAL_VOTE,S/PV.8051,0,0,0,NO_PRESERVED_MANUAL_REVIEW_EVIDENCE,UNREVIEWED_IS_NOT_CODED_ZERO
ICJ-166-2017-04-19||SC_MEETING::SCM|S/PV.8051,ICJ-166-2017-04-19,166,2017-09-20,154,SC_MEETING,S/PV.8051,0,0,0,NO_PRESERVED_MANUAL_REVIEW_EVIDENCE,UNREVIEWED_IS_NOT_CODED_ZERO
ICJ-166-2017-04-19||SC_FORMAL_VOTE::SCV|1696,ICJ-166-2017-04-19,166,2017-09-21,155,SC_FORMAL_VOTE,S/PV.8052,0,0,0,NO_PRESERVED_MANUAL_REVIEW_EVIDENCE,UNREVIEWED_IS_NOT_CODED_ZERO
ICJ-166-2017-04-19||SC_MEETING::SCM|S/PV.8052,ICJ-166-2017-04-19,166,2017-09-21,155,SC_MEETING,S/PV.8052,0,0,0,NO_PRESERVED_MANUAL_REVIEW_EVIDENCE,UNREVIEWED_IS_NOT_CODED_ZERO
ICJ-166-2017-04-19||SC_MEETING::SCM|S/PV.8053,ICJ-166-2017-04-19,166,2017-09-21,155,SC_MEETING,S/PV.8053,0,0,0,NO_PRESERVED_MANUAL_REVIEW_EVIDENCE,UNREVIEWED_IS_NOT_CODED_ZERO
ICJ-166-2017-04-19||SC_MEETING::SCM|S/PV.8054,ICJ-166-2017-04-19,166,2017-09-25,159,SC_MEETING,S/PV.8054,0,0,0,NO_PRESERVED_MANUAL_REVIEW_EVIDENCE,UNREVIEWED_IS_NOT_CODED_ZERO
ICJ-166-2017-04-19||SC_MEETING::SCM|S/PV.8055,ICJ-166-2017-04-19,166,2017-09-25,159,SC_MEETING,S/PV.8055,0,0,0,NO_PRESERVED_MANUAL_REVIEW_EVIDENCE,UNREVIEWED_IS_NOT_CODED_ZERO
ICJ-166-2017-04-19||SC_MEETING::SCM|S/PV.8056,ICJ-166-2017-04-19,166,2017-09-26,160,SC_MEETING,S/PV.8056,0,0,0,NO_PRESERVED_MANUAL_REVIEW_EVIDENCE,UNREVIEWED_IS_NOT_CODED_ZERO
ICJ-166-2017-04-19||SC_MEETING::SCM|S/PV.8057,ICJ-166-2017-04-19,166,2017-09-27,161,SC_MEETING,S/PV.8057,0,0,0,NO_PRESERVED_MANUAL_REVIEW_EVIDENCE,UNREVIEWED_IS_NOT_CODED_ZERO
ICJ-166-2017-04-19||SC_MEETING::SCM|S/PV.8058,ICJ-166-2017-04-19,166,2017-09-27,161,SC_MEETING,S/PV.8058,0,0,0,NO_PRESERVED_MANUAL_REVIEW_EVIDENCE,UNREVIEWED_IS_NOT_CODED_ZERO
ICJ-166-2017-04-19||SC_MEETING::SCM|S/PV.8059,ICJ-166-2017-04-19,166,2017-09-28,162,SC_MEETING,S/PV.8059,0,0,0,NO_PRESERVED_MANUAL_REVIEW_EVIDENCE,UNREVIEWED_IS_NOT_CODED_ZERO
ICJ-166-2017-04-19||SC_MEETING::SCM|S/PV.8060,ICJ-166-2017-04-19,166,2017-09-28,162,SC_MEETING,S/PV.8060,0,0,0,NO_PRESERVED_MANUAL_REVIEW_EVIDENCE,UNREVIEWED_IS_NOT_CODED_ZERO
ICJ-166-2017-04-19||SC_FORMAL_VOTE::SCV|1697,ICJ-166-2017-04-19,166,2017-10-05,169,SC_FORMAL_VOTE,S/PV.8061,0,0,0,NO_PRESERVED_MANUAL_REVIEW_EVIDENCE,UNREVIEWED_IS_NOT_CODED_ZERO
ICJ-166-2017-04-19||SC_FORMAL_VOTE::SCV|1698,ICJ-166-2017-04-19,166,2017-10-05,169,SC_FORMAL_VOTE,S/PV.8063,0,0,0,NO_PRESERVED_MANUAL_REVIEW_EVIDENCE,UNREVIEWED_IS_NOT_CODED_ZERO
ICJ-166-2017-04-19||SC_MEETING::SCM|S/PV.8061,ICJ-166-2017-04-19,166,2017-10-05,169,SC_MEETING,S/PV.8061,0,0,0,NO_PRESERVED_MANUAL_REVIEW_EVIDENCE,UNREVIEWED_IS_NOT_CODED_ZERO
ICJ-166-2017-04-19||SC_MEETING::SCM|S/PV.8062,ICJ-166-2017-04-19,166,2017-10-05,169,SC_MEETING,S/PV.8062,0,0,0,NO_PRESERVED_MANUAL_REVIEW_EVIDENCE,UNREVIEWED_IS_NOT_CODED_ZERO
ICJ-166-2017-04-19||SC_MEETING::SCM|S/PV.8063,ICJ-166-2017-04-19,166,2017-10-05,169,SC_MEETING,S/PV.8063,0,0,0,NO_PRESERVED_MANUAL_REVIEW_EVIDENCE,UNREVIEWED_IS_NOT_CODED_ZERO
ICJ-166-2017-04-19||SC_MEETING::SCM|S/PV.8064,ICJ-166-2017-04-19,166,2017-10-05,169,SC_MEETING,S/PV.8064,0,0,0,NO_PRESERVED_MANUAL_REVIEW_EVIDENCE,UNREVIEWED_IS_NOT_CODED_ZERO
ICJ-166-2017-04-19||SC_MEETING::SCM|S/PV.8065,ICJ-166-2017-04-19,166,2017-10-10,174,SC_MEETING,S/PV.8065,0,0,0,NO_PRESERVED_MANUAL_REVIEW_EVIDENCE,UNREVIEWED_IS_NOT_CODED_ZERO
ICJ-166-2017-04-19||SC_MEETING::SCM|S/PV.8066,ICJ-166-2017-04-19,166,2017-10-10,174,SC_MEETING,S/PV.8066,0,0,0,NO_PRESERVED_MANUAL_REVIEW_EVIDENCE,UNREVIEWED_IS_NOT_CODED_ZERO
ICJ-166-2017-04-19||SC_MEETING::SCM|S/PV.8067,ICJ-166-2017-04-19,166,2017-10-11,175,SC_MEETING,S/PV.8067,0,0,0,NO_PRESERVED_MANUAL_REVIEW_EVIDENCE,UNREVIEWED_IS_NOT_CODED_ZERO
ICJ-166-2017-04-19||SC_MEETING::SCM|S/PV.8068,ICJ-166-2017-04-19,166,2017-10-12,176,SC_MEETING,S/PV.8068,0,0,0,NO_PRESERVED_MANUAL_REVIEW_EVIDENCE,UNREVIEWED_IS_NOT_CODED_ZERO
ICJ-166-2017-04-19||SC_MEETING::SCM|S/PV.8069,ICJ-166-2017-04-19,166,2017-10-12,176,SC_MEETING,S/PV.8069,0,0,0,NO_PRESERVED_MANUAL_REVIEW_EVIDENCE,UNREVIEWED_IS_NOT_CODED_ZERO
ICJ-168-2017-05-18||SC_MEETING::SCM|S/PV.7943,ICJ-168-2017-05-18,168,2017-05-18,0,SC_MEETING,S/PV.7943,0,0,0,NO_PRESERVED_MANUAL_REVIEW_EVIDENCE,UNREVIEWED_IS_NOT_CODED_ZERO
ICJ-168-2017-05-18||SC_MEETING::SCM|S/PV.7944,ICJ-168-2017-05-18,168,2017-05-22,4,SC_MEETING,S/PV.7944,0,0,0,NO_PRESERVED_MANUAL_REVIEW_EVIDENCE,UNREVIEWED_IS_NOT_CODED_ZERO
ICJ-168-2017-05-18||SC_MEETING::SCM|S/PV.7945,ICJ-168-2017-05-18,168,2017-05-22,4,SC_MEETING,S/PV.7945,0,0,0,NO_PRESERVED_MANUAL_REVIEW_EVIDENCE,UNREVIEWED_IS_NOT_CODED_ZERO
ICJ-168-2017-05-18||SC_MEETING::SCM|S/PV.7946,ICJ-168-2017-05-18,168,2017-05-23,5,SC_MEETING,S/PV.7946,0,0,0,NO_PRESERVED_MANUAL_REVIEW_EVIDENCE,UNREVIEWED_IS_NOT_CODED_ZERO
ICJ-168-2017-05-18||SC_MEETING::SCM|S/PV.7947,ICJ-168-2017-05-18,168,2017-05-23,5,SC_MEETING,S/PV.7947,0,0,0,NO_PRESERVED_MANUAL_REVIEW_EVIDENCE,UNREVIEWED_IS_NOT_CODED_ZERO
ICJ-168-2017-05-18||SC_FORMAL_VOTE::SCV|1670,ICJ-168-2017-05-18,168,2017-05-24,6,SC_FORMAL_VOTE,S/PV.7948,0,0,0,NO_PRESERVED_MANUAL_REVIEW_EVIDENCE,UNREVIEWED_IS_NOT_CODED_ZERO
ICJ-168-2017-05-18||SC_FORMAL_VOTE::SCV|1671,ICJ-168-2017-05-18,168,2017-05-24,6,SC_FORMAL_VOTE,S/PV.7949,0,0,0,NO_PRESERVED_MANUAL_REVIEW_EVIDENCE,UNREVIEWED_IS_NOT_CODED_ZERO
ICJ-168-2017-05-18||SC_MEETING::SCM|S/PV.7948,ICJ-168-2017-05-18,168,2017-05-24,6,SC_MEETING,S/PV.7948,0,0,0,NO_PRESERVED_MANUAL_REVIEW_EVIDENCE,UNREVIEWED_IS_NOT_CODED_ZERO
ICJ-168-2017-05-18||SC_MEETING::SCM|S/PV.7949,ICJ-168-2017-05-18,168,2017-05-24,6,SC_MEETING,S/PV.7949,0,0,0,NO_PRESERVED_MANUAL_REVIEW_EVIDENCE,UNREVIEWED_IS_NOT_CODED_ZERO
ICJ-168-2017-05-18||SC_MEETING::SCM|S/PV.7950,ICJ-168-2017-05-18,168,2017-05-24,6,SC_MEETING,S/PV.7950,0,0,0,NO_PRESERVED_MANUAL_REVIEW_EVIDENCE,UNREVIEWED_IS_NOT_CODED_ZERO
ICJ-168-2017-05-18||SC_MEETING::SCM|S/PV.7951,ICJ-168-2017-05-18,168,2017-05-25,7,SC_MEETING,S/PV.7951,0,0,0,NO_PRESERVED_MANUAL_REVIEW_EVIDENCE,UNREVIEWED_IS_NOT_CODED_ZERO
ICJ-168-2017-05-18||SC_FORMAL_VOTE::SCV|1672,ICJ-168-2017-05-18,168,2017-05-26,8,SC_FORMAL_VOTE,S/PV.7952,0,0,0,NO_PRESERVED_MANUAL_REVIEW_EVIDENCE,UNREVIEWED_IS_NOT_CODED_ZERO
ICJ-168-2017-05-18||SC_MEETING::SCM|S/PV.7952,ICJ-168-2017-05-18,168,2017-05-26,8,SC_MEETING,S/PV.7952,0,0,0,NO_PRESERVED_MANUAL_REVIEW_EVIDENCE,UNREVIEWED_IS_NOT_CODED_ZERO
ICJ-168-2017-05-18||SC_MEETING::SCM|S/PV.7953,ICJ-168-2017-05-18,168,2017-05-26,8,SC_MEETING,S/PV.7953,0,0,0,NO_PRESERVED_MANUAL_REVIEW_EVIDENCE,UNREVIEWED_IS_NOT_CODED_ZERO
ICJ-168-2017-05-18||SC_MEETING::SCM|S/PV.7954,ICJ-168-2017-05-18,168,2017-05-30,12,SC_MEETING,S/PV.7954,0,0,0,NO_PRESERVED_MANUAL_REVIEW_EVIDENCE,UNREVIEWED_IS_NOT_CODED_ZERO
ICJ-168-2017-05-18||SC_MEETING::SCM|S/PV.7955,ICJ-168-2017-05-18,168,2017-05-30,12,SC_MEETING,S/PV.7955,0,0,0,NO_PRESERVED_MANUAL_REVIEW_EVIDENCE,UNREVIEWED_IS_NOT_CODED_ZERO
ICJ-168-2017-05-18||GA_FORMAL_VOTE::GAV|1289215,ICJ-168-2017-05-18,168,2017-06-01,14,GA_FORMAL_VOTE,A/71/PV.85,0,0,0,NO_PRESERVED_MANUAL_REVIEW_EVIDENCE,UNREVIEWED_IS_NOT_CODED_ZERO
ICJ-168-2017-05-18||SC_MEETING::SCM|S/PV.7956,ICJ-168-2017-05-18,168,2017-06-01,14,SC_MEETING,S/PV.7956,0,0,0,NO_PRESERVED_MANUAL_REVIEW_EVIDENCE,UNREVIEWED_IS_NOT_CODED_ZERO
ICJ-168-2017-05-18||SC_FORMAL_VOTE::SCV|1673,ICJ-168-2017-05-18,168,2017-06-02,15,SC_FORMAL_VOTE,S/PV.7958,0,0,0,NO_PRESERVED_MANUAL_REVIEW_EVIDENCE,UNREVIEWED_IS_NOT_CODED_ZERO
ICJ-168-2017-05-18||SC_MEETING::SCM|S/PV.7957,ICJ-168-2017-05-18,168,2017-06-02,15,SC_MEETING,S/PV.7957,0,0,0,NO_PRESERVED_MANUAL_REVIEW_EVIDENCE,UNREVIEWED_IS_NOT_CODED_ZERO
ICJ-168-2017-05-18||SC_MEETING::SCM|S/PV.7958,ICJ-168-2017-05-18,168,2017-06-02,15,SC_MEETING,S/PV.7958,0,0,0,NO_PRESERVED_MANUAL_REVIEW_EVIDENCE,UNREVIEWED_IS_NOT_CODED_ZERO
ICJ-168-2017-05-18||SC_MEETING::SCM|S/PV.7959,ICJ-168-2017-05-18,168,2017-06-06,19,SC_MEETING,S/PV.7959,0,0,0,NO_PRESERVED_MANUAL_REVIEW_EVIDENCE,UNREVIEWED_IS_NOT_CODED_ZERO
ICJ-168-2017-05-18||SC_MEETING::SCM|S/PV.7960,ICJ-168-2017-05-18,168,2017-06-07,20,SC_MEETING,S/PV.7960,0,0,0,NO_PRESERVED_MANUAL_REVIEW_EVIDENCE,UNREVIEWED_IS_NOT_CODED_ZERO
ICJ-168-2017-05-18||SC_MEETING::SCM|S/PV.7961,ICJ-168-2017-05-18,168,2017-06-07,20,SC_MEETING,S/PV.7961,0,0,0,NO_PRESERVED_MANUAL_REVIEW_EVIDENCE,UNREVIEWED_IS_NOT_CODED_ZERO
ICJ-168-2017-05-18||SC_MEETING::SCM|S/PV.7962,ICJ-168-2017-05-18,168,2017-06-08,21,SC_MEETING,S/PV.7962,0,0,0,NO_PRESERVED_MANUAL_REVIEW_EVIDENCE,UNREVIEWED_IS_NOT_CODED_ZERO
ICJ-168-2017-05-18||SC_MEETING::SCM|S/PV.7963,ICJ-168-2017-05-18,168,2017-06-08,21,SC_MEETING,S/PV.7963,0,0,0,NO_PRESERVED_MANUAL_REVIEW_EVIDENCE,UNREVIEWED_IS_NOT_CODED_ZERO
ICJ-168-2017-05-18||SC_FORMAL_VOTE::SCV|1674,ICJ-168-2017-05-18,168,2017-06-12,25,SC_FORMAL_VOTE,S/PV.7964,0,0,0,NO_PRESERVED_MANUAL_REVIEW_EVIDENCE,UNREVIEWED_IS_NOT_CODED_ZERO
ICJ-168-2017-05-18||SC_MEETING::SCM|S/PV.7964,ICJ-168-2017-05-18,168,2017-06-12,25,SC_MEETING,S/PV.7964,0,0,0,NO_PRESERVED_MANUAL_REVIEW_EVIDENCE,UNREVIEWED_IS_NOT_CODED_ZERO
ICJ-168-2017-05-18||SC_MEETING::SCM|S/PV.7965,ICJ-168-2017-05-18,168,2017-06-12,25,SC_MEETING,S/PV.7965,0,0,0,NO_PRESERVED_MANUAL_REVIEW_EVIDENCE,UNREVIEWED_IS_NOT_CODED_ZERO
ICJ-168-2017-05-18||SC_MEETING::SCM|S/PV.7966,ICJ-168-2017-05-18,168,2017-06-13,26,SC_MEETING,S/PV.7966,0,0,0,NO_PRESERVED_MANUAL_REVIEW_EVIDENCE,UNREVIEWED_IS_NOT_CODED_ZERO
ICJ-168-2017-05-18||SC_MEETING::SCM|S/PV.7967,ICJ-168-2017-05-18,168,2017-06-13,26,SC_MEETING,S/PV.7967,0,0,0,NO_PRESERVED_MANUAL_REVIEW_EVIDENCE,UNREVIEWED_IS_NOT_CODED_ZERO
ICJ-168-2017-05-18||SC_FORMAL_VOTE::SCV|1675,ICJ-168-2017-05-18,168,2017-06-14,27,SC_FORMAL_VOTE,S/PV.7968,0,0,0,NO_PRESERVED_MANUAL_REVIEW_EVIDENCE,UNREVIEWED_IS_NOT_CODED_ZERO
ICJ-168-2017-05-18||SC_MEETING::SCM|S/PV.7968,ICJ-168-2017-05-18,168,2017-06-14,27,SC_MEETING,S/PV.7968,0,0,0,NO_PRESERVED_MANUAL_REVIEW_EVIDENCE,UNREVIEWED_IS_NOT_CODED_ZERO
ICJ-168-2017-05-18||SC_MEETING::SCM|S/PV.7969,ICJ-168-2017-05-18,168,2017-06-14,27,SC_MEETING,S/PV.7969,0,0,0,NO_PRESERVED_MANUAL_REVIEW_EVIDENCE,UNREVIEWED_IS_NOT_CODED_ZERO
ICJ-168-2017-05-18||SC_MEETING::SCM|S/PV.7970,ICJ-168-2017-05-18,168,2017-06-14,27,SC_MEETING,S/PV.7970,0,0,0,NO_PRESERVED_MANUAL_REVIEW_EVIDENCE,UNREVIEWED_IS_NOT_CODED_ZERO
ICJ-168-2017-05-18||SC_MEETING::SCM|S/PV.7971,ICJ-168-2017-05-18,168,2017-06-15,28,SC_MEETING,S/PV.7971,0,0,0,NO_PRESERVED_MANUAL_REVIEW_EVIDENCE,UNREVIEWED_IS_NOT_CODED_ZERO
ICJ-168-2017-05-18||SC_MEETING::SCM|S/PV.7972,ICJ-168-2017-05-18,168,2017-06-15,28,SC_MEETING,S/PV.7972,0,0,0,NO_PRESERVED_MANUAL_REVIEW_EVIDENCE,UNREVIEWED_IS_NOT_CODED_ZERO
ICJ-168-2017-05-18||SC_MEETING::SCM|S/PV.7973,ICJ-168-2017-05-18,168,2017-06-15,28,SC_MEETING,S/PV.7973,0,0,0,NO_PRESERVED_MANUAL_REVIEW_EVIDENCE,UNREVIEWED_IS_NOT_CODED_ZERO
ICJ-168-2017-05-18||SC_MEETING::SCM|S/PV.7974,ICJ-168-2017-05-18,168,2017-06-15,28,SC_MEETING,S/PV.7974,0,0,0,NO_PRESERVED_MANUAL_REVIEW_EVIDENCE,UNREVIEWED_IS_NOT_CODED_ZERO
ICJ-168-2017-05-18||SC_MEETING::SCM|S/PV.7975,ICJ-168-2017-05-18,168,2017-06-16,29,SC_MEETING,S/PV.7975,0,0,0,NO_PRESERVED_MANUAL_REVIEW_EVIDENCE,UNREVIEWED_IS_NOT_CODED_ZERO
ICJ-168-2017-05-18||SC_MEETING::SCM|S/PV.7976,ICJ-168-2017-05-18,168,2017-06-19,32,SC_MEETING,S/PV.7976,0,0,0,NO_PRESERVED_MANUAL_REVIEW_EVIDENCE,UNREVIEWED_IS_NOT_CODED_ZERO
ICJ-168-2017-05-18||SC_MEETING::SCM|S/PV.7977,ICJ-168-2017-05-18,168,2017-06-20,33,SC_MEETING,S/PV.7977,0,0,0,NO_PRESERVED_MANUAL_REVIEW_EVIDENCE,UNREVIEWED_IS_NOT_CODED_ZERO
ICJ-168-2017-05-18||SC_MEETING::SCM|S/PV.7978,ICJ-168-2017-05-18,168,2017-06-20,33,SC_MEETING,S/PV.7978,0,0,0,NO_PRESERVED_MANUAL_REVIEW_EVIDENCE,UNREVIEWED_IS_NOT_CODED_ZERO
ICJ-168-2017-05-18||SC_FORMAL_VOTE::SCV|1676,ICJ-168-2017-05-18,168,2017-06-21,34,SC_FORMAL_VOTE,S/PV.7979,0,0,0,NO_PRESERVED_MANUAL_REVIEW_EVIDENCE,UNREVIEWED_IS_NOT_CODED_ZERO
ICJ-168-2017-05-18||SC_FORMAL_VOTE::SCV|1677,ICJ-168-2017-05-18,168,2017-06-21,34,SC_FORMAL_VOTE,S/PV.7981,0,0,0,NO_PRESERVED_MANUAL_REVIEW_EVIDENCE,UNREVIEWED_IS_NOT_CODED_ZERO
ICJ-168-2017-05-18||SC_MEETING::SCM|S/PV.7979,ICJ-168-2017-05-18,168,2017-06-21,34,SC_MEETING,S/PV.7979,0,0,0,NO_PRESERVED_MANUAL_REVIEW_EVIDENCE,UNREVIEWED_IS_NOT_CODED_ZERO
ICJ-168-2017-05-18||SC_MEETING::SCM|S/PV.7980,ICJ-168-2017-05-18,168,2017-06-21,34,SC_MEETING,S/PV.7980,0,0,0,NO_PRESERVED_MANUAL_REVIEW_EVIDENCE,UNREVIEWED_IS_NOT_CODED_ZERO
ICJ-168-2017-05-18||SC_MEETING::SCM|S/PV.7981,ICJ-168-2017-05-18,168,2017-06-21,34,SC_MEETING,S/PV.7981,0,0,0,NO_PRESERVED_MANUAL_REVIEW_EVIDENCE,UNREVIEWED_IS_NOT_CODED_ZERO
ICJ-168-2017-05-18||SC_MEETING::SCM|S/PV.7982,ICJ-168-2017-05-18,168,2017-06-21,34,SC_MEETING,S/PV.7982,0,0,0,NO_PRESERVED_MANUAL_REVIEW_EVIDENCE,UNREVIEWED_IS_NOT_CODED_ZERO
ICJ-168-2017-05-18||GA_FORMAL_VOTE::GAV|1290041,ICJ-168-2017-05-18,168,2017-06-22,35,GA_FORMAL_VOTE,A/71/PV.88,0,0,0,NO_PRESERVED_MANUAL_REVIEW_EVIDENCE,UNREVIEWED_IS_NOT_CODED_ZERO
ICJ-168-2017-05-18||SC_MEETING::SCM|S/PV.7983,ICJ-168-2017-05-18,168,2017-06-27,40,SC_MEETING,S/PV.7983,0,0,0,NO_PRESERVED_MANUAL_REVIEW_EVIDENCE,UNREVIEWED_IS_NOT_CODED_ZERO
ICJ-168-2017-05-18||SC_MEETING::SCM|S/PV.7984,ICJ-168-2017-05-18,168,2017-06-27,40,SC_MEETING,S/PV.7984,0,0,0,NO_PRESERVED_MANUAL_REVIEW_EVIDENCE,UNREVIEWED_IS_NOT_CODED_ZERO
ICJ-168-2017-05-18||SC_MEETING::SCM|S/PV.7985,ICJ-168-2017-05-18,168,2017-06-28,41,SC_MEETING,S/PV.7985,0,0,0,NO_PRESERVED_MANUAL_REVIEW_EVIDENCE,UNREVIEWED_IS_NOT_CODED_ZERO
ICJ-168-2017-05-18||SC_MEETING::SCM|S/PV.7985 (Resumption 1),ICJ-168-2017-05-18,168,2017-06-28,41,SC_MEETING,S/PV.7985 (Resumption 1),0,0,0,NO_PRESERVED_MANUAL_REVIEW_EVIDENCE,UNREVIEWED_IS_NOT_CODED_ZERO
ICJ-168-2017-05-18||SC_FORMAL_VOTE::SCV|1678,ICJ-168-2017-05-18,168,2017-06-29,42,SC_FORMAL_VOTE,S/PV.7986,0,0,0,NO_PRESERVED_MANUAL_REVIEW_EVIDENCE,UNREVIEWED_IS_NOT_CODED_ZERO
ICJ-168-2017-05-18||SC_FORMAL_VOTE::SCV|1679,ICJ-168-2017-05-18,168,2017-06-29,42,SC_FORMAL_VOTE,S/PV.7988,0,0,0,NO_PRESERVED_MANUAL_REVIEW_EVIDENCE,UNREVIEWED_IS_NOT_CODED_ZERO
ICJ-168-2017-05-18||SC_FORMAL_VOTE::SCV|1680,ICJ-168-2017-05-18,168,2017-06-29,42,SC_FORMAL_VOTE,S/PV.7989,0,0,0,NO_PRESERVED_MANUAL_REVIEW_EVIDENCE,UNREVIEWED_IS_NOT_CODED_ZERO
ICJ-168-2017-05-18||SC_FORMAL_VOTE::SCV|1681,ICJ-168-2017-05-18,168,2017-06-29,42,SC_FORMAL_VOTE,S/PV.7991,0,0,0,NO_PRESERVED_MANUAL_REVIEW_EVIDENCE,UNREVIEWED_IS_NOT_CODED_ZERO
ICJ-168-2017-05-18||SC_MEETING::SCM|S/PV.7986,ICJ-168-2017-05-18,168,2017-06-29,42,SC_MEETING,S/PV.7986,0,0,0,NO_PRESERVED_MANUAL_REVIEW_EVIDENCE,UNREVIEWED_IS_NOT_CODED_ZERO
ICJ-168-2017-05-18||SC_MEETING::SCM|S/PV.7987,ICJ-168-2017-05-18,168,2017-06-29,42,SC_MEETING,S/PV.7987,0,0,0,NO_PRESERVED_MANUAL_REVIEW_EVIDENCE,UNREVIEWED_IS_NOT_CODED_ZERO
ICJ-168-2017-05-18||SC_MEETING::SCM|S/PV.7988,ICJ-168-2017-05-18,168,2017-06-29,42,SC_MEETING,S/PV.7988,0,0,0,NO_PRESERVED_MANUAL_REVIEW_EVIDENCE,UNREVIEWED_IS_NOT_CODED_ZERO
ICJ-168-2017-05-18||SC_MEETING::SCM|S/PV.7989,ICJ-168-2017-05-18,168,2017-06-29,42,SC_MEETING,S/PV.7989,0,0,0,NO_PRESERVED_MANUAL_REVIEW_EVIDENCE,UNREVIEWED_IS_NOT_CODED_ZERO
ICJ-168-2017-05-18||SC_MEETING::SCM|S/PV.7990,ICJ-168-2017-05-18,168,2017-06-29,42,SC_MEETING,S/PV.7990,0,0,0,NO_PRESERVED_MANUAL_REVIEW_EVIDENCE,UNREVIEWED_IS_NOT_CODED_ZERO
ICJ-168-2017-05-18||SC_MEETING::SCM|S/PV.7991,ICJ-168-2017-05-18,168,2017-06-29,42,SC_MEETING,S/PV.7991,0,0,0,NO_PRESERVED_MANUAL_REVIEW_EVIDENCE,UNREVIEWED_IS_NOT_CODED_ZERO
ICJ-168-2017-05-18||GA_FORMAL_VOTE::GAV|1298240,ICJ-168-2017-05-18,168,2017-06-30,43,GA_FORMAL_VOTE,A/71/PV.89,0,0,0,NO_PRESERVED_MANUAL_REVIEW_EVIDENCE,UNREVIEWED_IS_NOT_CODED_ZERO
ICJ-168-2017-05-18||SC_FORMAL_VOTE::SCV|1682,ICJ-168-2017-05-18,168,2017-06-30,43,SC_FORMAL_VOTE,S/PV.7992,0,0,0,NO_PRESERVED_MANUAL_REVIEW_EVIDENCE,UNREVIEWED_IS_NOT_CODED_ZERO
ICJ-168-2017-05-18||SC_MEETING::SCM|S/PV.7992,ICJ-168-2017-05-18,168,2017-06-30,43,SC_MEETING,S/PV.7992,0,0,0,NO_PRESERVED_MANUAL_REVIEW_EVIDENCE,UNREVIEWED_IS_NOT_CODED_ZERO
ICJ-168-2017-05-18||SC_MEETING::SCM|S/PV.7993,ICJ-168-2017-05-18,168,2017-06-30,43,SC_MEETING,S/PV.7993,0,0,0,NO_PRESERVED_MANUAL_REVIEW_EVIDENCE,UNREVIEWED_IS_NOT_CODED_ZERO
ICJ-168-2017-05-18||SC_MEETING::SCM|S/PV.7994,ICJ-168-2017-05-18,168,2017-06-30,43,SC_MEETING,S/PV.7994,0,0,0,NO_PRESERVED_MANUAL_REVIEW_EVIDENCE,UNREVIEWED_IS_NOT_CODED_ZERO
ICJ-168-2017-05-18||SC_MEETING::SCM|S/PV.7995,ICJ-168-2017-05-18,168,2017-06-30,43,SC_MEETING,S/PV.7995,0,0,0,NO_PRESERVED_MANUAL_REVIEW_EVIDENCE,UNREVIEWED_IS_NOT_CODED_ZERO
ICJ-168-2017-05-18||SC_MEETING::SCM|S/PV.7996,ICJ-168-2017-05-18,168,2017-07-05,48,SC_MEETING,S/PV.7996,0,0,0,NO_PRESERVED_MANUAL_REVIEW_EVIDENCE,UNREVIEWED_IS_NOT_CODED_ZERO
ICJ-168-2017-05-18||SC_FORMAL_VOTE::SCV|1683,ICJ-168-2017-05-18,168,2017-07-10,53,SC_FORMAL_VOTE,S/PV.7997,0,0,0,NO_PRESERVED_MANUAL_REVIEW_EVIDENCE,UNREVIEWED_IS_NOT_CODED_ZERO
ICJ-168-2017-05-18||SC_MEETING::SCM|S/PV.7997,ICJ-168-2017-05-18,168,2017-07-10,53,SC_MEETING,S/PV.7997,0,0,0,NO_PRESERVED_MANUAL_REVIEW_EVIDENCE,UNREVIEWED_IS_NOT_CODED_ZERO
ICJ-168-2017-05-18||SC_MEETING::SCM|S/PV.7998,ICJ-168-2017-05-18,168,2017-07-11,54,SC_MEETING,S/PV.7998,0,0,0,NO_PRESERVED_MANUAL_REVIEW_EVIDENCE,UNREVIEWED_IS_NOT_CODED_ZERO
ICJ-168-2017-05-18||SC_MEETING::SCM|S/PV.7999,ICJ-168-2017-05-18,168,2017-07-12,55,SC_MEETING,S/PV.7999,0,0,0,NO_PRESERVED_MANUAL_REVIEW_EVIDENCE,UNREVIEWED_IS_NOT_CODED_ZERO
ICJ-168-2017-05-18||SC_MEETING::SCM|S/PV.8000,ICJ-168-2017-05-18,168,2017-07-13,56,SC_MEETING,S/PV.8000,0,0,0,NO_PRESERVED_MANUAL_REVIEW_EVIDENCE,UNREVIEWED_IS_NOT_CODED_ZERO
ICJ-168-2017-05-18||SC_MEETING::SCM|S/PV.8001,ICJ-168-2017-05-18,168,2017-07-13,56,SC_MEETING,S/PV.8001,0,0,0,NO_PRESERVED_MANUAL_REVIEW_EVIDENCE,UNREVIEWED_IS_NOT_CODED_ZERO
ICJ-168-2017-05-18||SC_MEETING::SCM|S/PV.8002,ICJ-168-2017-05-18,168,2017-07-13,56,SC_MEETING,S/PV.8002,0,0,0,NO_PRESERVED_MANUAL_REVIEW_EVIDENCE,UNREVIEWED_IS_NOT_CODED_ZERO
ICJ-168-2017-05-18||SC_FORMAL_VOTE::SCV|1684,ICJ-168-2017-05-18,168,2017-07-14,57,SC_FORMAL_VOTE,S/PV.8003,0,0,0,NO_PRESERVED_MANUAL_REVIEW_EVIDENCE,UNREVIEWED_IS_NOT_CODED_ZERO
ICJ-168-2017-05-18||SC_MEETING::SCM|S/PV.8003,ICJ-168-2017-05-18,168,2017-07-14,57,SC_MEETING,S/PV.8003,0,0,0,NO_PRESERVED_MANUAL_REVIEW_EVIDENCE,UNREVIEWED_IS_NOT_CODED_ZERO
ICJ-168-2017-05-18||SC_MEETING::SCM|S/PV.8004,ICJ-168-2017-05-18,168,2017-07-17,60,SC_MEETING,S/PV.8004,0,0,0,NO_PRESERVED_MANUAL_REVIEW_EVIDENCE,UNREVIEWED_IS_NOT_CODED_ZERO
ICJ-168-2017-05-18||SC_MEETING::SCM|S/PV.8005,ICJ-168-2017-05-18,168,2017-07-18,61,SC_MEETING,S/PV.8005,0,0,0,NO_PRESERVED_MANUAL_REVIEW_EVIDENCE,UNREVIEWED_IS_NOT_CODED_ZERO
ICJ-168-2017-05-18||SC_MEETING::SCM|S/PV.8006,ICJ-168-2017-05-18,168,2017-07-19,62,SC_MEETING,S/PV.8006,0,0,0,NO_PRESERVED_MANUAL_REVIEW_EVIDENCE,UNREVIEWED_IS_NOT_CODED_ZERO
ICJ-168-2017-05-18||SC_MEETING::SCM|S/PV.8006 (Resumption 1),ICJ-168-2017-05-18,168,2017-07-19,62,SC_MEETING,S/PV.8006 (Resumption 1),0,0,0,NO_PRESERVED_MANUAL_REVIEW_EVIDENCE,UNREVIEWED_IS_NOT_CODED_ZERO
ICJ-168-2017-05-18||SC_FORMAL_VOTE::SCV|1685,ICJ-168-2017-05-18,168,2017-07-20,63,SC_FORMAL_VOTE,S/PV.8007,0,0,0,NO_PRESERVED_MANUAL_REVIEW_EVIDENCE,UNREVIEWED_IS_NOT_CODED_ZERO
ICJ-168-2017-05-18||SC_MEETING::SCM|S/PV.8007,ICJ-168-2017-05-18,168,2017-07-20,63,SC_MEETING,S/PV.8007,0,0,0,NO_PRESERVED_MANUAL_REVIEW_EVIDENCE,UNREVIEWED_IS_NOT_CODED_ZERO
ICJ-168-2017-05-18||SC_MEETING::SCM|S/PV.8008,ICJ-168-2017-05-18,168,2017-07-20,63,SC_MEETING,S/PV.8008,0,0,0,NO_PRESERVED_MANUAL_REVIEW_EVIDENCE,UNREVIEWED_IS_NOT_CODED_ZERO
ICJ-168-2017-05-18||SC_MEETING::SCM|S/PV.8009,ICJ-168-2017-05-18,168,2017-07-24,67,SC_MEETING,S/PV.8009,0,0,0,NO_PRESERVED_MANUAL_REVIEW_EVIDENCE,UNREVIEWED_IS_NOT_CODED_ZERO
ICJ-168-2017-05-18||SC_MEETING::SCM|S/PV.8010,ICJ-168-2017-05-18,168,2017-07-24,67,SC_MEETING,S/PV.8010,0,0,0,NO_PRESERVED_MANUAL_REVIEW_EVIDENCE,UNREVIEWED_IS_NOT_CODED_ZERO
ICJ-168-2017-05-18||SC_MEETING::SCM|S/PV.8011,ICJ-168-2017-05-18,168,2017-07-25,68,SC_MEETING,S/PV.8011,0,0,0,NO_PRESERVED_MANUAL_REVIEW_EVIDENCE,UNREVIEWED_IS_NOT_CODED_ZERO
ICJ-168-2017-05-18||SC_MEETING::SCM|S/PV.8011 (Resumption 1),ICJ-168-2017-05-18,168,2017-07-25,68,SC_MEETING,S/PV.8011 (Resumption 1),0,0,0,NO_PRESERVED_MANUAL_REVIEW_EVIDENCE,UNREVIEWED_IS_NOT_CODED_ZERO
ICJ-168-2017-05-18||SC_MEETING::SCM|S/PV.8012,ICJ-168-2017-05-18,168,2017-07-26,69,SC_MEETING,S/PV.8012,0,0,0,NO_PRESERVED_MANUAL_REVIEW_EVIDENCE,UNREVIEWED_IS_NOT_CODED_ZERO
ICJ-168-2017-05-18||SC_MEETING::SCM|S/PV.8013,ICJ-168-2017-05-18,168,2017-07-26,69,SC_MEETING,S/PV.8013,0,0,0,NO_PRESERVED_MANUAL_REVIEW_EVIDENCE,UNREVIEWED_IS_NOT_CODED_ZERO
ICJ-168-2017-05-18||SC_FORMAL_VOTE::SCV|1686,ICJ-168-2017-05-18,168,2017-07-27,70,SC_FORMAL_VOTE,S/PV.8014,0,0,0,NO_PRESERVED_MANUAL_REVIEW_EVIDENCE,UNREVIEWED_IS_NOT_CODED_ZERO
ICJ-168-2017-05-18||SC_MEETING::SCM|S/PV.8014,ICJ-168-2017-05-18,168,2017-07-27,70,SC_MEETING,S/PV.8014,0,0,0,NO_PRESERVED_MANUAL_REVIEW_EVIDENCE,UNREVIEWED_IS_NOT_CODED_ZERO
ICJ-168-2017-05-18||SC_MEETING::SCM|S/PV.8015,ICJ-168-2017-05-18,168,2017-07-27,70,SC_MEETING,S/PV.8015,0,0,0,NO_PRESERVED_MANUAL_REVIEW_EVIDENCE,UNREVIEWED_IS_NOT_CODED_ZERO
ICJ-168-2017-05-18||SC_FORMAL_VOTE::SCV|1687,ICJ-168-2017-05-18,168,2017-08-02,76,SC_FORMAL_VOTE,S/PV.8017,0,0,0,NO_PRESERVED_MANUAL_REVIEW_EVIDENCE,UNREVIEWED_IS_NOT_CODED_ZERO
ICJ-168-2017-05-18||SC_MEETING::SCM|S/PV.8016,ICJ-168-2017-05-18,168,2017-08-02,76,SC_MEETING,S/PV.8016,0,0,0,NO_PRESERVED_MANUAL_REVIEW_EVIDENCE,UNREVIEWED_IS_NOT_CODED_ZERO
ICJ-168-2017-05-18||SC_MEETING::SCM|S/PV.8017,ICJ-168-2017-05-18,168,2017-08-02,76,SC_MEETING,S/PV.8017,0,0,0,NO_PRESERVED_MANUAL_REVIEW_EVIDENCE,UNREVIEWED_IS_NOT_CODED_ZERO
ICJ-168-2017-05-18||SC_MEETING::SCM|S/PV.8018,ICJ-168-2017-05-18,168,2017-08-03,77,SC_MEETING,S/PV.8018,0,0,0,NO_PRESERVED_MANUAL_REVIEW_EVIDENCE,UNREVIEWED_IS_NOT_CODED_ZERO
ICJ-168-2017-05-18||SC_FORMAL_VOTE::SCV|1688,ICJ-168-2017-05-18,168,2017-08-05,79,SC_FORMAL_VOTE,S/PV.8019,0,0,0,NO_PRESERVED_MANUAL_REVIEW_EVIDENCE,UNREVIEWED_IS_NOT_CODED_ZERO
ICJ-168-2017-05-18||SC_MEETING::SCM|S/PV.8019,ICJ-168-2017-05-18,168,2017-08-05,79,SC_MEETING,S/PV.8019,0,0,0,NO_PRESERVED_MANUAL_REVIEW_EVIDENCE,UNREVIEWED_IS_NOT_CODED_ZERO
ICJ-168-2017-05-18||SC_MEETING::SCM|S/PV.8020,ICJ-168-2017-05-18,168,2017-08-09,83,SC_MEETING,S/PV.8020,0,0,0,NO_PRESERVED_MANUAL_REVIEW_EVIDENCE,UNREVIEWED_IS_NOT_CODED_ZERO
ICJ-168-2017-05-18||SC_MEETING::SCM|S/PV.8021,ICJ-168-2017-05-18,168,2017-08-09,83,SC_MEETING,S/PV.8021,0,0,0,NO_PRESERVED_MANUAL_REVIEW_EVIDENCE,UNREVIEWED_IS_NOT_CODED_ZERO
ICJ-168-2017-05-18||SC_MEETING::SCM|S/PV.8022,ICJ-168-2017-05-18,168,2017-08-10,84,SC_MEETING,S/PV.8022,0,0,0,NO_PRESERVED_MANUAL_REVIEW_EVIDENCE,UNREVIEWED_IS_NOT_CODED_ZERO
ICJ-168-2017-05-18||SC_MEETING::SCM|S/PV.8023,ICJ-168-2017-05-18,168,2017-08-10,84,SC_MEETING,S/PV.8023,0,0,0,NO_PRESERVED_MANUAL_REVIEW_EVIDENCE,UNREVIEWED_IS_NOT_CODED_ZERO
ICJ-168-2017-05-18||SC_MEETING::SCM|S/PV.8024,ICJ-168-2017-05-18,168,2017-08-15,89,SC_MEETING,S/PV.8024,0,0,0,NO_PRESERVED_MANUAL_REVIEW_EVIDENCE,UNREVIEWED_IS_NOT_CODED_ZERO
ICJ-168-2017-05-18||SC_MEETING::SCM|S/PV.8025,ICJ-168-2017-05-18,168,2017-08-16,90,SC_MEETING,S/PV.8025,0,0,0,NO_PRESERVED_MANUAL_REVIEW_EVIDENCE,UNREVIEWED_IS_NOT_CODED_ZERO
ICJ-168-2017-05-18||SC_MEETING::SCM|S/PV.8026,ICJ-168-2017-05-18,168,2017-08-17,91,SC_MEETING,S/PV.8026,0,0,0,NO_PRESERVED_MANUAL_REVIEW_EVIDENCE,UNREVIEWED_IS_NOT_CODED_ZERO
ICJ-168-2017-05-18||SC_MEETING::SCM|S/PV.8027,ICJ-168-2017-05-18,168,2017-08-18,92,SC_MEETING,S/PV.8027,0,0,0,NO_PRESERVED_MANUAL_REVIEW_EVIDENCE,UNREVIEWED_IS_NOT_CODED_ZERO
ICJ-168-2017-05-18||SC_MEETING::SCM|S/PV.8028,ICJ-168-2017-05-18,168,2017-08-22,96,SC_MEETING,S/PV.8028,0,0,0,NO_PRESERVED_MANUAL_REVIEW_EVIDENCE,UNREVIEWED_IS_NOT_CODED_ZERO
ICJ-168-2017-05-18||SC_MEETING::SCM|S/PV.8029,ICJ-168-2017-05-18,168,2017-08-24,98,SC_MEETING,S/PV.8029,0,0,0,NO_PRESERVED_MANUAL_REVIEW_EVIDENCE,UNREVIEWED_IS_NOT_CODED_ZERO
ICJ-168-2017-05-18||SC_MEETING::SCM|S/PV.8030,ICJ-168-2017-05-18,168,2017-08-24,98,SC_MEETING,S/PV.8030,0,0,0,NO_PRESERVED_MANUAL_REVIEW_EVIDENCE,UNREVIEWED_IS_NOT_CODED_ZERO
ICJ-168-2017-05-18||SC_MEETING::SCM|S/PV.8031,ICJ-168-2017-05-18,168,2017-08-24,98,SC_MEETING,S/PV.8031,0,0,0,NO_PRESERVED_MANUAL_REVIEW_EVIDENCE,UNREVIEWED_IS_NOT_CODED_ZERO
ICJ-168-2017-05-18||SC_MEETING::SCM|S/PV.8032,ICJ-168-2017-05-18,168,2017-08-28,102,SC_MEETING,S/PV.8032,0,0,0,NO_PRESERVED_MANUAL_REVIEW_EVIDENCE,UNREVIEWED_IS_NOT_CODED_ZERO
ICJ-168-2017-05-18||SC_MEETING::SCM|S/PV.8033,ICJ-168-2017-05-18,168,2017-08-29,103,SC_MEETING,S/PV.8033,0,0,0,NO_PRESERVED_MANUAL_REVIEW_EVIDENCE,UNREVIEWED_IS_NOT_CODED_ZERO
ICJ-168-2017-05-18||SC_MEETING::SCM|S/PV.8034,ICJ-168-2017-05-18,168,2017-08-29,103,SC_MEETING,S/PV.8034,0,0,0,NO_PRESERVED_MANUAL_REVIEW_EVIDENCE,UNREVIEWED_IS_NOT_CODED_ZERO
ICJ-168-2017-05-18||SC_FORMAL_VOTE::SCV|1689,ICJ-168-2017-05-18,168,2017-08-30,104,SC_FORMAL_VOTE,S/PV.8035,0,0,0,NO_PRESERVED_MANUAL_REVIEW_EVIDENCE,UNREVIEWED_IS_NOT_CODED_ZERO
ICJ-168-2017-05-18||SC_FORMAL_VOTE::SCV|1690,ICJ-168-2017-05-18,168,2017-08-30,104,SC_FORMAL_VOTE,S/PV.8037,0,0,0,NO_PRESERVED_MANUAL_REVIEW_EVIDENCE,UNREVIEWED_IS_NOT_CODED_ZERO
ICJ-168-2017-05-18||SC_MEETING::SCM|S/PV.8035,ICJ-168-2017-05-18,168,2017-08-30,104,SC_MEETING,S/PV.8035,0,0,0,NO_PRESERVED_MANUAL_REVIEW_EVIDENCE,UNREVIEWED_IS_NOT_CODED_ZERO
ICJ-168-2017-05-18||SC_MEETING::SCM|S/PV.8036,ICJ-168-2017-05-18,168,2017-08-30,104,SC_MEETING,S/PV.8036,0,0,0,NO_PRESERVED_MANUAL_REVIEW_EVIDENCE,UNREVIEWED_IS_NOT_CODED_ZERO
ICJ-168-2017-05-18||SC_MEETING::SCM|S/PV.8037,ICJ-168-2017-05-18,168,2017-08-30,104,SC_MEETING,S/PV.8037,0,0,0,NO_PRESERVED_MANUAL_REVIEW_EVIDENCE,UNREVIEWED_IS_NOT_CODED_ZERO
ICJ-168-2017-05-18||SC_MEETING::SCM|S/PV.8038,ICJ-168-2017-05-18,168,2017-08-30,104,SC_MEETING,S/PV.8038,0,0,0,NO_PRESERVED_MANUAL_REVIEW_EVIDENCE,UNREVIEWED_IS_NOT_CODED_ZERO
ICJ-168-2017-05-18||SC_MEETING::SCM|S/PV.8039,ICJ-168-2017-05-18,168,2017-09-04,109,SC_MEETING,S/PV.8039,0,0,0,NO_PRESERVED_MANUAL_REVIEW_EVIDENCE,UNREVIEWED_IS_NOT_CODED_ZERO
ICJ-168-2017-05-18||SC_FORMAL_VOTE::SCV|1691,ICJ-168-2017-05-18,168,2017-09-05,110,SC_FORMAL_VOTE,S/PV.8040,0,0,0,NO_PRESERVED_MANUAL_REVIEW_EVIDENCE,UNREVIEWED_IS_NOT_CODED_ZERO
ICJ-168-2017-05-18||SC_MEETING::SCM|S/PV.8040,ICJ-168-2017-05-18,168,2017-09-05,110,SC_MEETING,S/PV.8040,0,0,0,NO_PRESERVED_MANUAL_REVIEW_EVIDENCE,UNREVIEWED_IS_NOT_CODED_ZERO
ICJ-168-2017-05-18||GA_FORMAL_VOTE::GAV|1305244,ICJ-168-2017-05-18,168,2017-09-11,116,GA_FORMAL_VOTE,A/71/PV.97,0,0,0,NO_PRESERVED_MANUAL_REVIEW_EVIDENCE,UNREVIEWED_IS_NOT_CODED_ZERO
ICJ-168-2017-05-18||SC_FORMAL_VOTE::SCV|1692,ICJ-168-2017-05-18,168,2017-09-11,116,SC_FORMAL_VOTE,S/PV.8042,0,0,0,NO_PRESERVED_MANUAL_REVIEW_EVIDENCE,UNREVIEWED_IS_NOT_CODED_ZERO
ICJ-168-2017-05-18||SC_MEETING::SCM|S/PV.8041,ICJ-168-2017-05-18,168,2017-09-11,116,SC_MEETING,S/PV.8041,0,0,0,NO_PRESERVED_MANUAL_REVIEW_EVIDENCE,UNREVIEWED_IS_NOT_CODED_ZERO
ICJ-168-2017-05-18||SC_MEETING::SCM|S/PV.8042,ICJ-168-2017-05-18,168,2017-09-11,116,SC_MEETING,S/PV.8042,0,0,0,NO_PRESERVED_MANUAL_REVIEW_EVIDENCE,UNREVIEWED_IS_NOT_CODED_ZERO
ICJ-168-2017-05-18||SC_MEETING::SCM|S/PV.8043,ICJ-168-2017-05-18,168,2017-09-12,117,SC_MEETING,S/PV.8043,0,0,0,NO_PRESERVED_MANUAL_REVIEW_EVIDENCE,UNREVIEWED_IS_NOT_CODED_ZERO
ICJ-168-2017-05-18||SC_MEETING::SCM|S/PV.8044,ICJ-168-2017-05-18,168,2017-09-12,117,SC_MEETING,S/PV.8044,0,0,0,NO_PRESERVED_MANUAL_REVIEW_EVIDENCE,UNREVIEWED_IS_NOT_CODED_ZERO
ICJ-168-2017-05-18||SC_MEETING::SCM|S/PV.8045,ICJ-168-2017-05-18,168,2017-09-13,118,SC_MEETING,S/PV.8045,0,0,0,NO_PRESERVED_MANUAL_REVIEW_EVIDENCE,UNREVIEWED_IS_NOT_CODED_ZERO
ICJ-168-2017-05-18||SC_MEETING::SCM|S/PV.8046,ICJ-168-2017-05-18,168,2017-09-13,118,SC_MEETING,S/PV.8046,0,0,0,NO_PRESERVED_MANUAL_REVIEW_EVIDENCE,UNREVIEWED_IS_NOT_CODED_ZERO
ICJ-168-2017-05-18||SC_MEETING::SCM|S/PV.8047,ICJ-168-2017-05-18,168,2017-09-13,118,SC_MEETING,S/PV.8047,0,0,0,NO_PRESERVED_MANUAL_REVIEW_EVIDENCE,UNREVIEWED_IS_NOT_CODED_ZERO
ICJ-168-2017-05-18||SC_FORMAL_VOTE::SCV|1693,ICJ-168-2017-05-18,168,2017-09-14,119,SC_FORMAL_VOTE,S/PV.8048,0,0,0,NO_PRESERVED_MANUAL_REVIEW_EVIDENCE,UNREVIEWED_IS_NOT_CODED_ZERO
ICJ-168-2017-05-18||SC_FORMAL_VOTE::SCV|1694,ICJ-168-2017-05-18,168,2017-09-14,119,SC_FORMAL_VOTE,S/PV.8049,0,0,0,NO_PRESERVED_MANUAL_REVIEW_EVIDENCE,UNREVIEWED_IS_NOT_CODED_ZERO
ICJ-168-2017-05-18||SC_MEETING::SCM|S/PV.8048,ICJ-168-2017-05-18,168,2017-09-14,119,SC_MEETING,S/PV.8048,0,0,0,NO_PRESERVED_MANUAL_REVIEW_EVIDENCE,UNREVIEWED_IS_NOT_CODED_ZERO
ICJ-168-2017-05-18||SC_MEETING::SCM|S/PV.8049,ICJ-168-2017-05-18,168,2017-09-14,119,SC_MEETING,S/PV.8049,0,0,0,NO_PRESERVED_MANUAL_REVIEW_EVIDENCE,UNREVIEWED_IS_NOT_CODED_ZERO
ICJ-168-2017-05-18||SC_MEETING::SCM|S/PV.8050,ICJ-168-2017-05-18,168,2017-09-14,119,SC_MEETING,S/PV.8050,0,0,0,NO_PRESERVED_MANUAL_REVIEW_EVIDENCE,UNREVIEWED_IS_NOT_CODED_ZERO
ICJ-168-2017-05-18||SC_FORMAL_VOTE::SCV|1695,ICJ-168-2017-05-18,168,2017-09-20,125,SC_FORMAL_VOTE,S/PV.8051,0,0,0,NO_PRESERVED_MANUAL_REVIEW_EVIDENCE,UNREVIEWED_IS_NOT_CODED_ZERO
ICJ-168-2017-05-18||SC_MEETING::SCM|S/PV.8051,ICJ-168-2017-05-18,168,2017-09-20,125,SC_MEETING,S/PV.8051,0,0,0,NO_PRESERVED_MANUAL_REVIEW_EVIDENCE,UNREVIEWED_IS_NOT_CODED_ZERO
ICJ-168-2017-05-18||SC_FORMAL_VOTE::SCV|1696,ICJ-168-2017-05-18,168,2017-09-21,126,SC_FORMAL_VOTE,S/PV.8052,0,0,0,NO_PRESERVED_MANUAL_REVIEW_EVIDENCE,UNREVIEWED_IS_NOT_CODED_ZERO
ICJ-168-2017-05-18||SC_MEETING::SCM|S/PV.8052,ICJ-168-2017-05-18,168,2017-09-21,126,SC_MEETING,S/PV.8052,0,0,0,NO_PRESERVED_MANUAL_REVIEW_EVIDENCE,UNREVIEWED_IS_NOT_CODED_ZERO
ICJ-168-2017-05-18||SC_MEETING::SCM|S/PV.8053,ICJ-168-2017-05-18,168,2017-09-21,126,SC_MEETING,S/PV.8053,0,0,0,NO_PRESERVED_MANUAL_REVIEW_EVIDENCE,UNREVIEWED_IS_NOT_CODED_ZERO
ICJ-168-2017-05-18||SC_MEETING::SCM|S/PV.8054,ICJ-168-2017-05-18,168,2017-09-25,130,SC_MEETING,S/PV.8054,0,0,0,NO_PRESERVED_MANUAL_REVIEW_EVIDENCE,UNREVIEWED_IS_NOT_CODED_ZERO
ICJ-168-2017-05-18||SC_MEETING::SCM|S/PV.8055,ICJ-168-2017-05-18,168,2017-09-25,130,SC_MEETING,S/PV.8055,0,0,0,NO_PRESERVED_MANUAL_REVIEW_EVIDENCE,UNREVIEWED_IS_NOT_CODED_ZERO
ICJ-168-2017-05-18||SC_MEETING::SCM|S/PV.8056,ICJ-168-2017-05-18,168,2017-09-26,131,SC_MEETING,S/PV.8056,0,0,0,NO_PRESERVED_MANUAL_REVIEW_EVIDENCE,UNREVIEWED_IS_NOT_CODED_ZERO
ICJ-168-2017-05-18||SC_MEETING::SCM|S/PV.8057,ICJ-168-2017-05-18,168,2017-09-27,132,SC_MEETING,S/PV.8057,0,0,0,NO_PRESERVED_MANUAL_REVIEW_EVIDENCE,UNREVIEWED_IS_NOT_CODED_ZERO
ICJ-168-2017-05-18||SC_MEETING::SCM|S/PV.8058,ICJ-168-2017-05-18,168,2017-09-27,132,SC_MEETING,S/PV.8058,0,0,0,NO_PRESERVED_MANUAL_REVIEW_EVIDENCE,UNREVIEWED_IS_NOT_CODED_ZERO
ICJ-168-2017-05-18||SC_MEETING::SCM|S/PV.8059,ICJ-168-2017-05-18,168,2017-09-28,133,SC_MEETING,S/PV.8059,0,0,0,NO_PRESERVED_MANUAL_REVIEW_EVIDENCE,UNREVIEWED_IS_NOT_CODED_ZERO
ICJ-168-2017-05-18||SC_MEETING::SCM|S/PV.8060,ICJ-168-2017-05-18,168,2017-09-28,133,SC_MEETING,S/PV.8060,0,0,0,NO_PRESERVED_MANUAL_REVIEW_EVIDENCE,UNREVIEWED_IS_NOT_CODED_ZERO
ICJ-168-2017-05-18||SC_FORMAL_VOTE::SCV|1697,ICJ-168-2017-05-18,168,2017-10-05,140,SC_FORMAL_VOTE,S/PV.8061,0,0,0,NO_PRESERVED_MANUAL_REVIEW_EVIDENCE,UNREVIEWED_IS_NOT_CODED_ZERO
ICJ-168-2017-05-18||SC_FORMAL_VOTE::SCV|1698,ICJ-168-2017-05-18,168,2017-10-05,140,SC_FORMAL_VOTE,S/PV.8063,0,0,0,NO_PRESERVED_MANUAL_REVIEW_EVIDENCE,UNREVIEWED_IS_NOT_CODED_ZERO
ICJ-168-2017-05-18||SC_MEETING::SCM|S/PV.8061,ICJ-168-2017-05-18,168,2017-10-05,140,SC_MEETING,S/PV.8061,0,0,0,NO_PRESERVED_MANUAL_REVIEW_EVIDENCE,UNREVIEWED_IS_NOT_CODED_ZERO
ICJ-168-2017-05-18||SC_MEETING::SCM|S/PV.8062,ICJ-168-2017-05-18,168,2017-10-05,140,SC_MEETING,S/PV.8062,0,0,0,NO_PRESERVED_MANUAL_REVIEW_EVIDENCE,UNREVIEWED_IS_NOT_CODED_ZERO
ICJ-168-2017-05-18||SC_MEETING::SCM|S/PV.8063,ICJ-168-2017-05-18,168,2017-10-05,140,SC_MEETING,S/PV.8063,0,0,0,NO_PRESERVED_MANUAL_REVIEW_EVIDENCE,UNREVIEWED_IS_NOT_CODED_ZERO
ICJ-168-2017-05-18||SC_MEETING::SCM|S/PV.8064,ICJ-168-2017-05-18,168,2017-10-05,140,SC_MEETING,S/PV.8064,0,0,0,NO_PRESERVED_MANUAL_REVIEW_EVIDENCE,UNREVIEWED_IS_NOT_CODED_ZERO
ICJ-168-2017-05-18||SC_MEETING::SCM|S/PV.8065,ICJ-168-2017-05-18,168,2017-10-10,145,SC_MEETING,S/PV.8065,0,0,0,NO_PRESERVED_MANUAL_REVIEW_EVIDENCE,UNREVIEWED_IS_NOT_CODED_ZERO
ICJ-168-2017-05-18||SC_MEETING::SCM|S/PV.8066,ICJ-168-2017-05-18,168,2017-10-10,145,SC_MEETING,S/PV.8066,0,0,0,NO_PRESERVED_MANUAL_REVIEW_EVIDENCE,UNREVIEWED_IS_NOT_CODED_ZERO
ICJ-168-2017-05-18||SC_MEETING::SCM|S/PV.8067,ICJ-168-2017-05-18,168,2017-10-11,146,SC_MEETING,S/PV.8067,0,0,0,NO_PRESERVED_MANUAL_REVIEW_EVIDENCE,UNREVIEWED_IS_NOT_CODED_ZERO
ICJ-168-2017-05-18||SC_MEETING::SCM|S/PV.8068,ICJ-168-2017-05-18,168,2017-10-12,147,SC_MEETING,S/PV.8068,0,0,0,NO_PRESERVED_MANUAL_REVIEW_EVIDENCE,UNREVIEWED_IS_NOT_CODED_ZERO
ICJ-168-2017-05-18||SC_MEETING::SCM|S/PV.8069,ICJ-168-2017-05-18,168,2017-10-12,147,SC_MEETING,S/PV.8069,0,0,0,NO_PRESERVED_MANUAL_REVIEW_EVIDENCE,UNREVIEWED_IS_NOT_CODED_ZERO
ICJ-168-2017-05-18||SC_MEETING::SCM|S/PV.8070,ICJ-168-2017-05-18,168,2017-10-17,152,SC_MEETING,S/PV.8070,0,0,0,NO_PRESERVED_MANUAL_REVIEW_EVIDENCE,UNREVIEWED_IS_NOT_CODED_ZERO
ICJ-168-2017-05-18||SC_MEETING::SCM|S/PV.8071,ICJ-168-2017-05-18,168,2017-10-17,152,SC_MEETING,S/PV.8071,0,0,0,NO_PRESERVED_MANUAL_REVIEW_EVIDENCE,UNREVIEWED_IS_NOT_CODED_ZERO
ICJ-168-2017-05-18||SC_MEETING::SCM|S/PV.8072,ICJ-168-2017-05-18,168,2017-10-18,153,SC_MEETING,S/PV.8072,0,0,0,NO_PRESERVED_MANUAL_REVIEW_EVIDENCE,UNREVIEWED_IS_NOT_CODED_ZERO
ICJ-168-2017-05-18||SC_FORMAL_VOTE::SCV|1699,ICJ-168-2017-05-18,168,2017-10-24,159,SC_FORMAL_VOTE,S/PV.8073,0,0,0,NO_PRESERVED_MANUAL_REVIEW_EVIDENCE,UNREVIEWED_IS_NOT_CODED_ZERO
ICJ-168-2017-05-18||SC_MEETING::SCM|S/PV.8073,ICJ-168-2017-05-18,168,2017-10-24,159,SC_MEETING,S/PV.8073,0,0,0,NO_PRESERVED_MANUAL_REVIEW_EVIDENCE,UNREVIEWED_IS_NOT_CODED_ZERO
ICJ-168-2017-05-18||SC_MEETING::SCM|S/PV.8074,ICJ-168-2017-05-18,168,2017-10-24,159,SC_MEETING,S/PV.8074,0,0,0,NO_PRESERVED_MANUAL_REVIEW_EVIDENCE,UNREVIEWED_IS_NOT_CODED_ZERO
ICJ-168-2017-05-18||SC_MEETING::SCM|S/PV.8075,ICJ-168-2017-05-18,168,2017-10-25,160,SC_MEETING,S/PV.8075,0,1,1,PUBLISHED_RECALL_REVIEW_REPORTED_CANDIDATE_ID_RECONSTRUCTED,REVIEW_EVIDENCE_PRESENT
ICJ-168-2017-05-18||SC_MEETING::SCM|S/PV.8076,ICJ-168-2017-05-18,168,2017-10-26,161,SC_MEETING,S/PV.8076,0,0,0,NO_PRESERVED_MANUAL_REVIEW_EVIDENCE,UNREVIEWED_IS_NOT_CODED_ZERO
ICJ-168-2017-05-18||SC_MEETING::SCM|S/PV.8077,ICJ-168-2017-05-18,168,2017-10-26,161,SC_MEETING,S/PV.8077,0,0,0,NO_PRESERVED_MANUAL_REVIEW_EVIDENCE,UNREVIEWED_IS_NOT_CODED_ZERO
ICJ-168-2017-05-18||SC_MEETING::SCM|S/PV.8078,ICJ-168-2017-05-18,168,2017-10-26,161,SC_MEETING,S/PV.8078,0,0,0,NO_PRESERVED_MANUAL_REVIEW_EVIDENCE,UNREVIEWED_IS_NOT_CODED_ZERO
ICJ-168-2017-05-18||SC_MEETING::SCM|S/PV.8079,ICJ-168-2017-05-18,168,2017-10-27,162,SC_MEETING,S/PV.8079,0,0,0,NO_PRESERVED_MANUAL_REVIEW_EVIDENCE,UNREVIEWED_IS_NOT_CODED_ZERO
ICJ-168-2017-05-18||SC_MEETING::SCM|S/PV.8080,ICJ-168-2017-05-18,168,2017-10-30,165,SC_MEETING,S/PV.8080,0,0,0,NO_PRESERVED_MANUAL_REVIEW_EVIDENCE,UNREVIEWED_IS_NOT_CODED_ZERO
ICJ-168-2017-05-18||SC_MEETING::SCM|S/PV.8081,ICJ-168-2017-05-18,168,2017-10-30,165,SC_MEETING,S/PV.8081,0,0,0,NO_PRESERVED_MANUAL_REVIEW_EVIDENCE,UNREVIEWED_IS_NOT_CODED_ZERO
ICJ-168-2017-05-18||SC_MEETING::SCM|S/PV.8082,ICJ-168-2017-05-18,168,2017-10-31,166,SC_MEETING,S/PV.8082,0,0,0,NO_PRESERVED_MANUAL_REVIEW_EVIDENCE,UNREVIEWED_IS_NOT_CODED_ZERO
ICJ-168-2017-05-18||GA_FORMAL_VOTE::GAV|1312218,ICJ-168-2017-05-18,168,2017-11-01,167,GA_FORMAL_VOTE,A/72/PV.38,0,0,0,NO_PRESERVED_MANUAL_REVIEW_EVIDENCE,UNREVIEWED_IS_NOT_CODED_ZERO
ICJ-168-2017-05-18||SC_MEETING::SCM|S/PV.8083,ICJ-168-2017-05-18,168,2017-11-02,168,SC_MEETING,S/PV.8083,0,0,0,NO_PRESERVED_MANUAL_REVIEW_EVIDENCE,UNREVIEWED_IS_NOT_CODED_ZERO
ICJ-168-2017-05-18||SC_FORMAL_VOTE::SCV|1700,ICJ-168-2017-05-18,168,2017-11-06,172,SC_FORMAL_VOTE,S/PV.8086,0,0,0,NO_PRESERVED_MANUAL_REVIEW_EVIDENCE,UNREVIEWED_IS_NOT_CODED_ZERO
ICJ-168-2017-05-18||SC_MEETING::SCM|S/PV.8084,ICJ-168-2017-05-18,168,2017-11-06,172,SC_MEETING,S/PV.8084,0,0,0,NO_PRESERVED_MANUAL_REVIEW_EVIDENCE,UNREVIEWED_IS_NOT_CODED_ZERO
ICJ-168-2017-05-18||SC_MEETING::SCM|S/PV.8085,ICJ-168-2017-05-18,168,2017-11-06,172,SC_MEETING,S/PV.8085,0,0,0,NO_PRESERVED_MANUAL_REVIEW_EVIDENCE,UNREVIEWED_IS_NOT_CODED_ZERO
ICJ-168-2017-05-18||SC_MEETING::SCM|S/PV.8086,ICJ-168-2017-05-18,168,2017-11-06,172,SC_MEETING,S/PV.8086,0,0,0,NO_PRESERVED_MANUAL_REVIEW_EVIDENCE,UNREVIEWED_IS_NOT_CODED_ZERO
ICJ-168-2017-05-18||SC_FORMAL_VOTE::SCV|1701,ICJ-168-2017-05-18,168,2017-11-07,173,SC_FORMAL_VOTE,S/PV.8088,0,0,0,NO_PRESERVED_MANUAL_REVIEW_EVIDENCE,UNREVIEWED_IS_NOT_CODED_ZERO
ICJ-168-2017-05-18||SC_FORMAL_VOTE::SCV|1702,ICJ-168-2017-05-18,168,2017-11-07,173,SC_FORMAL_VOTE,S/PV.8089,0,0,0,NO_PRESERVED_MANUAL_REVIEW_EVIDENCE,UNREVIEWED_IS_NOT_CODED_ZERO
ICJ-168-2017-05-18||SC_MEETING::SCM|S/PV.8087,ICJ-168-2017-05-18,168,2017-11-07,173,SC_MEETING,S/PV.8087,0,0,0,NO_PRESERVED_MANUAL_REVIEW_EVIDENCE,UNREVIEWED_IS_NOT_CODED_ZERO
ICJ-168-2017-05-18||SC_MEETING::SCM|S/PV.8088,ICJ-168-2017-05-18,168,2017-11-07,173,SC_MEETING,S/PV.8088,0,0,0,NO_PRESERVED_MANUAL_REVIEW_EVIDENCE,UNREVIEWED_IS_NOT_CODED_ZERO
ICJ-168-2017-05-18||SC_MEETING::SCM|S/PV.8089,ICJ-168-2017-05-18,168,2017-11-07,173,SC_MEETING,S/PV.8089,0,0,0,NO_PRESERVED_MANUAL_REVIEW_EVIDENCE,UNREVIEWED_IS_NOT_CODED_ZERO
ICJ-168-2017-05-18||SC_MEETING::SCM|S/PV.8090,ICJ-168-2017-05-18,168,2017-11-07,173,SC_MEETING,S/PV.8090,0,0,0,NO_PRESERVED_MANUAL_REVIEW_EVIDENCE,UNREVIEWED_IS_NOT_CODED_ZERO
ICJ-168-2017-05-18||SC_MEETING::SCM|S/PV.8091,ICJ-168-2017-05-18,168,2017-11-08,174,SC_MEETING,S/PV.8091,0,0,0,NO_PRESERVED_MANUAL_REVIEW_EVIDENCE,UNREVIEWED_IS_NOT_CODED_ZERO
ICJ-168-2017-05-18||SC_MEETING::SCM|S/PV.8092,ICJ-168-2017-05-18,168,2017-11-09,175,SC_MEETING,S/PV.8092,0,1,1,PUBLISHED_RECALL_REVIEW_REPORTED_CANDIDATE_ID_RECONSTRUCTED,REVIEW_EVIDENCE_PRESENT
ICJ-168-2017-05-18||SC_MEETING::SCM|S/PV.8092 (Resumption 1),ICJ-168-2017-05-18,168,2017-11-09,175,SC_MEETING,S/PV.8092 (Resumption 1),0,1,1,PUBLISHED_RECALL_REVIEW_REPORTED_CANDIDATE_ID_RECONSTRUCTED,REVIEW_EVIDENCE_PRESENT
ICJ-168-2017-05-18||SC_MEETING::SCM|S/PV.8093,ICJ-168-2017-05-18,168,2017-11-09,175,SC_MEETING,S/PV.8093,0,1,1,PUBLISHED_RECALL_REVIEW_REPORTED_CANDIDATE_ID_RECONSTRUCTED,REVIEW_EVIDENCE_PRESENT
ICJ-168-2017-05-18||SC_MEETING::SCM|S/PV.8094,ICJ-168-2017-05-18,168,2017-11-13,179,SC_MEETING,S/PV.8094,0,1,1,PUBLISHED_RECALL_REVIEW_REPORTED_CANDIDATE_ID_RECONSTRUCTED,REVIEW_EVIDENCE_PRESENT
ICJ-168-2017-05-18||SC_MEETING::SCM|S/PV.8095,ICJ-168-2017-05-18,168,2017-11-13,179,SC_MEETING,S/PV.8095,0,1,1,PUBLISHED_RECALL_REVIEW_REPORTED_CANDIDATE_ID_RECONSTRUCTED,REVIEW_EVIDENCE_PRESENT
ICJ-168-2017-05-18||SC_MEETING::SCM|S/PV.8096,ICJ-168-2017-05-18,168,2017-11-13,179,SC_MEETING,S/PV.8096,0,1,1,PUBLISHED_RECALL_REVIEW_REPORTED_CANDIDATE_ID_RECONSTRUCTED,REVIEW_EVIDENCE_PRESENT
ICJ-168-2017-05-18||SC_MEETING::SCM|S/PV.8097,ICJ-168-2017-05-18,168,2017-11-13,179,SC_MEETING,S/PV.8097,0,1,1,PUBLISHED_RECALL_REVIEW_REPORTED_CANDIDATE_ID_RECONSTRUCTED,REVIEW_EVIDENCE_PRESENT
ICJ-168-2017-05-18||SC_MEETING::SCM|S/PV.8098,ICJ-168-2017-05-18,168,2017-11-13,179,SC_MEETING,S/PV.8098,0,1,1,PUBLISHED_RECALL_REVIEW_REPORTED_CANDIDATE_ID_RECONSTRUCTED,REVIEW_EVIDENCE_PRESENT
ICJ-168-2017-05-18||SC_FORMAL_VOTE::SCV|1703,ICJ-168-2017-05-18,168,2017-11-14,180,SC_FORMAL_VOTE,S/PV.8099,0,0,0,NO_PRESERVED_MANUAL_REVIEW_EVIDENCE,UNREVIEWED_IS_NOT_CODED_ZERO
ICJ-168-2017-05-18||SC_MEETING::SCM|S/PV.8099,ICJ-168-2017-05-18,168,2017-11-14,180,SC_MEETING,S/PV.8099,0,0,0,NO_PRESERVED_MANUAL_REVIEW_EVIDENCE,UNREVIEWED_IS_NOT_CODED_ZERO
ICJ-168-2017-05-18||SC_MEETING::SCM|S/PV.8100,ICJ-168-2017-05-18,168,2017-11-14,180,SC_MEETING,S/PV.8100,0,0,0,NO_PRESERVED_MANUAL_REVIEW_EVIDENCE,UNREVIEWED_IS_NOT_CODED_ZERO
ICJ-171-2023-12-01||SC_FORMAL_VOTE::SCV|2073,ICJ-171-2023-12-01,171,2023-12-01,0,SC_FORMAL_VOTE,S/PV.9490,0,0,0,NO_PRESERVED_MANUAL_REVIEW_EVIDENCE,UNREVIEWED_IS_NOT_CODED_ZERO
ICJ-171-2023-12-01||SC_FORMAL_VOTE::SCV|2074,ICJ-171-2023-12-01,171,2023-12-01,0,SC_FORMAL_VOTE,S/PV.9491,0,0,0,NO_PRESERVED_MANUAL_REVIEW_EVIDENCE,UNREVIEWED_IS_NOT_CODED_ZERO
ICJ-171-2023-12-01||SC_FORMAL_VOTE::SCV|2075,ICJ-171-2023-12-01,171,2023-12-01,0,SC_FORMAL_VOTE,S/PV.9492,0,0,0,NO_PRESERVED_MANUAL_REVIEW_EVIDENCE,UNREVIEWED_IS_NOT_CODED_ZERO
ICJ-171-2023-12-01||SC_MEETING::SCM|S/PV.9490,ICJ-171-2023-12-01,171,2023-12-01,0,SC_MEETING,S/PV.9490,0,0,0,NO_PRESERVED_MANUAL_REVIEW_EVIDENCE,UNREVIEWED_IS_NOT_CODED_ZERO
ICJ-171-2023-12-01||SC_MEETING::SCM|S/PV.9491,ICJ-171-2023-12-01,171,2023-12-01,0,SC_MEETING,S/PV.9491,0,0,0,NO_PRESERVED_MANUAL_REVIEW_EVIDENCE,UNREVIEWED_IS_NOT_CODED_ZERO
ICJ-171-2023-12-01||SC_MEETING::SCM|S/PV.9492,ICJ-171-2023-12-01,171,2023-12-01,0,SC_MEETING,S/PV.9492,0,0,0,NO_PRESERVED_MANUAL_REVIEW_EVIDENCE,UNREVIEWED_IS_NOT_CODED_ZERO
ICJ-171-2023-12-01||GA_FORMAL_VOTE::GAV|4029001,ICJ-171-2023-12-01,171,2023-12-04,3,GA_FORMAL_VOTE,A/78/PV.42,0,0,0,NO_PRESERVED_MANUAL_REVIEW_EVIDENCE,UNREVIEWED_IS_NOT_CODED_ZERO
ICJ-171-2023-12-01||GA_FORMAL_VOTE::GAV|4029002,ICJ-171-2023-12-01,171,2023-12-04,3,GA_FORMAL_VOTE,A/78/PV.42,0,0,0,NO_PRESERVED_MANUAL_REVIEW_EVIDENCE,UNREVIEWED_IS_NOT_CODED_ZERO
ICJ-171-2023-12-01||GA_FORMAL_VOTE::GAV|4029003,ICJ-171-2023-12-01,171,2023-12-04,3,GA_FORMAL_VOTE,A/78/PV.42,0,0,0,NO_PRESERVED_MANUAL_REVIEW_EVIDENCE,UNREVIEWED_IS_NOT_CODED_ZERO
ICJ-171-2023-12-01||GA_FORMAL_VOTE::GAV|4029004,ICJ-171-2023-12-01,171,2023-12-04,3,GA_FORMAL_VOTE,A/78/PV.42,0,0,0,NO_PRESERVED_MANUAL_REVIEW_EVIDENCE,UNREVIEWED_IS_NOT_CODED_ZERO
ICJ-171-2023-12-01||GA_FORMAL_VOTE::GAV|4029005,ICJ-171-2023-12-01,171,2023-12-04,3,GA_FORMAL_VOTE,A/78/PV.42,0,0,0,NO_PRESERVED_MANUAL_REVIEW_EVIDENCE,UNREVIEWED_IS_NOT_CODED_ZERO
ICJ-171-2023-12-01||GA_FORMAL_VOTE::GAV|4029006,ICJ-171-2023-12-01,171,2023-12-04,3,GA_FORMAL_VOTE,A/78/PV.42,0,0,0,NO_PRESERVED_MANUAL_REVIEW_EVIDENCE,UNREVIEWED_IS_NOT_CODED_ZERO
ICJ-171-2023-12-01||GA_FORMAL_VOTE::GAV|4029007,ICJ-171-2023-12-01,171,2023-12-04,3,GA_FORMAL_VOTE,A/78/PV.42,0,0,0,NO_PRESERVED_MANUAL_REVIEW_EVIDENCE,UNREVIEWED_IS_NOT_CODED_ZERO
ICJ-171-2023-12-01||GA_FORMAL_VOTE::GAV|4029008,ICJ-171-2023-12-01,171,2023-12-04,3,GA_FORMAL_VOTE,A/78/PV.42,0,0,0,NO_PRESERVED_MANUAL_REVIEW_EVIDENCE,UNREVIEWED_IS_NOT_CODED_ZERO
ICJ-171-2023-12-01||GA_FORMAL_VOTE::GAV|4029009,ICJ-171-2023-12-01,171,2023-12-04,3,GA_FORMAL_VOTE,A/78/PV.42,0,0,0,NO_PRESERVED_MANUAL_REVIEW_EVIDENCE,UNREVIEWED_IS_NOT_CODED_ZERO
ICJ-171-2023-12-01||GA_FORMAL_VOTE::GAV|4029010,ICJ-171-2023-12-01,171,2023-12-04,3,GA_FORMAL_VOTE,A/78/PV.42,0,0,0,NO_PRESERVED_MANUAL_REVIEW_EVIDENCE,UNREVIEWED_IS_NOT_CODED_ZERO
ICJ-171-2023-12-01||GA_FORMAL_VOTE::GAV|4029011,ICJ-171-2023-12-01,171,2023-12-04,3,GA_FORMAL_VOTE,A/78/PV.42,0,0,0,NO_PRESERVED_MANUAL_REVIEW_EVIDENCE,UNREVIEWED_IS_NOT_CODED_ZERO
ICJ-171-2023-12-01||GA_FORMAL_VOTE::GAV|4029012,ICJ-171-2023-12-01,171,2023-12-04,3,GA_FORMAL_VOTE,A/78/PV.42,0,0,0,NO_PRESERVED_MANUAL_REVIEW_EVIDENCE,UNREVIEWED_IS_NOT_CODED_ZERO
ICJ-171-2023-12-01||GA_FORMAL_VOTE::GAV|4029013,ICJ-171-2023-12-01,171,2023-12-04,3,GA_FORMAL_VOTE,A/78/PV.42,0,0,0,NO_PRESERVED_MANUAL_REVIEW_EVIDENCE,UNREVIEWED_IS_NOT_CODED_ZERO
ICJ-171-2023-12-01||GA_FORMAL_VOTE::GAV|4029014,ICJ-171-2023-12-01,171,2023-12-04,3,GA_FORMAL_VOTE,A/78/PV.42,0,0,0,NO_PRESERVED_MANUAL_REVIEW_EVIDENCE,UNREVIEWED_IS_NOT_CODED_ZERO
ICJ-171-2023-12-01||GA_FORMAL_VOTE::GAV|4029015,ICJ-171-2023-12-01,171,2023-12-04,3,GA_FORMAL_VOTE,A/78/PV.42,0,0,0,NO_PRESERVED_MANUAL_REVIEW_EVIDENCE,UNREVIEWED_IS_NOT_CODED_ZERO
ICJ-171-2023-12-01||GA_FORMAL_VOTE::GAV|4029016,ICJ-171-2023-12-01,171,2023-12-04,3,GA_FORMAL_VOTE,A/78/PV.42,0,0,0,NO_PRESERVED_MANUAL_REVIEW_EVIDENCE,UNREVIEWED_IS_NOT_CODED_ZERO
ICJ-171-2023-12-01||GA_FORMAL_VOTE::GAV|4029017,ICJ-171-2023-12-01,171,2023-12-04,3,GA_FORMAL_VOTE,A/78/PV.42,0,0,0,NO_PRESERVED_MANUAL_REVIEW_EVIDENCE,UNREVIEWED_IS_NOT_CODED_ZERO
ICJ-171-2023-12-01||GA_FORMAL_VOTE::GAV|4029018,ICJ-171-2023-12-01,171,2023-12-04,3,GA_FORMAL_VOTE,A/78/PV.42,0,0,0,NO_PRESERVED_MANUAL_REVIEW_EVIDENCE,UNREVIEWED_IS_NOT_CODED_ZERO
ICJ-171-2023-12-01||GA_FORMAL_VOTE::GAV|4029019,ICJ-171-2023-12-01,171,2023-12-04,3,GA_FORMAL_VOTE,A/78/PV.42,0,0,0,NO_PRESERVED_MANUAL_REVIEW_EVIDENCE,UNREVIEWED_IS_NOT_CODED_ZERO
ICJ-171-2023-12-01||GA_FORMAL_VOTE::GAV|4029020,ICJ-171-2023-12-01,171,2023-12-04,3,GA_FORMAL_VOTE,A/78/PV.42,0,0,0,NO_PRESERVED_MANUAL_REVIEW_EVIDENCE,UNREVIEWED_IS_NOT_CODED_ZERO
ICJ-171-2023-12-01||GA_FORMAL_VOTE::GAV|4029220,ICJ-171-2023-12-01,171,2023-12-04,3,GA_FORMAL_VOTE,A/78/PV.42,0,0,0,NO_PRESERVED_MANUAL_REVIEW_EVIDENCE,UNREVIEWED_IS_NOT_CODED_ZERO
ICJ-171-2023-12-01||GA_FORMAL_VOTE::GAV|4029221,ICJ-171-2023-12-01,171,2023-12-04,3,GA_FORMAL_VOTE,A/78/PV.42,0,0,0,NO_PRESERVED_MANUAL_REVIEW_EVIDENCE,UNREVIEWED_IS_NOT_CODED_ZERO
ICJ-171-2023-12-01||GA_FORMAL_VOTE::GAV|4029222,ICJ-171-2023-12-01,171,2023-12-04,3,GA_FORMAL_VOTE,A/78/PV.42,0,0,0,NO_PRESERVED_MANUAL_REVIEW_EVIDENCE,UNREVIEWED_IS_NOT_CODED_ZERO
ICJ-171-2023-12-01||GA_FORMAL_VOTE::GAV|4029223,ICJ-171-2023-12-01,171,2023-12-04,3,GA_FORMAL_VOTE,A/78/PV.42,0,0,0,NO_PRESERVED_MANUAL_REVIEW_EVIDENCE,UNREVIEWED_IS_NOT_CODED_ZERO
ICJ-171-2023-12-01||GA_FORMAL_VOTE::GAV|4029224,ICJ-171-2023-12-01,171,2023-12-04,3,GA_FORMAL_VOTE,A/78/PV.42,0,0,0,NO_PRESERVED_MANUAL_REVIEW_EVIDENCE,UNREVIEWED_IS_NOT_CODED_ZERO
ICJ-171-2023-12-01||GA_FORMAL_VOTE::GAV|4029225,ICJ-171-2023-12-01,171,2023-12-04,3,GA_FORMAL_VOTE,A/78/PV.42,0,0,0,NO_PRESERVED_MANUAL_REVIEW_EVIDENCE,UNREVIEWED_IS_NOT_CODED_ZERO
ICJ-171-2023-12-01||GA_FORMAL_VOTE::GAV|4029226,ICJ-171-2023-12-01,171,2023-12-04,3,GA_FORMAL_VOTE,A/78/PV.42,0,0,0,NO_PRESERVED_MANUAL_REVIEW_EVIDENCE,UNREVIEWED_IS_NOT_CODED_ZERO
ICJ-171-2023-12-01||GA_FORMAL_VOTE::GAV|4029227,ICJ-171-2023-12-01,171,2023-12-04,3,GA_FORMAL_VOTE,A/78/PV.42,0,0,0,NO_PRESERVED_MANUAL_REVIEW_EVIDENCE,UNREVIEWED_IS_NOT_CODED_ZERO
ICJ-171-2023-12-01||GA_FORMAL_VOTE::GAV|4029228,ICJ-171-2023-12-01,171,2023-12-04,3,GA_FORMAL_VOTE,A/78/PV.42,0,0,0,NO_PRESERVED_MANUAL_REVIEW_EVIDENCE,UNREVIEWED_IS_NOT_CODED_ZERO
ICJ-171-2023-12-01||GA_FORMAL_VOTE::GAV|4029229,ICJ-171-2023-12-01,171,2023-12-04,3,GA_FORMAL_VOTE,A/78/PV.42,0,0,0,NO_PRESERVED_MANUAL_REVIEW_EVIDENCE,UNREVIEWED_IS_NOT_CODED_ZERO
ICJ-171-2023-12-01||GA_FORMAL_VOTE::GAV|4029230,ICJ-171-2023-12-01,171,2023-12-04,3,GA_FORMAL_VOTE,A/78/PV.42,0,0,0,NO_PRESERVED_MANUAL_REVIEW_EVIDENCE,UNREVIEWED_IS_NOT_CODED_ZERO
ICJ-171-2023-12-01||SC_MEETING::SCM|S/PV.9493,ICJ-171-2023-12-01,171,2023-12-04,3,SC_MEETING,S/PV.9493,0,0,0,NO_PRESERVED_MANUAL_REVIEW_EVIDENCE,UNREVIEWED_IS_NOT_CODED_ZERO
ICJ-171-2023-12-01||GA_FORMAL_VOTE::GAV|4029432,ICJ-171-2023-12-01,171,2023-12-05,4,GA_FORMAL_VOTE,A/78/PV.44,0,0,0,NO_PRESERVED_MANUAL_REVIEW_EVIDENCE,UNREVIEWED_IS_NOT_CODED_ZERO
ICJ-171-2023-12-01||SC_MEETING::SCM|S/PV.9494,ICJ-171-2023-12-01,171,2023-12-06,5,SC_MEETING,S/PV.9494,0,0,0,NO_PRESERVED_MANUAL_REVIEW_EVIDENCE,UNREVIEWED_IS_NOT_CODED_ZERO
ICJ-171-2023-12-01||SC_MEETING::SCM|S/PV.9495,ICJ-171-2023-12-01,171,2023-12-06,5,SC_MEETING,S/PV.9495,0,0,0,NO_PRESERVED_MANUAL_REVIEW_EVIDENCE,UNREVIEWED_IS_NOT_CODED_ZERO
ICJ-171-2023-12-01||SC_MEETING::SCM|S/PV.9496,ICJ-171-2023-12-01,171,2023-12-06,5,SC_MEETING,S/PV.9496,0,0,0,NO_PRESERVED_MANUAL_REVIEW_EVIDENCE,UNREVIEWED_IS_NOT_CODED_ZERO
ICJ-171-2023-12-01||GA_FORMAL_VOTE::GAV|4029433,ICJ-171-2023-12-01,171,2023-12-07,6,GA_FORMAL_VOTE,A/78/PV.45,0,0,0,NO_PRESERVED_MANUAL_REVIEW_EVIDENCE,UNREVIEWED_IS_NOT_CODED_ZERO
ICJ-171-2023-12-01||GA_FORMAL_VOTE::GAV|4029434,ICJ-171-2023-12-01,171,2023-12-07,6,GA_FORMAL_VOTE,A/78/PV.45,0,0,0,NO_PRESERVED_MANUAL_REVIEW_EVIDENCE,UNREVIEWED_IS_NOT_CODED_ZERO
ICJ-171-2023-12-01||GA_FORMAL_VOTE::GAV|4029435,ICJ-171-2023-12-01,171,2023-12-07,6,GA_FORMAL_VOTE,A/78/PV.45,0,0,0,NO_PRESERVED_MANUAL_REVIEW_EVIDENCE,UNREVIEWED_IS_NOT_CODED_ZERO
ICJ-171-2023-12-01||GA_FORMAL_VOTE::GAV|4029436,ICJ-171-2023-12-01,171,2023-12-07,6,GA_FORMAL_VOTE,A/78/PV.45,0,0,0,NO_PRESERVED_MANUAL_REVIEW_EVIDENCE,UNREVIEWED_IS_NOT_CODED_ZERO
ICJ-171-2023-12-01||GA_FORMAL_VOTE::GAV|4029437,ICJ-171-2023-12-01,171,2023-12-07,6,GA_FORMAL_VOTE,A/78/PV.45,0,0,0,NO_PRESERVED_MANUAL_REVIEW_EVIDENCE,UNREVIEWED_IS_NOT_CODED_ZERO
ICJ-171-2023-12-01||GA_FORMAL_VOTE::GAV|4029438,ICJ-171-2023-12-01,171,2023-12-07,6,GA_FORMAL_VOTE,A/78/PV.45,0,0,0,NO_PRESERVED_MANUAL_REVIEW_EVIDENCE,UNREVIEWED_IS_NOT_CODED_ZERO
ICJ-171-2023-12-01||GA_FORMAL_VOTE::GAV|4029439,ICJ-171-2023-12-01,171,2023-12-07,6,GA_FORMAL_VOTE,A/78/PV.45,0,0,0,NO_PRESERVED_MANUAL_REVIEW_EVIDENCE,UNREVIEWED_IS_NOT_CODED_ZERO
ICJ-171-2023-12-01||GA_FORMAL_VOTE::GAV|4029440,ICJ-171-2023-12-01,171,2023-12-07,6,GA_FORMAL_VOTE,A/78/PV.45,0,0,0,NO_PRESERVED_MANUAL_REVIEW_EVIDENCE,UNREVIEWED_IS_NOT_CODED_ZERO
ICJ-171-2023-12-01||GA_FORMAL_VOTE::GAV|4029441,ICJ-171-2023-12-01,171,2023-12-07,6,GA_FORMAL_VOTE,A/78/PV.45,0,0,0,NO_PRESERVED_MANUAL_REVIEW_EVIDENCE,UNREVIEWED_IS_NOT_CODED_ZERO
ICJ-171-2023-12-01||GA_FORMAL_VOTE::GAV|4029442,ICJ-171-2023-12-01,171,2023-12-07,6,GA_FORMAL_VOTE,A/78/PV.45,0,0,0,NO_PRESERVED_MANUAL_REVIEW_EVIDENCE,UNREVIEWED_IS_NOT_CODED_ZERO
ICJ-171-2023-12-01||GA_FORMAL_VOTE::GAV|4029443,ICJ-171-2023-12-01,171,2023-12-07,6,GA_FORMAL_VOTE,A/78/PV.45,0,0,0,NO_PRESERVED_MANUAL_REVIEW_EVIDENCE,UNREVIEWED_IS_NOT_CODED_ZERO
ICJ-171-2023-12-01||SC_MEETING::SCM|S/PV.9497,ICJ-171-2023-12-01,171,2023-12-07,6,SC_MEETING,S/PV.9497,0,0,0,NO_PRESERVED_MANUAL_REVIEW_EVIDENCE,UNREVIEWED_IS_NOT_CODED_ZERO
ICJ-171-2023-12-01||SC_MEETING::SCM|S/PV.9497 (Resumption 1),ICJ-171-2023-12-01,171,2023-12-07,6,SC_MEETING,S/PV.9497 (Resumption 1),0,0,0,NO_PRESERVED_MANUAL_REVIEW_EVIDENCE,UNREVIEWED_IS_NOT_CODED_ZERO
ICJ-171-2023-12-01||SC_FORMAL_VOTE::SCV|2076,ICJ-171-2023-12-01,171,2023-12-08,7,SC_FORMAL_VOTE,S/PV.9499,0,0,0,NO_PRESERVED_MANUAL_REVIEW_EVIDENCE,UNREVIEWED_IS_NOT_CODED_ZERO
ICJ-171-2023-12-01||SC_MEETING::SCM|S/PV.9498,ICJ-171-2023-12-01,171,2023-12-08,7,SC_MEETING,S/PV.9498,0,0,0,NO_PRESERVED_MANUAL_REVIEW_EVIDENCE,UNREVIEWED_IS_NOT_CODED_ZERO
ICJ-171-2023-12-01||SC_MEETING::SCM|S/PV.9499,ICJ-171-2023-12-01,171,2023-12-08,7,SC_MEETING,S/PV.9499,0,0,0,NO_PRESERVED_MANUAL_REVIEW_EVIDENCE,UNREVIEWED_IS_NOT_CODED_ZERO
ICJ-171-2023-12-01||SC_MEETING::SCM|S/PV.9500,ICJ-171-2023-12-01,171,2023-12-11,10,SC_MEETING,S/PV.9500,0,0,0,NO_PRESERVED_MANUAL_REVIEW_EVIDENCE,UNREVIEWED_IS_NOT_CODED_ZERO
ICJ-171-2023-12-01||SC_MEETING::SCM|S/PV.9501,ICJ-171-2023-12-01,171,2023-12-11,10,SC_MEETING,S/PV.9501,0,0,0,NO_PRESERVED_MANUAL_REVIEW_EVIDENCE,UNREVIEWED_IS_NOT_CODED_ZERO
ICJ-171-2023-12-01||GA_FORMAL_VOTE::GAV|4029732,ICJ-171-2023-12-01,171,2023-12-12,11,GA_FORMAL_VOTE,A/ES-10/PV.45,0,0,0,NO_PRESERVED_MANUAL_REVIEW_EVIDENCE,UNREVIEWED_IS_NOT_CODED_ZERO
ICJ-171-2023-12-01||SC_MEETING::SCM|S/PV.9502,ICJ-171-2023-12-01,171,2023-12-12,11,SC_MEETING,S/PV.9502,0,0,0,NO_PRESERVED_MANUAL_REVIEW_EVIDENCE,UNREVIEWED_IS_NOT_CODED_ZERO
ICJ-171-2023-12-01||SC_MEETING::SCM|S/PV.9503,ICJ-171-2023-12-01,171,2023-12-12,11,SC_MEETING,S/PV.9503,0,0,0,NO_PRESERVED_MANUAL_REVIEW_EVIDENCE,UNREVIEWED_IS_NOT_CODED_ZERO
ICJ-171-2023-12-01||SC_MEETING::SCM|S/PV.9504,ICJ-171-2023-12-01,171,2023-12-12,11,SC_MEETING,S/PV.9504,0,0,0,NO_PRESERVED_MANUAL_REVIEW_EVIDENCE,UNREVIEWED_IS_NOT_CODED_ZERO
ICJ-171-2023-12-01||SC_MEETING::SCM|S/PV.9504/Corr.1,ICJ-171-2023-12-01,171,2023-12-12,11,SC_MEETING,S/PV.9504/Corr.1,0,0,0,NO_PRESERVED_MANUAL_REVIEW_EVIDENCE,UNREVIEWED_IS_NOT_CODED_ZERO
ICJ-171-2023-12-01||SC_MEETING::SCM|S/PV.9505,ICJ-171-2023-12-01,171,2023-12-13,12,SC_MEETING,S/PV.9505,0,0,0,NO_PRESERVED_MANUAL_REVIEW_EVIDENCE,UNREVIEWED_IS_NOT_CODED_ZERO
ICJ-171-2023-12-01||SC_FORMAL_VOTE::SCV|2077,ICJ-171-2023-12-01,171,2023-12-14,13,SC_FORMAL_VOTE,S/PV.9506,0,0,0,NO_PRESERVED_MANUAL_REVIEW_EVIDENCE,UNREVIEWED_IS_NOT_CODED_ZERO
ICJ-171-2023-12-01||SC_MEETING::SCM|S/PV.9506,ICJ-171-2023-12-01,171,2023-12-14,13,SC_MEETING,S/PV.9506,0,0,0,NO_PRESERVED_MANUAL_REVIEW_EVIDENCE,UNREVIEWED_IS_NOT_CODED_ZERO
ICJ-171-2023-12-01||SC_MEETING::SCM|S/PV.9507,ICJ-171-2023-12-01,171,2023-12-14,13,SC_MEETING,S/PV.9507,0,0,0,NO_PRESERVED_MANUAL_REVIEW_EVIDENCE,UNREVIEWED_IS_NOT_CODED_ZERO
ICJ-171-2023-12-01||SC_MEETING::SCM|S/PV.9508,ICJ-171-2023-12-01,171,2023-12-14,13,SC_MEETING,S/PV.9508,0,0,0,NO_PRESERVED_MANUAL_REVIEW_EVIDENCE,UNREVIEWED_IS_NOT_CODED_ZERO
ICJ-171-2023-12-01||SC_MEETING::SCM|S/PV.9509,ICJ-171-2023-12-01,171,2023-12-15,14,SC_MEETING,S/PV.9509,0,0,0,NO_PRESERVED_MANUAL_REVIEW_EVIDENCE,UNREVIEWED_IS_NOT_CODED_ZERO
ICJ-171-2023-12-01||SC_MEETING::SCM|S/PV.9509 (Resumption 1),ICJ-171-2023-12-01,171,2023-12-15,14,SC_MEETING,S/PV.9509 (Resumption 1),0,0,0,NO_PRESERVED_MANUAL_REVIEW_EVIDENCE,UNREVIEWED_IS_NOT_CODED_ZERO
ICJ-171-2023-12-01||SC_MEETING::SCM|S/PV.9510,ICJ-171-2023-12-01,171,2023-12-18,17,SC_MEETING,S/PV.9510,0,0,0,NO_PRESERVED_MANUAL_REVIEW_EVIDENCE,UNREVIEWED_IS_NOT_CODED_ZERO
ICJ-171-2023-12-01||SC_MEETING::SCM|S/PV.9511,ICJ-171-2023-12-01,171,2023-12-18,17,SC_MEETING,S/PV.9511,0,0,0,NO_PRESERVED_MANUAL_REVIEW_EVIDENCE,UNREVIEWED_IS_NOT_CODED_ZERO
ICJ-171-2023-12-01||GA_FORMAL_VOTE::GAV|4030698,ICJ-171-2023-12-01,171,2023-12-19,18,GA_FORMAL_VOTE,A/78/PV.50,0,0,0,NO_PRESERVED_MANUAL_REVIEW_EVIDENCE,UNREVIEWED_IS_NOT_CODED_ZERO
ICJ-171-2023-12-01||GA_FORMAL_VOTE::GAV|4030699,ICJ-171-2023-12-01,171,2023-12-19,18,GA_FORMAL_VOTE,A/78/PV.50,0,0,0,NO_PRESERVED_MANUAL_REVIEW_EVIDENCE,UNREVIEWED_IS_NOT_CODED_ZERO
ICJ-171-2023-12-01||GA_FORMAL_VOTE::GAV|4030700,ICJ-171-2023-12-01,171,2023-12-19,18,GA_FORMAL_VOTE,A/78/PV.50,0,0,0,NO_PRESERVED_MANUAL_REVIEW_EVIDENCE,UNREVIEWED_IS_NOT_CODED_ZERO
ICJ-171-2023-12-01||GA_FORMAL_VOTE::GAV|4030701,ICJ-171-2023-12-01,171,2023-12-19,18,GA_FORMAL_VOTE,A/78/PV.50,0,0,0,NO_PRESERVED_MANUAL_REVIEW_EVIDENCE,UNREVIEWED_IS_NOT_CODED_ZERO
ICJ-171-2023-12-01||GA_FORMAL_VOTE::GAV|4030702,ICJ-171-2023-12-01,171,2023-12-19,18,GA_FORMAL_VOTE,A/78/PV.50,0,0,0,NO_PRESERVED_MANUAL_REVIEW_EVIDENCE,UNREVIEWED_IS_NOT_CODED_ZERO
ICJ-171-2023-12-01||GA_FORMAL_VOTE::GAV|4030703,ICJ-171-2023-12-01,171,2023-12-19,18,GA_FORMAL_VOTE,A/78/PV.50,0,0,0,NO_PRESERVED_MANUAL_REVIEW_EVIDENCE,UNREVIEWED_IS_NOT_CODED_ZERO
ICJ-171-2023-12-01||GA_FORMAL_VOTE::GAV|4030704,ICJ-171-2023-12-01,171,2023-12-19,18,GA_FORMAL_VOTE,A/78/PV.50,0,0,0,NO_PRESERVED_MANUAL_REVIEW_EVIDENCE,UNREVIEWED_IS_NOT_CODED_ZERO
ICJ-171-2023-12-01||GA_FORMAL_VOTE::GAV|4030705,ICJ-171-2023-12-01,171,2023-12-19,18,GA_FORMAL_VOTE,A/78/PV.50,0,0,0,NO_PRESERVED_MANUAL_REVIEW_EVIDENCE,UNREVIEWED_IS_NOT_CODED_ZERO
ICJ-171-2023-12-01||GA_FORMAL_VOTE::GAV|4030708,ICJ-171-2023-12-01,171,2023-12-19,18,GA_FORMAL_VOTE,A/78/PV.50,0,0,0,NO_PRESERVED_MANUAL_REVIEW_EVIDENCE,UNREVIEWED_IS_NOT_CODED_ZERO
ICJ-171-2023-12-01||GA_FORMAL_VOTE::GAV|4030709,ICJ-171-2023-12-01,171,2023-12-19,18,GA_FORMAL_VOTE,A/78/PV.50,0,0,0,NO_PRESERVED_MANUAL_REVIEW_EVIDENCE,UNREVIEWED_IS_NOT_CODED_ZERO
ICJ-171-2023-12-01||GA_FORMAL_VOTE::GAV|4030710,ICJ-171-2023-12-01,171,2023-12-19,18,GA_FORMAL_VOTE,A/78/PV.50,0,0,0,NO_PRESERVED_MANUAL_REVIEW_EVIDENCE,UNREVIEWED_IS_NOT_CODED_ZERO
ICJ-171-2023-12-01||GA_FORMAL_VOTE::GAV|4030711,ICJ-171-2023-12-01,171,2023-12-19,18,GA_FORMAL_VOTE,A/78/PV.49,0,0,0,NO_PRESERVED_MANUAL_REVIEW_EVIDENCE,UNREVIEWED_IS_NOT_CODED_ZERO
ICJ-171-2023-12-01||GA_FORMAL_VOTE::GAV|4030712,ICJ-171-2023-12-01,171,2023-12-19,18,GA_FORMAL_VOTE,A/78/PV.49,0,0,0,NO_PRESERVED_MANUAL_REVIEW_EVIDENCE,UNREVIEWED_IS_NOT_CODED_ZERO
ICJ-171-2023-12-01||GA_FORMAL_VOTE::GAV|4030713,ICJ-171-2023-12-01,171,2023-12-19,18,GA_FORMAL_VOTE,A/78/PV.49,0,0,0,NO_PRESERVED_MANUAL_REVIEW_EVIDENCE,UNREVIEWED_IS_NOT_CODED_ZERO
ICJ-171-2023-12-01||GA_FORMAL_VOTE::GAV|4030714,ICJ-171-2023-12-01,171,2023-12-19,18,GA_FORMAL_VOTE,A/78/PV.50,0,0,0,NO_PRESERVED_MANUAL_REVIEW_EVIDENCE,UNREVIEWED_IS_NOT_CODED_ZERO
ICJ-171-2023-12-01||GA_FORMAL_VOTE::GAV|4030715,ICJ-171-2023-12-01,171,2023-12-19,18,GA_FORMAL_VOTE,A/78/PV.50,0,0,0,NO_PRESERVED_MANUAL_REVIEW_EVIDENCE,UNREVIEWED_IS_NOT_CODED_ZERO
ICJ-171-2023-12-01||GA_FORMAL_VOTE::GAV|4030716,ICJ-171-2023-12-01,171,2023-12-19,18,GA_FORMAL_VOTE,A/78/PV.50,0,0,0,NO_PRESERVED_MANUAL_REVIEW_EVIDENCE,UNREVIEWED_IS_NOT_CODED_ZERO
ICJ-171-2023-12-01||GA_FORMAL_VOTE::GAV|4030717,ICJ-171-2023-12-01,171,2023-12-19,18,GA_FORMAL_VOTE,A/78/PV.50,0,0,0,NO_PRESERVED_MANUAL_REVIEW_EVIDENCE,UNREVIEWED_IS_NOT_CODED_ZERO
ICJ-171-2023-12-01||GA_FORMAL_VOTE::GAV|4030718,ICJ-171-2023-12-01,171,2023-12-19,18,GA_FORMAL_VOTE,A/78/PV.50,0,0,0,NO_PRESERVED_MANUAL_REVIEW_EVIDENCE,UNREVIEWED_IS_NOT_CODED_ZERO
ICJ-171-2023-12-01||GA_FORMAL_VOTE::GAV|4030928,ICJ-171-2023-12-01,171,2023-12-19,18,GA_FORMAL_VOTE,A/78/PV.49,0,0,0,NO_PRESERVED_MANUAL_REVIEW_EVIDENCE,UNREVIEWED_IS_NOT_CODED_ZERO
ICJ-171-2023-12-01||GA_FORMAL_VOTE::GAV|4031236,ICJ-171-2023-12-01,171,2023-12-19,18,GA_FORMAL_VOTE,A/78/PV.49,0,0,0,NO_PRESERVED_MANUAL_REVIEW_EVIDENCE,UNREVIEWED_IS_NOT_CODED_ZERO
ICJ-171-2023-12-01||GA_FORMAL_VOTE::GAV|4031240,ICJ-171-2023-12-01,171,2023-12-19,18,GA_FORMAL_VOTE,A/78/PV.49,0,0,0,NO_PRESERVED_MANUAL_REVIEW_EVIDENCE,UNREVIEWED_IS_NOT_CODED_ZERO
ICJ-171-2023-12-01||GA_FORMAL_VOTE::GAV|4031242,ICJ-171-2023-12-01,171,2023-12-19,18,GA_FORMAL_VOTE,A/78/PV.49,0,0,0,NO_PRESERVED_MANUAL_REVIEW_EVIDENCE,UNREVIEWED_IS_NOT_CODED_ZERO
ICJ-171-2023-12-01||SC_FORMAL_VOTE::SCV|2078,ICJ-171-2023-12-01,171,2023-12-19,18,SC_FORMAL_VOTE,S/PV.9512,0,0,0,NO_PRESERVED_MANUAL_REVIEW_EVIDENCE,UNREVIEWED_IS_NOT_CODED_ZERO
ICJ-171-2023-12-01||SC_MEETING::SCM|S/PV.9512,ICJ-171-2023-12-01,171,2023-12-19,18,SC_MEETING,S/PV.9512,0,0,0,NO_PRESERVED_MANUAL_REVIEW_EVIDENCE,UNREVIEWED_IS_NOT_CODED_ZERO
ICJ-171-2023-12-01||SC_MEETING::SCM|S/PV.9513,ICJ-171-2023-12-01,171,2023-12-19,18,SC_MEETING,S/PV.9513,0,0,0,NO_PRESERVED_MANUAL_REVIEW_EVIDENCE,UNREVIEWED_IS_NOT_CODED_ZERO
ICJ-171-2023-12-01||SC_MEETING::SCM|S/PV.9514,ICJ-171-2023-12-01,171,2023-12-19,18,SC_MEETING,S/PV.9514,0,0,0,NO_PRESERVED_MANUAL_REVIEW_EVIDENCE,UNREVIEWED_IS_NOT_CODED_ZERO
ICJ-171-2023-12-01||SC_MEETING::SCM|S/PV.9515,ICJ-171-2023-12-01,171,2023-12-20,19,SC_MEETING,S/PV.9515,0,0,0,NO_PRESERVED_MANUAL_REVIEW_EVIDENCE,UNREVIEWED_IS_NOT_CODED_ZERO
ICJ-171-2023-12-01||SC_FORMAL_VOTE::SCV|2079,ICJ-171-2023-12-01,171,2023-12-21,20,SC_FORMAL_VOTE,S/PV.9516,0,0,0,NO_PRESERVED_MANUAL_REVIEW_EVIDENCE,UNREVIEWED_IS_NOT_CODED_ZERO
ICJ-171-2023-12-01||SC_FORMAL_VOTE::SCV|2080,ICJ-171-2023-12-01,171,2023-12-21,20,SC_FORMAL_VOTE,S/PV.9518,0,0,0,NO_PRESERVED_MANUAL_REVIEW_EVIDENCE,UNREVIEWED_IS_NOT_CODED_ZERO
ICJ-171-2023-12-01||SC_MEETING::SCM|S/PV.9516,ICJ-171-2023-12-01,171,2023-12-21,20,SC_MEETING,S/PV.9516,0,0,0,NO_PRESERVED_MANUAL_REVIEW_EVIDENCE,UNREVIEWED_IS_NOT_CODED_ZERO
ICJ-171-2023-12-01||SC_MEETING::SCM|S/PV.9517,ICJ-171-2023-12-01,171,2023-12-21,20,SC_MEETING,S/PV.9517,0,0,0,NO_PRESERVED_MANUAL_REVIEW_EVIDENCE,UNREVIEWED_IS_NOT_CODED_ZERO
ICJ-171-2023-12-01||SC_MEETING::SCM|S/PV.9518,ICJ-171-2023-12-01,171,2023-12-21,20,SC_MEETING,S/PV.9518,0,0,0,NO_PRESERVED_MANUAL_REVIEW_EVIDENCE,UNREVIEWED_IS_NOT_CODED_ZERO
ICJ-171-2023-12-01||GA_FORMAL_VOTE::GAV|4031002,ICJ-171-2023-12-01,171,2023-12-22,21,GA_FORMAL_VOTE,A/78/PV.50 (Resumption 1),0,0,0,NO_PRESERVED_MANUAL_REVIEW_EVIDENCE,UNREVIEWED_IS_NOT_CODED_ZERO
ICJ-171-2023-12-01||GA_FORMAL_VOTE::GAV|4031003,ICJ-171-2023-12-01,171,2023-12-22,21,GA_FORMAL_VOTE,A/78/PV.50 (Resumption 1),0,0,0,NO_PRESERVED_MANUAL_REVIEW_EVIDENCE,UNREVIEWED_IS_NOT_CODED_ZERO
ICJ-171-2023-12-01||GA_FORMAL_VOTE::GAV|4031004,ICJ-171-2023-12-01,171,2023-12-22,21,GA_FORMAL_VOTE,A/78/PV.50 (Resumption 1),0,0,0,NO_PRESERVED_MANUAL_REVIEW_EVIDENCE,UNREVIEWED_IS_NOT_CODED_ZERO
ICJ-171-2023-12-01||GA_FORMAL_VOTE::GAV|4031005,ICJ-171-2023-12-01,171,2023-12-22,21,GA_FORMAL_VOTE,A/78/PV.50 (Resumption 1),0,0,0,NO_PRESERVED_MANUAL_REVIEW_EVIDENCE,UNREVIEWED_IS_NOT_CODED_ZERO
ICJ-171-2023-12-01||GA_FORMAL_VOTE::GAV|4031006,ICJ-171-2023-12-01,171,2023-12-22,21,GA_FORMAL_VOTE,A/78/PV.50 (Resumption 1),0,0,0,NO_PRESERVED_MANUAL_REVIEW_EVIDENCE,UNREVIEWED_IS_NOT_CODED_ZERO
ICJ-171-2023-12-01||GA_FORMAL_VOTE::GAV|4031007,ICJ-171-2023-12-01,171,2023-12-22,21,GA_FORMAL_VOTE,A/78/PV.50,0,0,0,NO_PRESERVED_MANUAL_REVIEW_EVIDENCE,UNREVIEWED_IS_NOT_CODED_ZERO
ICJ-171-2023-12-01||GA_FORMAL_VOTE::GAV|4031008,ICJ-171-2023-12-01,171,2023-12-22,21,GA_FORMAL_VOTE,A/78/PV.50 (Resumption 1),0,0,0,NO_PRESERVED_MANUAL_REVIEW_EVIDENCE,UNREVIEWED_IS_NOT_CODED_ZERO
ICJ-171-2023-12-01||GA_FORMAL_VOTE::GAV|4031009,ICJ-171-2023-12-01,171,2023-12-22,21,GA_FORMAL_VOTE,A/78/PV.50 (Resumption 1),0,0,0,NO_PRESERVED_MANUAL_REVIEW_EVIDENCE,UNREVIEWED_IS_NOT_CODED_ZERO
ICJ-171-2023-12-01||SC_FORMAL_VOTE::SCV|2081,ICJ-171-2023-12-01,171,2023-12-22,21,SC_FORMAL_VOTE,S/PV.9520,0,0,0,NO_PRESERVED_MANUAL_REVIEW_EVIDENCE,UNREVIEWED_IS_NOT_CODED_ZERO
ICJ-171-2023-12-01||SC_MEETING::SCM|S/PV.9519,ICJ-171-2023-12-01,171,2023-12-22,21,SC_MEETING,S/PV.9519,0,0,0,NO_PRESERVED_MANUAL_REVIEW_EVIDENCE,UNREVIEWED_IS_NOT_CODED_ZERO
ICJ-171-2023-12-01||SC_MEETING::SCM|S/PV.9520,ICJ-171-2023-12-01,171,2023-12-22,21,SC_MEETING,S/PV.9520,0,0,0,NO_PRESERVED_MANUAL_REVIEW_EVIDENCE,UNREVIEWED_IS_NOT_CODED_ZERO
ICJ-171-2023-12-01||SC_SPECIAL_VETO::SCX|13,ICJ-171-2023-12-01,171,2023-12-22,21,SC_SPECIAL_VETO,S/PV.9520,0,0,0,NO_PRESERVED_MANUAL_REVIEW_EVIDENCE,UNREVIEWED_IS_NOT_CODED_ZERO
ICJ-171-2023-12-01||SC_FORMAL_VOTE::SCV|2082,ICJ-171-2023-12-01,171,2023-12-29,28,SC_FORMAL_VOTE,S/PV.9521,0,0,0,NO_PRESERVED_MANUAL_REVIEW_EVIDENCE,UNREVIEWED_IS_NOT_CODED_ZERO
ICJ-171-2023-12-01||SC_MEETING::SCM|S/PV.9521,ICJ-171-2023-12-01,171,2023-12-29,28,SC_MEETING,S/PV.9521,0,0,0,NO_PRESERVED_MANUAL_REVIEW_EVIDENCE,UNREVIEWED_IS_NOT_CODED_ZERO
ICJ-171-2023-12-01||SC_MEETING::SCM|S/PV.9522,ICJ-171-2023-12-01,171,2023-12-29,28,SC_MEETING,S/PV.9522,0,0,0,NO_PRESERVED_MANUAL_REVIEW_EVIDENCE,UNREVIEWED_IS_NOT_CODED_ZERO
ICJ-171-2023-12-01||SC_MEETING::SCM|S/PV.9523,ICJ-171-2023-12-01,171,2023-12-29,28,SC_MEETING,S/PV.9523,0,0,0,NO_PRESERVED_MANUAL_REVIEW_EVIDENCE,UNREVIEWED_IS_NOT_CODED_ZERO
ICJ-171-2023-12-01||SC_MEETING::SCM|S/PV.9524,ICJ-171-2023-12-01,171,2023-12-30,29,SC_MEETING,S/PV.9524,0,0,0,NO_PRESERVED_MANUAL_REVIEW_EVIDENCE,UNREVIEWED_IS_NOT_CODED_ZERO
ICJ-171-2023-12-01||SC_MEETING::SCM|S/PV.9525,ICJ-171-2023-12-01,171,2024-01-03,33,SC_MEETING,S/PV.9525,1,0,1,PRESERVED_ORIGINAL_233_HUMAN_REVIEW,REVIEW_EVIDENCE_PRESENT
ICJ-171-2023-12-01||SC_FORMAL_VOTE::SCV|2083,ICJ-171-2023-12-01,171,2024-01-10,40,SC_FORMAL_VOTE,S/PV.9527,1,0,1,PRESERVED_ORIGINAL_233_HUMAN_REVIEW,REVIEW_EVIDENCE_PRESENT
ICJ-171-2023-12-01||SC_MEETING::SCM|S/PV.9526,ICJ-171-2023-12-01,171,2024-01-10,40,SC_MEETING,S/PV.9526,0,0,0,NO_PRESERVED_MANUAL_REVIEW_EVIDENCE,UNREVIEWED_IS_NOT_CODED_ZERO
ICJ-171-2023-12-01||SC_MEETING::SCM|S/PV.9527,ICJ-171-2023-12-01,171,2024-01-10,40,SC_MEETING,S/PV.9527,1,0,1,PRESERVED_ORIGINAL_233_HUMAN_REVIEW,REVIEW_EVIDENCE_PRESENT
ICJ-171-2023-12-01||SC_MEETING::SCM|S/PV.9528,ICJ-171-2023-12-01,171,2024-01-10,40,SC_MEETING,S/PV.9528,0,0,0,NO_PRESERVED_MANUAL_REVIEW_EVIDENCE,UNREVIEWED_IS_NOT_CODED_ZERO
ICJ-171-2023-12-01||SC_MEETING::SCM|S/PV.9529,ICJ-171-2023-12-01,171,2024-01-11,41,SC_MEETING,S/PV.9529,0,0,0,NO_PRESERVED_MANUAL_REVIEW_EVIDENCE,UNREVIEWED_IS_NOT_CODED_ZERO
ICJ-171-2023-12-01||SC_MEETING::SCM|S/PV.9530,ICJ-171-2023-12-01,171,2024-01-11,41,SC_MEETING,S/PV.9530,0,0,0,NO_PRESERVED_MANUAL_REVIEW_EVIDENCE,UNREVIEWED_IS_NOT_CODED_ZERO
ICJ-171-2023-12-01||SC_MEETING::SCM|S/PV.9531,ICJ-171-2023-12-01,171,2024-01-12,42,SC_MEETING,S/PV.9531,0,0,0,NO_PRESERVED_MANUAL_REVIEW_EVIDENCE,UNREVIEWED_IS_NOT_CODED_ZERO
ICJ-171-2023-12-01||SC_MEETING::SCM|S/PV.9532,ICJ-171-2023-12-01,171,2024-01-12,42,SC_MEETING,S/PV.9532,1,0,1,PRESERVED_ORIGINAL_233_HUMAN_REVIEW,REVIEW_EVIDENCE_PRESENT
ICJ-171-2023-12-01||SC_MEETING::SCM|S/PV.9533,ICJ-171-2023-12-01,171,2024-01-22,52,SC_MEETING,S/PV.9533,0,0,0,NO_PRESERVED_MANUAL_REVIEW_EVIDENCE,UNREVIEWED_IS_NOT_CODED_ZERO
ICJ-171-2023-12-01||SC_MEETING::SCM|S/PV.9534,ICJ-171-2023-12-01,171,2024-01-23,53,SC_MEETING,S/PV.9534,0,0,0,NO_PRESERVED_MANUAL_REVIEW_EVIDENCE,UNREVIEWED_IS_NOT_CODED_ZERO
ICJ-171-2023-12-01||SC_MEETING::SCM|S/PV.9534 (Resumption 1),ICJ-171-2023-12-01,171,2024-01-24,54,SC_MEETING,S/PV.9534 (Resumption 1),0,0,0,NO_PRESERVED_MANUAL_REVIEW_EVIDENCE,UNREVIEWED_IS_NOT_CODED_ZERO
ICJ-171-2023-12-01||SC_MEETING::SCM|S/PV.9535,ICJ-171-2023-12-01,171,2024-01-25,55,SC_MEETING,S/PV.9535,0,0,0,NO_PRESERVED_MANUAL_REVIEW_EVIDENCE,UNREVIEWED_IS_NOT_CODED_ZERO
ICJ-171-2023-12-01||SC_MEETING::SCM|S/PV.9536,ICJ-171-2023-12-01,171,2024-01-25,55,SC_MEETING,S/PV.9536,0,0,0,NO_PRESERVED_MANUAL_REVIEW_EVIDENCE,UNREVIEWED_IS_NOT_CODED_ZERO
ICJ-171-2023-12-01||SC_MEETING::SCM|S/PV.9537,ICJ-171-2023-12-01,171,2024-01-25,55,SC_MEETING,S/PV.9537,0,0,0,NO_PRESERVED_MANUAL_REVIEW_EVIDENCE,UNREVIEWED_IS_NOT_CODED_ZERO
ICJ-171-2023-12-01||SC_MEETING::SCM|S/PV.9538,ICJ-171-2023-12-01,171,2024-01-29,59,SC_MEETING,S/PV.9538,0,0,0,NO_PRESERVED_MANUAL_REVIEW_EVIDENCE,UNREVIEWED_IS_NOT_CODED_ZERO
ICJ-171-2023-12-01||SC_FORMAL_VOTE::SCV|2084,ICJ-171-2023-12-01,171,2024-01-30,60,SC_FORMAL_VOTE,S/PV.9539,0,0,0,NO_PRESERVED_MANUAL_REVIEW_EVIDENCE,UNREVIEWED_IS_NOT_CODED_ZERO
ICJ-171-2023-12-01||SC_MEETING::SCM|S/PV.9539,ICJ-171-2023-12-01,171,2024-01-30,60,SC_MEETING,S/PV.9539,0,0,0,NO_PRESERVED_MANUAL_REVIEW_EVIDENCE,UNREVIEWED_IS_NOT_CODED_ZERO
ICJ-171-2023-12-01||SC_MEETING::SCM|S/PV.9540,ICJ-171-2023-12-01,171,2024-01-31,61,SC_MEETING,S/PV.9540,0,0,0,NO_PRESERVED_MANUAL_REVIEW_EVIDENCE,UNREVIEWED_IS_NOT_CODED_ZERO
ICJ-171-2023-12-01||SC_MEETING::SCM|S/PV.9541,ICJ-171-2023-12-01,171,2024-02-05,66,SC_MEETING,S/PV.9541,0,0,0,NO_PRESERVED_MANUAL_REVIEW_EVIDENCE,UNREVIEWED_IS_NOT_CODED_ZERO
ICJ-171-2023-12-01||SC_MEETING::SCM|S/PV.9541/Rev.1,ICJ-171-2023-12-01,171,2024-02-05,66,SC_MEETING,S/PV.9541/Rev.1,0,0,0,NO_PRESERVED_MANUAL_REVIEW_EVIDENCE,UNREVIEWED_IS_NOT_CODED_ZERO
ICJ-171-2023-12-01||SC_MEETING::SCM|S/PV.9542,ICJ-171-2023-12-01,171,2024-02-05,66,SC_MEETING,S/PV.9542,1,0,1,PRESERVED_ORIGINAL_233_HUMAN_REVIEW,REVIEW_EVIDENCE_PRESENT
ICJ-171-2023-12-01||SC_MEETING::SCM|S/PV.9543,ICJ-171-2023-12-01,171,2024-02-06,67,SC_MEETING,S/PV.9543,0,0,0,NO_PRESERVED_MANUAL_REVIEW_EVIDENCE,UNREVIEWED_IS_NOT_CODED_ZERO
ICJ-171-2023-12-01||SC_MEETING::SCM|S/PV.9544,ICJ-171-2023-12-01,171,2024-02-06,67,SC_MEETING,S/PV.9544,0,0,0,NO_PRESERVED_MANUAL_REVIEW_EVIDENCE,UNREVIEWED_IS_NOT_CODED_ZERO
ICJ-171-2023-12-01||SC_MEETING::SCM|S/PV.9545,ICJ-171-2023-12-01,171,2024-02-08,69,SC_MEETING,S/PV.9545,0,0,0,NO_PRESERVED_MANUAL_REVIEW_EVIDENCE,UNREVIEWED_IS_NOT_CODED_ZERO
ICJ-171-2023-12-01||SC_MEETING::SCM|S/PV.9546,ICJ-171-2023-12-01,171,2024-02-12,73,SC_MEETING,S/PV.9546,0,0,0,NO_PRESERVED_MANUAL_REVIEW_EVIDENCE,UNREVIEWED_IS_NOT_CODED_ZERO
ICJ-171-2023-12-01||SC_MEETING::SCM|S/PV.9547,ICJ-171-2023-12-01,171,2024-02-13,74,SC_MEETING,S/PV.9547,1,0,1,PRESERVED_ORIGINAL_233_HUMAN_REVIEW,REVIEW_EVIDENCE_PRESENT
ICJ-171-2023-12-01||SC_MEETING::SCM|S/PV.9547 (Resumption 1),ICJ-171-2023-12-01,171,2024-02-13,74,SC_MEETING,S/PV.9547 (Resumption 1),1,0,1,PRESERVED_ORIGINAL_233_HUMAN_REVIEW,REVIEW_EVIDENCE_PRESENT
ICJ-171-2023-12-01||SC_MEETING::SCM|S/PV.9547 (Resumption 2),ICJ-171-2023-12-01,171,2024-02-14,75,SC_MEETING,S/PV.9547 (Resumption 2),1,0,1,PRESERVED_ORIGINAL_233_HUMAN_REVIEW,REVIEW_EVIDENCE_PRESENT
ICJ-171-2023-12-01||SC_MEETING::SCM|S/PV.9548,ICJ-171-2023-12-01,171,2024-02-14,75,SC_MEETING,S/PV.9548,0,0,0,NO_PRESERVED_MANUAL_REVIEW_EVIDENCE,UNREVIEWED_IS_NOT_CODED_ZERO
ICJ-171-2023-12-01||SC_MEETING::SCM|S/PV.9549,ICJ-171-2023-12-01,171,2024-02-15,76,SC_MEETING,S/PV.9549,0,0,0,NO_PRESERVED_MANUAL_REVIEW_EVIDENCE,UNREVIEWED_IS_NOT_CODED_ZERO
ICJ-171-2023-12-01||SC_MEETING::SCM|S/PV.9550,ICJ-171-2023-12-01,171,2024-02-15,76,SC_MEETING,S/PV.9550,0,0,0,NO_PRESERVED_MANUAL_REVIEW_EVIDENCE,UNREVIEWED_IS_NOT_CODED_ZERO
ICJ-171-2023-12-01||SC_MEETING::SCM|S/PV.9551,ICJ-171-2023-12-01,171,2024-02-19,80,SC_MEETING,S/PV.9551,0,0,0,NO_PRESERVED_MANUAL_REVIEW_EVIDENCE,UNREVIEWED_IS_NOT_CODED_ZERO
ICJ-171-2023-12-01||SC_FORMAL_VOTE::SCV|2085,ICJ-171-2023-12-01,171,2024-02-20,81,SC_FORMAL_VOTE,S/PV.9552,0,0,0,NO_PRESERVED_MANUAL_REVIEW_EVIDENCE,UNREVIEWED_IS_NOT_CODED_ZERO
ICJ-171-2023-12-01||SC_MEETING::SCM|S/PV.9552,ICJ-171-2023-12-01,171,2024-02-20,81,SC_MEETING,S/PV.9552,0,0,0,NO_PRESERVED_MANUAL_REVIEW_EVIDENCE,UNREVIEWED_IS_NOT_CODED_ZERO
ICJ-171-2023-12-01||SC_MEETING::SCM|S/PV.9553,ICJ-171-2023-12-01,171,2024-02-20,81,SC_MEETING,S/PV.9553,0,0,0,NO_PRESERVED_MANUAL_REVIEW_EVIDENCE,UNREVIEWED_IS_NOT_CODED_ZERO
ICJ-171-2023-12-01||SC_MEETING::SCM|S/PV.9554,ICJ-171-2023-12-01,171,2024-02-21,82,SC_MEETING,S/PV.9554,0,0,0,NO_PRESERVED_MANUAL_REVIEW_EVIDENCE,UNREVIEWED_IS_NOT_CODED_ZERO
ICJ-171-2023-12-01||SC_MEETING::SCM|S/PV.9555,ICJ-171-2023-12-01,171,2024-02-22,83,SC_MEETING,S/PV.9555,0,0,0,NO_PRESERVED_MANUAL_REVIEW_EVIDENCE,UNREVIEWED_IS_NOT_CODED_ZERO
ICJ-171-2023-12-01||SC_MEETING::SCM|S/PV.9556,ICJ-171-2023-12-01,171,2024-02-22,83,SC_MEETING,S/PV.9556,0,0,0,NO_PRESERVED_MANUAL_REVIEW_EVIDENCE,UNREVIEWED_IS_NOT_CODED_ZERO
ICJ-171-2023-12-01||SC_MEETING::SCM|S/PV.9557,ICJ-171-2023-12-01,171,2024-02-23,84,SC_MEETING,S/PV.9557,0,0,0,NO_PRESERVED_MANUAL_REVIEW_EVIDENCE,UNREVIEWED_IS_NOT_CODED_ZERO
ICJ-171-2023-12-01||SC_MEETING::SCM|S/PV.9558,ICJ-171-2023-12-01,171,2024-02-26,87,SC_MEETING,S/PV.9558,0,0,0,NO_PRESERVED_MANUAL_REVIEW_EVIDENCE,UNREVIEWED_IS_NOT_CODED_ZERO
ICJ-171-2023-12-01||SC_MEETING::SCM|S/PV.9559,ICJ-171-2023-12-01,171,2024-02-27,88,SC_MEETING,S/PV.9559,0,0,0,NO_PRESERVED_MANUAL_REVIEW_EVIDENCE,UNREVIEWED_IS_NOT_CODED_ZERO
ICJ-171-2023-12-01||SC_MEETING::SCM|S/PV.9560,ICJ-171-2023-12-01,171,2024-02-27,88,SC_MEETING,S/PV.9560,0,0,0,NO_PRESERVED_MANUAL_REVIEW_EVIDENCE,UNREVIEWED_IS_NOT_CODED_ZERO
ICJ-171-2023-12-01||SC_MEETING::SCM|S/PV.9561,ICJ-171-2023-12-01,171,2024-03-04,94,SC_MEETING,S/PV.9561,0,0,0,NO_PRESERVED_MANUAL_REVIEW_EVIDENCE,UNREVIEWED_IS_NOT_CODED_ZERO
ICJ-171-2023-12-01||SC_MEETING::SCM|S/PV.9562,ICJ-171-2023-12-01,171,2024-03-04,94,SC_MEETING,S/PV.9562,0,0,0,NO_PRESERVED_MANUAL_REVIEW_EVIDENCE,UNREVIEWED_IS_NOT_CODED_ZERO
ICJ-171-2023-12-01||SC_MEETING::SCM|S/PV.9563,ICJ-171-2023-12-01,171,2024-03-04,94,SC_MEETING,S/PV.9563,0,0,0,NO_PRESERVED_MANUAL_REVIEW_EVIDENCE,UNREVIEWED_IS_NOT_CODED_ZERO
ICJ-171-2023-12-01||SC_MEETING::SCM|S/PV.9564,ICJ-171-2023-12-01,171,2024-03-05,95,SC_MEETING,S/PV.9564,0,0,0,NO_PRESERVED_MANUAL_REVIEW_EVIDENCE,UNREVIEWED_IS_NOT_CODED_ZERO
ICJ-171-2023-12-01||SC_MEETING::SCM|S/PV.9565,ICJ-171-2023-12-01,171,2024-03-06,96,SC_MEETING,S/PV.9565,0,0,0,NO_PRESERVED_MANUAL_REVIEW_EVIDENCE,UNREVIEWED_IS_NOT_CODED_ZERO
ICJ-171-2023-12-01||SC_MEETING::SCM|S/PV.9566,ICJ-171-2023-12-01,171,2024-03-06,96,SC_MEETING,S/PV.9566,0,0,0,NO_PRESERVED_MANUAL_REVIEW_EVIDENCE,UNREVIEWED_IS_NOT_CODED_ZERO
ICJ-171-2023-12-01||SC_MEETING::SCM|S/PV.9567,ICJ-171-2023-12-01,171,2024-03-07,97,SC_MEETING,S/PV.9567,0,0,0,NO_PRESERVED_MANUAL_REVIEW_EVIDENCE,UNREVIEWED_IS_NOT_CODED_ZERO
ICJ-171-2023-12-01||SC_FORMAL_VOTE::SCV|2086,ICJ-171-2023-12-01,171,2024-03-08,98,SC_FORMAL_VOTE,S/PV.9568,0,0,0,NO_PRESERVED_MANUAL_REVIEW_EVIDENCE,UNREVIEWED_IS_NOT_CODED_ZERO
ICJ-171-2023-12-01||SC_FORMAL_VOTE::SCV|2087,ICJ-171-2023-12-01,171,2024-03-08,98,SC_FORMAL_VOTE,S/PV.9569,0,0,0,NO_PRESERVED_MANUAL_REVIEW_EVIDENCE,UNREVIEWED_IS_NOT_CODED_ZERO
ICJ-171-2023-12-01||SC_MEETING::SCM|S/PV.9568,ICJ-171-2023-12-01,171,2024-03-08,98,SC_MEETING,S/PV.9568,0,0,0,NO_PRESERVED_MANUAL_REVIEW_EVIDENCE,UNREVIEWED_IS_NOT_CODED_ZERO
ICJ-171-2023-12-01||SC_MEETING::SCM|S/PV.9569,ICJ-171-2023-12-01,171,2024-03-08,98,SC_MEETING,S/PV.9569,0,0,0,NO_PRESERVED_MANUAL_REVIEW_EVIDENCE,UNREVIEWED_IS_NOT_CODED_ZERO
ICJ-171-2023-12-01||SC_MEETING::SCM|S/PV.9570,ICJ-171-2023-12-01,171,2024-03-08,98,SC_MEETING,S/PV.9570,0,0,0,NO_PRESERVED_MANUAL_REVIEW_EVIDENCE,UNREVIEWED_IS_NOT_CODED_ZERO
ICJ-171-2023-12-01||SC_MEETING::SCM|S/PV.9571,ICJ-171-2023-12-01,171,2024-03-11,101,SC_MEETING,S/PV.9571,0,0,0,NO_PRESERVED_MANUAL_REVIEW_EVIDENCE,UNREVIEWED_IS_NOT_CODED_ZERO
ICJ-171-2023-12-01||SC_MEETING::SCM|S/PV.9572,ICJ-171-2023-12-01,171,2024-03-11,101,SC_MEETING,S/PV.9572,0,0,0,NO_PRESERVED_MANUAL_REVIEW_EVIDENCE,UNREVIEWED_IS_NOT_CODED_ZERO
ICJ-171-2023-12-01||SC_MEETING::SCM|S/PV.9573,ICJ-171-2023-12-01,171,2024-03-12,102,SC_MEETING,S/PV.9573,0,0,0,NO_PRESERVED_MANUAL_REVIEW_EVIDENCE,UNREVIEWED_IS_NOT_CODED_ZERO
ICJ-171-2023-12-01||SC_MEETING::SCM|S/PV.9574,ICJ-171-2023-12-01,171,2024-03-13,103,SC_MEETING,S/PV.9574,0,0,0,NO_PRESERVED_MANUAL_REVIEW_EVIDENCE,UNREVIEWED_IS_NOT_CODED_ZERO
ICJ-171-2023-12-01||SC_MEETING::SCM|S/PV.9574 (Resumption 1),ICJ-171-2023-12-01,171,2024-03-13,103,SC_MEETING,S/PV.9574 (Resumption 1),0,0,0,NO_PRESERVED_MANUAL_REVIEW_EVIDENCE,UNREVIEWED_IS_NOT_CODED_ZERO
ICJ-171-2023-12-01||SC_FORMAL_VOTE::SCV|2088,ICJ-171-2023-12-01,171,2024-03-14,104,SC_FORMAL_VOTE,S/PV.9575,0,0,0,NO_PRESERVED_MANUAL_REVIEW_EVIDENCE,UNREVIEWED_IS_NOT_CODED_ZERO
ICJ-171-2023-12-01||SC_MEETING::SCM|S/PV.9571 (Resumption 1),ICJ-171-2023-12-01,171,2024-03-14,104,SC_MEETING,S/PV.9571 (Resumption 1),0,0,0,NO_PRESERVED_MANUAL_REVIEW_EVIDENCE,UNREVIEWED_IS_NOT_CODED_ZERO
ICJ-171-2023-12-01||SC_MEETING::SCM|S/PV.9575,ICJ-171-2023-12-01,171,2024-03-14,104,SC_MEETING,S/PV.9575,0,0,0,NO_PRESERVED_MANUAL_REVIEW_EVIDENCE,UNREVIEWED_IS_NOT_CODED_ZERO
ICJ-171-2023-12-01||SC_MEETING::SCM|S/PV.9576,ICJ-171-2023-12-01,171,2024-03-14,104,SC_MEETING,S/PV.9576,0,0,0,NO_PRESERVED_MANUAL_REVIEW_EVIDENCE,UNREVIEWED_IS_NOT_CODED_ZERO
ICJ-171-2023-12-01||GA_FORMAL_VOTE::GAV|4040686,ICJ-171-2023-12-01,171,2024-03-15,105,GA_FORMAL_VOTE,A/78/PV.62,0,0,0,NO_PRESERVED_MANUAL_REVIEW_EVIDENCE,UNREVIEWED_IS_NOT_CODED_ZERO
ICJ-171-2023-12-01||SC_FORMAL_VOTE::SCV|2089,ICJ-171-2023-12-01,171,2024-03-15,105,SC_FORMAL_VOTE,S/PV.9577,0,0,0,NO_PRESERVED_MANUAL_REVIEW_EVIDENCE,UNREVIEWED_IS_NOT_CODED_ZERO
ICJ-171-2023-12-01||SC_MEETING::SCM|S/PV.9577,ICJ-171-2023-12-01,171,2024-03-15,105,SC_MEETING,S/PV.9577,0,0,0,NO_PRESERVED_MANUAL_REVIEW_EVIDENCE,UNREVIEWED_IS_NOT_CODED_ZERO
ICJ-171-2023-12-01||SC_MEETING::SCM|S/PV.9578,ICJ-171-2023-12-01,171,2024-03-15,105,SC_MEETING,S/PV.9578,0,0,0,NO_PRESERVED_MANUAL_REVIEW_EVIDENCE,UNREVIEWED_IS_NOT_CODED_ZERO
ICJ-171-2023-12-01||SC_MEETING::SCM|S/PV.9579,ICJ-171-2023-12-01,171,2024-03-18,108,SC_MEETING,S/PV.9579,1,0,1,PRESERVED_ORIGINAL_233_HUMAN_REVIEW,REVIEW_EVIDENCE_PRESENT
ICJ-171-2023-12-01||SC_MEETING::SCM|S/PV.9580,ICJ-171-2023-12-01,171,2024-03-18,108,SC_MEETING,S/PV.9580,0,0,0,NO_PRESERVED_MANUAL_REVIEW_EVIDENCE,UNREVIEWED_IS_NOT_CODED_ZERO
ICJ-171-2023-12-01||SC_MEETING::SCM|S/PV.9574 (Resumption 2),ICJ-171-2023-12-01,171,2024-03-19,109,SC_MEETING,S/PV.9574 (Resumption 2),0,0,0,NO_PRESERVED_MANUAL_REVIEW_EVIDENCE,UNREVIEWED_IS_NOT_CODED_ZERO
ICJ-171-2023-12-01||SC_MEETING::SCM|S/PV.9581,ICJ-171-2023-12-01,171,2024-03-19,109,SC_MEETING,S/PV.9581,0,0,0,NO_PRESERVED_MANUAL_REVIEW_EVIDENCE,UNREVIEWED_IS_NOT_CODED_ZERO
ICJ-171-2023-12-01||SC_MEETING::SCM|S/PV.9582,ICJ-171-2023-12-01,171,2024-03-20,110,SC_MEETING,S/PV.9582,0,0,0,NO_PRESERVED_MANUAL_REVIEW_EVIDENCE,UNREVIEWED_IS_NOT_CODED_ZERO
ICJ-171-2023-12-01||SC_MEETING::SCM|S/PV.9583,ICJ-171-2023-12-01,171,2024-03-21,111,SC_MEETING,S/PV.9583,0,0,0,NO_PRESERVED_MANUAL_REVIEW_EVIDENCE,UNREVIEWED_IS_NOT_CODED_ZERO
ICJ-171-2023-12-01||SC_FORMAL_VOTE::SCV|2090,ICJ-171-2023-12-01,171,2024-03-22,112,SC_FORMAL_VOTE,S/PV.9584,0,0,0,NO_PRESERVED_MANUAL_REVIEW_EVIDENCE,UNREVIEWED_IS_NOT_CODED_ZERO
ICJ-171-2023-12-01||SC_MEETING::SCM|S/PV.9584,ICJ-171-2023-12-01,171,2024-03-22,112,SC_MEETING,S/PV.9584,0,0,0,NO_PRESERVED_MANUAL_REVIEW_EVIDENCE,UNREVIEWED_IS_NOT_CODED_ZERO
ICJ-171-2023-12-01||SC_MEETING::SCM|S/PV.9585,ICJ-171-2023-12-01,171,2024-03-22,112,SC_MEETING,S/PV.9585,0,0,0,NO_PRESERVED_MANUAL_REVIEW_EVIDENCE,UNREVIEWED_IS_NOT_CODED_ZERO
ICJ-171-2023-12-01||SC_FORMAL_VOTE::SCV|2091,ICJ-171-2023-12-01,171,2024-03-25,115,SC_FORMAL_VOTE,S/PV.9586,0,0,0,NO_PRESERVED_MANUAL_REVIEW_EVIDENCE,UNREVIEWED_IS_NOT_CODED_ZERO
ICJ-171-2023-12-01||SC_MEETING::SCM|S/PV.9586,ICJ-171-2023-12-01,171,2024-03-25,115,SC_MEETING,S/PV.9586,0,0,0,NO_PRESERVED_MANUAL_REVIEW_EVIDENCE,UNREVIEWED_IS_NOT_CODED_ZERO
ICJ-171-2023-12-01||SC_MEETING::SCM|S/PV.9587,ICJ-171-2023-12-01,171,2024-03-25,115,SC_MEETING,S/PV.9587,0,0,0,NO_PRESERVED_MANUAL_REVIEW_EVIDENCE,UNREVIEWED_IS_NOT_CODED_ZERO
ICJ-171-2023-12-01||SC_MEETING::SCM|S/PV.9588,ICJ-171-2023-12-01,171,2024-03-26,116,SC_MEETING,S/PV.9588,0,0,0,NO_PRESERVED_MANUAL_REVIEW_EVIDENCE,UNREVIEWED_IS_NOT_CODED_ZERO
ICJ-171-2023-12-01||SC_MEETING::SCM|S/PV.9589,ICJ-171-2023-12-01,171,2024-03-26,116,SC_MEETING,S/PV.9589,0,0,0,NO_PRESERVED_MANUAL_REVIEW_EVIDENCE,UNREVIEWED_IS_NOT_CODED_ZERO
ICJ-171-2023-12-01||SC_MEETING::SCM|S/PV.9590,ICJ-171-2023-12-01,171,2024-03-27,117,SC_MEETING,S/PV.9590,0,0,0,NO_PRESERVED_MANUAL_REVIEW_EVIDENCE,UNREVIEWED_IS_NOT_CODED_ZERO
ICJ-171-2023-12-01||SC_FORMAL_VOTE::SCV|2092,ICJ-171-2023-12-01,171,2024-03-28,118,SC_FORMAL_VOTE,S/PV.9591,0,0,0,NO_PRESERVED_MANUAL_REVIEW_EVIDENCE,UNREVIEWED_IS_NOT_CODED_ZERO
ICJ-171-2023-12-01||SC_MEETING::SCM|S/PV.9591,ICJ-171-2023-12-01,171,2024-03-28,118,SC_MEETING,S/PV.9591,0,0,0,NO_PRESERVED_MANUAL_REVIEW_EVIDENCE,UNREVIEWED_IS_NOT_CODED_ZERO
ICJ-171-2023-12-01||SC_MEETING::SCM|S/PV.9592,ICJ-171-2023-12-01,171,2024-03-28,118,SC_MEETING,S/PV.9592,1,0,1,PRESERVED_ORIGINAL_233_HUMAN_REVIEW,REVIEW_EVIDENCE_PRESENT
ICJ-171-2023-12-01||SC_MEETING::SCM|S/PV.9593,ICJ-171-2023-12-01,171,2024-04-02,123,SC_MEETING,S/PV.9593,0,0,0,NO_PRESERVED_MANUAL_REVIEW_EVIDENCE,UNREVIEWED_IS_NOT_CODED_ZERO
ICJ-171-2023-12-01||SC_MEETING::SCM|S/PV.9594,ICJ-171-2023-12-01,171,2024-04-03,124,SC_MEETING,S/PV.9594,0,0,0,NO_PRESERVED_MANUAL_REVIEW_EVIDENCE,UNREVIEWED_IS_NOT_CODED_ZERO
ICJ-171-2023-12-01||SC_MEETING::SCM|S/PV.9595,ICJ-171-2023-12-01,171,2024-04-04,125,SC_MEETING,S/PV.9595,0,0,0,NO_PRESERVED_MANUAL_REVIEW_EVIDENCE,UNREVIEWED_IS_NOT_CODED_ZERO
ICJ-171-2023-12-01||SC_MEETING::SCM|S/PV.9596,ICJ-171-2023-12-01,171,2024-04-05,126,SC_MEETING,S/PV.9596,0,0,0,NO_PRESERVED_MANUAL_REVIEW_EVIDENCE,UNREVIEWED_IS_NOT_CODED_ZERO
ICJ-171-2023-12-01||SC_MEETING::SCM|S/PV.9597,ICJ-171-2023-12-01,171,2024-04-08,129,SC_MEETING,S/PV.9597,0,0,0,NO_PRESERVED_MANUAL_REVIEW_EVIDENCE,UNREVIEWED_IS_NOT_CODED_ZERO
ICJ-171-2023-12-01||SC_MEETING::SCM|S/PV.9598,ICJ-171-2023-12-01,171,2024-04-09,130,SC_MEETING,S/PV.9598,0,0,0,NO_PRESERVED_MANUAL_REVIEW_EVIDENCE,UNREVIEWED_IS_NOT_CODED_ZERO
ICJ-171-2023-12-01||SC_MEETING::SCM|S/PV.9599,ICJ-171-2023-12-01,171,2024-04-09,130,SC_MEETING,S/PV.9599,0,0,0,NO_PRESERVED_MANUAL_REVIEW_EVIDENCE,UNREVIEWED_IS_NOT_CODED_ZERO
ICJ-171-2023-12-01||SC_MEETING::SCM|S/PV.9600,ICJ-171-2023-12-01,171,2024-04-11,132,SC_MEETING,S/PV.9600,0,0,0,NO_PRESERVED_MANUAL_REVIEW_EVIDENCE,UNREVIEWED_IS_NOT_CODED_ZERO
ICJ-171-2023-12-01||SC_MEETING::SCM|S/PV.9601,ICJ-171-2023-12-01,171,2024-04-12,133,SC_MEETING,S/PV.9601,0,0,0,NO_PRESERVED_MANUAL_REVIEW_EVIDENCE,UNREVIEWED_IS_NOT_CODED_ZERO
ICJ-171-2023-12-01||SC_MEETING::SCM|S/PV.9602,ICJ-171-2023-12-01,171,2024-04-14,135,SC_MEETING,S/PV.9602,0,0,0,NO_PRESERVED_MANUAL_REVIEW_EVIDENCE,UNREVIEWED_IS_NOT_CODED_ZERO
ICJ-171-2023-12-01||SC_MEETING::SCM|S/PV.9603,ICJ-171-2023-12-01,171,2024-04-15,136,SC_MEETING,S/PV.9603,0,0,0,NO_PRESERVED_MANUAL_REVIEW_EVIDENCE,UNREVIEWED_IS_NOT_CODED_ZERO
ICJ-171-2023-12-01||SC_MEETING::SCM|S/PV.9604,ICJ-171-2023-12-01,171,2024-04-15,136,SC_MEETING,S/PV.9604,0,0,0,NO_PRESERVED_MANUAL_REVIEW_EVIDENCE,UNREVIEWED_IS_NOT_CODED_ZERO
ICJ-171-2023-12-01||SC_MEETING::SCM|S/PV.9605,ICJ-171-2023-12-01,171,2024-04-16,137,SC_MEETING,S/PV.9605,0,0,0,NO_PRESERVED_MANUAL_REVIEW_EVIDENCE,UNREVIEWED_IS_NOT_CODED_ZERO
ICJ-171-2023-12-01||SC_MEETING::SCM|S/PV.9606,ICJ-171-2023-12-01,171,2024-04-17,138,SC_MEETING,S/PV.9606,1,0,1,PRESERVED_ORIGINAL_233_HUMAN_REVIEW,REVIEW_EVIDENCE_PRESENT
ICJ-171-2023-12-01||SC_MEETING::SCM|S/PV.9607,ICJ-171-2023-12-01,171,2024-04-17,138,SC_MEETING,S/PV.9607,0,0,0,NO_PRESERVED_MANUAL_REVIEW_EVIDENCE,UNREVIEWED_IS_NOT_CODED_ZERO
ICJ-171-2023-12-01||SC_FORMAL_VOTE::SCV|2093,ICJ-171-2023-12-01,171,2024-04-18,139,SC_FORMAL_VOTE,S/PV.9609,0,0,0,NO_PRESERVED_MANUAL_REVIEW_EVIDENCE,UNREVIEWED_IS_NOT_CODED_ZERO
ICJ-171-2023-12-01||SC_MEETING::SCM|S/PV.9608,ICJ-171-2023-12-01,171,2024-04-18,139,SC_MEETING,S/PV.9608,0,0,0,NO_PRESERVED_MANUAL_REVIEW_EVIDENCE,UNREVIEWED_IS_NOT_CODED_ZERO
ICJ-171-2023-12-01||SC_MEETING::SCM|S/PV.9608 (Resumption 1),ICJ-171-2023-12-01,171,2024-04-18,139,SC_MEETING,S/PV.9608 (Resumption 1),0,0,0,NO_PRESERVED_MANUAL_REVIEW_EVIDENCE,UNREVIEWED_IS_NOT_CODED_ZERO
ICJ-171-2023-12-01||SC_MEETING::SCM|S/PV.9609,ICJ-171-2023-12-01,171,2024-04-18,139,SC_MEETING,S/PV.9609,0,0,0,NO_PRESERVED_MANUAL_REVIEW_EVIDENCE,UNREVIEWED_IS_NOT_CODED_ZERO
ICJ-171-2023-12-01||SC_MEETING::SCM|S/PV.9610,ICJ-171-2023-12-01,171,2024-04-19,140,SC_MEETING,S/PV.9610,0,0,0,NO_PRESERVED_MANUAL_REVIEW_EVIDENCE,UNREVIEWED_IS_NOT_CODED_ZERO
ICJ-171-2023-12-01||SC_MEETING::SCM|S/PV.9611,ICJ-171-2023-12-01,171,2024-04-19,140,SC_MEETING,S/PV.9611,0,0,0,NO_PRESERVED_MANUAL_REVIEW_EVIDENCE,UNREVIEWED_IS_NOT_CODED_ZERO
ICJ-171-2023-12-01||SC_MEETING::SCM|S/PV.9612,ICJ-171-2023-12-01,171,2024-04-22,143,SC_MEETING,S/PV.9612,0,0,0,NO_PRESERVED_MANUAL_REVIEW_EVIDENCE,UNREVIEWED_IS_NOT_CODED_ZERO
ICJ-171-2023-12-01||SC_MEETING::SCM|S/PV.9613,ICJ-171-2023-12-01,171,2024-04-22,143,SC_MEETING,S/PV.9613,0,0,0,NO_PRESERVED_MANUAL_REVIEW_EVIDENCE,UNREVIEWED_IS_NOT_CODED_ZERO
ICJ-171-2023-12-01||SC_MEETING::SCM|S/PV.9614,ICJ-171-2023-12-01,171,2024-04-23,144,SC_MEETING,S/PV.9614,0,0,0,NO_PRESERVED_MANUAL_REVIEW_EVIDENCE,UNREVIEWED_IS_NOT_CODED_ZERO
ICJ-171-2023-12-01||SC_MEETING::SCM|S/PV.9614 (Resumption 1),ICJ-171-2023-12-01,171,2024-04-23,144,SC_MEETING,S/PV.9614 (Resumption 1),0,0,0,NO_PRESERVED_MANUAL_REVIEW_EVIDENCE,UNREVIEWED_IS_NOT_CODED_ZERO
ICJ-171-2023-12-01||GA_FORMAL_VOTE::GAV|4045077,ICJ-171-2023-12-01,171,2024-04-24,145,GA_FORMAL_VOTE,A/78/PV.73,0,0,0,NO_PRESERVED_MANUAL_REVIEW_EVIDENCE,UNREVIEWED_IS_NOT_CODED_ZERO
ICJ-171-2023-12-01||GA_FORMAL_VOTE::GAV|4045078,ICJ-171-2023-12-01,171,2024-04-24,145,GA_FORMAL_VOTE,A/78/PV.73,0,0,0,NO_PRESERVED_MANUAL_REVIEW_EVIDENCE,UNREVIEWED_IS_NOT_CODED_ZERO
ICJ-171-2023-12-01||SC_MEETING::SCM|S/PV.9615,ICJ-171-2023-12-01,171,2024-04-24,145,SC_MEETING,S/PV.9615,0,0,0,NO_PRESERVED_MANUAL_REVIEW_EVIDENCE,UNREVIEWED_IS_NOT_CODED_ZERO
ICJ-171-2023-12-01||SC_MEETING::SCM|S/PV.9616,ICJ-171-2023-12-01,171,2024-04-24,145,SC_MEETING,S/PV.9616,0,0,0,NO_PRESERVED_MANUAL_REVIEW_EVIDENCE,UNREVIEWED_IS_NOT_CODED_ZERO
ICJ-171-2023-12-01||SC_MEETING::SCM|S/PV.9617,ICJ-171-2023-12-01,171,2024-04-24,145,SC_MEETING,S/PV.9617,0,0,0,NO_PRESERVED_MANUAL_REVIEW_EVIDENCE,UNREVIEWED_IS_NOT_CODED_ZERO
ICJ-171-2023-12-01||SC_SPECIAL_VETO::SCX|8,ICJ-171-2023-12-01,171,2024-04-24,145,SC_SPECIAL_VETO,S/PV.9616,0,0,0,NO_PRESERVED_MANUAL_REVIEW_EVIDENCE,UNREVIEWED_IS_NOT_CODED_ZERO
ICJ-171-2023-12-01||SC_MEETING::SCM|S/PV.9608 (Resumption 2),ICJ-171-2023-12-01,171,2024-04-25,146,SC_MEETING,S/PV.9608 (Resumption 2),0,0,0,NO_PRESERVED_MANUAL_REVIEW_EVIDENCE,UNREVIEWED_IS_NOT_CODED_ZERO
ICJ-171-2023-12-01||SC_MEETING::SCM|S/PV.9618,ICJ-171-2023-12-01,171,2024-04-25,146,SC_MEETING,S/PV.9618,0,0,0,NO_PRESERVED_MANUAL_REVIEW_EVIDENCE,UNREVIEWED_IS_NOT_CODED_ZERO
ICJ-171-2023-12-01||SC_MEETING::SCM|S/PV.9606 (Resumption 1),ICJ-171-2023-12-01,171,2024-04-26,147,SC_MEETING,S/PV.9606 (Resumption 1),1,0,1,PRESERVED_ORIGINAL_233_HUMAN_REVIEW,REVIEW_EVIDENCE_PRESENT
ICJ-171-2023-12-01||SC_MEETING::SCM|S/PV.9614 (Resumption 2),ICJ-171-2023-12-01,171,2024-04-26,147,SC_MEETING,S/PV.9614 (Resumption 2),0,0,0,NO_PRESERVED_MANUAL_REVIEW_EVIDENCE,UNREVIEWED_IS_NOT_CODED_ZERO
ICJ-171-2023-12-01||SC_MEETING::SCM|S/PV.9619,ICJ-171-2023-12-01,171,2024-04-26,147,SC_MEETING,S/PV.9619,0,0,0,NO_PRESERVED_MANUAL_REVIEW_EVIDENCE,UNREVIEWED_IS_NOT_CODED_ZERO
ICJ-171-2023-12-01||SC_FORMAL_VOTE::SCV|2094,ICJ-171-2023-12-01,171,2024-04-29,150,SC_FORMAL_VOTE,S/PV.9620,0,0,0,NO_PRESERVED_MANUAL_REVIEW_EVIDENCE,UNREVIEWED_IS_NOT_CODED_ZERO
ICJ-171-2023-12-01||SC_MEETING::SCM|S/PV.9620,ICJ-171-2023-12-01,171,2024-04-29,150,SC_MEETING,S/PV.9620,0,0,0,NO_PRESERVED_MANUAL_REVIEW_EVIDENCE,UNREVIEWED_IS_NOT_CODED_ZERO
ICJ-171-2023-12-01||SC_MEETING::SCM|S/PV.9621,ICJ-171-2023-12-01,171,2024-04-30,151,SC_MEETING,S/PV.9621,0,0,0,NO_PRESERVED_MANUAL_REVIEW_EVIDENCE,UNREVIEWED_IS_NOT_CODED_ZERO
ICJ-171-2023-12-01||SC_MEETING::SCM|S/PV.9622,ICJ-171-2023-12-01,171,2024-05-07,158,SC_MEETING,S/PV.9622,0,0,0,NO_PRESERVED_MANUAL_REVIEW_EVIDENCE,UNREVIEWED_IS_NOT_CODED_ZERO
ICJ-171-2023-12-01||GA_FORMAL_VOTE::GAV|4046991,ICJ-171-2023-12-01,171,2024-05-10,161,GA_FORMAL_VOTE,A/ES-10/PV.49,0,0,0,NO_PRESERVED_MANUAL_REVIEW_EVIDENCE,UNREVIEWED_IS_NOT_CODED_ZERO
ICJ-171-2023-12-01||SC_MEETING::SCM|S/PV.9623,ICJ-171-2023-12-01,171,2024-05-13,164,SC_MEETING,S/PV.9623,0,0,0,NO_PRESERVED_MANUAL_REVIEW_EVIDENCE,UNREVIEWED_IS_NOT_CODED_ZERO
ICJ-171-2023-12-01||SC_MEETING::SCM|S/PV.9624,ICJ-171-2023-12-01,171,2024-05-14,165,SC_MEETING,S/PV.9624,0,0,0,NO_PRESERVED_MANUAL_REVIEW_EVIDENCE,UNREVIEWED_IS_NOT_CODED_ZERO
ICJ-171-2023-12-01||SC_MEETING::SCM|S/PV.9625,ICJ-171-2023-12-01,171,2024-05-14,165,SC_MEETING,S/PV.9625,0,0,0,NO_PRESERVED_MANUAL_REVIEW_EVIDENCE,UNREVIEWED_IS_NOT_CODED_ZERO
ICJ-171-2023-12-01||SC_MEETING::SCM|S/PV.9626,ICJ-171-2023-12-01,171,2024-05-15,166,SC_MEETING,S/PV.9626,0,0,0,NO_PRESERVED_MANUAL_REVIEW_EVIDENCE,UNREVIEWED_IS_NOT_CODED_ZERO
ICJ-171-2023-12-01||SC_MEETING::SCM|S/PV.9627,ICJ-171-2023-12-01,171,2024-05-16,167,SC_MEETING,S/PV.9627,0,0,0,NO_PRESERVED_MANUAL_REVIEW_EVIDENCE,UNREVIEWED_IS_NOT_CODED_ZERO
ICJ-171-2023-12-01||SC_MEETING::SCM|S/PV.9628,ICJ-171-2023-12-01,171,2024-05-16,167,SC_MEETING,S/PV.9628,0,0,0,NO_PRESERVED_MANUAL_REVIEW_EVIDENCE,UNREVIEWED_IS_NOT_CODED_ZERO
ICJ-171-2023-12-01||SC_FORMAL_VOTE::SCV|2095,ICJ-171-2023-12-01,171,2024-05-20,171,SC_FORMAL_VOTE,S/PV.9630,0,0,0,NO_PRESERVED_MANUAL_REVIEW_EVIDENCE,UNREVIEWED_IS_NOT_CODED_ZERO
ICJ-171-2023-12-01||SC_MEETING::SCM|S/PV.9629,ICJ-171-2023-12-01,171,2024-05-20,171,SC_MEETING,S/PV.9629,0,0,0,NO_PRESERVED_MANUAL_REVIEW_EVIDENCE,UNREVIEWED_IS_NOT_CODED_ZERO
ICJ-171-2023-12-01||SC_MEETING::SCM|S/PV.9630,ICJ-171-2023-12-01,171,2024-05-20,171,SC_MEETING,S/PV.9630,0,0,0,NO_PRESERVED_MANUAL_REVIEW_EVIDENCE,UNREVIEWED_IS_NOT_CODED_ZERO
ICJ-171-2023-12-01||SC_MEETING::SCM|S/PV.9631,ICJ-171-2023-12-01,171,2024-05-20,171,SC_MEETING,S/PV.9631,0,0,0,NO_PRESERVED_MANUAL_REVIEW_EVIDENCE,UNREVIEWED_IS_NOT_CODED_ZERO
ICJ-171-2023-12-01||SC_MEETING::SCM|S/PV.9632,ICJ-171-2023-12-01,171,2024-05-21,172,SC_MEETING,S/PV.9632,0,0,0,NO_PRESERVED_MANUAL_REVIEW_EVIDENCE,UNREVIEWED_IS_NOT_CODED_ZERO
ICJ-171-2023-12-01||SC_MEETING::SCM|S/PV.9632 (Resumption 1),ICJ-171-2023-12-01,171,2024-05-21,172,SC_MEETING,S/PV.9632 (Resumption 1),0,0,0,NO_PRESERVED_MANUAL_REVIEW_EVIDENCE,UNREVIEWED_IS_NOT_CODED_ZERO
ICJ-171-2023-12-01||SC_MEETING::SCM|S/PV.9632 (Resumption 2),ICJ-171-2023-12-01,171,2024-05-22,173,SC_MEETING,S/PV.9632 (Resumption 2),0,0,0,NO_PRESERVED_MANUAL_REVIEW_EVIDENCE,UNREVIEWED_IS_NOT_CODED_ZERO
ICJ-171-2023-12-01||GA_FORMAL_VOTE::GAV|4048673,ICJ-171-2023-12-01,171,2024-05-23,174,GA_FORMAL_VOTE,A/78/PV.82,0,0,0,NO_PRESERVED_MANUAL_REVIEW_EVIDENCE,UNREVIEWED_IS_NOT_CODED_ZERO
ICJ-171-2023-12-01||SC_MEETING::SCM|S/PV.9633,ICJ-171-2023-12-01,171,2024-05-23,174,SC_MEETING,S/PV.9633,1,0,1,PRESERVED_ORIGINAL_233_HUMAN_REVIEW,REVIEW_EVIDENCE_PRESENT
ICJ-171-2023-12-01||SC_MEETING::SCM|S/PV.9633 (Resumption 1),ICJ-171-2023-12-01,171,2024-05-23,174,SC_MEETING,S/PV.9633 (Resumption 1),1,0,1,PRESERVED_ORIGINAL_233_HUMAN_REVIEW,REVIEW_EVIDENCE_PRESENT
ICJ-171-2023-12-01||SC_FORMAL_VOTE::SCV|2096,ICJ-171-2023-12-01,171,2024-05-24,175,SC_FORMAL_VOTE,S/PV.9634,0,0,0,NO_PRESERVED_MANUAL_REVIEW_EVIDENCE,UNREVIEWED_IS_NOT_CODED_ZERO
ICJ-171-2023-12-01||SC_MEETING::SCM|S/PV.9634,ICJ-171-2023-12-01,171,2024-05-24,175,SC_MEETING,S/PV.9634,0,0,0,NO_PRESERVED_MANUAL_REVIEW_EVIDENCE,UNREVIEWED_IS_NOT_CODED_ZERO
ICJ-171-2023-12-01||SC_MEETING::SCM|S/PV.9635,ICJ-171-2023-12-01,171,2024-05-24,175,SC_MEETING,S/PV.9635,0,0,0,NO_PRESERVED_MANUAL_REVIEW_EVIDENCE,UNREVIEWED_IS_NOT_CODED_ZERO
ICJ-171-2023-12-01||SC_MEETING::SCM|S/PV.9636,ICJ-171-2023-12-01,171,2024-05-24,175,SC_MEETING,S/PV.9636,0,0,0,NO_PRESERVED_MANUAL_REVIEW_EVIDENCE,UNREVIEWED_IS_NOT_CODED_ZERO
ICJ-171-2023-12-01||SC_MEETING::SCM|S/PV.9637,ICJ-171-2023-12-01,171,2024-05-28,179,SC_MEETING,S/PV.9637,1,0,1,PRESERVED_ORIGINAL_233_HUMAN_REVIEW,REVIEW_EVIDENCE_PRESENT
ICJ-171-2023-12-01||SC_MEETING::SCM|S/PV.9638,ICJ-171-2023-12-01,171,2024-05-29,180,SC_MEETING,S/PV.9638,0,0,0,NO_PRESERVED_MANUAL_REVIEW_EVIDENCE,UNREVIEWED_IS_NOT_CODED_ZERO
ICJ-171-2025-05-01||SC_MEETING::SCM|S/PV.9911,ICJ-171-2025-05-01,171,2025-05-06,5,SC_MEETING,S/PV.9911,0,0,0,NO_PRESERVED_MANUAL_REVIEW_EVIDENCE,UNREVIEWED_IS_NOT_CODED_ZERO
ICJ-171-2025-05-01||SC_MEETING::SCM|S/PV.9912,ICJ-171-2025-05-01,171,2025-05-07,6,SC_MEETING,S/PV.9912,0,0,0,NO_PRESERVED_MANUAL_REVIEW_EVIDENCE,UNREVIEWED_IS_NOT_CODED_ZERO
ICJ-171-2025-05-01||SC_FORMAL_VOTE::SCV|2147,ICJ-171-2025-05-01,171,2025-05-08,7,SC_FORMAL_VOTE,S/PV.9913,0,0,0,NO_PRESERVED_MANUAL_REVIEW_EVIDENCE,UNREVIEWED_IS_NOT_CODED_ZERO
ICJ-171-2025-05-01||SC_MEETING::SCM|S/PV.9913,ICJ-171-2025-05-01,171,2025-05-08,7,SC_MEETING,S/PV.9913,0,0,0,NO_PRESERVED_MANUAL_REVIEW_EVIDENCE,UNREVIEWED_IS_NOT_CODED_ZERO
ICJ-171-2025-05-01||SC_MEETING::SCM|S/PV.9914,ICJ-171-2025-05-01,171,2025-05-13,12,SC_MEETING,S/PV.9914,0,0,0,NO_PRESERVED_MANUAL_REVIEW_EVIDENCE,UNREVIEWED_IS_NOT_CODED_ZERO
ICJ-171-2025-05-01||SC_MEETING::SCM|S/PV.9915,ICJ-171-2025-05-01,171,2025-05-14,13,SC_MEETING,S/PV.9915,0,0,0,NO_PRESERVED_MANUAL_REVIEW_EVIDENCE,UNREVIEWED_IS_NOT_CODED_ZERO
ICJ-171-2025-05-01||SC_MEETING::SCM|S/PV.9916,ICJ-171-2025-05-01,171,2025-05-15,14,SC_MEETING,S/PV.9916,0,0,0,NO_PRESERVED_MANUAL_REVIEW_EVIDENCE,UNREVIEWED_IS_NOT_CODED_ZERO
ICJ-171-2025-05-01||SC_MEETING::SCM|S/PV.9917,ICJ-171-2025-05-01,171,2025-05-15,14,SC_MEETING,S/PV.9917,0,0,0,NO_PRESERVED_MANUAL_REVIEW_EVIDENCE,UNREVIEWED_IS_NOT_CODED_ZERO
ICJ-171-2025-05-01||SC_MEETING::SCM|S/PV.9918 (closed),ICJ-171-2025-05-01,171,2025-05-19,18,SC_MEETING,S/PV.9918 (closed),0,0,0,NO_PRESERVED_MANUAL_REVIEW_EVIDENCE,UNREVIEWED_IS_NOT_CODED_ZERO
ICJ-171-2025-05-01||SC_MEETING::SCM|S/PV.9919,ICJ-171-2025-05-01,171,2025-05-20,19,SC_MEETING,S/PV.9919,1,0,1,PRESERVED_ORIGINAL_233_HUMAN_REVIEW,REVIEW_EVIDENCE_PRESENT
ICJ-171-2025-05-01||SC_MEETING::SCM|S/PV.9919 (Resumption 1),ICJ-171-2025-05-01,171,2025-05-20,19,SC_MEETING,S/PV.9919 (Resumption 1),1,0,1,PRESERVED_ORIGINAL_233_HUMAN_REVIEW,REVIEW_EVIDENCE_PRESENT
ICJ-171-2025-05-01||SC_MEETING::SCM|S/PV.9919 (Resumption 2),ICJ-171-2025-05-01,171,2025-05-21,20,SC_MEETING,S/PV.9919 (Resumption 2),1,0,1,PRESERVED_ORIGINAL_233_HUMAN_REVIEW,REVIEW_EVIDENCE_PRESENT
ICJ-171-2025-05-01||SC_MEETING::SCM|S/PV.9920,ICJ-171-2025-05-01,171,2025-05-21,20,SC_MEETING,S/PV.9920,0,0,0,NO_PRESERVED_MANUAL_REVIEW_EVIDENCE,UNREVIEWED_IS_NOT_CODED_ZERO
ICJ-171-2025-05-01||SC_MEETING::SCM|S/PV.9921,ICJ-171-2025-05-01,171,2025-05-22,21,SC_MEETING,S/PV.9921,0,0,0,NO_PRESERVED_MANUAL_REVIEW_EVIDENCE,UNREVIEWED_IS_NOT_CODED_ZERO
ICJ-171-2025-05-01||SC_MEETING::SCM|S/PV.9921 (Resumption 1),ICJ-171-2025-05-01,171,2025-05-22,21,SC_MEETING,S/PV.9921 (Resumption 1),0,0,0,NO_PRESERVED_MANUAL_REVIEW_EVIDENCE,UNREVIEWED_IS_NOT_CODED_ZERO
ICJ-171-2025-05-01||SC_MEETING::SCM|S/PV.9921 (Resumption 2),ICJ-171-2025-05-01,171,2025-05-23,22,SC_MEETING,S/PV.9921 (Resumption 2),0,0,0,NO_PRESERVED_MANUAL_REVIEW_EVIDENCE,UNREVIEWED_IS_NOT_CODED_ZERO
ICJ-171-2025-05-01||GA_FORMAL_VOTE::GAV|4082671,ICJ-171-2025-05-01,171,2025-05-27,26,GA_FORMAL_VOTE,A/79/PV.70,0,0,0,NO_PRESERVED_MANUAL_REVIEW_EVIDENCE,UNREVIEWED_IS_NOT_CODED_ZERO
ICJ-171-2025-05-01||SC_MEETING::SCM|S/PV.9922,ICJ-171-2025-05-01,171,2025-05-27,26,SC_MEETING,S/PV.9922,0,1,1,PUBLISHED_RECALL_REVIEW_REPORTED_CANDIDATE_ID_RECONSTRUCTED,REVIEW_EVIDENCE_PRESENT
ICJ-171-2025-05-01||SC_MEETING::SCM|S/PV.9923,ICJ-171-2025-05-01,171,2025-05-28,27,SC_MEETING,S/PV.9923,0,0,0,NO_PRESERVED_MANUAL_REVIEW_EVIDENCE,UNREVIEWED_IS_NOT_CODED_ZERO
ICJ-171-2025-05-01||SC_FORMAL_VOTE::SCV|2148,ICJ-171-2025-05-01,171,2025-05-29,28,SC_FORMAL_VOTE,S/PV.9925,0,0,0,NO_PRESERVED_MANUAL_REVIEW_EVIDENCE,UNREVIEWED_IS_NOT_CODED_ZERO
ICJ-171-2025-05-01||SC_MEETING::SCM|S/PV.9924,ICJ-171-2025-05-01,171,2025-05-29,28,SC_MEETING,S/PV.9924,0,0,0,NO_PRESERVED_MANUAL_REVIEW_EVIDENCE,UNREVIEWED_IS_NOT_CODED_ZERO
ICJ-171-2025-05-01||SC_MEETING::SCM|S/PV.9925,ICJ-171-2025-05-01,171,2025-05-29,28,SC_MEETING,S/PV.9925,0,0,0,NO_PRESERVED_MANUAL_REVIEW_EVIDENCE,UNREVIEWED_IS_NOT_CODED_ZERO
ICJ-171-2025-05-01||SC_FORMAL_VOTE::SCV|2149,ICJ-171-2025-05-01,171,2025-05-30,29,SC_FORMAL_VOTE,S/PV.9928,0,0,0,NO_PRESERVED_MANUAL_REVIEW_EVIDENCE,UNREVIEWED_IS_NOT_CODED_ZERO
ICJ-171-2025-05-01||SC_MEETING::SCM|S/PV.9926,ICJ-171-2025-05-01,171,2025-05-30,29,SC_MEETING,S/PV.9926,0,0,0,NO_PRESERVED_MANUAL_REVIEW_EVIDENCE,UNREVIEWED_IS_NOT_CODED_ZERO
ICJ-171-2025-05-01||SC_MEETING::SCM|S/PV.9927,ICJ-171-2025-05-01,171,2025-05-30,29,SC_MEETING,S/PV.9927,0,0,0,NO_PRESERVED_MANUAL_REVIEW_EVIDENCE,UNREVIEWED_IS_NOT_CODED_ZERO
ICJ-171-2025-05-01||SC_MEETING::SCM|S/PV.9928,ICJ-171-2025-05-01,171,2025-05-30,29,SC_MEETING,S/PV.9928,0,0,0,NO_PRESERVED_MANUAL_REVIEW_EVIDENCE,UNREVIEWED_IS_NOT_CODED_ZERO
ICJ-171-2025-05-01||GA_FORMAL_VOTE::GAV|4082960,ICJ-171-2025-05-01,171,2025-06-03,33,GA_FORMAL_VOTE,A/79/PV.73,0,0,0,NO_PRESERVED_MANUAL_REVIEW_EVIDENCE,UNREVIEWED_IS_NOT_CODED_ZERO
ICJ-171-2025-05-01||GA_FORMAL_VOTE::GAV|4083048,ICJ-171-2025-05-01,171,2025-06-03,33,GA_FORMAL_VOTE,A/79/PV.74,0,0,0,NO_PRESERVED_MANUAL_REVIEW_EVIDENCE,UNREVIEWED_IS_NOT_CODED_ZERO
ICJ-171-2025-05-01||SC_FORMAL_VOTE::SCV|2150,ICJ-171-2025-05-01,171,2025-06-04,34,SC_FORMAL_VOTE,S/PV.9929,0,0,0,NO_PRESERVED_MANUAL_REVIEW_EVIDENCE,UNREVIEWED_IS_NOT_CODED_ZERO
ICJ-171-2025-05-01||SC_MEETING::SCM|S/PV.9929,ICJ-171-2025-05-01,171,2025-06-04,34,SC_MEETING,S/PV.9929,0,0,0,NO_PRESERVED_MANUAL_REVIEW_EVIDENCE,UNREVIEWED_IS_NOT_CODED_ZERO
ICJ-171-2025-05-01||SC_MEETING::SCM|S/PV.9930,ICJ-171-2025-05-01,171,2025-06-05,35,SC_MEETING,S/PV.9930,0,0,0,NO_PRESERVED_MANUAL_REVIEW_EVIDENCE,UNREVIEWED_IS_NOT_CODED_ZERO
ICJ-171-2025-05-01||SC_MEETING::SCM|S/PV.9931,ICJ-171-2025-05-01,171,2025-06-09,39,SC_MEETING,S/PV.9931,0,0,0,NO_PRESERVED_MANUAL_REVIEW_EVIDENCE,UNREVIEWED_IS_NOT_CODED_ZERO
ICJ-171-2025-05-01||SC_MEETING::SCM|S/PV.9932 (closed),ICJ-171-2025-05-01,171,2025-06-09,39,SC_MEETING,S/PV.9932 (closed),0,0,0,NO_PRESERVED_MANUAL_REVIEW_EVIDENCE,UNREVIEWED_IS_NOT_CODED_ZERO
ICJ-171-2025-05-01||SC_MEETING::SCM|S/PV.9933,ICJ-171-2025-05-01,171,2025-06-10,40,SC_MEETING,S/PV.9933,0,0,0,NO_PRESERVED_MANUAL_REVIEW_EVIDENCE,UNREVIEWED_IS_NOT_CODED_ZERO
ICJ-171-2025-05-01||SC_MEETING::SCM|S/PV.9934,ICJ-171-2025-05-01,171,2025-06-11,41,SC_MEETING,S/PV.9934,0,0,0,NO_PRESERVED_MANUAL_REVIEW_EVIDENCE,UNREVIEWED_IS_NOT_CODED_ZERO
ICJ-171-2025-05-01||GA_FORMAL_VOTE::GAV|4083529,ICJ-171-2025-05-01,171,2025-06-12,42,GA_FORMAL_VOTE,A/ES-10/PV.60,0,0,0,NO_PRESERVED_MANUAL_REVIEW_EVIDENCE,UNREVIEWED_IS_NOT_CODED_ZERO
ICJ-171-2025-05-01||SC_MEETING::SCM|S/PV.9935,ICJ-171-2025-05-01,171,2025-06-12,42,SC_MEETING,S/PV.9935,0,0,0,NO_PRESERVED_MANUAL_REVIEW_EVIDENCE,UNREVIEWED_IS_NOT_CODED_ZERO
ICJ-171-2025-05-01||SC_MEETING::SCM|S/PV.9936,ICJ-171-2025-05-01,171,2025-06-13,43,SC_MEETING,S/PV.9936,0,0,0,NO_PRESERVED_MANUAL_REVIEW_EVIDENCE,UNREVIEWED_IS_NOT_CODED_ZERO
ICJ-171-2025-05-01||GA_FORMAL_VOTE::GAV|4083624,ICJ-171-2025-05-01,171,2025-06-16,46,GA_FORMAL_VOTE,A/79/PV.78,0,0,0,NO_PRESERVED_MANUAL_REVIEW_EVIDENCE,UNREVIEWED_IS_NOT_CODED_ZERO
ICJ-171-2025-05-01||SC_MEETING::SCM|S/PV.9937,ICJ-171-2025-05-01,171,2025-06-17,47,SC_MEETING,S/PV.9937,0,0,0,NO_PRESERVED_MANUAL_REVIEW_EVIDENCE,UNREVIEWED_IS_NOT_CODED_ZERO
ICJ-171-2025-05-01||SC_MEETING::SCM|S/PV.9938,ICJ-171-2025-05-01,171,2025-06-19,49,SC_MEETING,S/PV.9938,1,0,1,PRESERVED_ORIGINAL_233_HUMAN_REVIEW,REVIEW_EVIDENCE_PRESENT
ICJ-171-2025-05-01||SC_MEETING::SCM|S/PV.9938 (Resumption 1),ICJ-171-2025-05-01,171,2025-06-19,49,SC_MEETING,S/PV.9938 (Resumption 1),1,0,1,PRESERVED_ORIGINAL_233_HUMAN_REVIEW,REVIEW_EVIDENCE_PRESENT
ICJ-171-2025-05-01||SC_MEETING::SCM|S/PV.9939,ICJ-171-2025-05-01,171,2025-06-20,50,SC_MEETING,S/PV.9939,0,0,0,NO_PRESERVED_MANUAL_REVIEW_EVIDENCE,UNREVIEWED_IS_NOT_CODED_ZERO
ICJ-171-2025-05-01||SC_MEETING::SCM|S/PV.9940,ICJ-171-2025-05-01,171,2025-06-20,50,SC_MEETING,S/PV.9940,0,0,0,NO_PRESERVED_MANUAL_REVIEW_EVIDENCE,UNREVIEWED_IS_NOT_CODED_ZERO
ICJ-171-2025-05-01||SC_MEETING::SCM|S/PV.9941,ICJ-171-2025-05-01,171,2025-06-22,52,SC_MEETING,S/PV.9941,0,0,0,NO_PRESERVED_MANUAL_REVIEW_EVIDENCE,UNREVIEWED_IS_NOT_CODED_ZERO
ICJ-171-2025-05-01||SC_MEETING::SCM|S/PV.9938 (Resumption 2),ICJ-171-2025-05-01,171,2025-06-23,53,SC_MEETING,S/PV.9938 (Resumption 2),1,0,1,PRESERVED_ORIGINAL_233_HUMAN_REVIEW,REVIEW_EVIDENCE_PRESENT
ICJ-171-2025-05-01||SC_MEETING::SCM|S/PV.9942,ICJ-171-2025-05-01,171,2025-06-23,53,SC_MEETING,S/PV.9942,0,0,0,NO_PRESERVED_MANUAL_REVIEW_EVIDENCE,UNREVIEWED_IS_NOT_CODED_ZERO
ICJ-171-2025-05-01||SC_MEETING::SCM|S/PV.9943,ICJ-171-2025-05-01,171,2025-06-24,54,SC_MEETING,S/PV.9943,0,0,0,NO_PRESERVED_MANUAL_REVIEW_EVIDENCE,UNREVIEWED_IS_NOT_CODED_ZERO
ICJ-171-2025-05-01||SC_MEETING::SCM|S/PV.9944,ICJ-171-2025-05-01,171,2025-06-24,54,SC_MEETING,S/PV.9944,0,0,0,NO_PRESERVED_MANUAL_REVIEW_EVIDENCE,UNREVIEWED_IS_NOT_CODED_ZERO
ICJ-171-2025-05-01||SC_MEETING::SCM|S/PV.9945,ICJ-171-2025-05-01,171,2025-06-25,55,SC_MEETING,S/PV.9945,0,0,0,NO_PRESERVED_MANUAL_REVIEW_EVIDENCE,UNREVIEWED_IS_NOT_CODED_ZERO
ICJ-171-2025-05-01||SC_MEETING::SCM|S/PV.9945 (Resumption 1),ICJ-171-2025-05-01,171,2025-06-25,55,SC_MEETING,S/PV.9945 (Resumption 1),0,0,0,NO_PRESERVED_MANUAL_REVIEW_EVIDENCE,UNREVIEWED_IS_NOT_CODED_ZERO
ICJ-171-2025-05-01||SC_MEETING::SCM|S/PV.9945 (Resumption 2),ICJ-171-2025-05-01,171,2025-06-26,56,SC_MEETING,S/PV.9945 (Resumption 2),0,0,0,NO_PRESERVED_MANUAL_REVIEW_EVIDENCE,UNREVIEWED_IS_NOT_CODED_ZERO
ICJ-171-2025-05-01||SC_MEETING::SCM|S/PV.9946,ICJ-171-2025-05-01,171,2025-06-26,56,SC_MEETING,S/PV.9946,0,0,0,NO_PRESERVED_MANUAL_REVIEW_EVIDENCE,UNREVIEWED_IS_NOT_CODED_ZERO
ICJ-171-2025-05-01||SC_MEETING::SCM|S/PV.9947,ICJ-171-2025-05-01,171,2025-06-27,57,SC_MEETING,S/PV.9947,0,0,0,NO_PRESERVED_MANUAL_REVIEW_EVIDENCE,UNREVIEWED_IS_NOT_CODED_ZERO
ICJ-171-2025-05-01||SC_MEETING::SCM|S/PV.9948,ICJ-171-2025-05-01,171,2025-06-27,57,SC_MEETING,S/PV.9948,0,0,0,NO_PRESERVED_MANUAL_REVIEW_EVIDENCE,UNREVIEWED_IS_NOT_CODED_ZERO
ICJ-171-2025-05-01||GA_FORMAL_VOTE::GAV|4084391,ICJ-171-2025-05-01,171,2025-06-30,60,GA_FORMAL_VOTE,A/79/PV.81,0,0,0,NO_PRESERVED_MANUAL_REVIEW_EVIDENCE,UNREVIEWED_IS_NOT_CODED_ZERO
ICJ-171-2025-05-01||GA_FORMAL_VOTE::GAV|4084392,ICJ-171-2025-05-01,171,2025-06-30,60,GA_FORMAL_VOTE,A/79/PV.81,0,0,0,NO_PRESERVED_MANUAL_REVIEW_EVIDENCE,UNREVIEWED_IS_NOT_CODED_ZERO
ICJ-171-2025-05-01||GA_FORMAL_VOTE::GAV|4084393,ICJ-171-2025-05-01,171,2025-06-30,60,GA_FORMAL_VOTE,A/79/PV.81,0,0,0,NO_PRESERVED_MANUAL_REVIEW_EVIDENCE,UNREVIEWED_IS_NOT_CODED_ZERO
ICJ-171-2025-05-01||GA_FORMAL_VOTE::GAV|4084394,ICJ-171-2025-05-01,171,2025-06-30,60,GA_FORMAL_VOTE,A/79/PV.81,0,0,0,NO_PRESERVED_MANUAL_REVIEW_EVIDENCE,UNREVIEWED_IS_NOT_CODED_ZERO
ICJ-171-2025-05-01||GA_FORMAL_VOTE::GAV|4084395,ICJ-171-2025-05-01,171,2025-06-30,60,GA_FORMAL_VOTE,A/79/PV.81,0,0,0,NO_PRESERVED_MANUAL_REVIEW_EVIDENCE,UNREVIEWED_IS_NOT_CODED_ZERO
ICJ-171-2025-05-01||SC_FORMAL_VOTE::SCV|2151,ICJ-171-2025-05-01,171,2025-06-30,60,SC_FORMAL_VOTE,S/PV.9949,0,0,0,NO_PRESERVED_MANUAL_REVIEW_EVIDENCE,UNREVIEWED_IS_NOT_CODED_ZERO
ICJ-171-2025-05-01||SC_FORMAL_VOTE::SCV|2152,ICJ-171-2025-05-01,171,2025-06-30,60,SC_FORMAL_VOTE,S/PV.9951,0,0,0,NO_PRESERVED_MANUAL_REVIEW_EVIDENCE,UNREVIEWED_IS_NOT_CODED_ZERO
ICJ-171-2025-05-01||SC_MEETING::SCM|S/PV.9949,ICJ-171-2025-05-01,171,2025-06-30,60,SC_MEETING,S/PV.9949,0,0,0,NO_PRESERVED_MANUAL_REVIEW_EVIDENCE,UNREVIEWED_IS_NOT_CODED_ZERO
ICJ-171-2025-05-01||SC_MEETING::SCM|S/PV.9950,ICJ-171-2025-05-01,171,2025-06-30,60,SC_MEETING,S/PV.9950,0,0,0,NO_PRESERVED_MANUAL_REVIEW_EVIDENCE,UNREVIEWED_IS_NOT_CODED_ZERO
ICJ-171-2025-05-01||SC_MEETING::SCM|S/PV.9951,ICJ-171-2025-05-01,171,2025-06-30,60,SC_MEETING,S/PV.9951,0,0,0,NO_PRESERVED_MANUAL_REVIEW_EVIDENCE,UNREVIEWED_IS_NOT_CODED_ZERO
ICJ-171-2025-05-01||SC_FORMAL_VOTE::SCV|2153,ICJ-171-2025-05-01,171,2025-07-02,62,SC_FORMAL_VOTE,S/PV.9952,0,1,1,PUBLISHED_RECALL_REVIEW_REPORTED_CANDIDATE_ID_RECONSTRUCTED,REVIEW_EVIDENCE_PRESENT
ICJ-171-2025-05-01||SC_MEETING::SCM|S/PV.9952,ICJ-171-2025-05-01,171,2025-07-02,62,SC_MEETING,S/PV.9952,0,1,1,PUBLISHED_RECALL_REVIEW_REPORTED_CANDIDATE_ID_RECONSTRUCTED,REVIEW_EVIDENCE_PRESENT
ICJ-171-2025-05-01||SC_MEETING::SCM|S/PV.9953,ICJ-171-2025-05-01,171,2025-07-02,62,SC_MEETING,S/PV.9953,0,0,0,NO_PRESERVED_MANUAL_REVIEW_EVIDENCE,UNREVIEWED_IS_NOT_CODED_ZERO
ICJ-171-2025-05-01||GA_FORMAL_VOTE::GAV|4084801,ICJ-171-2025-05-01,171,2025-07-07,67,GA_FORMAL_VOTE,A/79/PV.83,0,0,0,NO_PRESERVED_MANUAL_REVIEW_EVIDENCE,UNREVIEWED_IS_NOT_CODED_ZERO
ICJ-171-2025-05-01||SC_MEETING::SCM|S/PV.9954,ICJ-171-2025-05-01,171,2025-07-09,69,SC_MEETING,S/PV.9954,0,0,0,NO_PRESERVED_MANUAL_REVIEW_EVIDENCE,UNREVIEWED_IS_NOT_CODED_ZERO
ICJ-171-2025-05-01||SC_MEETING::SCM|S/PV.9955,ICJ-171-2025-05-01,171,2025-07-10,70,SC_MEETING,S/PV.9955,0,0,0,NO_PRESERVED_MANUAL_REVIEW_EVIDENCE,UNREVIEWED_IS_NOT_CODED_ZERO
ICJ-171-2025-05-01||SC_FORMAL_VOTE::SCV|2154,ICJ-171-2025-05-01,171,2025-07-14,74,SC_FORMAL_VOTE,S/PV.9956,0,0,0,NO_PRESERVED_MANUAL_REVIEW_EVIDENCE,UNREVIEWED_IS_NOT_CODED_ZERO
ICJ-171-2025-05-01||SC_FORMAL_VOTE::SCV|2155,ICJ-171-2025-05-01,171,2025-07-14,74,SC_FORMAL_VOTE,S/PV.9957,0,0,0,NO_PRESERVED_MANUAL_REVIEW_EVIDENCE,UNREVIEWED_IS_NOT_CODED_ZERO
ICJ-171-2025-05-01||SC_MEETING::SCM|S/PV.9956,ICJ-171-2025-05-01,171,2025-07-14,74,SC_MEETING,S/PV.9956,0,0,0,NO_PRESERVED_MANUAL_REVIEW_EVIDENCE,UNREVIEWED_IS_NOT_CODED_ZERO
ICJ-171-2025-05-01||SC_MEETING::SCM|S/PV.9957,ICJ-171-2025-05-01,171,2025-07-14,74,SC_MEETING,S/PV.9957,0,0,0,NO_PRESERVED_MANUAL_REVIEW_EVIDENCE,UNREVIEWED_IS_NOT_CODED_ZERO
ICJ-171-2025-05-01||SC_FORMAL_VOTE::SCV|2156,ICJ-171-2025-05-01,171,2025-07-15,75,SC_FORMAL_VOTE,S/PV.9958,1,0,1,PRESERVED_ORIGINAL_233_HUMAN_REVIEW,REVIEW_EVIDENCE_PRESENT
ICJ-171-2025-05-01||SC_MEETING::SCM|S/PV.9958,ICJ-171-2025-05-01,171,2025-07-15,75,SC_MEETING,S/PV.9958,1,0,1,PRESERVED_ORIGINAL_233_HUMAN_REVIEW,REVIEW_EVIDENCE_PRESENT
ICJ-171-2025-05-01||SC_MEETING::SCM|S/PV.9959,ICJ-171-2025-05-01,171,2025-07-16,76,SC_MEETING,S/PV.9959,0,0,0,NO_PRESERVED_MANUAL_REVIEW_EVIDENCE,UNREVIEWED_IS_NOT_CODED_ZERO
ICJ-171-2025-05-01||SC_MEETING::SCM|S/PV.9960,ICJ-171-2025-05-01,171,2025-07-17,77,SC_MEETING,S/PV.9960,0,0,0,NO_PRESERVED_MANUAL_REVIEW_EVIDENCE,UNREVIEWED_IS_NOT_CODED_ZERO
ICJ-171-2025-05-01||SC_MEETING::SCM|S/PV.9961,ICJ-171-2025-05-01,171,2025-07-18,78,SC_MEETING,S/PV.9961,0,0,0,NO_PRESERVED_MANUAL_REVIEW_EVIDENCE,UNREVIEWED_IS_NOT_CODED_ZERO
ICJ-171-2025-05-01||SC_FORMAL_VOTE::SCV|2157,ICJ-171-2025-05-01,171,2025-07-22,82,SC_FORMAL_VOTE,S/PV.9962,1,0,1,PRESERVED_ORIGINAL_233_HUMAN_REVIEW,REVIEW_EVIDENCE_PRESENT
ICJ-171-2025-05-01||SC_MEETING::SCM|S/PV.9962,ICJ-171-2025-05-01,171,2025-07-22,82,SC_MEETING,S/PV.9962,1,0,1,PRESERVED_ORIGINAL_233_HUMAN_REVIEW,REVIEW_EVIDENCE_PRESENT
ICJ-171-2025-05-01||SC_MEETING::SCM|S/PV.9962 (Resumption 1),ICJ-171-2025-05-01,171,2025-07-22,82,SC_MEETING,S/PV.9962 (Resumption 1),1,0,1,PRESERVED_ORIGINAL_233_HUMAN_REVIEW,REVIEW_EVIDENCE_PRESENT
ICJ-171-2025-05-01||SC_MEETING::SCM|S/PV.9963,ICJ-171-2025-05-01,171,2025-07-23,83,SC_MEETING,S/PV.9963,0,0,0,NO_PRESERVED_MANUAL_REVIEW_EVIDENCE,UNREVIEWED_IS_NOT_CODED_ZERO
ICJ-171-2025-05-01||SC_MEETING::SCM|S/PV.9963 (Resumption 1),ICJ-171-2025-05-01,171,2025-07-23,83,SC_MEETING,S/PV.9963 (Resumption 1),0,0,0,NO_PRESERVED_MANUAL_REVIEW_EVIDENCE,UNREVIEWED_IS_NOT_CODED_ZERO
ICJ-171-2025-05-01||SC_MEETING::SCM|S/PV.9962 (Resumption 2),ICJ-171-2025-05-01,171,2025-07-24,84,SC_MEETING,S/PV.9962 (Resumption 2),1,0,1,PRESERVED_ORIGINAL_233_HUMAN_REVIEW,REVIEW_EVIDENCE_PRESENT
ICJ-171-2025-05-01||SC_MEETING::SCM|S/PV.9964,ICJ-171-2025-05-01,171,2025-07-24,84,SC_MEETING,S/PV.9964,0,0,0,NO_PRESERVED_MANUAL_REVIEW_EVIDENCE,UNREVIEWED_IS_NOT_CODED_ZERO
ICJ-171-2025-05-01||GA_FORMAL_VOTE::GAV|4085849,ICJ-171-2025-05-01,171,2025-07-25,85,GA_FORMAL_VOTE,A/79/PV.86,0,0,0,NO_PRESERVED_MANUAL_REVIEW_EVIDENCE,UNREVIEWED_IS_NOT_CODED_ZERO
ICJ-171-2025-05-01||GA_FORMAL_VOTE::GAV|4085850,ICJ-171-2025-05-01,171,2025-07-25,85,GA_FORMAL_VOTE,A/79/PV.86,0,0,0,NO_PRESERVED_MANUAL_REVIEW_EVIDENCE,UNREVIEWED_IS_NOT_CODED_ZERO
ICJ-171-2025-05-01||SC_MEETING::SCM|S/PV.9965,ICJ-171-2025-05-01,171,2025-07-25,85,SC_MEETING,S/PV.9965,0,0,0,NO_PRESERVED_MANUAL_REVIEW_EVIDENCE,UNREVIEWED_IS_NOT_CODED_ZERO
ICJ-171-2025-05-01||SC_MEETING::SCM|S/PV.9966 (closed),ICJ-171-2025-05-01,171,2025-07-25,85,SC_MEETING,S/PV.9966 (closed),0,0,0,NO_PRESERVED_MANUAL_REVIEW_EVIDENCE,UNREVIEWED_IS_NOT_CODED_ZERO
ICJ-171-2025-05-01||SC_MEETING::SCM|S/PV.9967,ICJ-171-2025-05-01,171,2025-07-28,88,SC_MEETING,S/PV.9967,0,0,0,NO_PRESERVED_MANUAL_REVIEW_EVIDENCE,UNREVIEWED_IS_NOT_CODED_ZERO
ICJ-171-2025-05-01||SC_FORMAL_VOTE::SCV|2158,ICJ-171-2025-05-01,171,2025-07-29,89,SC_FORMAL_VOTE,S/PV.9968,0,0,0,NO_PRESERVED_MANUAL_REVIEW_EVIDENCE,UNREVIEWED_IS_NOT_CODED_ZERO
ICJ-171-2025-05-01||SC_MEETING::SCM|S/PV.9963 (Resumption 2),ICJ-171-2025-05-01,171,2025-07-29,89,SC_MEETING,S/PV.9963 (Resumption 2),0,0,0,NO_PRESERVED_MANUAL_REVIEW_EVIDENCE,UNREVIEWED_IS_NOT_CODED_ZERO
ICJ-171-2025-05-01||SC_MEETING::SCM|S/PV.9968,ICJ-171-2025-05-01,171,2025-07-29,89,SC_MEETING,S/PV.9968,0,0,0,NO_PRESERVED_MANUAL_REVIEW_EVIDENCE,UNREVIEWED_IS_NOT_CODED_ZERO
ICJ-171-2025-05-01||SC_MEETING::SCM|S/PV.9969,ICJ-171-2025-05-01,171,2025-07-29,89,SC_MEETING,S/PV.9969,1,0,1,PRESERVED_ORIGINAL_233_HUMAN_REVIEW,REVIEW_EVIDENCE_PRESENT
ICJ-171-2025-05-01||SC_MEETING::SCM|S/PV.9970,ICJ-171-2025-05-01,171,2025-07-31,91,SC_MEETING,S/PV.9970,0,0,0,NO_PRESERVED_MANUAL_REVIEW_EVIDENCE,UNREVIEWED_IS_NOT_CODED_ZERO
ICJ-171-2025-05-01||SC_MEETING::SCM|S/PV.9971,ICJ-171-2025-05-01,171,2025-08-01,92,SC_MEETING,S/PV.9971,0,0,0,NO_PRESERVED_MANUAL_REVIEW_EVIDENCE,UNREVIEWED_IS_NOT_CODED_ZERO
ICJ-171-2025-05-01||SC_MEETING::SCM|S/PV.9972,ICJ-171-2025-05-01,171,2025-08-05,96,SC_MEETING,S/PV.9972,0,0,0,NO_PRESERVED_MANUAL_REVIEW_EVIDENCE,UNREVIEWED_IS_NOT_CODED_ZERO
ICJ-171-2025-05-01||SC_MEETING::SCM|S/PV.9973,ICJ-171-2025-05-01,171,2025-08-06,97,SC_MEETING,S/PV.9973,0,0,0,NO_PRESERVED_MANUAL_REVIEW_EVIDENCE,UNREVIEWED_IS_NOT_CODED_ZERO
ICJ-171-2025-05-01||SC_MEETING::SCM|S/PV.9974,ICJ-171-2025-05-01,171,2025-08-07,98,SC_MEETING,S/PV.9974,0,0,0,NO_PRESERVED_MANUAL_REVIEW_EVIDENCE,UNREVIEWED_IS_NOT_CODED_ZERO
ICJ-171-2025-05-01||SC_MEETING::SCM|S/PV.9975,ICJ-171-2025-05-01,171,2025-08-10,101,SC_MEETING,S/PV.9975,0,0,0,NO_PRESERVED_MANUAL_REVIEW_EVIDENCE,UNREVIEWED_IS_NOT_CODED_ZERO
ICJ-171-2025-05-01||SC_MEETING::SCM|S/PV.9976,ICJ-171-2025-05-01,171,2025-08-10,101,SC_MEETING,S/PV.9976,0,0,0,NO_PRESERVED_MANUAL_REVIEW_EVIDENCE,UNREVIEWED_IS_NOT_CODED_ZERO
ICJ-171-2025-05-01||SC_MEETING::SCM|S/PV.9977,ICJ-171-2025-05-01,171,2025-08-11,102,SC_MEETING,S/PV.9977,1,0,1,PRESERVED_ORIGINAL_233_HUMAN_REVIEW,REVIEW_EVIDENCE_PRESENT
ICJ-171-2025-05-01||SC_MEETING::SCM|S/PV.9977 (Resumption 1),ICJ-171-2025-05-01,171,2025-08-12,103,SC_MEETING,S/PV.9977 (Resumption 1),1,0,1,PRESERVED_ORIGINAL_233_HUMAN_REVIEW,REVIEW_EVIDENCE_PRESENT
ICJ-171-2025-05-01||SC_MEETING::SCM|S/PV.9977 (Resumption 2),ICJ-171-2025-05-01,171,2025-08-12,103,SC_MEETING,S/PV.9977 (Resumption 2),1,0,1,PRESERVED_ORIGINAL_233_HUMAN_REVIEW,REVIEW_EVIDENCE_PRESENT
ICJ-171-2025-05-01||SC_MEETING::SCM|S/PV.9978,ICJ-171-2025-05-01,171,2025-08-12,103,SC_MEETING,S/PV.9978,0,0,0,NO_PRESERVED_MANUAL_REVIEW_EVIDENCE,UNREVIEWED_IS_NOT_CODED_ZERO
ICJ-171-2025-05-01||SC_MEETING::SCM|S/PV.9979 (closed),ICJ-171-2025-05-01,171,2025-08-14,105,SC_MEETING,S/PV.9979 (closed),0,0,0,NO_PRESERVED_MANUAL_REVIEW_EVIDENCE,UNREVIEWED_IS_NOT_CODED_ZERO
ICJ-171-2025-05-01||SC_MEETING::SCM|S/PV.9980,ICJ-171-2025-05-01,171,2025-08-18,109,SC_MEETING,S/PV.9980,0,0,0,NO_PRESERVED_MANUAL_REVIEW_EVIDENCE,UNREVIEWED_IS_NOT_CODED_ZERO
ICJ-171-2025-05-01||SC_MEETING::SCM|S/PV.9981,ICJ-171-2025-05-01,171,2025-08-19,110,SC_MEETING,S/PV.9981,0,0,0,NO_PRESERVED_MANUAL_REVIEW_EVIDENCE,UNREVIEWED_IS_NOT_CODED_ZERO
ICJ-171-2025-05-01||SC_MEETING::SCM|S/PV.9981 (Resumption 1),ICJ-171-2025-05-01,171,2025-08-19,110,SC_MEETING,S/PV.9981 (Resumption 1),0,0,0,NO_PRESERVED_MANUAL_REVIEW_EVIDENCE,UNREVIEWED_IS_NOT_CODED_ZERO
ICJ-171-2025-05-01||SC_MEETING::SCM|S/PV.9982,ICJ-171-2025-05-01,171,2025-08-20,111,SC_MEETING,S/PV.9982,0,0,0,NO_PRESERVED_MANUAL_REVIEW_EVIDENCE,UNREVIEWED_IS_NOT_CODED_ZERO
ICJ-171-2025-05-01||SC_MEETING::SCM|S/PV.9983,ICJ-171-2025-05-01,171,2025-08-21,112,SC_MEETING,S/PV.9983,0,0,0,NO_PRESERVED_MANUAL_REVIEW_EVIDENCE,UNREVIEWED_IS_NOT_CODED_ZERO
ICJ-171-2025-05-01||SC_MEETING::SCM|S/PV.9984,ICJ-171-2025-05-01,171,2025-08-21,112,SC_MEETING,S/PV.9984,0,0,0,NO_PRESERVED_MANUAL_REVIEW_EVIDENCE,UNREVIEWED_IS_NOT_CODED_ZERO
ICJ-171-2025-05-01||SC_MEETING::SCM|S/PV.9985,ICJ-171-2025-05-01,171,2025-08-22,113,SC_MEETING,S/PV.9985,0,0,0,NO_PRESERVED_MANUAL_REVIEW_EVIDENCE,UNREVIEWED_IS_NOT_CODED_ZERO
ICJ-171-2025-05-01||GA_FORMAL_VOTE::GAV|4087202,ICJ-171-2025-05-01,171,2025-08-25,116,GA_FORMAL_VOTE,A/79/PV.88,0,0,0,NO_PRESERVED_MANUAL_REVIEW_EVIDENCE,UNREVIEWED_IS_NOT_CODED_ZERO
ICJ-171-2025-05-01||GA_FORMAL_VOTE::GAV|4087205,ICJ-171-2025-05-01,171,2025-08-26,117,GA_FORMAL_VOTE,A/79/PV.88,0,0,0,NO_PRESERVED_MANUAL_REVIEW_EVIDENCE,UNREVIEWED_IS_NOT_CODED_ZERO
ICJ-171-2025-05-01||SC_MEETING::SCM|S/PV.9986,ICJ-171-2025-05-01,171,2025-08-26,117,SC_MEETING,S/PV.9986,0,0,0,NO_PRESERVED_MANUAL_REVIEW_EVIDENCE,UNREVIEWED_IS_NOT_CODED_ZERO
ICJ-171-2025-05-01||SC_MEETING::SCM|S/PV.9987,ICJ-171-2025-05-01,171,2025-08-27,118,SC_MEETING,S/PV.9987,0,0,0,NO_PRESERVED_MANUAL_REVIEW_EVIDENCE,UNREVIEWED_IS_NOT_CODED_ZERO
ICJ-171-2025-05-01||SC_FORMAL_VOTE::SCV|2159,ICJ-171-2025-05-01,171,2025-08-28,119,SC_FORMAL_VOTE,S/PV.9989,0,0,0,NO_PRESERVED_MANUAL_REVIEW_EVIDENCE,UNREVIEWED_IS_NOT_CODED_ZERO
ICJ-171-2025-05-01||SC_MEETING::SCM|S/PV.9988,ICJ-171-2025-05-01,171,2025-08-28,119,SC_MEETING,S/PV.9988,0,0,0,NO_PRESERVED_MANUAL_REVIEW_EVIDENCE,UNREVIEWED_IS_NOT_CODED_ZERO
ICJ-171-2025-05-01||SC_MEETING::SCM|S/PV.9989,ICJ-171-2025-05-01,171,2025-08-28,119,SC_MEETING,S/PV.9989,0,0,0,NO_PRESERVED_MANUAL_REVIEW_EVIDENCE,UNREVIEWED_IS_NOT_CODED_ZERO
ICJ-171-2025-05-01||SC_MEETING::SCM|S/PV.9990,ICJ-171-2025-05-01,171,2025-08-29,120,SC_MEETING,S/PV.9990,0,0,0,NO_PRESERVED_MANUAL_REVIEW_EVIDENCE,UNREVIEWED_IS_NOT_CODED_ZERO
ICJ-171-2025-05-01||GA_FORMAL_VOTE::GAV|4087776,ICJ-171-2025-05-01,171,2025-09-05,127,GA_FORMAL_VOTE,A/79/PV.95,0,0,0,NO_PRESERVED_MANUAL_REVIEW_EVIDENCE,UNREVIEWED_IS_NOT_CODED_ZERO
ICJ-171-2025-05-01||GA_FORMAL_VOTE::GAV|4087777,ICJ-171-2025-05-01,171,2025-09-05,127,GA_FORMAL_VOTE,A/79/PV.95,0,0,0,NO_PRESERVED_MANUAL_REVIEW_EVIDENCE,UNREVIEWED_IS_NOT_CODED_ZERO
ICJ-171-2025-05-01||GA_FORMAL_VOTE::GAV|4087778,ICJ-171-2025-05-01,171,2025-09-05,127,GA_FORMAL_VOTE,A/79/PV.95,0,0,0,NO_PRESERVED_MANUAL_REVIEW_EVIDENCE,UNREVIEWED_IS_NOT_CODED_ZERO
ICJ-171-2025-05-01||GA_FORMAL_VOTE::GAV|4087780,ICJ-171-2025-05-01,171,2025-09-05,127,GA_FORMAL_VOTE,A/79/PV.95,0,0,0,NO_PRESERVED_MANUAL_REVIEW_EVIDENCE,UNREVIEWED_IS_NOT_CODED_ZERO
ICJ-171-2025-05-01||GA_FORMAL_VOTE::GAV|4087781,ICJ-171-2025-05-01,171,2025-09-05,127,GA_FORMAL_VOTE,A/79/PV.95,0,0,0,NO_PRESERVED_MANUAL_REVIEW_EVIDENCE,UNREVIEWED_IS_NOT_CODED_ZERO
ICJ-171-2025-05-01||GA_FORMAL_VOTE::GAV|4087782,ICJ-171-2025-05-01,171,2025-09-05,127,GA_FORMAL_VOTE,A/79/PV.95,0,0,0,NO_PRESERVED_MANUAL_REVIEW_EVIDENCE,UNREVIEWED_IS_NOT_CODED_ZERO
ICJ-171-2025-05-01||SC_MEETING::SCM|S/PV.9991,ICJ-171-2025-05-01,171,2025-09-09,131,SC_MEETING,S/PV.9991,1,0,1,PRESERVED_ORIGINAL_233_HUMAN_REVIEW,REVIEW_EVIDENCE_PRESENT
ICJ-171-2025-05-01||SC_MEETING::SCM|S/PV.9991 (Resumption 1),ICJ-171-2025-05-01,171,2025-09-09,131,SC_MEETING,S/PV.9991 (Resumption 1),1,0,1,PRESERVED_ORIGINAL_233_HUMAN_REVIEW,REVIEW_EVIDENCE_PRESENT
ICJ-171-2025-05-01||SC_MEETING::SCM|S/PV.9991 (Resumption 2),ICJ-171-2025-05-01,171,2025-09-10,132,SC_MEETING,S/PV.9991 (Resumption 2),1,0,1,PRESERVED_ORIGINAL_233_HUMAN_REVIEW,REVIEW_EVIDENCE_PRESENT
ICJ-171-2025-05-01||SC_MEETING::SCM|S/PV.9992,ICJ-171-2025-05-01,171,2025-09-11,133,SC_MEETING,S/PV.9992,0,0,0,NO_PRESERVED_MANUAL_REVIEW_EVIDENCE,UNREVIEWED_IS_NOT_CODED_ZERO
ICJ-171-2025-05-01||GA_FORMAL_VOTE::GAV|4088074,ICJ-171-2025-05-01,171,2025-09-12,134,GA_FORMAL_VOTE,A/80/PV.2,0,0,0,NO_PRESERVED_MANUAL_REVIEW_EVIDENCE,UNREVIEWED_IS_NOT_CODED_ZERO
ICJ-171-2025-05-01||SC_FORMAL_VOTE::SCV|2160,ICJ-171-2025-05-01,171,2025-09-12,134,SC_FORMAL_VOTE,S/PV.9993,0,0,0,NO_PRESERVED_MANUAL_REVIEW_EVIDENCE,UNREVIEWED_IS_NOT_CODED_ZERO
ICJ-171-2025-05-01||SC_MEETING::SCM|S/PV.9993,ICJ-171-2025-05-01,171,2025-09-12,134,SC_MEETING,S/PV.9993,0,0,0,NO_PRESERVED_MANUAL_REVIEW_EVIDENCE,UNREVIEWED_IS_NOT_CODED_ZERO
ICJ-171-2025-05-01||SC_MEETING::SCM|S/PV.9994,ICJ-171-2025-05-01,171,2025-09-12,134,SC_MEETING,S/PV.9994,0,0,0,NO_PRESERVED_MANUAL_REVIEW_EVIDENCE,UNREVIEWED_IS_NOT_CODED_ZERO
ICJ-171-2025-05-01||SC_MEETING::SCM|S/PV.9995,ICJ-171-2025-05-01,171,2025-09-12,134,SC_MEETING,S/PV.9995,0,0,0,NO_PRESERVED_MANUAL_REVIEW_EVIDENCE,UNREVIEWED_IS_NOT_CODED_ZERO
ICJ-171-2025-05-01||SC_MEETING::SCM|S/PV.9996,ICJ-171-2025-05-01,171,2025-09-15,137,SC_MEETING,S/PV.9996,0,0,0,NO_PRESERVED_MANUAL_REVIEW_EVIDENCE,UNREVIEWED_IS_NOT_CODED_ZERO
ICJ-171-2025-05-01||SC_FORMAL_VOTE::SCV|2161,ICJ-171-2025-05-01,171,2025-09-17,139,SC_FORMAL_VOTE,S/PV.9997,0,0,0,NO_PRESERVED_MANUAL_REVIEW_EVIDENCE,UNREVIEWED_IS_NOT_CODED_ZERO
ICJ-171-2025-05-01||SC_MEETING::SCM|S/PV.9997,ICJ-171-2025-05-01,171,2025-09-17,139,SC_MEETING,S/PV.9997,0,0,0,NO_PRESERVED_MANUAL_REVIEW_EVIDENCE,UNREVIEWED_IS_NOT_CODED_ZERO
ICJ-171-2025-05-01||SC_MEETING::SCM|S/PV.9998,ICJ-171-2025-05-01,171,2025-09-17,139,SC_MEETING,S/PV.9998,0,0,0,NO_PRESERVED_MANUAL_REVIEW_EVIDENCE,UNREVIEWED_IS_NOT_CODED_ZERO
ICJ-171-2025-05-01||SC_FORMAL_VOTE::SCV|2162,ICJ-171-2025-05-01,171,2025-09-18,140,SC_FORMAL_VOTE,S/PV.10000,0,0,0,NO_PRESERVED_MANUAL_REVIEW_EVIDENCE,UNREVIEWED_IS_NOT_CODED_ZERO
ICJ-171-2025-05-01||SC_MEETING::SCM|S/PV.10000,ICJ-171-2025-05-01,171,2025-09-18,140,SC_MEETING,S/PV.10000,0,0,0,NO_PRESERVED_MANUAL_REVIEW_EVIDENCE,UNREVIEWED_IS_NOT_CODED_ZERO
ICJ-171-2025-05-01||SC_MEETING::SCM|S/PV.9999,ICJ-171-2025-05-01,171,2025-09-18,140,SC_MEETING,S/PV.9999,0,0,0,NO_PRESERVED_MANUAL_REVIEW_EVIDENCE,UNREVIEWED_IS_NOT_CODED_ZERO
ICJ-171-2025-05-01||GA_FORMAL_VOTE::GAV|4088513,ICJ-171-2025-05-01,171,2025-09-19,141,GA_FORMAL_VOTE,A/80/PV.3,0,0,0,NO_PRESERVED_MANUAL_REVIEW_EVIDENCE,UNREVIEWED_IS_NOT_CODED_ZERO
ICJ-171-2025-05-01||SC_FORMAL_VOTE::SCV|2163,ICJ-171-2025-05-01,171,2025-09-19,141,SC_FORMAL_VOTE,S/PV.10001,0,0,0,NO_PRESERVED_MANUAL_REVIEW_EVIDENCE,UNREVIEWED_IS_NOT_CODED_ZERO
ICJ-171-2025-05-01||SC_MEETING::SCM|S/PV.10001,ICJ-171-2025-05-01,171,2025-09-19,141,SC_MEETING,S/PV.10001,0,0,0,NO_PRESERVED_MANUAL_REVIEW_EVIDENCE,UNREVIEWED_IS_NOT_CODED_ZERO
ICJ-171-2025-05-01||SC_MEETING::SCM|S/PV.10002,ICJ-171-2025-05-01,171,2025-09-22,144,SC_MEETING,S/PV.10002,0,0,0,NO_PRESERVED_MANUAL_REVIEW_EVIDENCE,UNREVIEWED_IS_NOT_CODED_ZERO
ICJ-171-2025-05-01||SC_MEETING::SCM|S/PV.10003,ICJ-171-2025-05-01,171,2025-09-23,145,SC_MEETING,S/PV.10003,0,0,0,NO_PRESERVED_MANUAL_REVIEW_EVIDENCE,UNREVIEWED_IS_NOT_CODED_ZERO
ICJ-171-2025-05-01||SC_MEETING::SCM|S/PV.10004,ICJ-171-2025-05-01,171,2025-09-23,145,SC_MEETING,S/PV.10004,0,0,0,NO_PRESERVED_MANUAL_REVIEW_EVIDENCE,UNREVIEWED_IS_NOT_CODED_ZERO
ICJ-171-2025-05-01||SC_MEETING::SCM|S/PV.10005,ICJ-171-2025-05-01,171,2025-09-24,146,SC_MEETING,S/PV.10005,1,0,1,PRESERVED_ORIGINAL_233_HUMAN_REVIEW,REVIEW_EVIDENCE_PRESENT
ICJ-171-2025-05-01||SC_MEETING::SCM|S/PV.10005 (Resumption 1),ICJ-171-2025-05-01,171,2025-09-25,147,SC_MEETING,S/PV.10005 (Resumption 1),1,0,1,PRESERVED_ORIGINAL_233_HUMAN_REVIEW,REVIEW_EVIDENCE_PRESENT
ICJ-171-2025-05-01||SC_FORMAL_VOTE::SCV|2164,ICJ-171-2025-05-01,171,2025-09-26,148,SC_FORMAL_VOTE,S/PV.10006,0,0,0,NO_PRESERVED_MANUAL_REVIEW_EVIDENCE,UNREVIEWED_IS_NOT_CODED_ZERO
ICJ-171-2025-05-01||SC_MEETING::SCM|S/PV.10005 (Resumption 2),ICJ-171-2025-05-01,171,2025-09-26,148,SC_MEETING,S/PV.10005 (Resumption 2),1,0,1,PRESERVED_ORIGINAL_233_HUMAN_REVIEW,REVIEW_EVIDENCE_PRESENT
ICJ-171-2025-05-01||SC_MEETING::SCM|S/PV.10006,ICJ-171-2025-05-01,171,2025-09-26,148,SC_MEETING,S/PV.10006,0,0,0,NO_PRESERVED_MANUAL_REVIEW_EVIDENCE,UNREVIEWED_IS_NOT_CODED_ZERO
ICJ-171-2025-05-01||SC_MEETING::SCM|S/PV.10007,ICJ-171-2025-05-01,171,2025-09-29,151,SC_MEETING,S/PV.10007,0,0,0,NO_PRESERVED_MANUAL_REVIEW_EVIDENCE,UNREVIEWED_IS_NOT_CODED_ZERO
ICJ-171-2025-05-01||SC_FORMAL_VOTE::SCV|2165,ICJ-171-2025-05-01,171,2025-09-30,152,SC_FORMAL_VOTE,S/PV.10009,0,0,0,NO_PRESERVED_MANUAL_REVIEW_EVIDENCE,UNREVIEWED_IS_NOT_CODED_ZERO
ICJ-171-2025-05-01||SC_MEETING::SCM|S/PV.10008,ICJ-171-2025-05-01,171,2025-09-30,152,SC_MEETING,S/PV.10008,0,0,0,NO_PRESERVED_MANUAL_REVIEW_EVIDENCE,UNREVIEWED_IS_NOT_CODED_ZERO
ICJ-171-2025-05-01||SC_MEETING::SCM|S/PV.10009,ICJ-171-2025-05-01,171,2025-09-30,152,SC_MEETING,S/PV.10009,0,0,0,NO_PRESERVED_MANUAL_REVIEW_EVIDENCE,UNREVIEWED_IS_NOT_CODED_ZERO
ICJ-171-2025-05-01||SC_MEETING::SCM|S/PV.10010,ICJ-171-2025-05-01,171,2025-10-03,155,SC_MEETING,S/PV.10010,0,0,0,NO_PRESERVED_MANUAL_REVIEW_EVIDENCE,UNREVIEWED_IS_NOT_CODED_ZERO
ICJ-171-2025-05-01||SC_MEETING::SCM|S/PV.10011,ICJ-171-2025-05-01,171,2025-10-06,158,SC_MEETING,S/PV.10011,0,0,0,NO_PRESERVED_MANUAL_REVIEW_EVIDENCE,UNREVIEWED_IS_NOT_CODED_ZERO
ICJ-171-2025-05-01||SC_MEETING::SCM|S/PV.10011 (Resumption 1),ICJ-171-2025-05-01,171,2025-10-06,158,SC_MEETING,S/PV.10011 (Resumption 1),0,0,0,NO_PRESERVED_MANUAL_REVIEW_EVIDENCE,UNREVIEWED_IS_NOT_CODED_ZERO
ICJ-171-2025-05-01||SC_MEETING::SCM|S/PV.10011 (Resumption 2),ICJ-171-2025-05-01,171,2025-10-07,159,SC_MEETING,S/PV.10011 (Resumption 2),0,0,0,NO_PRESERVED_MANUAL_REVIEW_EVIDENCE,UNREVIEWED_IS_NOT_CODED_ZERO
ICJ-171-2025-05-01||SC_MEETING::SCM|S/PV.10012,ICJ-171-2025-05-01,171,2025-10-07,159,SC_MEETING,S/PV.10012,0,0,0,NO_PRESERVED_MANUAL_REVIEW_EVIDENCE,UNREVIEWED_IS_NOT_CODED_ZERO
ICJ-171-2025-05-01||SC_MEETING::SCM|S/PV.10013 (closed),ICJ-171-2025-05-01,171,2025-10-08,160,SC_MEETING,S/PV.10013 (closed),0,0,0,NO_PRESERVED_MANUAL_REVIEW_EVIDENCE,UNREVIEWED_IS_NOT_CODED_ZERO
ICJ-171-2025-05-01||SC_MEETING::SCM|S/PV.10014 (closed),ICJ-171-2025-05-01,171,2025-10-08,160,SC_MEETING,S/PV.10014 (closed),0,0,0,NO_PRESERVED_MANUAL_REVIEW_EVIDENCE,UNREVIEWED_IS_NOT_CODED_ZERO
ICJ-171-2025-05-01||SC_MEETING::SCM|S/PV.10015,ICJ-171-2025-05-01,171,2025-10-10,162,SC_MEETING,S/PV.10015,0,0,0,NO_PRESERVED_MANUAL_REVIEW_EVIDENCE,UNREVIEWED_IS_NOT_CODED_ZERO
ICJ-171-2025-05-01||SC_MEETING::SCM|S/PV.10016,ICJ-171-2025-05-01,171,2025-10-13,165,SC_MEETING,S/PV.10016,0,0,0,NO_PRESERVED_MANUAL_REVIEW_EVIDENCE,UNREVIEWED_IS_NOT_CODED_ZERO
ICJ-171-2025-05-01||SC_MEETING::SCM|S/PV.10017,ICJ-171-2025-05-01,171,2025-10-14,166,SC_MEETING,S/PV.10017,0,0,0,NO_PRESERVED_MANUAL_REVIEW_EVIDENCE,UNREVIEWED_IS_NOT_CODED_ZERO
ICJ-171-2025-05-01||SC_FORMAL_VOTE::SCV|2166,ICJ-171-2025-05-01,171,2025-10-17,169,SC_FORMAL_VOTE,S/PV.10018,0,0,0,NO_PRESERVED_MANUAL_REVIEW_EVIDENCE,UNREVIEWED_IS_NOT_CODED_ZERO
ICJ-171-2025-05-01||SC_MEETING::SCM|S/PV.10018,ICJ-171-2025-05-01,171,2025-10-17,169,SC_MEETING,S/PV.10018,0,0,0,NO_PRESERVED_MANUAL_REVIEW_EVIDENCE,UNREVIEWED_IS_NOT_CODED_ZERO
ICJ-171-2025-05-01||SC_MEETING::SCM|S/PV.10019,ICJ-171-2025-05-01,171,2025-10-21,173,SC_MEETING,S/PV.10019,0,0,0,NO_PRESERVED_MANUAL_REVIEW_EVIDENCE,UNREVIEWED_IS_NOT_CODED_ZERO
ICJ-171-2025-05-01||SC_MEETING::SCM|S/PV.10020 (closed),ICJ-171-2025-05-01,171,2025-10-21,173,SC_MEETING,S/PV.10020 (closed),0,0,0,NO_PRESERVED_MANUAL_REVIEW_EVIDENCE,UNREVIEWED_IS_NOT_CODED_ZERO
ICJ-171-2025-05-01||SC_MEETING::SCM|S/PV.10021,ICJ-171-2025-05-01,171,2025-10-22,174,SC_MEETING,S/PV.10021,0,0,0,NO_PRESERVED_MANUAL_REVIEW_EVIDENCE,UNREVIEWED_IS_NOT_CODED_ZERO
ICJ-171-2025-05-01||SC_MEETING::SCM|S/PV.10022,ICJ-171-2025-05-01,171,2025-10-22,174,SC_MEETING,S/PV.10022,0,0,0,NO_PRESERVED_MANUAL_REVIEW_EVIDENCE,UNREVIEWED_IS_NOT_CODED_ZERO
ICJ-171-2025-05-01||SC_MEETING::SCM|S/PV.10023,ICJ-171-2025-05-01,171,2025-10-23,175,SC_MEETING,S/PV.10023,0,0,0,NO_PRESERVED_MANUAL_REVIEW_EVIDENCE,UNREVIEWED_IS_NOT_CODED_ZERO
ICJ-171-2025-05-01||SC_MEETING::SCM|S/PV.10024,ICJ-171-2025-05-01,171,2025-10-24,176,SC_MEETING,S/PV.10024,1,0,1,PRESERVED_ORIGINAL_233_HUMAN_REVIEW,REVIEW_EVIDENCE_PRESENT
ICJ-171-2025-05-01||SC_MEETING::SCM|S/PV.10024 (Resumption 1),ICJ-171-2025-05-01,171,2025-10-24,176,SC_MEETING,S/PV.10024 (Resumption 1),1,0,1,PRESERVED_ORIGINAL_233_HUMAN_REVIEW,REVIEW_EVIDENCE_PRESENT
ICJ-171-2025-05-01||SC_MEETING::SCM|S/PV.10023 (Resumption 1),ICJ-171-2025-05-01,171,2025-10-27,179,SC_MEETING,S/PV.10023 (Resumption 1),0,0,0,NO_PRESERVED_MANUAL_REVIEW_EVIDENCE,UNREVIEWED_IS_NOT_CODED_ZERO
ICJ-171-2025-05-01||SC_MEETING::SCM|S/PV.10023 (Resumption 2),ICJ-171-2025-05-01,171,2025-10-27,179,SC_MEETING,S/PV.10023 (Resumption 2),0,0,0,NO_PRESERVED_MANUAL_REVIEW_EVIDENCE,UNREVIEWED_IS_NOT_CODED_ZERO
ICJ-171-2025-05-01||SC_MEETING::SCM|S/PV.10025,ICJ-171-2025-05-01,171,2025-10-28,180,SC_MEETING,S/PV.10025,0,0,0,NO_PRESERVED_MANUAL_REVIEW_EVIDENCE,UNREVIEWED_IS_NOT_CODED_ZERO
ICJ-172-2018-07-23||SC_MEETING::SCM|S/PV.8315,ICJ-172-2018-07-23,172,2018-07-23,0,SC_MEETING,S/PV.8315,0,0,0,NO_PRESERVED_MANUAL_REVIEW_EVIDENCE,UNREVIEWED_IS_NOT_CODED_ZERO
ICJ-172-2018-07-23||SC_MEETING::SCM|S/PV.8316,ICJ-172-2018-07-23,172,2018-07-24,1,SC_MEETING,S/PV.8316,0,0,0,NO_PRESERVED_MANUAL_REVIEW_EVIDENCE,UNREVIEWED_IS_NOT_CODED_ZERO
ICJ-172-2018-07-23||SC_FORMAL_VOTE::SCV|1759,ICJ-172-2018-07-23,172,2018-07-26,3,SC_FORMAL_VOTE,S/PV.8317,0,0,0,NO_PRESERVED_MANUAL_REVIEW_EVIDENCE,UNREVIEWED_IS_NOT_CODED_ZERO
ICJ-172-2018-07-23||SC_MEETING::SCM|S/PV.8317,ICJ-172-2018-07-23,172,2018-07-26,3,SC_MEETING,S/PV.8317,0,0,0,NO_PRESERVED_MANUAL_REVIEW_EVIDENCE,UNREVIEWED_IS_NOT_CODED_ZERO
ICJ-172-2018-07-23||SC_MEETING::SCM|S/PV.8318,ICJ-172-2018-07-23,172,2018-07-26,3,SC_MEETING,S/PV.8318,0,0,0,NO_PRESERVED_MANUAL_REVIEW_EVIDENCE,UNREVIEWED_IS_NOT_CODED_ZERO
ICJ-172-2018-07-23||SC_MEETING::SCM|S/PV.8319,ICJ-172-2018-07-23,172,2018-07-26,3,SC_MEETING,S/PV.8319,0,0,0,NO_PRESERVED_MANUAL_REVIEW_EVIDENCE,UNREVIEWED_IS_NOT_CODED_ZERO
ICJ-172-2018-07-23||SC_MEETING::SCM|S/PV.8320,ICJ-172-2018-07-23,172,2018-07-27,4,SC_MEETING,S/PV.8320,0,0,0,NO_PRESERVED_MANUAL_REVIEW_EVIDENCE,UNREVIEWED_IS_NOT_CODED_ZERO
ICJ-172-2018-07-23||SC_FORMAL_VOTE::SCV|1760,ICJ-172-2018-07-23,172,2018-07-30,7,SC_FORMAL_VOTE,S/PV.8321,0,0,0,NO_PRESERVED_MANUAL_REVIEW_EVIDENCE,UNREVIEWED_IS_NOT_CODED_ZERO
ICJ-172-2018-07-23||SC_MEETING::SCM|S/PV.8321,ICJ-172-2018-07-23,172,2018-07-30,7,SC_MEETING,S/PV.8321,0,0,0,NO_PRESERVED_MANUAL_REVIEW_EVIDENCE,UNREVIEWED_IS_NOT_CODED_ZERO
ICJ-172-2018-07-23||SC_MEETING::SCM|S/PV.8322,ICJ-172-2018-07-23,172,2018-07-30,7,SC_MEETING,S/PV.8322,0,0,0,NO_PRESERVED_MANUAL_REVIEW_EVIDENCE,UNREVIEWED_IS_NOT_CODED_ZERO
ICJ-172-2018-07-23||SC_MEETING::SCM|S/PV.8323,ICJ-172-2018-07-23,172,2018-08-02,10,SC_MEETING,S/PV.8323,0,0,0,NO_PRESERVED_MANUAL_REVIEW_EVIDENCE,UNREVIEWED_IS_NOT_CODED_ZERO
ICJ-172-2018-07-23||SC_MEETING::SCM|S/PV.8324,ICJ-172-2018-07-23,172,2018-08-08,16,SC_MEETING,S/PV.8324,0,0,0,NO_PRESERVED_MANUAL_REVIEW_EVIDENCE,UNREVIEWED_IS_NOT_CODED_ZERO
ICJ-172-2018-07-23||SC_MEETING::SCM|S/PV.8325,ICJ-172-2018-07-23,172,2018-08-09,17,SC_MEETING,S/PV.8325,0,0,0,NO_PRESERVED_MANUAL_REVIEW_EVIDENCE,UNREVIEWED_IS_NOT_CODED_ZERO
ICJ-172-2018-07-23||SC_MEETING::SCM|S/PV.8326,ICJ-172-2018-07-23,172,2018-08-09,17,SC_MEETING,S/PV.8326,0,0,0,NO_PRESERVED_MANUAL_REVIEW_EVIDENCE,UNREVIEWED_IS_NOT_CODED_ZERO
ICJ-172-2018-07-23||SC_MEETING::SCM|S/PV.8327,ICJ-172-2018-07-23,172,2018-08-10,18,SC_MEETING,S/PV.8327,0,0,0,NO_PRESERVED_MANUAL_REVIEW_EVIDENCE,UNREVIEWED_IS_NOT_CODED_ZERO
ICJ-172-2018-07-23||SC_MEETING::SCM|S/PV.8328,ICJ-172-2018-07-23,172,2018-08-10,18,SC_MEETING,S/PV.8328,0,0,0,NO_PRESERVED_MANUAL_REVIEW_EVIDENCE,UNREVIEWED_IS_NOT_CODED_ZERO
ICJ-172-2018-07-23||SC_MEETING::SCM|S/PV.8329,ICJ-172-2018-07-23,172,2018-08-22,30,SC_MEETING,S/PV.8329,0,0,0,NO_PRESERVED_MANUAL_REVIEW_EVIDENCE,UNREVIEWED_IS_NOT_CODED_ZERO
ICJ-172-2018-07-23||SC_MEETING::SCM|S/PV.8330,ICJ-172-2018-07-23,172,2018-08-23,31,SC_MEETING,S/PV.8330,0,0,0,NO_PRESERVED_MANUAL_REVIEW_EVIDENCE,UNREVIEWED_IS_NOT_CODED_ZERO
ICJ-172-2018-07-23||SC_MEETING::SCM|S/PV.8331,ICJ-172-2018-07-23,172,2018-08-27,35,SC_MEETING,S/PV.8331,0,0,0,NO_PRESERVED_MANUAL_REVIEW_EVIDENCE,UNREVIEWED_IS_NOT_CODED_ZERO
ICJ-172-2018-07-23||SC_MEETING::SCM|S/PV.8332,ICJ-172-2018-07-23,172,2018-08-28,36,SC_MEETING,S/PV.8332,0,0,0,NO_PRESERVED_MANUAL_REVIEW_EVIDENCE,UNREVIEWED_IS_NOT_CODED_ZERO
ICJ-172-2018-07-23||SC_MEETING::SCM|S/PV.8333,ICJ-172-2018-07-23,172,2018-08-28,36,SC_MEETING,S/PV.8333,0,0,0,NO_PRESERVED_MANUAL_REVIEW_EVIDENCE,UNREVIEWED_IS_NOT_CODED_ZERO
ICJ-172-2018-07-23||SC_MEETING::SCM|S/PV.8334,ICJ-172-2018-07-23,172,2018-08-29,37,SC_MEETING,S/PV.8334,0,0,0,NO_PRESERVED_MANUAL_REVIEW_EVIDENCE,UNREVIEWED_IS_NOT_CODED_ZERO
ICJ-172-2018-07-23||SC_FORMAL_VOTE::SCV|1761,ICJ-172-2018-07-23,172,2018-08-30,38,SC_FORMAL_VOTE,S/PV.8336,0,0,0,NO_PRESERVED_MANUAL_REVIEW_EVIDENCE,UNREVIEWED_IS_NOT_CODED_ZERO
ICJ-172-2018-07-23||SC_FORMAL_VOTE::SCV|1762,ICJ-172-2018-07-23,172,2018-08-30,38,SC_FORMAL_VOTE,S/PV.8338,0,0,0,NO_PRESERVED_MANUAL_REVIEW_EVIDENCE,UNREVIEWED_IS_NOT_CODED_ZERO
ICJ-172-2018-07-23||SC_MEETING::SCM|S/PV.8335,ICJ-172-2018-07-23,172,2018-08-30,38,SC_MEETING,S/PV.8335,0,0,0,NO_PRESERVED_MANUAL_REVIEW_EVIDENCE,UNREVIEWED_IS_NOT_CODED_ZERO
ICJ-172-2018-07-23||SC_MEETING::SCM|S/PV.8336,ICJ-172-2018-07-23,172,2018-08-30,38,SC_MEETING,S/PV.8336,0,0,0,NO_PRESERVED_MANUAL_REVIEW_EVIDENCE,UNREVIEWED_IS_NOT_CODED_ZERO
ICJ-172-2018-07-23||SC_MEETING::SCM|S/PV.8337,ICJ-172-2018-07-23,172,2018-08-30,38,SC_MEETING,S/PV.8337,0,0,0,NO_PRESERVED_MANUAL_REVIEW_EVIDENCE,UNREVIEWED_IS_NOT_CODED_ZERO
ICJ-172-2018-07-23||SC_MEETING::SCM|S/PV.8338,ICJ-172-2018-07-23,172,2018-08-30,38,SC_MEETING,S/PV.8338,0,0,0,NO_PRESERVED_MANUAL_REVIEW_EVIDENCE,UNREVIEWED_IS_NOT_CODED_ZERO
ICJ-172-2018-07-23||SC_MEETING::SCM|S/PV.8339,ICJ-172-2018-07-23,172,2018-09-04,43,SC_MEETING,S/PV.8339,0,0,0,NO_PRESERVED_MANUAL_REVIEW_EVIDENCE,UNREVIEWED_IS_NOT_CODED_ZERO
ICJ-172-2018-07-23||SC_MEETING::SCM|S/PV.8340,ICJ-172-2018-07-23,172,2018-09-05,44,SC_MEETING,S/PV.8340,0,0,0,NO_PRESERVED_MANUAL_REVIEW_EVIDENCE,UNREVIEWED_IS_NOT_CODED_ZERO
ICJ-172-2018-07-23||SC_MEETING::SCM|S/PV.8341,ICJ-172-2018-07-23,172,2018-09-05,44,SC_MEETING,S/PV.8341,0,0,0,NO_PRESERVED_MANUAL_REVIEW_EVIDENCE,UNREVIEWED_IS_NOT_CODED_ZERO
ICJ-172-2018-07-23||SC_MEETING::SCM|S/PV.8342,ICJ-172-2018-07-23,172,2018-09-06,45,SC_MEETING,S/PV.8342,0,0,0,NO_PRESERVED_MANUAL_REVIEW_EVIDENCE,UNREVIEWED_IS_NOT_CODED_ZERO
ICJ-172-2018-07-23||SC_MEETING::SCM|S/PV.8343,ICJ-172-2018-07-23,172,2018-09-06,45,SC_MEETING,S/PV.8343,0,0,0,NO_PRESERVED_MANUAL_REVIEW_EVIDENCE,UNREVIEWED_IS_NOT_CODED_ZERO
ICJ-172-2018-07-23||SC_MEETING::SCM|S/PV.8344,ICJ-172-2018-07-23,172,2018-09-06,45,SC_MEETING,S/PV.8344,0,0,0,NO_PRESERVED_MANUAL_REVIEW_EVIDENCE,UNREVIEWED_IS_NOT_CODED_ZERO
ICJ-172-2018-07-23||SC_MEETING::SCM|S/PV.8345,ICJ-172-2018-07-23,172,2018-09-07,46,SC_MEETING,S/PV.8345,0,0,0,NO_PRESERVED_MANUAL_REVIEW_EVIDENCE,UNREVIEWED_IS_NOT_CODED_ZERO
ICJ-172-2018-07-23||GA_FORMAL_VOTE::GAV|1642598,ICJ-172-2018-07-23,172,2018-09-10,49,GA_FORMAL_VOTE,A/72/PV.113,0,0,0,NO_PRESERVED_MANUAL_REVIEW_EVIDENCE,UNREVIEWED_IS_NOT_CODED_ZERO
ICJ-172-2018-07-23||GA_FORMAL_VOTE::GAV|1642599,ICJ-172-2018-07-23,172,2018-09-10,49,GA_FORMAL_VOTE,A/72/PV.113,0,0,0,NO_PRESERVED_MANUAL_REVIEW_EVIDENCE,UNREVIEWED_IS_NOT_CODED_ZERO
ICJ-172-2018-07-23||SC_MEETING::SCM|S/PV.8346,ICJ-172-2018-07-23,172,2018-09-10,49,SC_MEETING,S/PV.8346,0,0,0,NO_PRESERVED_MANUAL_REVIEW_EVIDENCE,UNREVIEWED_IS_NOT_CODED_ZERO
ICJ-172-2018-07-23||SC_MEETING::SCM|S/PV.8347,ICJ-172-2018-07-23,172,2018-09-11,50,SC_MEETING,S/PV.8347,0,0,0,NO_PRESERVED_MANUAL_REVIEW_EVIDENCE,UNREVIEWED_IS_NOT_CODED_ZERO
ICJ-172-2018-07-23||SC_MEETING::SCM|S/PV.8348,ICJ-172-2018-07-23,172,2018-09-11,50,SC_MEETING,S/PV.8348,0,0,0,NO_PRESERVED_MANUAL_REVIEW_EVIDENCE,UNREVIEWED_IS_NOT_CODED_ZERO
ICJ-172-2018-07-23||SC_MEETING::SCM|S/PV.8349,ICJ-172-2018-07-23,172,2018-09-12,51,SC_MEETING,S/PV.8349,0,0,0,NO_PRESERVED_MANUAL_REVIEW_EVIDENCE,UNREVIEWED_IS_NOT_CODED_ZERO
ICJ-172-2018-07-23||SC_FORMAL_VOTE::SCV|1763,ICJ-172-2018-07-23,172,2018-09-13,52,SC_FORMAL_VOTE,S/PV.8350,0,0,0,NO_PRESERVED_MANUAL_REVIEW_EVIDENCE,UNREVIEWED_IS_NOT_CODED_ZERO
ICJ-172-2018-07-23||SC_FORMAL_VOTE::SCV|1764,ICJ-172-2018-07-23,172,2018-09-13,52,SC_FORMAL_VOTE,S/PV.8351,0,0,0,NO_PRESERVED_MANUAL_REVIEW_EVIDENCE,UNREVIEWED_IS_NOT_CODED_ZERO
ICJ-172-2018-07-23||SC_MEETING::SCM|S/PV.8350,ICJ-172-2018-07-23,172,2018-09-13,52,SC_MEETING,S/PV.8350,0,0,0,NO_PRESERVED_MANUAL_REVIEW_EVIDENCE,UNREVIEWED_IS_NOT_CODED_ZERO
ICJ-172-2018-07-23||SC_MEETING::SCM|S/PV.8351,ICJ-172-2018-07-23,172,2018-09-13,52,SC_MEETING,S/PV.8351,0,0,0,NO_PRESERVED_MANUAL_REVIEW_EVIDENCE,UNREVIEWED_IS_NOT_CODED_ZERO
ICJ-172-2018-07-23||SC_MEETING::SCM|S/PV.8352,ICJ-172-2018-07-23,172,2018-09-13,52,SC_MEETING,S/PV.8352,0,0,0,NO_PRESERVED_MANUAL_REVIEW_EVIDENCE,UNREVIEWED_IS_NOT_CODED_ZERO
ICJ-172-2018-07-23||SC_MEETING::SCM|S/PV.8353,ICJ-172-2018-07-23,172,2018-09-17,56,SC_MEETING,S/PV.8353,0,0,0,NO_PRESERVED_MANUAL_REVIEW_EVIDENCE,UNREVIEWED_IS_NOT_CODED_ZERO
ICJ-172-2018-07-23||SC_MEETING::SCM|S/PV.8354,ICJ-172-2018-07-23,172,2018-09-17,56,SC_MEETING,S/PV.8354,0,0,0,NO_PRESERVED_MANUAL_REVIEW_EVIDENCE,UNREVIEWED_IS_NOT_CODED_ZERO
ICJ-172-2018-07-23||SC_MEETING::SCM|S/PV.8355,ICJ-172-2018-07-23,172,2018-09-18,57,SC_MEETING,S/PV.8355,0,0,0,NO_PRESERVED_MANUAL_REVIEW_EVIDENCE,UNREVIEWED_IS_NOT_CODED_ZERO
ICJ-172-2018-07-23||SC_MEETING::SCM|S/PV.8356,ICJ-172-2018-07-23,172,2018-09-18,57,SC_MEETING,S/PV.8356,0,0,0,NO_PRESERVED_MANUAL_REVIEW_EVIDENCE,UNREVIEWED_IS_NOT_CODED_ZERO
ICJ-172-2018-07-23||SC_MEETING::SCM|S/PV.8357,ICJ-172-2018-07-23,172,2018-09-20,59,SC_MEETING,S/PV.8357,0,0,0,NO_PRESERVED_MANUAL_REVIEW_EVIDENCE,UNREVIEWED_IS_NOT_CODED_ZERO
ICJ-172-2018-07-23||SC_MEETING::SCM|S/PV.8358,ICJ-172-2018-07-23,172,2018-09-20,59,SC_MEETING,S/PV.8358,0,0,0,NO_PRESERVED_MANUAL_REVIEW_EVIDENCE,UNREVIEWED_IS_NOT_CODED_ZERO
ICJ-172-2018-07-23||SC_FORMAL_VOTE::SCV|1765,ICJ-172-2018-07-23,172,2018-09-21,60,SC_FORMAL_VOTE,S/PV.8360,0,0,0,NO_PRESERVED_MANUAL_REVIEW_EVIDENCE,UNREVIEWED_IS_NOT_CODED_ZERO
ICJ-172-2018-07-23||SC_MEETING::SCM|S/PV.8359,ICJ-172-2018-07-23,172,2018-09-21,60,SC_MEETING,S/PV.8359,0,0,0,NO_PRESERVED_MANUAL_REVIEW_EVIDENCE,UNREVIEWED_IS_NOT_CODED_ZERO
ICJ-172-2018-07-23||SC_MEETING::SCM|S/PV.8360,ICJ-172-2018-07-23,172,2018-09-21,60,SC_MEETING,S/PV.8360,0,0,0,NO_PRESERVED_MANUAL_REVIEW_EVIDENCE,UNREVIEWED_IS_NOT_CODED_ZERO
ICJ-172-2018-07-23||SC_MEETING::SCM|S/PV.8361,ICJ-172-2018-07-23,172,2018-09-21,60,SC_MEETING,S/PV.8361,0,0,0,NO_PRESERVED_MANUAL_REVIEW_EVIDENCE,UNREVIEWED_IS_NOT_CODED_ZERO
ICJ-172-2018-07-23||SC_MEETING::SCM|S/PV.8362,ICJ-172-2018-07-23,172,2018-09-26,65,SC_MEETING,S/PV.8362,0,0,0,NO_PRESERVED_MANUAL_REVIEW_EVIDENCE,UNREVIEWED_IS_NOT_CODED_ZERO
ICJ-172-2018-07-23||SC_MEETING::SCM|S/PV.8363,ICJ-172-2018-07-23,172,2018-09-27,66,SC_MEETING,S/PV.8363,0,0,0,NO_PRESERVED_MANUAL_REVIEW_EVIDENCE,UNREVIEWED_IS_NOT_CODED_ZERO
ICJ-172-2018-07-23||SC_FORMAL_VOTE::SCV|1766,ICJ-172-2018-07-23,172,2018-10-03,72,SC_FORMAL_VOTE,S/PV.8365,0,0,0,NO_PRESERVED_MANUAL_REVIEW_EVIDENCE,UNREVIEWED_IS_NOT_CODED_ZERO
ICJ-172-2018-07-23||SC_MEETING::SCM|S/PV.8364,ICJ-172-2018-07-23,172,2018-10-03,72,SC_MEETING,S/PV.8364,0,0,0,NO_PRESERVED_MANUAL_REVIEW_EVIDENCE,UNREVIEWED_IS_NOT_CODED_ZERO
ICJ-172-2018-07-23||SC_MEETING::SCM|S/PV.8365,ICJ-172-2018-07-23,172,2018-10-03,72,SC_MEETING,S/PV.8365,0,0,0,NO_PRESERVED_MANUAL_REVIEW_EVIDENCE,UNREVIEWED_IS_NOT_CODED_ZERO
ICJ-172-2018-07-23||SC_MEETING::SCM|S/PV.8366,ICJ-172-2018-07-23,172,2018-10-03,72,SC_MEETING,S/PV.8366,0,0,0,NO_PRESERVED_MANUAL_REVIEW_EVIDENCE,UNREVIEWED_IS_NOT_CODED_ZERO
ICJ-172-2018-07-23||SC_MEETING::SCM|S/PV.8367,ICJ-172-2018-07-23,172,2018-10-09,78,SC_MEETING,S/PV.8367,0,0,0,NO_PRESERVED_MANUAL_REVIEW_EVIDENCE,UNREVIEWED_IS_NOT_CODED_ZERO
ICJ-172-2018-07-23||SC_MEETING::SCM|S/PV.8368,ICJ-172-2018-07-23,172,2018-10-10,79,SC_MEETING,S/PV.8368,0,0,0,NO_PRESERVED_MANUAL_REVIEW_EVIDENCE,UNREVIEWED_IS_NOT_CODED_ZERO
ICJ-172-2018-07-23||SC_FORMAL_VOTE::SCV|1767,ICJ-172-2018-07-23,172,2018-10-11,80,SC_FORMAL_VOTE,S/PV.8371,0,0,0,NO_PRESERVED_MANUAL_REVIEW_EVIDENCE,UNREVIEWED_IS_NOT_CODED_ZERO
ICJ-172-2018-07-23||SC_MEETING::SCM|S/PV.8369,ICJ-172-2018-07-23,172,2018-10-11,80,SC_MEETING,S/PV.8369,0,0,0,NO_PRESERVED_MANUAL_REVIEW_EVIDENCE,UNREVIEWED_IS_NOT_CODED_ZERO
ICJ-172-2018-07-23||SC_MEETING::SCM|S/PV.8370,ICJ-172-2018-07-23,172,2018-10-11,80,SC_MEETING,S/PV.8370,0,0,0,NO_PRESERVED_MANUAL_REVIEW_EVIDENCE,UNREVIEWED_IS_NOT_CODED_ZERO
ICJ-172-2018-07-23||SC_MEETING::SCM|S/PV.8371,ICJ-172-2018-07-23,172,2018-10-11,80,SC_MEETING,S/PV.8371,0,0,0,NO_PRESERVED_MANUAL_REVIEW_EVIDENCE,UNREVIEWED_IS_NOT_CODED_ZERO
ICJ-172-2018-07-23||GA_FORMAL_VOTE::GAV|1648364,ICJ-172-2018-07-23,172,2018-10-16,85,GA_FORMAL_VOTE,A/73/PV.20,0,0,0,NO_PRESERVED_MANUAL_REVIEW_EVIDENCE,UNREVIEWED_IS_NOT_CODED_ZERO
ICJ-172-2018-07-23||SC_MEETING::SCM|S/PV.8372,ICJ-172-2018-07-23,172,2018-10-16,85,SC_MEETING,S/PV.8372,0,0,0,NO_PRESERVED_MANUAL_REVIEW_EVIDENCE,UNREVIEWED_IS_NOT_CODED_ZERO
ICJ-172-2018-07-23||SC_MEETING::SCM|S/PV.8373,ICJ-172-2018-07-23,172,2018-10-17,86,SC_MEETING,S/PV.8373,0,0,0,NO_PRESERVED_MANUAL_REVIEW_EVIDENCE,UNREVIEWED_IS_NOT_CODED_ZERO
ICJ-172-2018-07-23||SC_MEETING::SCM|S/PV.8374,ICJ-172-2018-07-23,172,2018-10-17,86,SC_MEETING,S/PV.8374,0,0,0,NO_PRESERVED_MANUAL_REVIEW_EVIDENCE,UNREVIEWED_IS_NOT_CODED_ZERO
ICJ-172-2018-07-23||SC_MEETING::SCM|S/PV.8375,ICJ-172-2018-07-23,172,2018-10-18,87,SC_MEETING,S/PV.8375,0,0,0,NO_PRESERVED_MANUAL_REVIEW_EVIDENCE,UNREVIEWED_IS_NOT_CODED_ZERO
ICJ-172-2018-07-23||SC_MEETING::SCM|S/PV.8375 (Resumption 1),ICJ-172-2018-07-23,172,2018-10-18,87,SC_MEETING,S/PV.8375 (Resumption 1),0,0,0,NO_PRESERVED_MANUAL_REVIEW_EVIDENCE,UNREVIEWED_IS_NOT_CODED_ZERO
ICJ-172-2018-07-23||SC_MEETING::SCM|S/PV.8376,ICJ-172-2018-07-23,172,2018-10-19,88,SC_MEETING,S/PV.8376,0,0,0,NO_PRESERVED_MANUAL_REVIEW_EVIDENCE,UNREVIEWED_IS_NOT_CODED_ZERO
ICJ-172-2018-07-23||SC_MEETING::SCM|S/PV.8377,ICJ-172-2018-07-23,172,2018-10-22,91,SC_MEETING,S/PV.8377,0,0,0,NO_PRESERVED_MANUAL_REVIEW_EVIDENCE,UNREVIEWED_IS_NOT_CODED_ZERO
ICJ-172-2018-07-23||SC_MEETING::SCM|S/PV.8378,ICJ-172-2018-07-23,172,2018-10-23,92,SC_MEETING,S/PV.8378,0,0,0,NO_PRESERVED_MANUAL_REVIEW_EVIDENCE,UNREVIEWED_IS_NOT_CODED_ZERO
ICJ-172-2018-07-23||SC_MEETING::SCM|S/PV.8379,ICJ-172-2018-07-23,172,2018-10-23,92,SC_MEETING,S/PV.8379,0,0,0,NO_PRESERVED_MANUAL_REVIEW_EVIDENCE,UNREVIEWED_IS_NOT_CODED_ZERO
ICJ-172-2018-07-23||SC_MEETING::SCM|S/PV.8380,ICJ-172-2018-07-23,172,2018-10-24,93,SC_MEETING,S/PV.8380,0,1,1,PUBLISHED_RECALL_REVIEW_REPORTED_CANDIDATE_ID_RECONSTRUCTED,REVIEW_EVIDENCE_PRESENT
ICJ-172-2018-07-23||SC_MEETING::SCM|S/PV.8381,ICJ-172-2018-07-23,172,2018-10-24,93,SC_MEETING,S/PV.8381,0,0,0,NO_PRESERVED_MANUAL_REVIEW_EVIDENCE,UNREVIEWED_IS_NOT_CODED_ZERO
ICJ-172-2018-07-23||SC_MEETING::SCM|S/PV.8382,ICJ-172-2018-07-23,172,2018-10-25,94,SC_MEETING,S/PV.8382,0,0,0,NO_PRESERVED_MANUAL_REVIEW_EVIDENCE,UNREVIEWED_IS_NOT_CODED_ZERO
ICJ-172-2018-07-23||SC_MEETING::SCM|S/PV.8383,ICJ-172-2018-07-23,172,2018-10-26,95,SC_MEETING,S/PV.8383,0,0,0,NO_PRESERVED_MANUAL_REVIEW_EVIDENCE,UNREVIEWED_IS_NOT_CODED_ZERO
ICJ-172-2018-07-23||SC_MEETING::SCM|S/PV.8384,ICJ-172-2018-07-23,172,2018-10-29,98,SC_MEETING,S/PV.8384,0,0,0,NO_PRESERVED_MANUAL_REVIEW_EVIDENCE,UNREVIEWED_IS_NOT_CODED_ZERO
ICJ-172-2018-07-23||SC_FORMAL_VOTE::SCV|1768,ICJ-172-2018-07-23,172,2018-10-30,99,SC_FORMAL_VOTE,S/PV.8385,0,0,0,NO_PRESERVED_MANUAL_REVIEW_EVIDENCE,UNREVIEWED_IS_NOT_CODED_ZERO
ICJ-172-2018-07-23||SC_MEETING::SCM|S/PV.8385,ICJ-172-2018-07-23,172,2018-10-30,99,SC_MEETING,S/PV.8385,0,0,0,NO_PRESERVED_MANUAL_REVIEW_EVIDENCE,UNREVIEWED_IS_NOT_CODED_ZERO
ICJ-172-2018-07-23||SC_MEETING::SCM|S/PV.8386,ICJ-172-2018-07-23,172,2018-10-30,99,SC_MEETING,S/PV.8386,0,0,0,NO_PRESERVED_MANUAL_REVIEW_EVIDENCE,UNREVIEWED_IS_NOT_CODED_ZERO
ICJ-172-2018-07-23||SC_FORMAL_VOTE::SCV|1769,ICJ-172-2018-07-23,172,2018-10-31,100,SC_FORMAL_VOTE,S/PV.8387,0,0,0,NO_PRESERVED_MANUAL_REVIEW_EVIDENCE,UNREVIEWED_IS_NOT_CODED_ZERO
ICJ-172-2018-07-23||SC_MEETING::SCM|S/PV.8387,ICJ-172-2018-07-23,172,2018-10-31,100,SC_MEETING,S/PV.8387,0,0,0,NO_PRESERVED_MANUAL_REVIEW_EVIDENCE,UNREVIEWED_IS_NOT_CODED_ZERO
ICJ-172-2018-07-23||GA_FORMAL_VOTE::GAV|1650751,ICJ-172-2018-07-23,172,2018-11-01,101,GA_FORMAL_VOTE,A/73/PV.30,0,0,0,NO_PRESERVED_MANUAL_REVIEW_EVIDENCE,UNREVIEWED_IS_NOT_CODED_ZERO
ICJ-172-2018-07-23||SC_MEETING::SCM|S/PV.8388,ICJ-172-2018-07-23,172,2018-11-02,102,SC_MEETING,S/PV.8388,0,0,0,NO_PRESERVED_MANUAL_REVIEW_EVIDENCE,UNREVIEWED_IS_NOT_CODED_ZERO
ICJ-172-2018-07-23||SC_FORMAL_VOTE::SCV|1770,ICJ-172-2018-07-23,172,2018-11-05,105,SC_FORMAL_VOTE,S/PV.8389,0,0,0,NO_PRESERVED_MANUAL_REVIEW_EVIDENCE,UNREVIEWED_IS_NOT_CODED_ZERO
ICJ-172-2018-07-23||SC_MEETING::SCM|S/PV.8389,ICJ-172-2018-07-23,172,2018-11-05,105,SC_MEETING,S/PV.8389,0,0,0,NO_PRESERVED_MANUAL_REVIEW_EVIDENCE,UNREVIEWED_IS_NOT_CODED_ZERO
ICJ-172-2018-07-23||SC_MEETING::SCM|S/PV.8390,ICJ-172-2018-07-23,172,2018-11-05,105,SC_MEETING,S/PV.8390,0,0,0,NO_PRESERVED_MANUAL_REVIEW_EVIDENCE,UNREVIEWED_IS_NOT_CODED_ZERO
ICJ-172-2018-07-23||SC_FORMAL_VOTE::SCV|1771,ICJ-172-2018-07-23,172,2018-11-06,106,SC_FORMAL_VOTE,S/PV.8391,0,0,0,NO_PRESERVED_MANUAL_REVIEW_EVIDENCE,UNREVIEWED_IS_NOT_CODED_ZERO
ICJ-172-2018-07-23||SC_FORMAL_VOTE::SCV|1772,ICJ-172-2018-07-23,172,2018-11-06,106,SC_FORMAL_VOTE,S/PV.8392,0,0,0,NO_PRESERVED_MANUAL_REVIEW_EVIDENCE,UNREVIEWED_IS_NOT_CODED_ZERO
ICJ-172-2018-07-23||SC_MEETING::SCM|S/PV.8391,ICJ-172-2018-07-23,172,2018-11-06,106,SC_MEETING,S/PV.8391,0,0,0,NO_PRESERVED_MANUAL_REVIEW_EVIDENCE,UNREVIEWED_IS_NOT_CODED_ZERO
ICJ-172-2018-07-23||SC_MEETING::SCM|S/PV.8392,ICJ-172-2018-07-23,172,2018-11-06,106,SC_MEETING,S/PV.8392,0,0,0,NO_PRESERVED_MANUAL_REVIEW_EVIDENCE,UNREVIEWED_IS_NOT_CODED_ZERO
ICJ-172-2018-07-23||SC_MEETING::SCM|S/PV.8393,ICJ-172-2018-07-23,172,2018-11-06,106,SC_MEETING,S/PV.8393,0,0,0,NO_PRESERVED_MANUAL_REVIEW_EVIDENCE,UNREVIEWED_IS_NOT_CODED_ZERO
ICJ-172-2018-07-23||SC_MEETING::SCM|S/PV.8394,ICJ-172-2018-07-23,172,2018-11-08,108,SC_MEETING,S/PV.8394,0,0,0,NO_PRESERVED_MANUAL_REVIEW_EVIDENCE,UNREVIEWED_IS_NOT_CODED_ZERO
ICJ-172-2018-07-23||SC_MEETING::SCM|S/PV.8395,ICJ-172-2018-07-23,172,2018-11-09,109,SC_MEETING,S/PV.8395,0,0,0,NO_PRESERVED_MANUAL_REVIEW_EVIDENCE,UNREVIEWED_IS_NOT_CODED_ZERO
ICJ-172-2018-07-23||SC_MEETING::SCM|S/PV.8396,ICJ-172-2018-07-23,172,2018-11-13,113,SC_MEETING,S/PV.8396,0,0,0,NO_PRESERVED_MANUAL_REVIEW_EVIDENCE,UNREVIEWED_IS_NOT_CODED_ZERO
ICJ-172-2018-07-23||SC_MEETING::SCM|S/PV.8397,ICJ-172-2018-07-23,172,2018-11-13,113,SC_MEETING,S/PV.8397,0,0,0,NO_PRESERVED_MANUAL_REVIEW_EVIDENCE,UNREVIEWED_IS_NOT_CODED_ZERO
ICJ-172-2018-07-23||SC_FORMAL_VOTE::SCV|1773,ICJ-172-2018-07-23,172,2018-11-14,114,SC_FORMAL_VOTE,S/PV.8398,0,0,0,NO_PRESERVED_MANUAL_REVIEW_EVIDENCE,UNREVIEWED_IS_NOT_CODED_ZERO
ICJ-172-2018-07-23||SC_MEETING::SCM|S/PV.8398,ICJ-172-2018-07-23,172,2018-11-14,114,SC_MEETING,S/PV.8398,0,0,0,NO_PRESERVED_MANUAL_REVIEW_EVIDENCE,UNREVIEWED_IS_NOT_CODED_ZERO
ICJ-172-2018-07-23||SC_MEETING::SCM|S/PV.8399,ICJ-172-2018-07-23,172,2018-11-14,114,SC_MEETING,S/PV.8399,0,0,0,NO_PRESERVED_MANUAL_REVIEW_EVIDENCE,UNREVIEWED_IS_NOT_CODED_ZERO
ICJ-172-2018-07-23||SC_FORMAL_VOTE::SCV|1774,ICJ-172-2018-07-23,172,2018-11-15,115,SC_FORMAL_VOTE,S/PV.8400,0,0,0,NO_PRESERVED_MANUAL_REVIEW_EVIDENCE,UNREVIEWED_IS_NOT_CODED_ZERO
ICJ-172-2018-07-23||SC_FORMAL_VOTE::SCV|1775,ICJ-172-2018-07-23,172,2018-11-15,115,SC_FORMAL_VOTE,S/PV.8401,0,0,0,NO_PRESERVED_MANUAL_REVIEW_EVIDENCE,UNREVIEWED_IS_NOT_CODED_ZERO
ICJ-172-2018-07-23||SC_MEETING::SCM|S/PV.8400,ICJ-172-2018-07-23,172,2018-11-15,115,SC_MEETING,S/PV.8400,0,0,0,NO_PRESERVED_MANUAL_REVIEW_EVIDENCE,UNREVIEWED_IS_NOT_CODED_ZERO
ICJ-172-2018-07-23||SC_MEETING::SCM|S/PV.8401,ICJ-172-2018-07-23,172,2018-11-15,115,SC_MEETING,S/PV.8401,0,0,0,NO_PRESERVED_MANUAL_REVIEW_EVIDENCE,UNREVIEWED_IS_NOT_CODED_ZERO
ICJ-172-2018-07-23||SC_MEETING::SCM|S/PV.8402,ICJ-172-2018-07-23,172,2018-11-15,115,SC_MEETING,S/PV.8402,0,0,0,NO_PRESERVED_MANUAL_REVIEW_EVIDENCE,UNREVIEWED_IS_NOT_CODED_ZERO
ICJ-172-2018-07-23||SC_MEETING::SCM|S/PV.8403,ICJ-172-2018-07-23,172,2018-11-16,116,SC_MEETING,S/PV.8403,0,0,0,NO_PRESERVED_MANUAL_REVIEW_EVIDENCE,UNREVIEWED_IS_NOT_CODED_ZERO
ICJ-172-2018-07-23||SC_MEETING::SCM|S/PV.8404,ICJ-172-2018-07-23,172,2018-11-16,116,SC_MEETING,S/PV.8404,0,0,0,NO_PRESERVED_MANUAL_REVIEW_EVIDENCE,UNREVIEWED_IS_NOT_CODED_ZERO
ICJ-172-2018-07-23||SC_MEETING::SCM|S/PV.8405,ICJ-172-2018-07-23,172,2018-11-19,119,SC_MEETING,S/PV.8405,0,0,0,NO_PRESERVED_MANUAL_REVIEW_EVIDENCE,UNREVIEWED_IS_NOT_CODED_ZERO
ICJ-172-2018-07-23||SC_MEETING::SCM|S/PV.8406,ICJ-172-2018-07-23,172,2018-11-19,119,SC_MEETING,S/PV.8406,0,0,0,NO_PRESERVED_MANUAL_REVIEW_EVIDENCE,UNREVIEWED_IS_NOT_CODED_ZERO
ICJ-172-2018-07-23||SC_MEETING::SCM|S/PV.8407,ICJ-172-2018-07-23,172,2018-11-20,120,SC_MEETING,S/PV.8407,0,0,0,NO_PRESERVED_MANUAL_REVIEW_EVIDENCE,UNREVIEWED_IS_NOT_CODED_ZERO
ICJ-172-2018-07-23||SC_MEETING::SCM|S/PV.8408,ICJ-172-2018-07-23,172,2018-11-21,121,SC_MEETING,S/PV.8408,0,0,0,NO_PRESERVED_MANUAL_REVIEW_EVIDENCE,UNREVIEWED_IS_NOT_CODED_ZERO
ICJ-172-2018-07-23||SC_MEETING::SCM|S/PV.8409,ICJ-172-2018-07-23,172,2018-11-26,126,SC_MEETING,S/PV.8409,0,0,0,NO_PRESERVED_MANUAL_REVIEW_EVIDENCE,UNREVIEWED_IS_NOT_CODED_ZERO
ICJ-172-2018-07-23||SC_MEETING::SCM|S/PV.8410,ICJ-172-2018-07-23,172,2018-11-26,126,SC_MEETING,S/PV.8410,0,0,0,NO_PRESERVED_MANUAL_REVIEW_EVIDENCE,UNREVIEWED_IS_NOT_CODED_ZERO
ICJ-172-2018-07-23||SC_MEETING::SCM|S/PV.8411,ICJ-172-2018-07-23,172,2018-11-29,129,SC_MEETING,S/PV.8411,0,0,0,NO_PRESERVED_MANUAL_REVIEW_EVIDENCE,UNREVIEWED_IS_NOT_CODED_ZERO
ICJ-172-2018-07-23||GA_FORMAL_VOTE::GAV|1654157,ICJ-172-2018-07-23,172,2018-11-30,130,GA_FORMAL_VOTE,A/73/PV.43,0,0,0,NO_PRESERVED_MANUAL_REVIEW_EVIDENCE,UNREVIEWED_IS_NOT_CODED_ZERO
ICJ-172-2018-07-23||GA_FORMAL_VOTE::GAV|1654158,ICJ-172-2018-07-23,172,2018-11-30,130,GA_FORMAL_VOTE,A/73/PV.43,0,0,0,NO_PRESERVED_MANUAL_REVIEW_EVIDENCE,UNREVIEWED_IS_NOT_CODED_ZERO
ICJ-172-2018-07-23||GA_FORMAL_VOTE::GAV|1654159,ICJ-172-2018-07-23,172,2018-11-30,130,GA_FORMAL_VOTE,A/73/PV.43,0,0,0,NO_PRESERVED_MANUAL_REVIEW_EVIDENCE,UNREVIEWED_IS_NOT_CODED_ZERO
ICJ-172-2018-07-23||GA_FORMAL_VOTE::GAV|1654160,ICJ-172-2018-07-23,172,2018-11-30,130,GA_FORMAL_VOTE,A/73/PV.43,0,0,0,NO_PRESERVED_MANUAL_REVIEW_EVIDENCE,UNREVIEWED_IS_NOT_CODED_ZERO
ICJ-172-2018-07-23||GA_FORMAL_VOTE::GAV|1654161,ICJ-172-2018-07-23,172,2018-11-30,130,GA_FORMAL_VOTE,A/73/PV.43,0,0,0,NO_PRESERVED_MANUAL_REVIEW_EVIDENCE,UNREVIEWED_IS_NOT_CODED_ZERO
ICJ-172-2018-07-23||GA_FORMAL_VOTE::GAV|1654162,ICJ-172-2018-07-23,172,2018-11-30,130,GA_FORMAL_VOTE,A/73/PV.43,0,0,0,NO_PRESERVED_MANUAL_REVIEW_EVIDENCE,UNREVIEWED_IS_NOT_CODED_ZERO
ICJ-172-2018-07-23||SC_MEETING::SCM|S/PV.8412,ICJ-172-2018-07-23,172,2018-12-04,134,SC_MEETING,S/PV.8412,0,0,0,NO_PRESERVED_MANUAL_REVIEW_EVIDENCE,UNREVIEWED_IS_NOT_CODED_ZERO
ICJ-172-2018-07-23||GA_FORMAL_VOTE::GAV|1655122,ICJ-172-2018-07-23,172,2018-12-05,135,GA_FORMAL_VOTE,A/73/PV.45,0,0,0,NO_PRESERVED_MANUAL_REVIEW_EVIDENCE,UNREVIEWED_IS_NOT_CODED_ZERO
ICJ-172-2018-07-23||GA_FORMAL_VOTE::GAV|1655123,ICJ-172-2018-07-23,172,2018-12-05,135,GA_FORMAL_VOTE,A/73/PV.45,0,0,0,NO_PRESERVED_MANUAL_REVIEW_EVIDENCE,UNREVIEWED_IS_NOT_CODED_ZERO
ICJ-172-2018-07-23||GA_FORMAL_VOTE::GAV|1655124,ICJ-172-2018-07-23,172,2018-12-05,135,GA_FORMAL_VOTE,A/73/PV.45,0,0,0,NO_PRESERVED_MANUAL_REVIEW_EVIDENCE,UNREVIEWED_IS_NOT_CODED_ZERO
ICJ-172-2018-07-23||GA_FORMAL_VOTE::GAV|1655126,ICJ-172-2018-07-23,172,2018-12-05,135,GA_FORMAL_VOTE,A/73/PV.45,0,0,0,NO_PRESERVED_MANUAL_REVIEW_EVIDENCE,UNREVIEWED_IS_NOT_CODED_ZERO
ICJ-172-2018-07-23||GA_FORMAL_VOTE::GAV|1655128,ICJ-172-2018-07-23,172,2018-12-05,135,GA_FORMAL_VOTE,A/73/PV.45,0,0,0,NO_PRESERVED_MANUAL_REVIEW_EVIDENCE,UNREVIEWED_IS_NOT_CODED_ZERO
ICJ-172-2018-07-23||GA_FORMAL_VOTE::GAV|1655320,ICJ-172-2018-07-23,172,2018-12-05,135,GA_FORMAL_VOTE,A/73/PV.45,0,0,0,NO_PRESERVED_MANUAL_REVIEW_EVIDENCE,UNREVIEWED_IS_NOT_CODED_ZERO
ICJ-172-2018-07-23||GA_FORMAL_VOTE::GAV|1655321,ICJ-172-2018-07-23,172,2018-12-05,135,GA_FORMAL_VOTE,A/73/PV.45,0,0,0,NO_PRESERVED_MANUAL_REVIEW_EVIDENCE,UNREVIEWED_IS_NOT_CODED_ZERO
ICJ-172-2018-07-23||GA_FORMAL_VOTE::GAV|1655322,ICJ-172-2018-07-23,172,2018-12-05,135,GA_FORMAL_VOTE,A/73/PV.45,0,0,0,NO_PRESERVED_MANUAL_REVIEW_EVIDENCE,UNREVIEWED_IS_NOT_CODED_ZERO
ICJ-172-2018-07-23||GA_FORMAL_VOTE::GAV|1655323,ICJ-172-2018-07-23,172,2018-12-05,135,GA_FORMAL_VOTE,A/73/PV.45,0,0,0,NO_PRESERVED_MANUAL_REVIEW_EVIDENCE,UNREVIEWED_IS_NOT_CODED_ZERO
ICJ-172-2018-07-23||GA_FORMAL_VOTE::GAV|1655324,ICJ-172-2018-07-23,172,2018-12-05,135,GA_FORMAL_VOTE,A/73/PV.45,0,0,0,NO_PRESERVED_MANUAL_REVIEW_EVIDENCE,UNREVIEWED_IS_NOT_CODED_ZERO
ICJ-172-2018-07-23||GA_FORMAL_VOTE::GAV|1655325,ICJ-172-2018-07-23,172,2018-12-05,135,GA_FORMAL_VOTE,A/73/PV.45,0,0,0,NO_PRESERVED_MANUAL_REVIEW_EVIDENCE,UNREVIEWED_IS_NOT_CODED_ZERO
ICJ-172-2018-07-23||GA_FORMAL_VOTE::GAV|1655326,ICJ-172-2018-07-23,172,2018-12-05,135,GA_FORMAL_VOTE,A/73/PV.45,0,0,0,NO_PRESERVED_MANUAL_REVIEW_EVIDENCE,UNREVIEWED_IS_NOT_CODED_ZERO
ICJ-172-2018-07-23||GA_FORMAL_VOTE::GAV|1655327,ICJ-172-2018-07-23,172,2018-12-05,135,GA_FORMAL_VOTE,A/73/PV.45,0,0,0,NO_PRESERVED_MANUAL_REVIEW_EVIDENCE,UNREVIEWED_IS_NOT_CODED_ZERO
ICJ-172-2018-07-23||GA_FORMAL_VOTE::GAV|1655328,ICJ-172-2018-07-23,172,2018-12-05,135,GA_FORMAL_VOTE,A/73/PV.45,0,0,0,NO_PRESERVED_MANUAL_REVIEW_EVIDENCE,UNREVIEWED_IS_NOT_CODED_ZERO
ICJ-172-2018-07-23||GA_FORMAL_VOTE::GAV|1655329,ICJ-172-2018-07-23,172,2018-12-05,135,GA_FORMAL_VOTE,A/73/PV.45,0,0,0,NO_PRESERVED_MANUAL_REVIEW_EVIDENCE,UNREVIEWED_IS_NOT_CODED_ZERO
ICJ-172-2018-07-23||GA_FORMAL_VOTE::GAV|1655330,ICJ-172-2018-07-23,172,2018-12-05,135,GA_FORMAL_VOTE,A/73/PV.45,0,0,0,NO_PRESERVED_MANUAL_REVIEW_EVIDENCE,UNREVIEWED_IS_NOT_CODED_ZERO
ICJ-172-2018-07-23||GA_FORMAL_VOTE::GAV|1655331,ICJ-172-2018-07-23,172,2018-12-05,135,GA_FORMAL_VOTE,A/73/PV.45,0,0,0,NO_PRESERVED_MANUAL_REVIEW_EVIDENCE,UNREVIEWED_IS_NOT_CODED_ZERO
ICJ-172-2018-07-23||GA_FORMAL_VOTE::GAV|1655332,ICJ-172-2018-07-23,172,2018-12-05,135,GA_FORMAL_VOTE,A/73/PV.45,0,0,0,NO_PRESERVED_MANUAL_REVIEW_EVIDENCE,UNREVIEWED_IS_NOT_CODED_ZERO
ICJ-172-2018-07-23||GA_FORMAL_VOTE::GAV|1655333,ICJ-172-2018-07-23,172,2018-12-05,135,GA_FORMAL_VOTE,A/73/PV.45,0,0,0,NO_PRESERVED_MANUAL_REVIEW_EVIDENCE,UNREVIEWED_IS_NOT_CODED_ZERO
ICJ-172-2018-07-23||GA_FORMAL_VOTE::GAV|1655334,ICJ-172-2018-07-23,172,2018-12-05,135,GA_FORMAL_VOTE,A/73/PV.45,0,0,0,NO_PRESERVED_MANUAL_REVIEW_EVIDENCE,UNREVIEWED_IS_NOT_CODED_ZERO
ICJ-172-2018-07-23||GA_FORMAL_VOTE::GAV|1655335,ICJ-172-2018-07-23,172,2018-12-05,135,GA_FORMAL_VOTE,A/73/PV.45,0,0,0,NO_PRESERVED_MANUAL_REVIEW_EVIDENCE,UNREVIEWED_IS_NOT_CODED_ZERO
ICJ-172-2018-07-23||GA_FORMAL_VOTE::GAV|1655336,ICJ-172-2018-07-23,172,2018-12-05,135,GA_FORMAL_VOTE,A/73/PV.45,0,0,0,NO_PRESERVED_MANUAL_REVIEW_EVIDENCE,UNREVIEWED_IS_NOT_CODED_ZERO
ICJ-172-2018-07-23||GA_FORMAL_VOTE::GAV|1655337,ICJ-172-2018-07-23,172,2018-12-05,135,GA_FORMAL_VOTE,A/73/PV.45,0,0,0,NO_PRESERVED_MANUAL_REVIEW_EVIDENCE,UNREVIEWED_IS_NOT_CODED_ZERO
ICJ-172-2018-07-23||GA_FORMAL_VOTE::GAV|1655338,ICJ-172-2018-07-23,172,2018-12-05,135,GA_FORMAL_VOTE,A/73/PV.45,0,0,0,NO_PRESERVED_MANUAL_REVIEW_EVIDENCE,UNREVIEWED_IS_NOT_CODED_ZERO
ICJ-172-2018-07-23||GA_FORMAL_VOTE::GAV|1655339,ICJ-172-2018-07-23,172,2018-12-05,135,GA_FORMAL_VOTE,A/73/PV.45,0,0,0,NO_PRESERVED_MANUAL_REVIEW_EVIDENCE,UNREVIEWED_IS_NOT_CODED_ZERO
ICJ-172-2018-07-23||GA_FORMAL_VOTE::GAV|1655340,ICJ-172-2018-07-23,172,2018-12-05,135,GA_FORMAL_VOTE,A/73/PV.45,0,0,0,NO_PRESERVED_MANUAL_REVIEW_EVIDENCE,UNREVIEWED_IS_NOT_CODED_ZERO
ICJ-172-2018-07-23||GA_FORMAL_VOTE::GAV|1655341,ICJ-172-2018-07-23,172,2018-12-05,135,GA_FORMAL_VOTE,A/73/PV.45,0,0,0,NO_PRESERVED_MANUAL_REVIEW_EVIDENCE,UNREVIEWED_IS_NOT_CODED_ZERO
ICJ-172-2018-07-23||GA_FORMAL_VOTE::GAV|1655342,ICJ-172-2018-07-23,172,2018-12-05,135,GA_FORMAL_VOTE,A/73/PV.45,0,0,0,NO_PRESERVED_MANUAL_REVIEW_EVIDENCE,UNREVIEWED_IS_NOT_CODED_ZERO
ICJ-172-2018-07-23||GA_FORMAL_VOTE::GAV|1655343,ICJ-172-2018-07-23,172,2018-12-05,135,GA_FORMAL_VOTE,A/73/PV.45,0,0,0,NO_PRESERVED_MANUAL_REVIEW_EVIDENCE,UNREVIEWED_IS_NOT_CODED_ZERO
ICJ-172-2018-07-23||GA_FORMAL_VOTE::GAV|1655344,ICJ-172-2018-07-23,172,2018-12-05,135,GA_FORMAL_VOTE,A/73/PV.45,0,0,0,NO_PRESERVED_MANUAL_REVIEW_EVIDENCE,UNREVIEWED_IS_NOT_CODED_ZERO
ICJ-172-2018-07-23||GA_FORMAL_VOTE::GAV|1655346,ICJ-172-2018-07-23,172,2018-12-05,135,GA_FORMAL_VOTE,A/73/PV.45,0,0,0,NO_PRESERVED_MANUAL_REVIEW_EVIDENCE,UNREVIEWED_IS_NOT_CODED_ZERO
ICJ-172-2018-07-23||GA_FORMAL_VOTE::GAV|1655347,ICJ-172-2018-07-23,172,2018-12-05,135,GA_FORMAL_VOTE,A/73/PV.45,0,0,0,NO_PRESERVED_MANUAL_REVIEW_EVIDENCE,UNREVIEWED_IS_NOT_CODED_ZERO
ICJ-172-2018-07-23||GA_FORMAL_VOTE::GAV|1655348,ICJ-172-2018-07-23,172,2018-12-05,135,GA_FORMAL_VOTE,A/73/PV.45,0,0,0,NO_PRESERVED_MANUAL_REVIEW_EVIDENCE,UNREVIEWED_IS_NOT_CODED_ZERO
ICJ-172-2018-07-23||GA_FORMAL_VOTE::GAV|1655350,ICJ-172-2018-07-23,172,2018-12-05,135,GA_FORMAL_VOTE,A/73/PV.45,0,0,0,NO_PRESERVED_MANUAL_REVIEW_EVIDENCE,UNREVIEWED_IS_NOT_CODED_ZERO
ICJ-172-2018-07-23||SC_MEETING::SCM|S/PV.8413,ICJ-172-2018-07-23,172,2018-12-05,135,SC_MEETING,S/PV.8413,0,0,0,NO_PRESERVED_MANUAL_REVIEW_EVIDENCE,UNREVIEWED_IS_NOT_CODED_ZERO
ICJ-172-2018-07-23||GA_FORMAL_VOTE::GAV|1654874,ICJ-172-2018-07-23,172,2018-12-06,136,GA_FORMAL_VOTE,A/73/PV.47,0,0,0,NO_PRESERVED_MANUAL_REVIEW_EVIDENCE,UNREVIEWED_IS_NOT_CODED_ZERO
ICJ-172-2018-07-23||GA_FORMAL_VOTE::GAV|1654878,ICJ-172-2018-07-23,172,2018-12-06,136,GA_FORMAL_VOTE,A/73/PV.46,0,0,0,NO_PRESERVED_MANUAL_REVIEW_EVIDENCE,UNREVIEWED_IS_NOT_CODED_ZERO
ICJ-172-2018-07-23||SC_MEETING::SCM|S/PV.8414,ICJ-172-2018-07-23,172,2018-12-06,136,SC_MEETING,S/PV.8414,0,0,0,NO_PRESERVED_MANUAL_REVIEW_EVIDENCE,UNREVIEWED_IS_NOT_CODED_ZERO
ICJ-172-2018-07-23||GA_FORMAL_VOTE::GAV|1654871,ICJ-172-2018-07-23,172,2018-12-07,137,GA_FORMAL_VOTE,A/73/PV.48,0,0,0,NO_PRESERVED_MANUAL_REVIEW_EVIDENCE,UNREVIEWED_IS_NOT_CODED_ZERO
ICJ-172-2018-07-23||GA_FORMAL_VOTE::GAV|1654872,ICJ-172-2018-07-23,172,2018-12-07,137,GA_FORMAL_VOTE,A/73/PV.48,0,0,0,NO_PRESERVED_MANUAL_REVIEW_EVIDENCE,UNREVIEWED_IS_NOT_CODED_ZERO
ICJ-172-2018-07-23||GA_FORMAL_VOTE::GAV|1654873,ICJ-172-2018-07-23,172,2018-12-07,137,GA_FORMAL_VOTE,A/73/PV.48,0,0,0,NO_PRESERVED_MANUAL_REVIEW_EVIDENCE,UNREVIEWED_IS_NOT_CODED_ZERO
ICJ-172-2018-07-23||GA_FORMAL_VOTE::GAV|1654875,ICJ-172-2018-07-23,172,2018-12-07,137,GA_FORMAL_VOTE,A/73/PV.48,0,0,0,NO_PRESERVED_MANUAL_REVIEW_EVIDENCE,UNREVIEWED_IS_NOT_CODED_ZERO
ICJ-172-2018-07-23||GA_FORMAL_VOTE::GAV|1654876,ICJ-172-2018-07-23,172,2018-12-07,137,GA_FORMAL_VOTE,A/73/PV.48,0,0,0,NO_PRESERVED_MANUAL_REVIEW_EVIDENCE,UNREVIEWED_IS_NOT_CODED_ZERO
ICJ-172-2018-07-23||GA_FORMAL_VOTE::GAV|1654879,ICJ-172-2018-07-23,172,2018-12-07,137,GA_FORMAL_VOTE,A/73/PV.48,0,0,0,NO_PRESERVED_MANUAL_REVIEW_EVIDENCE,UNREVIEWED_IS_NOT_CODED_ZERO
ICJ-172-2018-07-23||GA_FORMAL_VOTE::GAV|1654880,ICJ-172-2018-07-23,172,2018-12-07,137,GA_FORMAL_VOTE,A/73/PV.48,0,0,0,NO_PRESERVED_MANUAL_REVIEW_EVIDENCE,UNREVIEWED_IS_NOT_CODED_ZERO
ICJ-172-2018-07-23||GA_FORMAL_VOTE::GAV|1654881,ICJ-172-2018-07-23,172,2018-12-07,137,GA_FORMAL_VOTE,A/73/PV.48,0,0,0,NO_PRESERVED_MANUAL_REVIEW_EVIDENCE,UNREVIEWED_IS_NOT_CODED_ZERO
ICJ-172-2018-07-23||GA_FORMAL_VOTE::GAV|1654882,ICJ-172-2018-07-23,172,2018-12-07,137,GA_FORMAL_VOTE,A/73/PV.48,0,0,0,NO_PRESERVED_MANUAL_REVIEW_EVIDENCE,UNREVIEWED_IS_NOT_CODED_ZERO
ICJ-172-2018-07-23||GA_FORMAL_VOTE::GAV|1654883,ICJ-172-2018-07-23,172,2018-12-07,137,GA_FORMAL_VOTE,A/73/PV.48,0,0,0,NO_PRESERVED_MANUAL_REVIEW_EVIDENCE,UNREVIEWED_IS_NOT_CODED_ZERO
ICJ-172-2018-07-23||GA_FORMAL_VOTE::GAV|1654884,ICJ-172-2018-07-23,172,2018-12-07,137,GA_FORMAL_VOTE,A/73/PV.48,0,0,0,NO_PRESERVED_MANUAL_REVIEW_EVIDENCE,UNREVIEWED_IS_NOT_CODED_ZERO
ICJ-172-2018-07-23||GA_FORMAL_VOTE::GAV|1654885,ICJ-172-2018-07-23,172,2018-12-07,137,GA_FORMAL_VOTE,A/73/PV.48,0,0,0,NO_PRESERVED_MANUAL_REVIEW_EVIDENCE,UNREVIEWED_IS_NOT_CODED_ZERO
ICJ-172-2018-07-23||GA_FORMAL_VOTE::GAV|1654886,ICJ-172-2018-07-23,172,2018-12-07,137,GA_FORMAL_VOTE,A/73/PV.48,0,0,0,NO_PRESERVED_MANUAL_REVIEW_EVIDENCE,UNREVIEWED_IS_NOT_CODED_ZERO
ICJ-172-2018-07-23||GA_FORMAL_VOTE::GAV|1654887,ICJ-172-2018-07-23,172,2018-12-07,137,GA_FORMAL_VOTE,A/73/PV.48,0,0,0,NO_PRESERVED_MANUAL_REVIEW_EVIDENCE,UNREVIEWED_IS_NOT_CODED_ZERO
ICJ-172-2018-07-23||GA_FORMAL_VOTE::GAV|1655458,ICJ-172-2018-07-23,172,2018-12-11,141,GA_FORMAL_VOTE,A/73/PV.50,0,0,0,NO_PRESERVED_MANUAL_REVIEW_EVIDENCE,UNREVIEWED_IS_NOT_CODED_ZERO
ICJ-172-2018-07-23||SC_MEETING::SCM|S/PV.8415,ICJ-172-2018-07-23,172,2018-12-11,141,SC_MEETING,S/PV.8415,0,0,0,NO_PRESERVED_MANUAL_REVIEW_EVIDENCE,UNREVIEWED_IS_NOT_CODED_ZERO
ICJ-172-2018-07-23||SC_MEETING::SCM|S/PV.8416,ICJ-172-2018-07-23,172,2018-12-11,141,SC_MEETING,S/PV.8416,0,0,0,NO_PRESERVED_MANUAL_REVIEW_EVIDENCE,UNREVIEWED_IS_NOT_CODED_ZERO
ICJ-172-2018-07-23||SC_MEETING::SCM|S/PV.8417,ICJ-172-2018-07-23,172,2018-12-11,141,SC_MEETING,S/PV.8417,0,0,0,NO_PRESERVED_MANUAL_REVIEW_EVIDENCE,UNREVIEWED_IS_NOT_CODED_ZERO
ICJ-172-2018-07-23||GA_FORMAL_VOTE::GAV|1655459,ICJ-172-2018-07-23,172,2018-12-12,142,GA_FORMAL_VOTE,A/73/PV.51,0,0,0,NO_PRESERVED_MANUAL_REVIEW_EVIDENCE,UNREVIEWED_IS_NOT_CODED_ZERO
ICJ-172-2018-07-23||SC_MEETING::SCM|S/PV.8418,ICJ-172-2018-07-23,172,2018-12-12,142,SC_MEETING,S/PV.8418,0,0,0,NO_PRESERVED_MANUAL_REVIEW_EVIDENCE,UNREVIEWED_IS_NOT_CODED_ZERO
ICJ-172-2018-07-23||SC_MEETING::SCM|S/PV.8419,ICJ-172-2018-07-23,172,2018-12-12,142,SC_MEETING,S/PV.8419,0,0,0,NO_PRESERVED_MANUAL_REVIEW_EVIDENCE,UNREVIEWED_IS_NOT_CODED_ZERO
ICJ-172-2018-07-23||GA_FORMAL_VOTE::GAV|1655568,ICJ-172-2018-07-23,172,2018-12-13,143,GA_FORMAL_VOTE,A/73/PV.52,0,0,0,NO_PRESERVED_MANUAL_REVIEW_EVIDENCE,UNREVIEWED_IS_NOT_CODED_ZERO
ICJ-172-2018-07-23||GA_FORMAL_VOTE::GAV|1655569,ICJ-172-2018-07-23,172,2018-12-13,143,GA_FORMAL_VOTE,A/73/PV.52,0,0,0,NO_PRESERVED_MANUAL_REVIEW_EVIDENCE,UNREVIEWED_IS_NOT_CODED_ZERO
ICJ-172-2018-07-23||SC_FORMAL_VOTE::SCV|1776,ICJ-172-2018-07-23,172,2018-12-13,143,SC_FORMAL_VOTE,S/PV.8423,0,0,0,NO_PRESERVED_MANUAL_REVIEW_EVIDENCE,UNREVIEWED_IS_NOT_CODED_ZERO
ICJ-172-2018-07-23||SC_FORMAL_VOTE::SCV|1777,ICJ-172-2018-07-23,172,2018-12-13,143,SC_FORMAL_VOTE,S/PV.8420,0,0,0,NO_PRESERVED_MANUAL_REVIEW_EVIDENCE,UNREVIEWED_IS_NOT_CODED_ZERO
ICJ-172-2018-07-23||SC_FORMAL_VOTE::SCV|1778,ICJ-172-2018-07-23,172,2018-12-13,143,SC_FORMAL_VOTE,S/PV.8422,0,0,0,NO_PRESERVED_MANUAL_REVIEW_EVIDENCE,UNREVIEWED_IS_NOT_CODED_ZERO
ICJ-172-2018-07-23||SC_MEETING::SCM|S/PV.8420,ICJ-172-2018-07-23,172,2018-12-13,143,SC_MEETING,S/PV.8420,0,0,0,NO_PRESERVED_MANUAL_REVIEW_EVIDENCE,UNREVIEWED_IS_NOT_CODED_ZERO
ICJ-172-2018-07-23||SC_MEETING::SCM|S/PV.8421,ICJ-172-2018-07-23,172,2018-12-13,143,SC_MEETING,S/PV.8421,0,0,0,NO_PRESERVED_MANUAL_REVIEW_EVIDENCE,UNREVIEWED_IS_NOT_CODED_ZERO
ICJ-172-2018-07-23||SC_MEETING::SCM|S/PV.8422,ICJ-172-2018-07-23,172,2018-12-13,143,SC_MEETING,S/PV.8422,0,0,0,NO_PRESERVED_MANUAL_REVIEW_EVIDENCE,UNREVIEWED_IS_NOT_CODED_ZERO
ICJ-172-2018-07-23||SC_MEETING::SCM|S/PV.8423,ICJ-172-2018-07-23,172,2018-12-13,143,SC_MEETING,S/PV.8423,0,0,0,NO_PRESERVED_MANUAL_REVIEW_EVIDENCE,UNREVIEWED_IS_NOT_CODED_ZERO
ICJ-172-2018-07-23||SC_MEETING::SCM|S/PV.8424,ICJ-172-2018-07-23,172,2018-12-14,144,SC_MEETING,S/PV.8424,0,0,0,NO_PRESERVED_MANUAL_REVIEW_EVIDENCE,UNREVIEWED_IS_NOT_CODED_ZERO
ICJ-172-2018-07-23||SC_MEETING::SCM|S/PV.8425,ICJ-172-2018-07-23,172,2018-12-14,144,SC_MEETING,S/PV.8425,0,0,0,NO_PRESERVED_MANUAL_REVIEW_EVIDENCE,UNREVIEWED_IS_NOT_CODED_ZERO
ICJ-172-2018-07-23||GA_FORMAL_VOTE::GAV|1656124,ICJ-172-2018-07-23,172,2018-12-17,147,GA_FORMAL_VOTE,A/73/PV.56,0,0,0,NO_PRESERVED_MANUAL_REVIEW_EVIDENCE,UNREVIEWED_IS_NOT_CODED_ZERO
ICJ-172-2018-07-23||GA_FORMAL_VOTE::GAV|1656157,ICJ-172-2018-07-23,172,2018-12-17,147,GA_FORMAL_VOTE,A/73/PV.55,0,0,0,NO_PRESERVED_MANUAL_REVIEW_EVIDENCE,UNREVIEWED_IS_NOT_CODED_ZERO
ICJ-172-2018-07-23||GA_FORMAL_VOTE::GAV|1656158,ICJ-172-2018-07-23,172,2018-12-17,147,GA_FORMAL_VOTE,A/73/PV.55,0,0,0,NO_PRESERVED_MANUAL_REVIEW_EVIDENCE,UNREVIEWED_IS_NOT_CODED_ZERO
ICJ-172-2018-07-23||GA_FORMAL_VOTE::GAV|1656159,ICJ-172-2018-07-23,172,2018-12-17,147,GA_FORMAL_VOTE,A/73/PV.55,0,0,0,NO_PRESERVED_MANUAL_REVIEW_EVIDENCE,UNREVIEWED_IS_NOT_CODED_ZERO
ICJ-172-2018-07-23||GA_FORMAL_VOTE::GAV|1656160,ICJ-172-2018-07-23,172,2018-12-17,147,GA_FORMAL_VOTE,A/73/PV.55,0,0,0,NO_PRESERVED_MANUAL_REVIEW_EVIDENCE,UNREVIEWED_IS_NOT_CODED_ZERO
ICJ-172-2018-07-23||GA_FORMAL_VOTE::GAV|1656161,ICJ-172-2018-07-23,172,2018-12-17,147,GA_FORMAL_VOTE,A/73/PV.55,0,0,0,NO_PRESERVED_MANUAL_REVIEW_EVIDENCE,UNREVIEWED_IS_NOT_CODED_ZERO
ICJ-172-2018-07-23||GA_FORMAL_VOTE::GAV|1656162,ICJ-172-2018-07-23,172,2018-12-17,147,GA_FORMAL_VOTE,A/73/PV.55,0,0,0,NO_PRESERVED_MANUAL_REVIEW_EVIDENCE,UNREVIEWED_IS_NOT_CODED_ZERO
ICJ-172-2018-07-23||GA_FORMAL_VOTE::GAV|1656163,ICJ-172-2018-07-23,172,2018-12-17,147,GA_FORMAL_VOTE,A/73/PV.55,0,0,0,NO_PRESERVED_MANUAL_REVIEW_EVIDENCE,UNREVIEWED_IS_NOT_CODED_ZERO
ICJ-172-2018-07-23||GA_FORMAL_VOTE::GAV|1656164,ICJ-172-2018-07-23,172,2018-12-17,147,GA_FORMAL_VOTE,A/73/PV.55,0,0,0,NO_PRESERVED_MANUAL_REVIEW_EVIDENCE,UNREVIEWED_IS_NOT_CODED_ZERO
ICJ-172-2018-07-23||GA_FORMAL_VOTE::GAV|1656165,ICJ-172-2018-07-23,172,2018-12-17,147,GA_FORMAL_VOTE,A/73/PV.55,0,0,0,NO_PRESERVED_MANUAL_REVIEW_EVIDENCE,UNREVIEWED_IS_NOT_CODED_ZERO
ICJ-172-2018-07-23||GA_FORMAL_VOTE::GAV|1656166,ICJ-172-2018-07-23,172,2018-12-17,147,GA_FORMAL_VOTE,A/73/PV.55,0,0,0,NO_PRESERVED_MANUAL_REVIEW_EVIDENCE,UNREVIEWED_IS_NOT_CODED_ZERO
ICJ-172-2018-07-23||GA_FORMAL_VOTE::GAV|1656167,ICJ-172-2018-07-23,172,2018-12-17,147,GA_FORMAL_VOTE,A/73/PV.55,0,0,0,NO_PRESERVED_MANUAL_REVIEW_EVIDENCE,UNREVIEWED_IS_NOT_CODED_ZERO
ICJ-172-2018-07-23||GA_FORMAL_VOTE::GAV|1656168,ICJ-172-2018-07-23,172,2018-12-17,147,GA_FORMAL_VOTE,A/73/PV.55,0,0,0,NO_PRESERVED_MANUAL_REVIEW_EVIDENCE,UNREVIEWED_IS_NOT_CODED_ZERO
ICJ-172-2018-07-23||GA_FORMAL_VOTE::GAV|1656169,ICJ-172-2018-07-23,172,2018-12-17,147,GA_FORMAL_VOTE,A/73/PV.55,0,0,0,NO_PRESERVED_MANUAL_REVIEW_EVIDENCE,UNREVIEWED_IS_NOT_CODED_ZERO
ICJ-172-2018-07-23||GA_FORMAL_VOTE::GAV|1656170,ICJ-172-2018-07-23,172,2018-12-17,147,GA_FORMAL_VOTE,A/73/PV.55,0,0,0,NO_PRESERVED_MANUAL_REVIEW_EVIDENCE,UNREVIEWED_IS_NOT_CODED_ZERO
ICJ-172-2018-07-23||GA_FORMAL_VOTE::GAV|1656171,ICJ-172-2018-07-23,172,2018-12-17,147,GA_FORMAL_VOTE,A/73/PV.55,0,0,0,NO_PRESERVED_MANUAL_REVIEW_EVIDENCE,UNREVIEWED_IS_NOT_CODED_ZERO
ICJ-172-2018-07-23||GA_FORMAL_VOTE::GAV|1656197,ICJ-172-2018-07-23,172,2018-12-17,147,GA_FORMAL_VOTE,A/73/PV.56,0,0,0,NO_PRESERVED_MANUAL_REVIEW_EVIDENCE,UNREVIEWED_IS_NOT_CODED_ZERO
ICJ-172-2018-07-23||GA_FORMAL_VOTE::GAV|1656198,ICJ-172-2018-07-23,172,2018-12-17,147,GA_FORMAL_VOTE,A/73/PV.56,0,0,0,NO_PRESERVED_MANUAL_REVIEW_EVIDENCE,UNREVIEWED_IS_NOT_CODED_ZERO
ICJ-172-2018-07-23||GA_FORMAL_VOTE::GAV|1656199,ICJ-172-2018-07-23,172,2018-12-17,147,GA_FORMAL_VOTE,A/73/PV.56,0,0,0,NO_PRESERVED_MANUAL_REVIEW_EVIDENCE,UNREVIEWED_IS_NOT_CODED_ZERO
ICJ-172-2018-07-23||SC_MEETING::SCM|S/PV.8426,ICJ-172-2018-07-23,172,2018-12-17,147,SC_MEETING,S/PV.8426,0,0,0,NO_PRESERVED_MANUAL_REVIEW_EVIDENCE,UNREVIEWED_IS_NOT_CODED_ZERO
ICJ-172-2018-07-23||SC_MEETING::SCM|S/PV.8427,ICJ-172-2018-07-23,172,2018-12-17,147,SC_MEETING,S/PV.8427,0,0,0,NO_PRESERVED_MANUAL_REVIEW_EVIDENCE,UNREVIEWED_IS_NOT_CODED_ZERO
ICJ-172-2018-07-23||SC_MEETING::SCM|S/PV.8428,ICJ-172-2018-07-23,172,2018-12-17,147,SC_MEETING,S/PV.8428,0,0,0,NO_PRESERVED_MANUAL_REVIEW_EVIDENCE,UNREVIEWED_IS_NOT_CODED_ZERO
ICJ-172-2018-07-23||SC_MEETING::SCM|S/PV.8429,ICJ-172-2018-07-23,172,2018-12-18,148,SC_MEETING,S/PV.8429,0,0,0,NO_PRESERVED_MANUAL_REVIEW_EVIDENCE,UNREVIEWED_IS_NOT_CODED_ZERO
ICJ-172-2018-07-23||SC_MEETING::SCM|S/PV.8430,ICJ-172-2018-07-23,172,2018-12-18,148,SC_MEETING,S/PV.8430,0,0,0,NO_PRESERVED_MANUAL_REVIEW_EVIDENCE,UNREVIEWED_IS_NOT_CODED_ZERO
ICJ-172-2018-07-23||SC_MEETING::SCM|S/PV.8431,ICJ-172-2018-07-23,172,2018-12-18,148,SC_MEETING,S/PV.8431,0,0,0,NO_PRESERVED_MANUAL_REVIEW_EVIDENCE,UNREVIEWED_IS_NOT_CODED_ZERO
ICJ-172-2018-07-23||GA_FORMAL_VOTE::GAV|1656414,ICJ-172-2018-07-23,172,2018-12-19,149,GA_FORMAL_VOTE,A/73/PV.60,0,0,0,NO_PRESERVED_MANUAL_REVIEW_EVIDENCE,UNREVIEWED_IS_NOT_CODED_ZERO
ICJ-172-2018-07-23||SC_MEETING::SCM|S/PV.8432,ICJ-172-2018-07-23,172,2018-12-19,149,SC_MEETING,S/PV.8432,0,0,0,NO_PRESERVED_MANUAL_REVIEW_EVIDENCE,UNREVIEWED_IS_NOT_CODED_ZERO
ICJ-172-2018-07-23||SC_MEETING::SCM|S/PV.8433,ICJ-172-2018-07-23,172,2018-12-19,149,SC_MEETING,S/PV.8433,0,0,0,NO_PRESERVED_MANUAL_REVIEW_EVIDENCE,UNREVIEWED_IS_NOT_CODED_ZERO
ICJ-172-2018-07-23||GA_FORMAL_VOTE::GAV|1656636,ICJ-172-2018-07-23,172,2018-12-20,150,GA_FORMAL_VOTE,A/73/PV.62,0,0,0,NO_PRESERVED_MANUAL_REVIEW_EVIDENCE,UNREVIEWED_IS_NOT_CODED_ZERO
ICJ-172-2018-07-23||GA_FORMAL_VOTE::GAV|1656637,ICJ-172-2018-07-23,172,2018-12-20,150,GA_FORMAL_VOTE,A/73/PV.62,0,0,0,NO_PRESERVED_MANUAL_REVIEW_EVIDENCE,UNREVIEWED_IS_NOT_CODED_ZERO
ICJ-172-2018-07-23||GA_FORMAL_VOTE::GAV|1656638,ICJ-172-2018-07-23,172,2018-12-20,150,GA_FORMAL_VOTE,A/73/PV.62,0,0,0,NO_PRESERVED_MANUAL_REVIEW_EVIDENCE,UNREVIEWED_IS_NOT_CODED_ZERO
ICJ-172-2018-07-23||GA_FORMAL_VOTE::GAV|1656639,ICJ-172-2018-07-23,172,2018-12-20,150,GA_FORMAL_VOTE,A/73/PV.62,0,0,0,NO_PRESERVED_MANUAL_REVIEW_EVIDENCE,UNREVIEWED_IS_NOT_CODED_ZERO
ICJ-172-2018-07-23||GA_FORMAL_VOTE::GAV|1656640,ICJ-172-2018-07-23,172,2018-12-20,150,GA_FORMAL_VOTE,A/73/PV.63,0,1,1,PUBLISHED_RECALL_REVIEW_REPORTED_CANDIDATE_ID_RECONSTRUCTED,REVIEW_EVIDENCE_PRESENT
ICJ-172-2018-07-23||GA_FORMAL_VOTE::GAV|1656642,ICJ-172-2018-07-23,172,2018-12-20,150,GA_FORMAL_VOTE,A/73/PV.62,0,0,0,NO_PRESERVED_MANUAL_REVIEW_EVIDENCE,UNREVIEWED_IS_NOT_CODED_ZERO
ICJ-172-2018-07-23||GA_FORMAL_VOTE::GAV|1656643,ICJ-172-2018-07-23,172,2018-12-20,150,GA_FORMAL_VOTE,A/73/PV.63,0,0,0,NO_PRESERVED_MANUAL_REVIEW_EVIDENCE,UNREVIEWED_IS_NOT_CODED_ZERO
ICJ-172-2018-07-23||GA_FORMAL_VOTE::GAV|1656644,ICJ-172-2018-07-23,172,2018-12-20,150,GA_FORMAL_VOTE,A/73/PV.62,0,0,0,NO_PRESERVED_MANUAL_REVIEW_EVIDENCE,UNREVIEWED_IS_NOT_CODED_ZERO
ICJ-172-2018-07-23||GA_FORMAL_VOTE::GAV|1656645,ICJ-172-2018-07-23,172,2018-12-20,150,GA_FORMAL_VOTE,A/73/PV.62,0,0,0,NO_PRESERVED_MANUAL_REVIEW_EVIDENCE,UNREVIEWED_IS_NOT_CODED_ZERO
ICJ-172-2018-07-23||GA_FORMAL_VOTE::GAV|1656646,ICJ-172-2018-07-23,172,2018-12-20,150,GA_FORMAL_VOTE,A/73/PV.62,0,0,0,NO_PRESERVED_MANUAL_REVIEW_EVIDENCE,UNREVIEWED_IS_NOT_CODED_ZERO
ICJ-172-2018-07-23||GA_FORMAL_VOTE::GAV|1656647,ICJ-172-2018-07-23,172,2018-12-20,150,GA_FORMAL_VOTE,A/73/PV.62,0,0,0,NO_PRESERVED_MANUAL_REVIEW_EVIDENCE,UNREVIEWED_IS_NOT_CODED_ZERO
ICJ-172-2018-07-23||GA_FORMAL_VOTE::GAV|1656648,ICJ-172-2018-07-23,172,2018-12-20,150,GA_FORMAL_VOTE,A/73/PV.62,0,0,0,NO_PRESERVED_MANUAL_REVIEW_EVIDENCE,UNREVIEWED_IS_NOT_CODED_ZERO
ICJ-172-2018-07-23||GA_FORMAL_VOTE::GAV|1656649,ICJ-172-2018-07-23,172,2018-12-20,150,GA_FORMAL_VOTE,A/73/PV.62,0,0,0,NO_PRESERVED_MANUAL_REVIEW_EVIDENCE,UNREVIEWED_IS_NOT_CODED_ZERO
ICJ-172-2018-07-23||SC_MEETING::SCM|S/PV.8434,ICJ-172-2018-07-23,172,2018-12-20,150,SC_MEETING,S/PV.8434,0,0,0,NO_PRESERVED_MANUAL_REVIEW_EVIDENCE,UNREVIEWED_IS_NOT_CODED_ZERO
ICJ-172-2018-07-23||SC_MEETING::SCM|S/PV.8435,ICJ-172-2018-07-23,172,2018-12-20,150,SC_MEETING,S/PV.8435,0,0,0,NO_PRESERVED_MANUAL_REVIEW_EVIDENCE,UNREVIEWED_IS_NOT_CODED_ZERO
ICJ-172-2018-07-23||SC_FORMAL_VOTE::SCV|1779,ICJ-172-2018-07-23,172,2018-12-21,151,SC_FORMAL_VOTE,S/PV.8436,0,0,0,NO_PRESERVED_MANUAL_REVIEW_EVIDENCE,UNREVIEWED_IS_NOT_CODED_ZERO
ICJ-172-2018-07-23||SC_FORMAL_VOTE::SCV|1780,ICJ-172-2018-07-23,172,2018-12-21,151,SC_FORMAL_VOTE,S/PV.8439,0,0,0,NO_PRESERVED_MANUAL_REVIEW_EVIDENCE,UNREVIEWED_IS_NOT_CODED_ZERO
ICJ-172-2018-07-23||SC_MEETING::SCM|S/PV.8436,ICJ-172-2018-07-23,172,2018-12-21,151,SC_MEETING,S/PV.8436,0,0,0,NO_PRESERVED_MANUAL_REVIEW_EVIDENCE,UNREVIEWED_IS_NOT_CODED_ZERO
ICJ-172-2018-07-23||SC_MEETING::SCM|S/PV.8437,ICJ-172-2018-07-23,172,2018-12-21,151,SC_MEETING,S/PV.8437,0,0,0,NO_PRESERVED_MANUAL_REVIEW_EVIDENCE,UNREVIEWED_IS_NOT_CODED_ZERO
ICJ-172-2018-07-23||SC_MEETING::SCM|S/PV.8438,ICJ-172-2018-07-23,172,2018-12-21,151,SC_MEETING,S/PV.8438,0,0,0,NO_PRESERVED_MANUAL_REVIEW_EVIDENCE,UNREVIEWED_IS_NOT_CODED_ZERO
ICJ-172-2018-07-23||SC_MEETING::SCM|S/PV.8439,ICJ-172-2018-07-23,172,2018-12-21,151,SC_MEETING,S/PV.8439,0,0,0,NO_PRESERVED_MANUAL_REVIEW_EVIDENCE,UNREVIEWED_IS_NOT_CODED_ZERO
ICJ-172-2018-07-23||GA_FORMAL_VOTE::GAV|1657117,ICJ-172-2018-07-23,172,2018-12-22,152,GA_FORMAL_VOTE,A/73/PV.65,0,0,0,NO_PRESERVED_MANUAL_REVIEW_EVIDENCE,UNREVIEWED_IS_NOT_CODED_ZERO
ICJ-172-2018-07-23||GA_FORMAL_VOTE::GAV|1657118,ICJ-172-2018-07-23,172,2018-12-22,152,GA_FORMAL_VOTE,A/73/PV.65,0,0,0,NO_PRESERVED_MANUAL_REVIEW_EVIDENCE,UNREVIEWED_IS_NOT_CODED_ZERO
ICJ-172-2018-07-23||GA_FORMAL_VOTE::GAV|1657119,ICJ-172-2018-07-23,172,2018-12-22,152,GA_FORMAL_VOTE,A/73/PV.65,0,0,0,NO_PRESERVED_MANUAL_REVIEW_EVIDENCE,UNREVIEWED_IS_NOT_CODED_ZERO
ICJ-172-2018-07-23||GA_FORMAL_VOTE::GAV|1657120,ICJ-172-2018-07-23,172,2018-12-22,152,GA_FORMAL_VOTE,A/73/PV.65,0,0,0,NO_PRESERVED_MANUAL_REVIEW_EVIDENCE,UNREVIEWED_IS_NOT_CODED_ZERO
ICJ-172-2018-07-23||GA_FORMAL_VOTE::GAV|1657121,ICJ-172-2018-07-23,172,2018-12-22,152,GA_FORMAL_VOTE,A/73/PV.65,0,0,0,NO_PRESERVED_MANUAL_REVIEW_EVIDENCE,UNREVIEWED_IS_NOT_CODED_ZERO
ICJ-172-2018-07-23||SC_MEETING::SCM|S/PV.8440,ICJ-172-2018-07-23,172,2019-01-03,164,SC_MEETING,S/PV.8440,0,0,0,NO_PRESERVED_MANUAL_REVIEW_EVIDENCE,UNREVIEWED_IS_NOT_CODED_ZERO
ICJ-172-2018-07-23||SC_MEETING::SCM|S/PV.8441,ICJ-172-2018-07-23,172,2019-01-09,170,SC_MEETING,S/PV.8441,0,0,0,NO_PRESERVED_MANUAL_REVIEW_EVIDENCE,UNREVIEWED_IS_NOT_CODED_ZERO
ICJ-172-2018-07-23||SC_MEETING::SCM|S/PV.8442,ICJ-172-2018-07-23,172,2019-01-10,171,SC_MEETING,S/PV.8442,0,0,0,NO_PRESERVED_MANUAL_REVIEW_EVIDENCE,UNREVIEWED_IS_NOT_CODED_ZERO
ICJ-172-2018-07-23||SC_MEETING::SCM|S/PV.8443,ICJ-172-2018-07-23,172,2019-01-11,172,SC_MEETING,S/PV.8443,0,0,0,NO_PRESERVED_MANUAL_REVIEW_EVIDENCE,UNREVIEWED_IS_NOT_CODED_ZERO
ICJ-172-2018-07-23||SC_FORMAL_VOTE::SCV|1781,ICJ-172-2018-07-23,172,2019-01-16,177,SC_FORMAL_VOTE,S/PV.8444,0,0,0,NO_PRESERVED_MANUAL_REVIEW_EVIDENCE,UNREVIEWED_IS_NOT_CODED_ZERO
ICJ-172-2018-07-23||SC_MEETING::SCM|S/PV.8444,ICJ-172-2018-07-23,172,2019-01-16,177,SC_MEETING,S/PV.8444,0,0,0,NO_PRESERVED_MANUAL_REVIEW_EVIDENCE,UNREVIEWED_IS_NOT_CODED_ZERO
ICJ-172-2018-07-23||SC_MEETING::SCM|S/PV.8445,ICJ-172-2018-07-23,172,2019-01-16,177,SC_MEETING,S/PV.8445,0,0,0,NO_PRESERVED_MANUAL_REVIEW_EVIDENCE,UNREVIEWED_IS_NOT_CODED_ZERO
ICJ-172-2018-07-23||SC_MEETING::SCM|S/PV.8446,ICJ-172-2018-07-23,172,2019-01-17,178,SC_MEETING,S/PV.8446,0,0,0,NO_PRESERVED_MANUAL_REVIEW_EVIDENCE,UNREVIEWED_IS_NOT_CODED_ZERO
ICJ-172-2018-07-23||SC_MEETING::SCM|S/PV.8447,ICJ-172-2018-07-23,172,2019-01-17,178,SC_MEETING,S/PV.8447,0,0,0,NO_PRESERVED_MANUAL_REVIEW_EVIDENCE,UNREVIEWED_IS_NOT_CODED_ZERO
ICJ-172-2018-07-23||SC_MEETING::SCM|S/PV.8448,ICJ-172-2018-07-23,172,2019-01-18,179,SC_MEETING,S/PV.8448,0,0,0,NO_PRESERVED_MANUAL_REVIEW_EVIDENCE,UNREVIEWED_IS_NOT_CODED_ZERO
ICJ-178-2020-01-23||SC_MEETING::SCM|S/PV.8707,ICJ-178-2020-01-23,178,2020-01-29,6,SC_MEETING,S/PV.8707,0,0,0,NO_PRESERVED_MANUAL_REVIEW_EVIDENCE,UNREVIEWED_IS_NOT_CODED_ZERO
ICJ-178-2020-01-23||SC_MEETING::SCM|S/PV.8708,ICJ-178-2020-01-23,178,2020-01-29,6,SC_MEETING,S/PV.8708,0,0,0,NO_PRESERVED_MANUAL_REVIEW_EVIDENCE,UNREVIEWED_IS_NOT_CODED_ZERO
ICJ-178-2020-01-23||SC_FORMAL_VOTE::SCV|1841,ICJ-178-2020-01-23,178,2020-01-30,7,SC_FORMAL_VOTE,S/PV.8709,0,0,0,NO_PRESERVED_MANUAL_REVIEW_EVIDENCE,UNREVIEWED_IS_NOT_CODED_ZERO
ICJ-178-2020-01-23||SC_MEETING::SCM|S/PV.8709,ICJ-178-2020-01-23,178,2020-01-30,7,SC_MEETING,S/PV.8709,0,0,0,NO_PRESERVED_MANUAL_REVIEW_EVIDENCE,UNREVIEWED_IS_NOT_CODED_ZERO
ICJ-178-2020-01-23||SC_MEETING::SCM|S/PV.8710,ICJ-178-2020-01-23,178,2020-01-30,7,SC_MEETING,S/PV.8710,0,0,0,NO_PRESERVED_MANUAL_REVIEW_EVIDENCE,UNREVIEWED_IS_NOT_CODED_ZERO
ICJ-178-2020-01-23||SC_MEETING::SCM|S/PV.8711,ICJ-178-2020-01-23,178,2020-01-30,7,SC_MEETING,S/PV.8711,0,0,0,NO_PRESERVED_MANUAL_REVIEW_EVIDENCE,UNREVIEWED_IS_NOT_CODED_ZERO
ICJ-178-2020-01-23||SC_FORMAL_VOTE::SCV|1842,ICJ-178-2020-01-23,178,2020-01-31,8,SC_FORMAL_VOTE,S/PV.8712,0,0,0,NO_PRESERVED_MANUAL_REVIEW_EVIDENCE,UNREVIEWED_IS_NOT_CODED_ZERO
ICJ-178-2020-01-23||SC_MEETING::SCM|S/PV.8712,ICJ-178-2020-01-23,178,2020-01-31,8,SC_MEETING,S/PV.8712,0,0,0,NO_PRESERVED_MANUAL_REVIEW_EVIDENCE,UNREVIEWED_IS_NOT_CODED_ZERO
ICJ-178-2020-01-23||SC_MEETING::SCM|S/PV.8713,ICJ-178-2020-01-23,178,2020-02-05,13,SC_MEETING,S/PV.8713,0,0,0,NO_PRESERVED_MANUAL_REVIEW_EVIDENCE,UNREVIEWED_IS_NOT_CODED_ZERO
ICJ-178-2020-01-23||SC_MEETING::SCM|S/PV.8714,ICJ-178-2020-01-23,178,2020-02-06,14,SC_MEETING,S/PV.8714,0,0,0,NO_PRESERVED_MANUAL_REVIEW_EVIDENCE,UNREVIEWED_IS_NOT_CODED_ZERO
ICJ-178-2020-01-23||SC_MEETING::SCM|S/PV.8715,ICJ-178-2020-01-23,178,2020-02-06,14,SC_MEETING,S/PV.8715,0,0,0,NO_PRESERVED_MANUAL_REVIEW_EVIDENCE,UNREVIEWED_IS_NOT_CODED_ZERO
ICJ-178-2020-01-23||SC_MEETING::SCM|S/PV.8716,ICJ-178-2020-01-23,178,2020-02-07,15,SC_MEETING,S/PV.8716,0,0,0,NO_PRESERVED_MANUAL_REVIEW_EVIDENCE,UNREVIEWED_IS_NOT_CODED_ZERO
ICJ-178-2020-01-23||SC_FORMAL_VOTE::SCV|1843,ICJ-178-2020-01-23,178,2020-02-11,19,SC_FORMAL_VOTE,S/PV.8718,0,0,0,NO_PRESERVED_MANUAL_REVIEW_EVIDENCE,UNREVIEWED_IS_NOT_CODED_ZERO
ICJ-178-2020-01-23||SC_FORMAL_VOTE::SCV|1844,ICJ-178-2020-01-23,178,2020-02-11,19,SC_FORMAL_VOTE,S/PV.8719,0,0,0,NO_PRESERVED_MANUAL_REVIEW_EVIDENCE,UNREVIEWED_IS_NOT_CODED_ZERO
ICJ-178-2020-01-23||SC_MEETING::SCM|S/PV.8717,ICJ-178-2020-01-23,178,2020-02-11,19,SC_MEETING,S/PV.8717,0,0,0,NO_PRESERVED_MANUAL_REVIEW_EVIDENCE,UNREVIEWED_IS_NOT_CODED_ZERO
ICJ-178-2020-01-23||SC_MEETING::SCM|S/PV.8718,ICJ-178-2020-01-23,178,2020-02-11,19,SC_MEETING,S/PV.8718,0,0,0,NO_PRESERVED_MANUAL_REVIEW_EVIDENCE,UNREVIEWED_IS_NOT_CODED_ZERO
ICJ-178-2020-01-23||SC_MEETING::SCM|S/PV.8719,ICJ-178-2020-01-23,178,2020-02-11,19,SC_MEETING,S/PV.8719,0,0,0,NO_PRESERVED_MANUAL_REVIEW_EVIDENCE,UNREVIEWED_IS_NOT_CODED_ZERO
ICJ-178-2020-01-23||SC_MEETING::SCM|S/PV.8720,ICJ-178-2020-01-23,178,2020-02-11,19,SC_MEETING,S/PV.8720,0,0,0,NO_PRESERVED_MANUAL_REVIEW_EVIDENCE,UNREVIEWED_IS_NOT_CODED_ZERO
ICJ-178-2020-01-23||SC_FORMAL_VOTE::SCV|1845,ICJ-178-2020-01-23,178,2020-02-12,20,SC_FORMAL_VOTE,S/PV.8722,0,0,0,NO_PRESERVED_MANUAL_REVIEW_EVIDENCE,UNREVIEWED_IS_NOT_CODED_ZERO
ICJ-178-2020-01-23||SC_MEETING::SCM|S/PV.8721,ICJ-178-2020-01-23,178,2020-02-12,20,SC_MEETING,S/PV.8721,0,0,0,NO_PRESERVED_MANUAL_REVIEW_EVIDENCE,UNREVIEWED_IS_NOT_CODED_ZERO
ICJ-178-2020-01-23||SC_MEETING::SCM|S/PV.8722,ICJ-178-2020-01-23,178,2020-02-12,20,SC_MEETING,S/PV.8722,0,0,0,NO_PRESERVED_MANUAL_REVIEW_EVIDENCE,UNREVIEWED_IS_NOT_CODED_ZERO
ICJ-178-2020-01-23||SC_MEETING::SCM|S/PV.8723,ICJ-178-2020-01-23,178,2020-02-13,21,SC_MEETING,S/PV.8723,0,0,0,NO_PRESERVED_MANUAL_REVIEW_EVIDENCE,UNREVIEWED_IS_NOT_CODED_ZERO
ICJ-178-2020-01-23||SC_MEETING::SCM|S/PV.8723 (Resumption 1),ICJ-178-2020-01-23,178,2020-02-13,21,SC_MEETING,S/PV.8723 (Resumption 1),0,0,0,NO_PRESERVED_MANUAL_REVIEW_EVIDENCE,UNREVIEWED_IS_NOT_CODED_ZERO
ICJ-178-2020-01-23||SC_MEETING::SCM|S/PV.8724,ICJ-178-2020-01-23,178,2020-02-14,22,SC_MEETING,S/PV.8724,0,0,0,NO_PRESERVED_MANUAL_REVIEW_EVIDENCE,UNREVIEWED_IS_NOT_CODED_ZERO
ICJ-178-2020-01-23||SC_MEETING::SCM|S/PV.8725,ICJ-178-2020-01-23,178,2020-02-18,26,SC_MEETING,S/PV.8725,0,0,0,NO_PRESERVED_MANUAL_REVIEW_EVIDENCE,UNREVIEWED_IS_NOT_CODED_ZERO
ICJ-178-2020-01-23||SC_MEETING::SCM|S/PV.8726,ICJ-178-2020-01-23,178,2020-02-18,26,SC_MEETING,S/PV.8726,0,0,0,NO_PRESERVED_MANUAL_REVIEW_EVIDENCE,UNREVIEWED_IS_NOT_CODED_ZERO
ICJ-178-2020-01-23||SC_MEETING::SCM|S/PV.8727,ICJ-178-2020-01-23,178,2020-02-19,27,SC_MEETING,S/PV.8727,0,0,0,NO_PRESERVED_MANUAL_REVIEW_EVIDENCE,UNREVIEWED_IS_NOT_CODED_ZERO
ICJ-178-2020-01-23||SC_MEETING::SCM|S/PV.8728,ICJ-178-2020-01-23,178,2020-02-20,28,SC_MEETING,S/PV.8728,0,0,0,NO_PRESERVED_MANUAL_REVIEW_EVIDENCE,UNREVIEWED_IS_NOT_CODED_ZERO
ICJ-178-2020-01-23||SC_MEETING::SCM|S/PV.8729,ICJ-178-2020-01-23,178,2020-02-20,28,SC_MEETING,S/PV.8729,0,0,0,NO_PRESERVED_MANUAL_REVIEW_EVIDENCE,UNREVIEWED_IS_NOT_CODED_ZERO
ICJ-178-2020-01-23||SC_MEETING::SCM|S/PV.8730,ICJ-178-2020-01-23,178,2020-02-24,32,SC_MEETING,S/PV.8730,0,0,0,NO_PRESERVED_MANUAL_REVIEW_EVIDENCE,UNREVIEWED_IS_NOT_CODED_ZERO
ICJ-178-2020-01-23||SC_MEETING::SCM|S/PV.8731,ICJ-178-2020-01-23,178,2020-02-24,32,SC_MEETING,S/PV.8731,0,0,0,NO_PRESERVED_MANUAL_REVIEW_EVIDENCE,UNREVIEWED_IS_NOT_CODED_ZERO
ICJ-178-2020-01-23||SC_FORMAL_VOTE::SCV|1846,ICJ-178-2020-01-23,178,2020-02-25,33,SC_FORMAL_VOTE,S/PV.8732,0,0,0,NO_PRESERVED_MANUAL_REVIEW_EVIDENCE,UNREVIEWED_IS_NOT_CODED_ZERO
ICJ-178-2020-01-23||SC_MEETING::SCM|S/PV.8732,ICJ-178-2020-01-23,178,2020-02-25,33,SC_MEETING,S/PV.8732,0,0,0,NO_PRESERVED_MANUAL_REVIEW_EVIDENCE,UNREVIEWED_IS_NOT_CODED_ZERO
ICJ-178-2020-01-23||SC_MEETING::SCM|S/PV.8733,ICJ-178-2020-01-23,178,2020-02-26,34,SC_MEETING,S/PV.8733,0,0,0,NO_PRESERVED_MANUAL_REVIEW_EVIDENCE,UNREVIEWED_IS_NOT_CODED_ZERO
ICJ-178-2020-01-23||SC_MEETING::SCM|S/PV.8734,ICJ-178-2020-01-23,178,2020-02-27,35,SC_MEETING,S/PV.8734,0,0,0,NO_PRESERVED_MANUAL_REVIEW_EVIDENCE,UNREVIEWED_IS_NOT_CODED_ZERO
ICJ-178-2020-01-23||SC_MEETING::SCM|S/PV.8735,ICJ-178-2020-01-23,178,2020-02-27,35,SC_MEETING,S/PV.8735,0,0,0,NO_PRESERVED_MANUAL_REVIEW_EVIDENCE,UNREVIEWED_IS_NOT_CODED_ZERO
ICJ-178-2020-01-23||SC_FORMAL_VOTE::SCV|1847,ICJ-178-2020-01-23,178,2020-02-28,36,SC_FORMAL_VOTE,S/PV.8736,0,0,0,NO_PRESERVED_MANUAL_REVIEW_EVIDENCE,UNREVIEWED_IS_NOT_CODED_ZERO
ICJ-178-2020-01-23||SC_MEETING::SCM|S/PV.8736,ICJ-178-2020-01-23,178,2020-02-28,36,SC_MEETING,S/PV.8736,0,0,0,NO_PRESERVED_MANUAL_REVIEW_EVIDENCE,UNREVIEWED_IS_NOT_CODED_ZERO
ICJ-178-2020-01-23||SC_MEETING::SCM|S/PV.8737,ICJ-178-2020-01-23,178,2020-02-28,36,SC_MEETING,S/PV.8737,0,0,0,NO_PRESERVED_MANUAL_REVIEW_EVIDENCE,UNREVIEWED_IS_NOT_CODED_ZERO
ICJ-178-2020-01-23||SC_MEETING::SCM|S/PV.8738,ICJ-178-2020-01-23,178,2020-02-28,36,SC_MEETING,S/PV.8738,0,0,0,NO_PRESERVED_MANUAL_REVIEW_EVIDENCE,UNREVIEWED_IS_NOT_CODED_ZERO
ICJ-178-2020-01-23||SC_MEETING::SCM|S/PV.8739,ICJ-178-2020-01-23,178,2020-03-03,40,SC_MEETING,S/PV.8739,0,0,0,NO_PRESERVED_MANUAL_REVIEW_EVIDENCE,UNREVIEWED_IS_NOT_CODED_ZERO
ICJ-178-2020-01-23||SC_MEETING::SCM|S/PV.8740,ICJ-178-2020-01-23,178,2020-03-03,40,SC_MEETING,S/PV.8740,0,0,0,NO_PRESERVED_MANUAL_REVIEW_EVIDENCE,UNREVIEWED_IS_NOT_CODED_ZERO
ICJ-178-2020-01-23||SC_MEETING::SCM|S/PV.8741,ICJ-178-2020-01-23,178,2020-03-04,41,SC_MEETING,S/PV.8741,0,0,0,NO_PRESERVED_MANUAL_REVIEW_EVIDENCE,UNREVIEWED_IS_NOT_CODED_ZERO
ICJ-178-2020-01-23||SC_FORMAL_VOTE::SCV|1848,ICJ-178-2020-01-23,178,2020-03-10,47,SC_FORMAL_VOTE,S/PV.8742,0,0,0,NO_PRESERVED_MANUAL_REVIEW_EVIDENCE,UNREVIEWED_IS_NOT_CODED_ZERO
ICJ-178-2020-01-23||SC_MEETING::SCM|S/PV.8742,ICJ-178-2020-01-23,178,2020-03-10,47,SC_MEETING,S/PV.8742,0,0,0,NO_PRESERVED_MANUAL_REVIEW_EVIDENCE,UNREVIEWED_IS_NOT_CODED_ZERO
ICJ-178-2020-01-23||SC_MEETING::SCM|S/PV.8743,ICJ-178-2020-01-23,178,2020-03-11,48,SC_MEETING,S/PV.8743,0,0,0,NO_PRESERVED_MANUAL_REVIEW_EVIDENCE,UNREVIEWED_IS_NOT_CODED_ZERO
ICJ-178-2020-01-23||SC_MEETING::SCM|S/PV.8743 (Resumption 1),ICJ-178-2020-01-23,178,2020-03-11,48,SC_MEETING,S/PV.8743 (Resumption 1),0,0,0,NO_PRESERVED_MANUAL_REVIEW_EVIDENCE,UNREVIEWED_IS_NOT_CODED_ZERO
ICJ-178-2020-01-23||SC_FORMAL_VOTE::SCV|1849,ICJ-178-2020-01-23,178,2020-03-12,49,SC_FORMAL_VOTE,S/PV.8744,0,0,0,NO_PRESERVED_MANUAL_REVIEW_EVIDENCE,UNREVIEWED_IS_NOT_CODED_ZERO
ICJ-178-2020-01-23||SC_MEETING::SCM|S/PV.8744,ICJ-178-2020-01-23,178,2020-03-12,49,SC_MEETING,S/PV.8744,0,0,0,NO_PRESERVED_MANUAL_REVIEW_EVIDENCE,UNREVIEWED_IS_NOT_CODED_ZERO
ICJ-178-2020-01-23||SC_MEETING::SCM|S/PV.8745,ICJ-178-2020-01-23,178,2020-03-12,49,SC_MEETING,S/PV.8745,0,0,0,NO_PRESERVED_MANUAL_REVIEW_EVIDENCE,UNREVIEWED_IS_NOT_CODED_ZERO
ICJ-178-2020-01-23||SC_FORMAL_VOTE::SCV|1850,ICJ-178-2020-01-23,178,2020-03-30,67,SC_FORMAL_VOTE,S/2020/246,0,0,0,NO_PRESERVED_MANUAL_REVIEW_EVIDENCE,UNREVIEWED_IS_NOT_CODED_ZERO
ICJ-178-2020-01-23||SC_FORMAL_VOTE::SCV|1851,ICJ-178-2020-01-23,178,2020-03-30,67,SC_FORMAL_VOTE,S/2020/247,0,0,0,NO_PRESERVED_MANUAL_REVIEW_EVIDENCE,UNREVIEWED_IS_NOT_CODED_ZERO
ICJ-178-2020-01-23||SC_FORMAL_VOTE::SCV|1852,ICJ-178-2020-01-23,178,2020-03-30,67,SC_FORMAL_VOTE,S/2020/248,0,0,0,NO_PRESERVED_MANUAL_REVIEW_EVIDENCE,UNREVIEWED_IS_NOT_CODED_ZERO
ICJ-178-2020-01-23||SC_FORMAL_VOTE::SCV|1853,ICJ-178-2020-01-23,178,2020-03-30,67,SC_FORMAL_VOTE,S/2020/249,0,0,0,NO_PRESERVED_MANUAL_REVIEW_EVIDENCE,UNREVIEWED_IS_NOT_CODED_ZERO
ICJ-178-2020-01-23||SC_FORMAL_VOTE::SCV|1854,ICJ-178-2020-01-23,178,2020-05-14,112,SC_FORMAL_VOTE,S/2020/405,0,0,0,NO_PRESERVED_MANUAL_REVIEW_EVIDENCE,UNREVIEWED_IS_NOT_CODED_ZERO
ICJ-178-2020-01-23||SC_FORMAL_VOTE::SCV|1855,ICJ-178-2020-01-23,178,2020-05-29,127,SC_FORMAL_VOTE,S/2020/459,0,0,0,NO_PRESERVED_MANUAL_REVIEW_EVIDENCE,UNREVIEWED_IS_NOT_CODED_ZERO
ICJ-178-2020-01-23||SC_FORMAL_VOTE::SCV|1856,ICJ-178-2020-01-23,178,2020-05-29,127,SC_FORMAL_VOTE,S/2020/462,0,0,0,NO_PRESERVED_MANUAL_REVIEW_EVIDENCE,UNREVIEWED_IS_NOT_CODED_ZERO
ICJ-178-2020-01-23||SC_FORMAL_VOTE::SCV|1857,ICJ-178-2020-01-23,178,2020-05-29,127,SC_FORMAL_VOTE,S/2020/460,0,0,0,NO_PRESERVED_MANUAL_REVIEW_EVIDENCE,UNREVIEWED_IS_NOT_CODED_ZERO
ICJ-178-2020-01-23||SC_FORMAL_VOTE::SCV|1858,ICJ-178-2020-01-23,178,2020-05-29,127,SC_FORMAL_VOTE,S/2020/461,0,0,0,NO_PRESERVED_MANUAL_REVIEW_EVIDENCE,UNREVIEWED_IS_NOT_CODED_ZERO
ICJ-178-2020-01-23||SC_FORMAL_VOTE::SCV|1859,ICJ-178-2020-01-23,178,2020-06-04,133,SC_FORMAL_VOTE,S/2020/494,0,0,0,NO_PRESERVED_MANUAL_REVIEW_EVIDENCE,UNREVIEWED_IS_NOT_CODED_ZERO
ICJ-178-2020-01-23||SC_FORMAL_VOTE::SCV|1860,ICJ-178-2020-01-23,178,2020-06-04,133,SC_FORMAL_VOTE,S/2020/495,0,0,0,NO_PRESERVED_MANUAL_REVIEW_EVIDENCE,UNREVIEWED_IS_NOT_CODED_ZERO
ICJ-178-2020-01-23||SC_FORMAL_VOTE::SCV|1861,ICJ-178-2020-01-23,178,2020-06-05,134,SC_FORMAL_VOTE,S/2020/504,0,0,0,NO_PRESERVED_MANUAL_REVIEW_EVIDENCE,UNREVIEWED_IS_NOT_CODED_ZERO
ICJ-178-2020-01-23||SC_FORMAL_VOTE::SCV|1862,ICJ-178-2020-01-23,178,2020-06-22,151,SC_FORMAL_VOTE,S/2020/569,0,0,0,NO_PRESERVED_MANUAL_REVIEW_EVIDENCE,UNREVIEWED_IS_NOT_CODED_ZERO
ICJ-178-2020-01-23||SC_FORMAL_VOTE::SCV|1863,ICJ-178-2020-01-23,178,2020-06-25,154,SC_FORMAL_VOTE,S/2020/589,0,0,0,NO_PRESERVED_MANUAL_REVIEW_EVIDENCE,UNREVIEWED_IS_NOT_CODED_ZERO
ICJ-178-2020-01-23||SC_FORMAL_VOTE::SCV|1864,ICJ-178-2020-01-23,178,2020-06-25,154,SC_FORMAL_VOTE,S/2020/590,0,0,0,NO_PRESERVED_MANUAL_REVIEW_EVIDENCE,UNREVIEWED_IS_NOT_CODED_ZERO
ICJ-178-2020-01-23||SC_FORMAL_VOTE::SCV|1865,ICJ-178-2020-01-23,178,2020-06-29,158,SC_FORMAL_VOTE,S/2020/612,0,0,0,NO_PRESERVED_MANUAL_REVIEW_EVIDENCE,UNREVIEWED_IS_NOT_CODED_ZERO
ICJ-178-2020-01-23||SC_FORMAL_VOTE::SCV|1866,ICJ-178-2020-01-23,178,2020-06-29,158,SC_FORMAL_VOTE,S/2020/613,0,0,0,NO_PRESERVED_MANUAL_REVIEW_EVIDENCE,UNREVIEWED_IS_NOT_CODED_ZERO
ICJ-178-2020-01-23||SC_FORMAL_VOTE::SCV|1867,ICJ-178-2020-01-23,178,2020-07-01,160,SC_FORMAL_VOTE,S/2020/632,0,0,0,NO_PRESERVED_MANUAL_REVIEW_EVIDENCE,UNREVIEWED_IS_NOT_CODED_ZERO
ICJ-178-2020-01-23||SC_FORMAL_VOTE::SCV|1868,ICJ-178-2020-01-23,178,2020-07-07,166,SC_FORMAL_VOTE,S/2020/657,0,0,0,NO_PRESERVED_MANUAL_REVIEW_EVIDENCE,UNREVIEWED_IS_NOT_CODED_ZERO
ICJ-178-2020-01-23||SC_FORMAL_VOTE::SCV|1869,ICJ-178-2020-01-23,178,2020-07-08,167,SC_FORMAL_VOTE,S/2020/664,0,0,0,NO_PRESERVED_MANUAL_REVIEW_EVIDENCE,UNREVIEWED_IS_NOT_CODED_ZERO
ICJ-178-2020-01-23||SC_FORMAL_VOTE::SCV|1870,ICJ-178-2020-01-23,178,2020-07-10,169,SC_FORMAL_VOTE,S/2020/681,0,0,0,NO_PRESERVED_MANUAL_REVIEW_EVIDENCE,UNREVIEWED_IS_NOT_CODED_ZERO
ICJ-178-2020-01-23||SC_FORMAL_VOTE::SCV|1871,ICJ-178-2020-01-23,178,2020-07-10,169,SC_FORMAL_VOTE,S/2020/688,0,0,0,NO_PRESERVED_MANUAL_REVIEW_EVIDENCE,UNREVIEWED_IS_NOT_CODED_ZERO
ICJ-178-2020-01-23||SC_FORMAL_VOTE::SCV|1872,ICJ-178-2020-01-23,178,2020-07-11,170,SC_FORMAL_VOTE,S/2020/698,0,0,0,NO_PRESERVED_MANUAL_REVIEW_EVIDENCE,UNREVIEWED_IS_NOT_CODED_ZERO
ICJ-178-2020-01-23||SC_FORMAL_VOTE::SCV|1873,ICJ-178-2020-01-23,178,2020-07-14,173,SC_FORMAL_VOTE,S/PV.8747,0,0,0,NO_PRESERVED_MANUAL_REVIEW_EVIDENCE,UNREVIEWED_IS_NOT_CODED_ZERO
ICJ-178-2020-01-23||SC_FORMAL_VOTE::SCV|1874,ICJ-178-2020-01-23,178,2020-07-14,173,SC_FORMAL_VOTE,S/PV.8748,0,0,0,NO_PRESERVED_MANUAL_REVIEW_EVIDENCE,UNREVIEWED_IS_NOT_CODED_ZERO
ICJ-178-2020-01-23||SC_MEETING::SCM|S/PV.8746,ICJ-178-2020-01-23,178,2020-07-14,173,SC_MEETING,S/PV.8746,0,0,0,NO_PRESERVED_MANUAL_REVIEW_EVIDENCE,UNREVIEWED_IS_NOT_CODED_ZERO
ICJ-178-2020-01-23||SC_MEETING::SCM|S/PV.8747,ICJ-178-2020-01-23,178,2020-07-14,173,SC_MEETING,S/PV.8747,0,0,0,NO_PRESERVED_MANUAL_REVIEW_EVIDENCE,UNREVIEWED_IS_NOT_CODED_ZERO
ICJ-178-2020-01-23||SC_MEETING::SCM|S/PV.8748,ICJ-178-2020-01-23,178,2020-07-14,173,SC_MEETING,S/PV.8748,0,0,0,NO_PRESERVED_MANUAL_REVIEW_EVIDENCE,UNREVIEWED_IS_NOT_CODED_ZERO
ICJ-178-2020-01-23||SC_MEETING::SCM|S/PV.8749,ICJ-178-2020-01-23,178,2020-07-14,173,SC_MEETING,S/PV.8749,0,0,0,NO_PRESERVED_MANUAL_REVIEW_EVIDENCE,UNREVIEWED_IS_NOT_CODED_ZERO
ICJ-180-2021-12-07||SC_MEETING::SCM|S/PV.8919,ICJ-180-2021-12-07,180,2021-12-07,0,SC_MEETING,S/PV.8919,0,0,0,NO_PRESERVED_MANUAL_REVIEW_EVIDENCE,UNREVIEWED_IS_NOT_CODED_ZERO
ICJ-180-2021-12-07||SC_MEETING::SCM|S/PV.8920,ICJ-180-2021-12-07,180,2021-12-07,0,SC_MEETING,S/PV.8920,0,0,0,NO_PRESERVED_MANUAL_REVIEW_EVIDENCE,UNREVIEWED_IS_NOT_CODED_ZERO
ICJ-180-2021-12-07||SC_MEETING::SCM|S/PV.8921,ICJ-180-2021-12-07,180,2021-12-08,1,SC_MEETING,S/PV.8921,0,0,0,NO_PRESERVED_MANUAL_REVIEW_EVIDENCE,UNREVIEWED_IS_NOT_CODED_ZERO
ICJ-180-2021-12-07||SC_MEETING::SCM|S/PV.8922,ICJ-180-2021-12-07,180,2021-12-08,1,SC_MEETING,S/PV.8922,0,0,0,NO_PRESERVED_MANUAL_REVIEW_EVIDENCE,UNREVIEWED_IS_NOT_CODED_ZERO
ICJ-180-2021-12-07||GA_FORMAL_VOTE::GAV|3950786,ICJ-180-2021-12-07,180,2021-12-09,2,GA_FORMAL_VOTE,A/76/PV.48,0,0,0,NO_PRESERVED_MANUAL_REVIEW_EVIDENCE,UNREVIEWED_IS_NOT_CODED_ZERO
ICJ-180-2021-12-07||GA_FORMAL_VOTE::GAV|3950789,ICJ-180-2021-12-07,180,2021-12-09,2,GA_FORMAL_VOTE,A/76/PV.48,0,0,0,NO_PRESERVED_MANUAL_REVIEW_EVIDENCE,UNREVIEWED_IS_NOT_CODED_ZERO
ICJ-180-2021-12-07||GA_FORMAL_VOTE::GAV|3950793,ICJ-180-2021-12-07,180,2021-12-09,2,GA_FORMAL_VOTE,A/76/PV.49,0,0,0,NO_PRESERVED_MANUAL_REVIEW_EVIDENCE,UNREVIEWED_IS_NOT_CODED_ZERO
ICJ-180-2021-12-07||GA_FORMAL_VOTE::GAV|3950795,ICJ-180-2021-12-07,180,2021-12-09,2,GA_FORMAL_VOTE,A/76/PV.49,0,0,0,NO_PRESERVED_MANUAL_REVIEW_EVIDENCE,UNREVIEWED_IS_NOT_CODED_ZERO
ICJ-180-2021-12-07||GA_FORMAL_VOTE::GAV|3950796,ICJ-180-2021-12-07,180,2021-12-09,2,GA_FORMAL_VOTE,A/76/PV.49,0,0,0,NO_PRESERVED_MANUAL_REVIEW_EVIDENCE,UNREVIEWED_IS_NOT_CODED_ZERO
ICJ-180-2021-12-07||GA_FORMAL_VOTE::GAV|3950798,ICJ-180-2021-12-07,180,2021-12-09,2,GA_FORMAL_VOTE,A/76/PV.49,0,0,0,NO_PRESERVED_MANUAL_REVIEW_EVIDENCE,UNREVIEWED_IS_NOT_CODED_ZERO
ICJ-180-2021-12-07||GA_FORMAL_VOTE::GAV|3950799,ICJ-180-2021-12-07,180,2021-12-09,2,GA_FORMAL_VOTE,A/76/PV.49,0,0,0,NO_PRESERVED_MANUAL_REVIEW_EVIDENCE,UNREVIEWED_IS_NOT_CODED_ZERO
ICJ-180-2021-12-07||GA_FORMAL_VOTE::GAV|3950802,ICJ-180-2021-12-07,180,2021-12-09,2,GA_FORMAL_VOTE,A/76/PV.49,0,0,0,NO_PRESERVED_MANUAL_REVIEW_EVIDENCE,UNREVIEWED_IS_NOT_CODED_ZERO
ICJ-180-2021-12-07||GA_FORMAL_VOTE::GAV|3950806,ICJ-180-2021-12-07,180,2021-12-09,2,GA_FORMAL_VOTE,A/76/PV.49,0,0,0,NO_PRESERVED_MANUAL_REVIEW_EVIDENCE,UNREVIEWED_IS_NOT_CODED_ZERO
ICJ-180-2021-12-07||GA_FORMAL_VOTE::GAV|3950868,ICJ-180-2021-12-07,180,2021-12-09,2,GA_FORMAL_VOTE,A/76/PV.49,0,0,0,NO_PRESERVED_MANUAL_REVIEW_EVIDENCE,UNREVIEWED_IS_NOT_CODED_ZERO
ICJ-180-2021-12-07||GA_FORMAL_VOTE::GAV|3950870,ICJ-180-2021-12-07,180,2021-12-09,2,GA_FORMAL_VOTE,A/76/PV.49,0,0,0,NO_PRESERVED_MANUAL_REVIEW_EVIDENCE,UNREVIEWED_IS_NOT_CODED_ZERO
ICJ-180-2021-12-07||GA_FORMAL_VOTE::GAV|3950871,ICJ-180-2021-12-07,180,2021-12-09,2,GA_FORMAL_VOTE,A/76/PV.49,0,0,0,NO_PRESERVED_MANUAL_REVIEW_EVIDENCE,UNREVIEWED_IS_NOT_CODED_ZERO
ICJ-180-2021-12-07||GA_FORMAL_VOTE::GAV|3950872,ICJ-180-2021-12-07,180,2021-12-09,2,GA_FORMAL_VOTE,A/76/PV.49,0,0,0,NO_PRESERVED_MANUAL_REVIEW_EVIDENCE,UNREVIEWED_IS_NOT_CODED_ZERO
ICJ-180-2021-12-07||GA_FORMAL_VOTE::GAV|3954788,ICJ-180-2021-12-07,180,2021-12-09,2,GA_FORMAL_VOTE,A/76/PV.48,0,0,0,NO_PRESERVED_MANUAL_REVIEW_EVIDENCE,UNREVIEWED_IS_NOT_CODED_ZERO
ICJ-180-2021-12-07||SC_MEETING::SCM|S/PV.8923,ICJ-180-2021-12-07,180,2021-12-09,2,SC_MEETING,S/PV.8923,1,0,1,PRESERVED_ORIGINAL_233_HUMAN_REVIEW,REVIEW_EVIDENCE_PRESENT
ICJ-180-2021-12-07||SC_MEETING::SCM|S/PV.8923 (Resumption 1),ICJ-180-2021-12-07,180,2021-12-09,2,SC_MEETING,S/PV.8923 (Resumption 1),1,0,1,PRESERVED_ORIGINAL_233_HUMAN_REVIEW,REVIEW_EVIDENCE_PRESENT
ICJ-180-2021-12-07||SC_MEETING::SCM|S/PV.8924,ICJ-180-2021-12-07,180,2021-12-10,3,SC_MEETING,S/PV.8924,0,0,0,NO_PRESERVED_MANUAL_REVIEW_EVIDENCE,UNREVIEWED_IS_NOT_CODED_ZERO
ICJ-180-2021-12-07||SC_MEETING::SCM|S/PV.8925,ICJ-180-2021-12-07,180,2021-12-10,3,SC_MEETING,S/PV.8925,0,0,0,NO_PRESERVED_MANUAL_REVIEW_EVIDENCE,UNREVIEWED_IS_NOT_CODED_ZERO
ICJ-180-2021-12-07||SC_FORMAL_VOTE::SCV|1952,ICJ-180-2021-12-07,180,2021-12-13,6,SC_FORMAL_VOTE,S/PV.8926,1,0,1,PRESERVED_ORIGINAL_233_HUMAN_REVIEW,REVIEW_EVIDENCE_PRESENT
ICJ-180-2021-12-07||SC_MEETING::SCM|S/PV.8926,ICJ-180-2021-12-07,180,2021-12-13,6,SC_MEETING,S/PV.8926,1,0,1,PRESERVED_ORIGINAL_233_HUMAN_REVIEW,REVIEW_EVIDENCE_PRESENT
ICJ-180-2021-12-07||SC_MEETING::SCM|S/PV.8927,ICJ-180-2021-12-07,180,2021-12-13,6,SC_MEETING,S/PV.8927,0,0,0,NO_PRESERVED_MANUAL_REVIEW_EVIDENCE,UNREVIEWED_IS_NOT_CODED_ZERO
ICJ-180-2021-12-07||SC_MEETING::SCM|S/PV.8928,ICJ-180-2021-12-07,180,2021-12-13,6,SC_MEETING,S/PV.8928,0,0,0,NO_PRESERVED_MANUAL_REVIEW_EVIDENCE,UNREVIEWED_IS_NOT_CODED_ZERO
ICJ-180-2021-12-07||SC_MEETING::SCM|S/PV.8929,ICJ-180-2021-12-07,180,2021-12-14,7,SC_MEETING,S/PV.8929,0,0,0,NO_PRESERVED_MANUAL_REVIEW_EVIDENCE,UNREVIEWED_IS_NOT_CODED_ZERO
ICJ-180-2021-12-07||SC_MEETING::SCM|S/PV.8930,ICJ-180-2021-12-07,180,2021-12-14,7,SC_MEETING,S/PV.8930,0,0,0,NO_PRESERVED_MANUAL_REVIEW_EVIDENCE,UNREVIEWED_IS_NOT_CODED_ZERO
ICJ-180-2021-12-07||SC_FORMAL_VOTE::SCV|1953,ICJ-180-2021-12-07,180,2021-12-15,8,SC_FORMAL_VOTE,S/PV.8932,0,0,0,NO_PRESERVED_MANUAL_REVIEW_EVIDENCE,UNREVIEWED_IS_NOT_CODED_ZERO
ICJ-180-2021-12-07||SC_MEETING::SCM|S/PV.8931,ICJ-180-2021-12-07,180,2021-12-15,8,SC_MEETING,S/PV.8931,0,0,0,NO_PRESERVED_MANUAL_REVIEW_EVIDENCE,UNREVIEWED_IS_NOT_CODED_ZERO
ICJ-180-2021-12-07||SC_MEETING::SCM|S/PV.8932,ICJ-180-2021-12-07,180,2021-12-15,8,SC_MEETING,S/PV.8932,0,0,0,NO_PRESERVED_MANUAL_REVIEW_EVIDENCE,UNREVIEWED_IS_NOT_CODED_ZERO
ICJ-180-2021-12-07||SC_MEETING::SCM|S/PV.8933,ICJ-180-2021-12-07,180,2021-12-15,8,SC_MEETING,S/PV.8933,0,0,0,NO_PRESERVED_MANUAL_REVIEW_EVIDENCE,UNREVIEWED_IS_NOT_CODED_ZERO
ICJ-180-2021-12-07||GA_FORMAL_VOTE::GAV|3951456,ICJ-180-2021-12-07,180,2021-12-16,9,GA_FORMAL_VOTE,A/76/PV.53,0,0,0,NO_PRESERVED_MANUAL_REVIEW_EVIDENCE,UNREVIEWED_IS_NOT_CODED_ZERO
ICJ-180-2021-12-07||GA_FORMAL_VOTE::GAV|3951457,ICJ-180-2021-12-07,180,2021-12-16,9,GA_FORMAL_VOTE,A/76/PV.53,0,0,0,NO_PRESERVED_MANUAL_REVIEW_EVIDENCE,UNREVIEWED_IS_NOT_CODED_ZERO
ICJ-180-2021-12-07||GA_FORMAL_VOTE::GAV|3951458,ICJ-180-2021-12-07,180,2021-12-16,9,GA_FORMAL_VOTE,A/76/PV.53,0,0,0,NO_PRESERVED_MANUAL_REVIEW_EVIDENCE,UNREVIEWED_IS_NOT_CODED_ZERO
ICJ-180-2021-12-07||GA_FORMAL_VOTE::GAV|3951459,ICJ-180-2021-12-07,180,2021-12-16,9,GA_FORMAL_VOTE,A/76/PV.53,0,0,0,NO_PRESERVED_MANUAL_REVIEW_EVIDENCE,UNREVIEWED_IS_NOT_CODED_ZERO
ICJ-180-2021-12-07||GA_FORMAL_VOTE::GAV|3951460,ICJ-180-2021-12-07,180,2021-12-16,9,GA_FORMAL_VOTE,A/76/PV.53,0,0,0,NO_PRESERVED_MANUAL_REVIEW_EVIDENCE,UNREVIEWED_IS_NOT_CODED_ZERO
ICJ-180-2021-12-07||GA_FORMAL_VOTE::GAV|3951461,ICJ-180-2021-12-07,180,2021-12-16,9,GA_FORMAL_VOTE,A/76/PV.53,0,0,0,NO_PRESERVED_MANUAL_REVIEW_EVIDENCE,UNREVIEWED_IS_NOT_CODED_ZERO
ICJ-180-2021-12-07||GA_FORMAL_VOTE::GAV|3951462,ICJ-180-2021-12-07,180,2021-12-16,9,GA_FORMAL_VOTE,A/76/PV.53,0,0,0,NO_PRESERVED_MANUAL_REVIEW_EVIDENCE,UNREVIEWED_IS_NOT_CODED_ZERO
ICJ-180-2021-12-07||GA_FORMAL_VOTE::GAV|3951463,ICJ-180-2021-12-07,180,2021-12-16,9,GA_FORMAL_VOTE,A/76/PV.53,0,0,0,NO_PRESERVED_MANUAL_REVIEW_EVIDENCE,UNREVIEWED_IS_NOT_CODED_ZERO
ICJ-180-2021-12-07||GA_FORMAL_VOTE::GAV|3951464,ICJ-180-2021-12-07,180,2021-12-16,9,GA_FORMAL_VOTE,A/76/PV.53,0,0,0,NO_PRESERVED_MANUAL_REVIEW_EVIDENCE,UNREVIEWED_IS_NOT_CODED_ZERO
ICJ-180-2021-12-07||GA_FORMAL_VOTE::GAV|3951465,ICJ-180-2021-12-07,180,2021-12-16,9,GA_FORMAL_VOTE,A/76/PV.53,0,0,0,NO_PRESERVED_MANUAL_REVIEW_EVIDENCE,UNREVIEWED_IS_NOT_CODED_ZERO
ICJ-180-2021-12-07||GA_FORMAL_VOTE::GAV|3951466,ICJ-180-2021-12-07,180,2021-12-16,9,GA_FORMAL_VOTE,A/76/PV.53,0,0,0,NO_PRESERVED_MANUAL_REVIEW_EVIDENCE,UNREVIEWED_IS_NOT_CODED_ZERO
ICJ-180-2021-12-07||GA_FORMAL_VOTE::GAV|3951467,ICJ-180-2021-12-07,180,2021-12-16,9,GA_FORMAL_VOTE,A/76/PV.53,0,0,0,NO_PRESERVED_MANUAL_REVIEW_EVIDENCE,UNREVIEWED_IS_NOT_CODED_ZERO
ICJ-180-2021-12-07||GA_FORMAL_VOTE::GAV|3951468,ICJ-180-2021-12-07,180,2021-12-16,9,GA_FORMAL_VOTE,A/76/PV.53,0,0,0,NO_PRESERVED_MANUAL_REVIEW_EVIDENCE,UNREVIEWED_IS_NOT_CODED_ZERO
ICJ-180-2021-12-07||GA_FORMAL_VOTE::GAV|3951469,ICJ-180-2021-12-07,180,2021-12-16,9,GA_FORMAL_VOTE,A/76/PV.53,0,0,0,NO_PRESERVED_MANUAL_REVIEW_EVIDENCE,UNREVIEWED_IS_NOT_CODED_ZERO
ICJ-180-2021-12-07||GA_FORMAL_VOTE::GAV|3951470,ICJ-180-2021-12-07,180,2021-12-16,9,GA_FORMAL_VOTE,A/76/PV.53,0,0,0,NO_PRESERVED_MANUAL_REVIEW_EVIDENCE,UNREVIEWED_IS_NOT_CODED_ZERO
ICJ-180-2021-12-07||GA_FORMAL_VOTE::GAV|3951471,ICJ-180-2021-12-07,180,2021-12-16,9,GA_FORMAL_VOTE,A/76/PV.53,0,0,0,NO_PRESERVED_MANUAL_REVIEW_EVIDENCE,UNREVIEWED_IS_NOT_CODED_ZERO
ICJ-180-2021-12-07||GA_FORMAL_VOTE::GAV|3951510,ICJ-180-2021-12-07,180,2021-12-17,10,GA_FORMAL_VOTE,A/76/PV.54,0,0,0,NO_PRESERVED_MANUAL_REVIEW_EVIDENCE,UNREVIEWED_IS_NOT_CODED_ZERO
ICJ-180-2021-12-07||GA_FORMAL_VOTE::GAV|3951511,ICJ-180-2021-12-07,180,2021-12-17,10,GA_FORMAL_VOTE,A/76/PV.54,0,0,0,NO_PRESERVED_MANUAL_REVIEW_EVIDENCE,UNREVIEWED_IS_NOT_CODED_ZERO
ICJ-180-2021-12-07||GA_FORMAL_VOTE::GAV|3951513,ICJ-180-2021-12-07,180,2021-12-17,10,GA_FORMAL_VOTE,A/76/PV.54,0,0,0,NO_PRESERVED_MANUAL_REVIEW_EVIDENCE,UNREVIEWED_IS_NOT_CODED_ZERO
ICJ-180-2021-12-07||GA_FORMAL_VOTE::GAV|3951514,ICJ-180-2021-12-07,180,2021-12-17,10,GA_FORMAL_VOTE,A/76/PV.54,0,0,0,NO_PRESERVED_MANUAL_REVIEW_EVIDENCE,UNREVIEWED_IS_NOT_CODED_ZERO
ICJ-180-2021-12-07||GA_FORMAL_VOTE::GAV|3951515,ICJ-180-2021-12-07,180,2021-12-17,10,GA_FORMAL_VOTE,A/76/PV.54,0,0,0,NO_PRESERVED_MANUAL_REVIEW_EVIDENCE,UNREVIEWED_IS_NOT_CODED_ZERO
ICJ-180-2021-12-07||GA_FORMAL_VOTE::GAV|3951516,ICJ-180-2021-12-07,180,2021-12-17,10,GA_FORMAL_VOTE,A/76/PV.54,0,0,0,NO_PRESERVED_MANUAL_REVIEW_EVIDENCE,UNREVIEWED_IS_NOT_CODED_ZERO
ICJ-180-2021-12-07||GA_FORMAL_VOTE::GAV|3951518,ICJ-180-2021-12-07,180,2021-12-17,10,GA_FORMAL_VOTE,A/76/PV.54,0,0,0,NO_PRESERVED_MANUAL_REVIEW_EVIDENCE,UNREVIEWED_IS_NOT_CODED_ZERO
ICJ-180-2021-12-07||GA_FORMAL_VOTE::GAV|3951519,ICJ-180-2021-12-07,180,2021-12-17,10,GA_FORMAL_VOTE,A/76/PV.54,0,0,0,NO_PRESERVED_MANUAL_REVIEW_EVIDENCE,UNREVIEWED_IS_NOT_CODED_ZERO
ICJ-180-2021-12-07||GA_FORMAL_VOTE::GAV|3951523,ICJ-180-2021-12-07,180,2021-12-17,10,GA_FORMAL_VOTE,A/76/PV.54,0,0,0,NO_PRESERVED_MANUAL_REVIEW_EVIDENCE,UNREVIEWED_IS_NOT_CODED_ZERO
ICJ-180-2021-12-07||SC_FORMAL_VOTE::SCV|1954,ICJ-180-2021-12-07,180,2021-12-17,10,SC_FORMAL_VOTE,S/PV.8934,0,0,0,NO_PRESERVED_MANUAL_REVIEW_EVIDENCE,UNREVIEWED_IS_NOT_CODED_ZERO
ICJ-180-2021-12-07||SC_FORMAL_VOTE::SCV|1955,ICJ-180-2021-12-07,180,2021-12-17,10,SC_FORMAL_VOTE,S/PV.8935,0,0,0,NO_PRESERVED_MANUAL_REVIEW_EVIDENCE,UNREVIEWED_IS_NOT_CODED_ZERO
ICJ-180-2021-12-07||SC_MEETING::SCM|S/PV.8934,ICJ-180-2021-12-07,180,2021-12-17,10,SC_MEETING,S/PV.8934,0,0,0,NO_PRESERVED_MANUAL_REVIEW_EVIDENCE,UNREVIEWED_IS_NOT_CODED_ZERO
ICJ-180-2021-12-07||SC_MEETING::SCM|S/PV.8935,ICJ-180-2021-12-07,180,2021-12-17,10,SC_MEETING,S/PV.8935,0,0,0,NO_PRESERVED_MANUAL_REVIEW_EVIDENCE,UNREVIEWED_IS_NOT_CODED_ZERO
ICJ-180-2021-12-07||SC_FORMAL_VOTE::SCV|1956,ICJ-180-2021-12-07,180,2021-12-20,13,SC_FORMAL_VOTE,S/PV.8936,0,0,0,NO_PRESERVED_MANUAL_REVIEW_EVIDENCE,UNREVIEWED_IS_NOT_CODED_ZERO
ICJ-180-2021-12-07||SC_MEETING::SCM|S/PV.8936,ICJ-180-2021-12-07,180,2021-12-20,13,SC_MEETING,S/PV.8936,0,0,0,NO_PRESERVED_MANUAL_REVIEW_EVIDENCE,UNREVIEWED_IS_NOT_CODED_ZERO
ICJ-180-2021-12-07||SC_MEETING::SCM|S/PV.8937,ICJ-180-2021-12-07,180,2021-12-20,13,SC_MEETING,S/PV.8937,0,0,0,NO_PRESERVED_MANUAL_REVIEW_EVIDENCE,UNREVIEWED_IS_NOT_CODED_ZERO
ICJ-180-2021-12-07||SC_FORMAL_VOTE::SCV|1957,ICJ-180-2021-12-07,180,2021-12-21,14,SC_FORMAL_VOTE,S/PV.8938,0,0,0,NO_PRESERVED_MANUAL_REVIEW_EVIDENCE,UNREVIEWED_IS_NOT_CODED_ZERO
ICJ-180-2021-12-07||SC_FORMAL_VOTE::SCV|1958,ICJ-180-2021-12-07,180,2021-12-21,14,SC_FORMAL_VOTE,S/PV.8939,0,0,0,NO_PRESERVED_MANUAL_REVIEW_EVIDENCE,UNREVIEWED_IS_NOT_CODED_ZERO
ICJ-180-2021-12-07||SC_MEETING::SCM|S/PV.8938,ICJ-180-2021-12-07,180,2021-12-21,14,SC_MEETING,S/PV.8938,0,0,0,NO_PRESERVED_MANUAL_REVIEW_EVIDENCE,UNREVIEWED_IS_NOT_CODED_ZERO
ICJ-180-2021-12-07||SC_MEETING::SCM|S/PV.8939,ICJ-180-2021-12-07,180,2021-12-21,14,SC_MEETING,S/PV.8939,0,0,0,NO_PRESERVED_MANUAL_REVIEW_EVIDENCE,UNREVIEWED_IS_NOT_CODED_ZERO
ICJ-180-2021-12-07||SC_MEETING::SCM|S/PV.8940,ICJ-180-2021-12-07,180,2021-12-21,14,SC_MEETING,S/PV.8940,0,0,0,NO_PRESERVED_MANUAL_REVIEW_EVIDENCE,UNREVIEWED_IS_NOT_CODED_ZERO
ICJ-180-2021-12-07||SC_FORMAL_VOTE::SCV|1959,ICJ-180-2021-12-07,180,2021-12-22,15,SC_FORMAL_VOTE,S/PV.8941,0,0,0,NO_PRESERVED_MANUAL_REVIEW_EVIDENCE,UNREVIEWED_IS_NOT_CODED_ZERO
ICJ-180-2021-12-07||SC_FORMAL_VOTE::SCV|1960,ICJ-180-2021-12-07,180,2021-12-22,15,SC_FORMAL_VOTE,S/PV.8942,1,0,1,PRESERVED_ORIGINAL_233_HUMAN_REVIEW,REVIEW_EVIDENCE_PRESENT
ICJ-180-2021-12-07||SC_MEETING::SCM|S/PV.8941,ICJ-180-2021-12-07,180,2021-12-22,15,SC_MEETING,S/PV.8941,0,0,0,NO_PRESERVED_MANUAL_REVIEW_EVIDENCE,UNREVIEWED_IS_NOT_CODED_ZERO
ICJ-180-2021-12-07||SC_MEETING::SCM|S/PV.8942,ICJ-180-2021-12-07,180,2021-12-22,15,SC_MEETING,S/PV.8942,1,0,1,PRESERVED_ORIGINAL_233_HUMAN_REVIEW,REVIEW_EVIDENCE_PRESENT
ICJ-180-2021-12-07||GA_FORMAL_VOTE::GAV|3952165,ICJ-180-2021-12-07,180,2021-12-24,17,GA_FORMAL_VOTE,A/76/PV.54,0,0,0,NO_PRESERVED_MANUAL_REVIEW_EVIDENCE,UNREVIEWED_IS_NOT_CODED_ZERO
ICJ-180-2021-12-07||GA_FORMAL_VOTE::GAV|3952166,ICJ-180-2021-12-07,180,2021-12-24,17,GA_FORMAL_VOTE,A/76/PV.54,0,0,0,NO_PRESERVED_MANUAL_REVIEW_EVIDENCE,UNREVIEWED_IS_NOT_CODED_ZERO
ICJ-180-2021-12-07||GA_FORMAL_VOTE::GAV|3952167,ICJ-180-2021-12-07,180,2021-12-24,17,GA_FORMAL_VOTE,A/76/PV.54,0,0,0,NO_PRESERVED_MANUAL_REVIEW_EVIDENCE,UNREVIEWED_IS_NOT_CODED_ZERO
ICJ-180-2021-12-07||GA_FORMAL_VOTE::GAV|3952168,ICJ-180-2021-12-07,180,2021-12-24,17,GA_FORMAL_VOTE,A/76/PV.54,0,0,0,NO_PRESERVED_MANUAL_REVIEW_EVIDENCE,UNREVIEWED_IS_NOT_CODED_ZERO
ICJ-180-2021-12-07||GA_FORMAL_VOTE::GAV|3952169,ICJ-180-2021-12-07,180,2021-12-24,17,GA_FORMAL_VOTE,A/76/PV.54,0,0,0,NO_PRESERVED_MANUAL_REVIEW_EVIDENCE,UNREVIEWED_IS_NOT_CODED_ZERO
ICJ-180-2021-12-07||GA_FORMAL_VOTE::GAV|3952170,ICJ-180-2021-12-07,180,2021-12-24,17,GA_FORMAL_VOTE,A/76/PV.54,0,0,0,NO_PRESERVED_MANUAL_REVIEW_EVIDENCE,UNREVIEWED_IS_NOT_CODED_ZERO
ICJ-180-2021-12-07||GA_FORMAL_VOTE::GAV|3952171,ICJ-180-2021-12-07,180,2021-12-24,17,GA_FORMAL_VOTE,A/76/PV.54,0,0,0,NO_PRESERVED_MANUAL_REVIEW_EVIDENCE,UNREVIEWED_IS_NOT_CODED_ZERO
ICJ-180-2021-12-07||SC_FORMAL_VOTE::SCV|1961,ICJ-180-2021-12-07,180,2021-12-30,23,SC_FORMAL_VOTE,S/PV.,0,0,0,NO_PRESERVED_MANUAL_REVIEW_EVIDENCE,UNREVIEWED_IS_NOT_CODED_ZERO
ICJ-180-2021-12-07||SC_MEETING::SCM|S/PV.8943,ICJ-180-2021-12-07,180,2022-01-05,29,SC_MEETING,S/PV.8943,0,0,0,NO_PRESERVED_MANUAL_REVIEW_EVIDENCE,UNREVIEWED_IS_NOT_CODED_ZERO
ICJ-180-2021-12-07||SC_MEETING::SCM|S/PV.8944,ICJ-180-2021-12-07,180,2022-01-10,34,SC_MEETING,S/PV.8944,0,0,0,NO_PRESERVED_MANUAL_REVIEW_EVIDENCE,UNREVIEWED_IS_NOT_CODED_ZERO
ICJ-180-2021-12-07||SC_MEETING::SCM|S/PV.8945,ICJ-180-2021-12-07,180,2022-01-11,35,SC_MEETING,S/PV.8945,0,0,0,NO_PRESERVED_MANUAL_REVIEW_EVIDENCE,UNREVIEWED_IS_NOT_CODED_ZERO
ICJ-180-2021-12-07||SC_MEETING::SCM|S/PV.8946,ICJ-180-2021-12-07,180,2022-01-12,36,SC_MEETING,S/PV.8946,0,0,0,NO_PRESERVED_MANUAL_REVIEW_EVIDENCE,UNREVIEWED_IS_NOT_CODED_ZERO
ICJ-180-2021-12-07||SC_MEETING::SCM|S/PV.8947,ICJ-180-2021-12-07,180,2022-01-12,36,SC_MEETING,S/PV.8947,0,0,0,NO_PRESERVED_MANUAL_REVIEW_EVIDENCE,UNREVIEWED_IS_NOT_CODED_ZERO
ICJ-180-2021-12-07||SC_MEETING::SCM|S/PV.8948,ICJ-180-2021-12-07,180,2022-01-17,41,SC_MEETING,S/PV.8948,0,0,0,NO_PRESERVED_MANUAL_REVIEW_EVIDENCE,UNREVIEWED_IS_NOT_CODED_ZERO
ICJ-180-2021-12-07||SC_MEETING::SCM|S/PV.8949,ICJ-180-2021-12-07,180,2022-01-18,42,SC_MEETING,S/PV.8949,0,0,0,NO_PRESERVED_MANUAL_REVIEW_EVIDENCE,UNREVIEWED_IS_NOT_CODED_ZERO
ICJ-180-2021-12-07||SC_MEETING::SCM|S/PV.8949 (Resumption 1),ICJ-180-2021-12-07,180,2022-01-18,42,SC_MEETING,S/PV.8949 (Resumption 1),0,0,0,NO_PRESERVED_MANUAL_REVIEW_EVIDENCE,UNREVIEWED_IS_NOT_CODED_ZERO
ICJ-180-2021-12-07||SC_MEETING::SCM|S/PV.8950,ICJ-180-2021-12-07,180,2022-01-19,43,SC_MEETING,S/PV.8950,0,0,0,NO_PRESERVED_MANUAL_REVIEW_EVIDENCE,UNREVIEWED_IS_NOT_CODED_ZERO
ICJ-180-2021-12-07||SC_MEETING::SCM|S/PV.8950 (Resumption 1),ICJ-180-2021-12-07,180,2022-01-19,43,SC_MEETING,S/PV.8950 (Resumption 1),0,0,0,NO_PRESERVED_MANUAL_REVIEW_EVIDENCE,UNREVIEWED_IS_NOT_CODED_ZERO
ICJ-180-2021-12-07||SC_MEETING::SCM|S/PV.8951,ICJ-180-2021-12-07,180,2022-01-20,44,SC_MEETING,S/PV.8951,0,0,0,NO_PRESERVED_MANUAL_REVIEW_EVIDENCE,UNREVIEWED_IS_NOT_CODED_ZERO
ICJ-180-2021-12-07||SC_MEETING::SCM|S/PV.8952,ICJ-180-2021-12-07,180,2022-01-24,48,SC_MEETING,S/PV.8952,0,0,0,NO_PRESERVED_MANUAL_REVIEW_EVIDENCE,UNREVIEWED_IS_NOT_CODED_ZERO
ICJ-180-2021-12-07||SC_MEETING::SCM|S/PV.8953,ICJ-180-2021-12-07,180,2022-01-25,49,SC_MEETING,S/PV.8953,0,0,0,NO_PRESERVED_MANUAL_REVIEW_EVIDENCE,UNREVIEWED_IS_NOT_CODED_ZERO
ICJ-180-2021-12-07||SC_MEETING::SCM|S/PV.8953 (Resumption 1),ICJ-180-2021-12-07,180,2022-01-25,49,SC_MEETING,S/PV.8953 (Resumption 1),0,0,0,NO_PRESERVED_MANUAL_REVIEW_EVIDENCE,UNREVIEWED_IS_NOT_CODED_ZERO
ICJ-180-2021-12-07||SC_MEETING::SCM|S/PV.8954,ICJ-180-2021-12-07,180,2022-01-26,50,SC_MEETING,S/PV.8954,0,0,0,NO_PRESERVED_MANUAL_REVIEW_EVIDENCE,UNREVIEWED_IS_NOT_CODED_ZERO
ICJ-180-2021-12-07||SC_MEETING::SCM|S/PV.8955,ICJ-180-2021-12-07,180,2022-01-26,50,SC_MEETING,S/PV.8955,0,0,0,NO_PRESERVED_MANUAL_REVIEW_EVIDENCE,UNREVIEWED_IS_NOT_CODED_ZERO
ICJ-180-2021-12-07||SC_FORMAL_VOTE::SCV|1962,ICJ-180-2021-12-07,180,2022-01-27,51,SC_FORMAL_VOTE,S/PV.8956,0,0,0,NO_PRESERVED_MANUAL_REVIEW_EVIDENCE,UNREVIEWED_IS_NOT_CODED_ZERO
ICJ-180-2021-12-07||SC_MEETING::SCM|S/PV.8956,ICJ-180-2021-12-07,180,2022-01-27,51,SC_MEETING,S/PV.8956,0,0,0,NO_PRESERVED_MANUAL_REVIEW_EVIDENCE,UNREVIEWED_IS_NOT_CODED_ZERO
ICJ-180-2021-12-07||SC_MEETING::SCM|S/PV.8957,ICJ-180-2021-12-07,180,2022-01-27,51,SC_MEETING,S/PV.8957,0,0,0,NO_PRESERVED_MANUAL_REVIEW_EVIDENCE,UNREVIEWED_IS_NOT_CODED_ZERO
ICJ-180-2021-12-07||SC_MEETING::SCM|S/PV.8958,ICJ-180-2021-12-07,180,2022-01-27,51,SC_MEETING,S/PV.8958,0,0,0,NO_PRESERVED_MANUAL_REVIEW_EVIDENCE,UNREVIEWED_IS_NOT_CODED_ZERO
ICJ-180-2021-12-07||SC_MEETING::SCM|S/PV.8959,ICJ-180-2021-12-07,180,2022-01-28,52,SC_MEETING,S/PV.8959,0,0,0,NO_PRESERVED_MANUAL_REVIEW_EVIDENCE,UNREVIEWED_IS_NOT_CODED_ZERO
ICJ-180-2021-12-07||SC_FORMAL_VOTE::SCV|1963,ICJ-180-2021-12-07,180,2022-01-31,55,SC_FORMAL_VOTE,S/PV.8961,0,0,0,NO_PRESERVED_MANUAL_REVIEW_EVIDENCE,UNREVIEWED_IS_NOT_CODED_ZERO
ICJ-180-2021-12-07||SC_MEETING::SCM|S/PV.8960,ICJ-180-2021-12-07,180,2022-01-31,55,SC_MEETING,S/PV.8960,0,0,0,NO_PRESERVED_MANUAL_REVIEW_EVIDENCE,UNREVIEWED_IS_NOT_CODED_ZERO
ICJ-180-2021-12-07||SC_MEETING::SCM|S/PV.8961,ICJ-180-2021-12-07,180,2022-01-31,55,SC_MEETING,S/PV.8961,0,0,0,NO_PRESERVED_MANUAL_REVIEW_EVIDENCE,UNREVIEWED_IS_NOT_CODED_ZERO
ICJ-180-2021-12-07||SC_MEETING::SCM|S/PV.8962,ICJ-180-2021-12-07,180,2022-02-07,62,SC_MEETING,S/PV.8962,0,0,0,NO_PRESERVED_MANUAL_REVIEW_EVIDENCE,UNREVIEWED_IS_NOT_CODED_ZERO
ICJ-180-2021-12-07||SC_MEETING::SCM|S/PV.8963,ICJ-180-2021-12-07,180,2022-02-09,64,SC_MEETING,S/PV.8963,0,0,0,NO_PRESERVED_MANUAL_REVIEW_EVIDENCE,UNREVIEWED_IS_NOT_CODED_ZERO
ICJ-180-2021-12-07||SC_FORMAL_VOTE::SCV|1964,ICJ-180-2021-12-07,180,2022-02-15,70,SC_FORMAL_VOTE,S/PV.8964,0,0,0,NO_PRESERVED_MANUAL_REVIEW_EVIDENCE,UNREVIEWED_IS_NOT_CODED_ZERO
ICJ-180-2021-12-07||SC_MEETING::SCM|S/PV.8964,ICJ-180-2021-12-07,180,2022-02-15,70,SC_MEETING,S/PV.8964,0,0,0,NO_PRESERVED_MANUAL_REVIEW_EVIDENCE,UNREVIEWED_IS_NOT_CODED_ZERO
ICJ-180-2021-12-07||SC_MEETING::SCM|S/PV.8965,ICJ-180-2021-12-07,180,2022-02-15,70,SC_MEETING,S/PV.8965,0,0,0,NO_PRESERVED_MANUAL_REVIEW_EVIDENCE,UNREVIEWED_IS_NOT_CODED_ZERO
ICJ-180-2021-12-07||SC_MEETING::SCM|S/PV.8966,ICJ-180-2021-12-07,180,2022-02-15,70,SC_MEETING,S/PV.8966,0,0,0,NO_PRESERVED_MANUAL_REVIEW_EVIDENCE,UNREVIEWED_IS_NOT_CODED_ZERO
ICJ-180-2021-12-07||SC_MEETING::SCM|S/PV.8967,ICJ-180-2021-12-07,180,2022-02-16,71,SC_MEETING,S/PV.8967,0,0,0,NO_PRESERVED_MANUAL_REVIEW_EVIDENCE,UNREVIEWED_IS_NOT_CODED_ZERO
ICJ-180-2021-12-07||SC_MEETING::SCM|S/PV.8968,ICJ-180-2021-12-07,180,2022-02-17,72,SC_MEETING,S/PV.8968,0,0,0,NO_PRESERVED_MANUAL_REVIEW_EVIDENCE,UNREVIEWED_IS_NOT_CODED_ZERO
ICJ-180-2021-12-07||SC_MEETING::SCM|S/PV.8969,ICJ-180-2021-12-07,180,2022-02-18,73,SC_MEETING,S/PV.8969,0,0,0,NO_PRESERVED_MANUAL_REVIEW_EVIDENCE,UNREVIEWED_IS_NOT_CODED_ZERO
ICJ-180-2021-12-07||SC_MEETING::SCM|S/PV.8970,ICJ-180-2021-12-07,180,2022-02-21,76,SC_MEETING,S/PV.8970,0,0,0,NO_PRESERVED_MANUAL_REVIEW_EVIDENCE,UNREVIEWED_IS_NOT_CODED_ZERO
ICJ-180-2021-12-07||SC_FORMAL_VOTE::SCV|1965,ICJ-180-2021-12-07,180,2022-02-22,77,SC_FORMAL_VOTE,S/PV.8972,0,0,0,NO_PRESERVED_MANUAL_REVIEW_EVIDENCE,UNREVIEWED_IS_NOT_CODED_ZERO
ICJ-180-2021-12-07||SC_MEETING::SCM|S/PV.8971,ICJ-180-2021-12-07,180,2022-02-22,77,SC_MEETING,S/PV.8971,0,0,0,NO_PRESERVED_MANUAL_REVIEW_EVIDENCE,UNREVIEWED_IS_NOT_CODED_ZERO
ICJ-180-2021-12-07||SC_MEETING::SCM|S/PV.8972,ICJ-180-2021-12-07,180,2022-02-22,77,SC_MEETING,S/PV.8972,0,0,0,NO_PRESERVED_MANUAL_REVIEW_EVIDENCE,UNREVIEWED_IS_NOT_CODED_ZERO
ICJ-180-2021-12-07||SC_MEETING::SCM|S/PV.8973,ICJ-180-2021-12-07,180,2022-02-23,78,SC_MEETING,S/PV.8973,0,0,0,NO_PRESERVED_MANUAL_REVIEW_EVIDENCE,UNREVIEWED_IS_NOT_CODED_ZERO
ICJ-180-2021-12-07||SC_MEETING::SCM|S/PV.8974,ICJ-180-2021-12-07,180,2022-02-23,78,SC_MEETING,S/PV.8974,0,0,0,NO_PRESERVED_MANUAL_REVIEW_EVIDENCE,UNREVIEWED_IS_NOT_CODED_ZERO
ICJ-180-2021-12-07||SC_MEETING::SCM|S/PV.8975,ICJ-180-2021-12-07,180,2022-02-24,79,SC_MEETING,S/PV.8975,0,0,0,NO_PRESERVED_MANUAL_REVIEW_EVIDENCE,UNREVIEWED_IS_NOT_CODED_ZERO
ICJ-180-2021-12-07||SC_MEETING::SCM|S/PV.8976,ICJ-180-2021-12-07,180,2022-02-24,79,SC_MEETING,S/PV.8976,0,0,0,NO_PRESERVED_MANUAL_REVIEW_EVIDENCE,UNREVIEWED_IS_NOT_CODED_ZERO
ICJ-180-2021-12-07||SC_FORMAL_VOTE::SCV|1966,ICJ-180-2021-12-07,180,2022-02-25,80,SC_FORMAL_VOTE,S/PV.8977,0,0,0,NO_PRESERVED_MANUAL_REVIEW_EVIDENCE,UNREVIEWED_IS_NOT_CODED_ZERO
ICJ-180-2021-12-07||SC_FORMAL_VOTE::SCV|1967,ICJ-180-2021-12-07,180,2022-02-25,80,SC_FORMAL_VOTE,S/PV.8979,0,0,0,NO_PRESERVED_MANUAL_REVIEW_EVIDENCE,UNREVIEWED_IS_NOT_CODED_ZERO
ICJ-180-2021-12-07||SC_MEETING::SCM|S/PV.8977,ICJ-180-2021-12-07,180,2022-02-25,80,SC_MEETING,S/PV.8977,0,0,0,NO_PRESERVED_MANUAL_REVIEW_EVIDENCE,UNREVIEWED_IS_NOT_CODED_ZERO
ICJ-180-2021-12-07||SC_MEETING::SCM|S/PV.8978,ICJ-180-2021-12-07,180,2022-02-25,80,SC_MEETING,S/PV.8978,0,0,0,NO_PRESERVED_MANUAL_REVIEW_EVIDENCE,UNREVIEWED_IS_NOT_CODED_ZERO
ICJ-180-2021-12-07||SC_MEETING::SCM|S/PV.8979,ICJ-180-2021-12-07,180,2022-02-25,80,SC_MEETING,S/PV.8979,0,0,0,NO_PRESERVED_MANUAL_REVIEW_EVIDENCE,UNREVIEWED_IS_NOT_CODED_ZERO
ICJ-180-2021-12-07||SC_FORMAL_VOTE::SCV|1968,ICJ-180-2021-12-07,180,2022-02-27,82,SC_FORMAL_VOTE,S/PV.8980,0,0,0,NO_PRESERVED_MANUAL_REVIEW_EVIDENCE,UNREVIEWED_IS_NOT_CODED_ZERO
ICJ-180-2021-12-07||SC_MEETING::SCM|S/PV.8980,ICJ-180-2021-12-07,180,2022-02-27,82,SC_MEETING,S/PV.8980,0,0,0,NO_PRESERVED_MANUAL_REVIEW_EVIDENCE,UNREVIEWED_IS_NOT_CODED_ZERO
ICJ-180-2021-12-07||SC_FORMAL_VOTE::SCV|1969,ICJ-180-2021-12-07,180,2022-02-28,83,SC_FORMAL_VOTE,S/PV.8981,0,0,0,NO_PRESERVED_MANUAL_REVIEW_EVIDENCE,UNREVIEWED_IS_NOT_CODED_ZERO
ICJ-180-2021-12-07||SC_MEETING::SCM|S/PV.8981,ICJ-180-2021-12-07,180,2022-02-28,83,SC_MEETING,S/PV.8981,0,0,0,NO_PRESERVED_MANUAL_REVIEW_EVIDENCE,UNREVIEWED_IS_NOT_CODED_ZERO
ICJ-180-2021-12-07||SC_MEETING::SCM|S/PV.8982,ICJ-180-2021-12-07,180,2022-02-28,83,SC_MEETING,S/PV.8982,0,0,0,NO_PRESERVED_MANUAL_REVIEW_EVIDENCE,UNREVIEWED_IS_NOT_CODED_ZERO
ICJ-180-2021-12-07||SC_MEETING::SCM|S/PV.8983,ICJ-180-2021-12-07,180,2022-02-28,83,SC_MEETING,S/PV.8983,0,0,0,NO_PRESERVED_MANUAL_REVIEW_EVIDENCE,UNREVIEWED_IS_NOT_CODED_ZERO
ICJ-180-2021-12-07||GA_FORMAL_VOTE::GAV|3959039,ICJ-180-2021-12-07,180,2022-03-02,85,GA_FORMAL_VOTE,A/ES-11/PV.5,0,0,0,NO_PRESERVED_MANUAL_REVIEW_EVIDENCE,UNREVIEWED_IS_NOT_CODED_ZERO
ICJ-180-2021-12-07||SC_MEETING::SCM|S/PV.8984,ICJ-180-2021-12-07,180,2022-03-02,85,SC_MEETING,S/PV.8984,0,0,0,NO_PRESERVED_MANUAL_REVIEW_EVIDENCE,UNREVIEWED_IS_NOT_CODED_ZERO
ICJ-180-2021-12-07||SC_MEETING::SCM|S/PV.8985,ICJ-180-2021-12-07,180,2022-03-03,86,SC_MEETING,S/PV.8985,0,0,0,NO_PRESERVED_MANUAL_REVIEW_EVIDENCE,UNREVIEWED_IS_NOT_CODED_ZERO
ICJ-180-2021-12-07||SC_MEETING::SCM|S/PV.8986,ICJ-180-2021-12-07,180,2022-03-04,87,SC_MEETING,S/PV.8986,0,0,0,NO_PRESERVED_MANUAL_REVIEW_EVIDENCE,UNREVIEWED_IS_NOT_CODED_ZERO
ICJ-180-2021-12-07||SC_MEETING::SCM|S/PV.8987,ICJ-180-2021-12-07,180,2022-03-07,90,SC_MEETING,S/PV.8987,0,0,0,NO_PRESERVED_MANUAL_REVIEW_EVIDENCE,UNREVIEWED_IS_NOT_CODED_ZERO
ICJ-180-2021-12-07||SC_MEETING::SCM|S/PV.8988,ICJ-180-2021-12-07,180,2022-03-07,90,SC_MEETING,S/PV.8988,0,0,0,NO_PRESERVED_MANUAL_REVIEW_EVIDENCE,UNREVIEWED_IS_NOT_CODED_ZERO
ICJ-180-2021-12-07||SC_MEETING::SCM|S/PV.8989,ICJ-180-2021-12-07,180,2022-03-08,91,SC_MEETING,S/PV.8989,0,0,0,NO_PRESERVED_MANUAL_REVIEW_EVIDENCE,UNREVIEWED_IS_NOT_CODED_ZERO
ICJ-180-2021-12-07||SC_MEETING::SCM|S/PV.8989 (Resumption 1),ICJ-180-2021-12-07,180,2022-03-08,91,SC_MEETING,S/PV.8989 (Resumption 1),0,0,0,NO_PRESERVED_MANUAL_REVIEW_EVIDENCE,UNREVIEWED_IS_NOT_CODED_ZERO
ICJ-180-2021-12-07||SC_MEETING::SCM|S/PV.8990,ICJ-180-2021-12-07,180,2022-03-10,93,SC_MEETING,S/PV.8990,0,0,0,NO_PRESERVED_MANUAL_REVIEW_EVIDENCE,UNREVIEWED_IS_NOT_CODED_ZERO
ICJ-180-2021-12-07||SC_MEETING::SCM|S/PV.8991,ICJ-180-2021-12-07,180,2022-03-11,94,SC_MEETING,S/PV.8991,0,0,0,NO_PRESERVED_MANUAL_REVIEW_EVIDENCE,UNREVIEWED_IS_NOT_CODED_ZERO
ICJ-180-2021-12-07||SC_MEETING::SCM|S/PV.8992,ICJ-180-2021-12-07,180,2022-03-14,97,SC_MEETING,S/PV.8992,0,0,0,NO_PRESERVED_MANUAL_REVIEW_EVIDENCE,UNREVIEWED_IS_NOT_CODED_ZERO
ICJ-180-2021-12-07||SC_MEETING::SCM|S/PV.8993,ICJ-180-2021-12-07,180,2022-03-14,97,SC_MEETING,S/PV.8993,0,0,0,NO_PRESERVED_MANUAL_REVIEW_EVIDENCE,UNREVIEWED_IS_NOT_CODED_ZERO
ICJ-180-2021-12-07||SC_FORMAL_VOTE::SCV|1970,ICJ-180-2021-12-07,180,2022-03-15,98,SC_FORMAL_VOTE,S/PV.8994,0,0,0,NO_PRESERVED_MANUAL_REVIEW_EVIDENCE,UNREVIEWED_IS_NOT_CODED_ZERO
ICJ-180-2021-12-07||SC_MEETING::SCM|S/PV.8994,ICJ-180-2021-12-07,180,2022-03-15,98,SC_MEETING,S/PV.8994,0,0,0,NO_PRESERVED_MANUAL_REVIEW_EVIDENCE,UNREVIEWED_IS_NOT_CODED_ZERO
ICJ-180-2021-12-07||SC_MEETING::SCM|S/PV.8995,ICJ-180-2021-12-07,180,2022-03-15,98,SC_MEETING,S/PV.8995,0,0,0,NO_PRESERVED_MANUAL_REVIEW_EVIDENCE,UNREVIEWED_IS_NOT_CODED_ZERO
ICJ-180-2021-12-07||SC_MEETING::SCM|S/PV.8996,ICJ-180-2021-12-07,180,2022-03-16,99,SC_MEETING,S/PV.8996,0,0,0,NO_PRESERVED_MANUAL_REVIEW_EVIDENCE,UNREVIEWED_IS_NOT_CODED_ZERO
ICJ-180-2021-12-07||SC_FORMAL_VOTE::SCV|1971,ICJ-180-2021-12-07,180,2022-03-17,100,SC_FORMAL_VOTE,S/PV.8997,0,0,0,NO_PRESERVED_MANUAL_REVIEW_EVIDENCE,UNREVIEWED_IS_NOT_CODED_ZERO
ICJ-180-2021-12-07||SC_MEETING::SCM|S/PV.8997,ICJ-180-2021-12-07,180,2022-03-17,100,SC_MEETING,S/PV.8997,0,0,0,NO_PRESERVED_MANUAL_REVIEW_EVIDENCE,UNREVIEWED_IS_NOT_CODED_ZERO
ICJ-180-2021-12-07||SC_MEETING::SCM|S/PV.8998,ICJ-180-2021-12-07,180,2022-03-17,100,SC_MEETING,S/PV.8998,0,0,0,NO_PRESERVED_MANUAL_REVIEW_EVIDENCE,UNREVIEWED_IS_NOT_CODED_ZERO
ICJ-180-2021-12-07||SC_MEETING::SCM|S/PV.8999,ICJ-180-2021-12-07,180,2022-03-18,101,SC_MEETING,S/PV.8999,0,0,0,NO_PRESERVED_MANUAL_REVIEW_EVIDENCE,UNREVIEWED_IS_NOT_CODED_ZERO
ICJ-180-2021-12-07||SC_MEETING::SCM|S/PV.9000,ICJ-180-2021-12-07,180,2022-03-22,105,SC_MEETING,S/PV.9000,0,0,0,NO_PRESERVED_MANUAL_REVIEW_EVIDENCE,UNREVIEWED_IS_NOT_CODED_ZERO
ICJ-180-2021-12-07||SC_FORMAL_VOTE::SCV|1972,ICJ-180-2021-12-07,180,2022-03-23,106,SC_FORMAL_VOTE,S/PV.9002,0,0,0,NO_PRESERVED_MANUAL_REVIEW_EVIDENCE,UNREVIEWED_IS_NOT_CODED_ZERO
ICJ-180-2021-12-07||SC_MEETING::SCM|S/PV.9001,ICJ-180-2021-12-07,180,2022-03-23,106,SC_MEETING,S/PV.9001,0,0,0,NO_PRESERVED_MANUAL_REVIEW_EVIDENCE,UNREVIEWED_IS_NOT_CODED_ZERO
ICJ-180-2021-12-07||SC_MEETING::SCM|S/PV.9002,ICJ-180-2021-12-07,180,2022-03-23,106,SC_MEETING,S/PV.9002,0,0,0,NO_PRESERVED_MANUAL_REVIEW_EVIDENCE,UNREVIEWED_IS_NOT_CODED_ZERO
ICJ-180-2021-12-07||GA_FORMAL_VOTE::GAV|3965954,ICJ-180-2021-12-07,180,2022-03-24,107,GA_FORMAL_VOTE,A/ES-11/PV.9,0,0,0,NO_PRESERVED_MANUAL_REVIEW_EVIDENCE,UNREVIEWED_IS_NOT_CODED_ZERO
ICJ-180-2021-12-07||SC_MEETING::SCM|S/PV.9003,ICJ-180-2021-12-07,180,2022-03-24,107,SC_MEETING,S/PV.9003,0,0,0,NO_PRESERVED_MANUAL_REVIEW_EVIDENCE,UNREVIEWED_IS_NOT_CODED_ZERO
ICJ-180-2021-12-07||SC_FORMAL_VOTE::SCV|1973,ICJ-180-2021-12-07,180,2022-03-25,108,SC_FORMAL_VOTE,S/PV.9004,0,0,0,NO_PRESERVED_MANUAL_REVIEW_EVIDENCE,UNREVIEWED_IS_NOT_CODED_ZERO
ICJ-180-2021-12-07||SC_MEETING::SCM|S/PV.9004,ICJ-180-2021-12-07,180,2022-03-25,108,SC_MEETING,S/PV.9004,0,0,0,NO_PRESERVED_MANUAL_REVIEW_EVIDENCE,UNREVIEWED_IS_NOT_CODED_ZERO
ICJ-180-2021-12-07||SC_MEETING::SCM|S/PV.9005,ICJ-180-2021-12-07,180,2022-03-28,111,SC_MEETING,S/PV.9005,0,0,0,NO_PRESERVED_MANUAL_REVIEW_EVIDENCE,UNREVIEWED_IS_NOT_CODED_ZERO
ICJ-180-2021-12-07||SC_MEETING::SCM|S/PV.9006,ICJ-180-2021-12-07,180,2022-03-28,111,SC_MEETING,S/PV.9006,0,0,0,NO_PRESERVED_MANUAL_REVIEW_EVIDENCE,UNREVIEWED_IS_NOT_CODED_ZERO
ICJ-180-2021-12-07||SC_MEETING::SCM|S/PV.9007,ICJ-180-2021-12-07,180,2022-03-29,112,SC_MEETING,S/PV.9007,0,0,0,NO_PRESERVED_MANUAL_REVIEW_EVIDENCE,UNREVIEWED_IS_NOT_CODED_ZERO
ICJ-180-2021-12-07||SC_MEETING::SCM|S/PV.9008,ICJ-180-2021-12-07,180,2022-03-29,112,SC_MEETING,S/PV.9008,0,0,0,NO_PRESERVED_MANUAL_REVIEW_EVIDENCE,UNREVIEWED_IS_NOT_CODED_ZERO
ICJ-180-2021-12-07||SC_FORMAL_VOTE::SCV|1974,ICJ-180-2021-12-07,180,2022-03-31,114,SC_FORMAL_VOTE,S/PV.9009,0,0,0,NO_PRESERVED_MANUAL_REVIEW_EVIDENCE,UNREVIEWED_IS_NOT_CODED_ZERO
ICJ-180-2021-12-07||SC_MEETING::SCM|S/PV.9009,ICJ-180-2021-12-07,180,2022-03-31,114,SC_MEETING,S/PV.9009,0,0,0,NO_PRESERVED_MANUAL_REVIEW_EVIDENCE,UNREVIEWED_IS_NOT_CODED_ZERO
ICJ-180-2021-12-07||SC_MEETING::SCM|S/PV.9010,ICJ-180-2021-12-07,180,2022-03-31,114,SC_MEETING,S/PV.9010,0,0,0,NO_PRESERVED_MANUAL_REVIEW_EVIDENCE,UNREVIEWED_IS_NOT_CODED_ZERO
ICJ-180-2021-12-07||SC_MEETING::SCM|S/PV.9011,ICJ-180-2021-12-07,180,2022-04-05,119,SC_MEETING,S/PV.9011,0,0,0,NO_PRESERVED_MANUAL_REVIEW_EVIDENCE,UNREVIEWED_IS_NOT_CODED_ZERO
ICJ-180-2021-12-07||GA_FORMAL_VOTE::GAV|3967778,ICJ-180-2021-12-07,180,2022-04-07,121,GA_FORMAL_VOTE,A/ES-11/PV.10,0,0,0,NO_PRESERVED_MANUAL_REVIEW_EVIDENCE,UNREVIEWED_IS_NOT_CODED_ZERO
ICJ-180-2021-12-07||SC_MEETING::SCM|S/PV.9012,ICJ-180-2021-12-07,180,2022-04-07,121,SC_MEETING,S/PV.9012,0,0,0,NO_PRESERVED_MANUAL_REVIEW_EVIDENCE,UNREVIEWED_IS_NOT_CODED_ZERO
ICJ-180-2021-12-07||SC_MEETING::SCM|S/PV.9013,ICJ-180-2021-12-07,180,2022-04-11,125,SC_MEETING,S/PV.9013,0,0,0,NO_PRESERVED_MANUAL_REVIEW_EVIDENCE,UNREVIEWED_IS_NOT_CODED_ZERO
ICJ-180-2021-12-07||SC_MEETING::SCM|S/PV.9014,ICJ-180-2021-12-07,180,2022-04-11,125,SC_MEETING,S/PV.9014,1,0,1,PRESERVED_ORIGINAL_233_HUMAN_REVIEW,REVIEW_EVIDENCE_PRESENT
ICJ-180-2021-12-07||SC_MEETING::SCM|S/PV.9015,ICJ-180-2021-12-07,180,2022-04-12,126,SC_MEETING,S/PV.9015,0,0,0,NO_PRESERVED_MANUAL_REVIEW_EVIDENCE,UNREVIEWED_IS_NOT_CODED_ZERO
ICJ-180-2021-12-07||SC_MEETING::SCM|S/PV.9016,ICJ-180-2021-12-07,180,2022-04-13,127,SC_MEETING,S/PV.9016,0,0,0,NO_PRESERVED_MANUAL_REVIEW_EVIDENCE,UNREVIEWED_IS_NOT_CODED_ZERO
ICJ-180-2021-12-07||SC_MEETING::SCM|S/PV.9016 (Resumption 1),ICJ-180-2021-12-07,180,2022-04-13,127,SC_MEETING,S/PV.9016 (Resumption 1),0,0,0,NO_PRESERVED_MANUAL_REVIEW_EVIDENCE,UNREVIEWED_IS_NOT_CODED_ZERO
ICJ-180-2021-12-07||SC_MEETING::SCM|S/PV.9017,ICJ-180-2021-12-07,180,2022-04-14,128,SC_MEETING,S/PV.9017,0,0,0,NO_PRESERVED_MANUAL_REVIEW_EVIDENCE,UNREVIEWED_IS_NOT_CODED_ZERO
ICJ-180-2021-12-07||SC_MEETING::SCM|S/PV.9018,ICJ-180-2021-12-07,180,2022-04-19,133,SC_MEETING,S/PV.9018,0,0,0,NO_PRESERVED_MANUAL_REVIEW_EVIDENCE,UNREVIEWED_IS_NOT_CODED_ZERO
ICJ-180-2021-12-07||SC_MEETING::SCM|S/PV.9019,ICJ-180-2021-12-07,180,2022-04-20,134,SC_MEETING,S/PV.9019,0,0,0,NO_PRESERVED_MANUAL_REVIEW_EVIDENCE,UNREVIEWED_IS_NOT_CODED_ZERO
ICJ-180-2021-12-07||SC_MEETING::SCM|S/PV.9020,ICJ-180-2021-12-07,180,2022-04-21,135,SC_MEETING,S/PV.9020,0,0,0,NO_PRESERVED_MANUAL_REVIEW_EVIDENCE,UNREVIEWED_IS_NOT_CODED_ZERO
ICJ-180-2021-12-07||SC_MEETING::SCM|S/PV.9021,ICJ-180-2021-12-07,180,2022-04-25,139,SC_MEETING,S/PV.9021,0,0,0,NO_PRESERVED_MANUAL_REVIEW_EVIDENCE,UNREVIEWED_IS_NOT_CODED_ZERO
ICJ-180-2021-12-07||SC_MEETING::SCM|S/PV.9021 (Resumption 1),ICJ-180-2021-12-07,180,2022-04-25,139,SC_MEETING,S/PV.9021 (Resumption 1),0,0,0,NO_PRESERVED_MANUAL_REVIEW_EVIDENCE,UNREVIEWED_IS_NOT_CODED_ZERO
ICJ-180-2021-12-07||SC_MEETING::SCM|S/PV.9022,ICJ-180-2021-12-07,180,2022-04-26,140,SC_MEETING,S/PV.9022,0,0,0,NO_PRESERVED_MANUAL_REVIEW_EVIDENCE,UNREVIEWED_IS_NOT_CODED_ZERO
ICJ-180-2021-12-07||SC_MEETING::SCM|S/PV.9023,ICJ-180-2021-12-07,180,2022-04-27,141,SC_MEETING,S/PV.9023,0,0,0,NO_PRESERVED_MANUAL_REVIEW_EVIDENCE,UNREVIEWED_IS_NOT_CODED_ZERO
ICJ-180-2021-12-07||SC_MEETING::SCM|S/PV.9024,ICJ-180-2021-12-07,180,2022-04-28,142,SC_MEETING,S/PV.9024,0,0,0,NO_PRESERVED_MANUAL_REVIEW_EVIDENCE,UNREVIEWED_IS_NOT_CODED_ZERO
ICJ-180-2021-12-07||SC_FORMAL_VOTE::SCV|1975,ICJ-180-2021-12-07,180,2022-04-29,143,SC_FORMAL_VOTE,S/PV.9025,0,0,0,NO_PRESERVED_MANUAL_REVIEW_EVIDENCE,UNREVIEWED_IS_NOT_CODED_ZERO
ICJ-180-2021-12-07||SC_MEETING::SCM|S/PV.9025,ICJ-180-2021-12-07,180,2022-04-29,143,SC_MEETING,S/PV.9025,0,0,0,NO_PRESERVED_MANUAL_REVIEW_EVIDENCE,UNREVIEWED_IS_NOT_CODED_ZERO
ICJ-180-2021-12-07||SC_MEETING::SCM|S/PV.9026,ICJ-180-2021-12-07,180,2022-04-29,143,SC_MEETING,S/PV.9026,0,0,0,NO_PRESERVED_MANUAL_REVIEW_EVIDENCE,UNREVIEWED_IS_NOT_CODED_ZERO
ICJ-180-2021-12-07||SC_MEETING::SCM|S/PV.9027,ICJ-180-2021-12-07,180,2022-05-05,149,SC_MEETING,S/PV.9027,0,0,0,NO_PRESERVED_MANUAL_REVIEW_EVIDENCE,UNREVIEWED_IS_NOT_CODED_ZERO
ICJ-180-2021-12-07||SC_MEETING::SCM|S/PV.9028,ICJ-180-2021-12-07,180,2022-05-06,150,SC_MEETING,S/PV.9028,0,0,0,NO_PRESERVED_MANUAL_REVIEW_EVIDENCE,UNREVIEWED_IS_NOT_CODED_ZERO
ICJ-180-2021-12-07||SC_MEETING::SCM|S/PV.9029,ICJ-180-2021-12-07,180,2022-05-11,155,SC_MEETING,S/PV.9029,0,0,0,NO_PRESERVED_MANUAL_REVIEW_EVIDENCE,UNREVIEWED_IS_NOT_CODED_ZERO
ICJ-180-2021-12-07||SC_MEETING::SCM|S/PV.9030,ICJ-180-2021-12-07,180,2022-05-11,155,SC_MEETING,S/PV.9030,0,0,0,NO_PRESERVED_MANUAL_REVIEW_EVIDENCE,UNREVIEWED_IS_NOT_CODED_ZERO
ICJ-180-2021-12-07||SC_FORMAL_VOTE::SCV|1976,ICJ-180-2021-12-07,180,2022-05-12,156,SC_FORMAL_VOTE,S/PV.9031,0,0,0,NO_PRESERVED_MANUAL_REVIEW_EVIDENCE,UNREVIEWED_IS_NOT_CODED_ZERO
ICJ-180-2021-12-07||SC_MEETING::SCM|S/PV.9031,ICJ-180-2021-12-07,180,2022-05-12,156,SC_MEETING,S/PV.9031,0,0,0,NO_PRESERVED_MANUAL_REVIEW_EVIDENCE,UNREVIEWED_IS_NOT_CODED_ZERO
ICJ-180-2021-12-07||SC_MEETING::SCM|S/PV.9032,ICJ-180-2021-12-07,180,2022-05-12,156,SC_MEETING,S/PV.9032,0,0,0,NO_PRESERVED_MANUAL_REVIEW_EVIDENCE,UNREVIEWED_IS_NOT_CODED_ZERO
ICJ-180-2021-12-07||SC_MEETING::SCM|S/PV.9033,ICJ-180-2021-12-07,180,2022-05-13,157,SC_MEETING,S/PV.9033,0,0,0,NO_PRESERVED_MANUAL_REVIEW_EVIDENCE,UNREVIEWED_IS_NOT_CODED_ZERO
ICJ-180-2021-12-07||SC_MEETING::SCM|S/PV.9034,ICJ-180-2021-12-07,180,2022-05-17,161,SC_MEETING,S/PV.9034,0,0,0,NO_PRESERVED_MANUAL_REVIEW_EVIDENCE,UNREVIEWED_IS_NOT_CODED_ZERO
ICJ-180-2021-12-07||SC_MEETING::SCM|S/PV.9035,ICJ-180-2021-12-07,180,2022-05-18,162,SC_MEETING,S/PV.9035,0,0,0,NO_PRESERVED_MANUAL_REVIEW_EVIDENCE,UNREVIEWED_IS_NOT_CODED_ZERO
ICJ-180-2021-12-07||SC_MEETING::SCM|S/PV.9036,ICJ-180-2021-12-07,180,2022-05-19,163,SC_MEETING,S/PV.9036,1,0,1,PRESERVED_ORIGINAL_233_HUMAN_REVIEW,REVIEW_EVIDENCE_PRESENT
ICJ-180-2021-12-07||SC_MEETING::SCM|S/PV.9036 (Resumption 1),ICJ-180-2021-12-07,180,2022-05-19,163,SC_MEETING,S/PV.9036 (Resumption 1),1,0,1,PRESERVED_ORIGINAL_233_HUMAN_REVIEW,REVIEW_EVIDENCE_PRESENT
ICJ-180-2021-12-07||SC_MEETING::SCM|S/PV.9037,ICJ-180-2021-12-07,180,2022-05-20,164,SC_MEETING,S/PV.9037,0,0,0,NO_PRESERVED_MANUAL_REVIEW_EVIDENCE,UNREVIEWED_IS_NOT_CODED_ZERO
ICJ-180-2021-12-07||SC_MEETING::SCM|S/PV.9038,ICJ-180-2021-12-07,180,2022-05-20,164,SC_MEETING,S/PV.9038,0,0,0,NO_PRESERVED_MANUAL_REVIEW_EVIDENCE,UNREVIEWED_IS_NOT_CODED_ZERO
ICJ-180-2021-12-07||SC_MEETING::SCM|S/PV.9039,ICJ-180-2021-12-07,180,2022-05-23,167,SC_MEETING,S/PV.9039,1,0,1,PRESERVED_ORIGINAL_233_HUMAN_REVIEW,REVIEW_EVIDENCE_PRESENT
ICJ-180-2021-12-07||SC_MEETING::SCM|S/PV.9040,ICJ-180-2021-12-07,180,2022-05-23,167,SC_MEETING,S/PV.9040,0,0,0,NO_PRESERVED_MANUAL_REVIEW_EVIDENCE,UNREVIEWED_IS_NOT_CODED_ZERO
ICJ-180-2021-12-07||SC_MEETING::SCM|S/PV.9041,ICJ-180-2021-12-07,180,2022-05-24,168,SC_MEETING,S/PV.9041,0,0,0,NO_PRESERVED_MANUAL_REVIEW_EVIDENCE,UNREVIEWED_IS_NOT_CODED_ZERO
ICJ-180-2021-12-07||SC_MEETING::SCM|S/PV.9042,ICJ-180-2021-12-07,180,2022-05-25,169,SC_MEETING,S/PV.9042,0,0,0,NO_PRESERVED_MANUAL_REVIEW_EVIDENCE,UNREVIEWED_IS_NOT_CODED_ZERO
ICJ-180-2021-12-07||SC_MEETING::SCM|S/PV.9042 (Resumption 1),ICJ-180-2021-12-07,180,2022-05-25,169,SC_MEETING,S/PV.9042 (Resumption 1),0,0,0,NO_PRESERVED_MANUAL_REVIEW_EVIDENCE,UNREVIEWED_IS_NOT_CODED_ZERO
ICJ-180-2021-12-07||SC_FORMAL_VOTE::SCV|1977,ICJ-180-2021-12-07,180,2022-05-26,170,SC_FORMAL_VOTE,S/PV.9045,0,0,0,NO_PRESERVED_MANUAL_REVIEW_EVIDENCE,UNREVIEWED_IS_NOT_CODED_ZERO
ICJ-180-2021-12-07||SC_FORMAL_VOTE::SCV|1978,ICJ-180-2021-12-07,180,2022-05-26,170,SC_FORMAL_VOTE,S/PV.9048,0,0,0,NO_PRESERVED_MANUAL_REVIEW_EVIDENCE,UNREVIEWED_IS_NOT_CODED_ZERO
ICJ-180-2021-12-07||SC_FORMAL_VOTE::SCV|1979,ICJ-180-2021-12-07,180,2022-05-26,170,SC_FORMAL_VOTE,S/PV.9043,0,0,0,NO_PRESERVED_MANUAL_REVIEW_EVIDENCE,UNREVIEWED_IS_NOT_CODED_ZERO
ICJ-180-2021-12-07||SC_FORMAL_VOTE::SCV|1980,ICJ-180-2021-12-07,180,2022-05-26,170,SC_FORMAL_VOTE,S/PV.9044,0,0,0,NO_PRESERVED_MANUAL_REVIEW_EVIDENCE,UNREVIEWED_IS_NOT_CODED_ZERO
ICJ-180-2021-12-07||SC_MEETING::SCM|S/PV.9043,ICJ-180-2021-12-07,180,2022-05-26,170,SC_MEETING,S/PV.9043,0,0,0,NO_PRESERVED_MANUAL_REVIEW_EVIDENCE,UNREVIEWED_IS_NOT_CODED_ZERO
ICJ-180-2021-12-07||SC_MEETING::SCM|S/PV.9044,ICJ-180-2021-12-07,180,2022-05-26,170,SC_MEETING,S/PV.9044,0,0,0,NO_PRESERVED_MANUAL_REVIEW_EVIDENCE,UNREVIEWED_IS_NOT_CODED_ZERO
ICJ-180-2021-12-07||SC_MEETING::SCM|S/PV.9045,ICJ-180-2021-12-07,180,2022-05-26,170,SC_MEETING,S/PV.9045,0,0,0,NO_PRESERVED_MANUAL_REVIEW_EVIDENCE,UNREVIEWED_IS_NOT_CODED_ZERO
ICJ-180-2021-12-07||SC_MEETING::SCM|S/PV.9046,ICJ-180-2021-12-07,180,2022-05-26,170,SC_MEETING,S/PV.9046,0,0,0,NO_PRESERVED_MANUAL_REVIEW_EVIDENCE,UNREVIEWED_IS_NOT_CODED_ZERO
ICJ-180-2021-12-07||SC_MEETING::SCM|S/PV.9047,ICJ-180-2021-12-07,180,2022-05-26,170,SC_MEETING,S/PV.9047,0,0,0,NO_PRESERVED_MANUAL_REVIEW_EVIDENCE,UNREVIEWED_IS_NOT_CODED_ZERO
ICJ-180-2021-12-07||SC_MEETING::SCM|S/PV.9048,ICJ-180-2021-12-07,180,2022-05-26,170,SC_MEETING,S/PV.9048,0,0,0,NO_PRESERVED_MANUAL_REVIEW_EVIDENCE,UNREVIEWED_IS_NOT_CODED_ZERO
ICJ-180-2021-12-07||SC_MEETING::SCM|S/PV.9049,ICJ-180-2021-12-07,180,2022-05-27,171,SC_MEETING,S/PV.9049,0,0,0,NO_PRESERVED_MANUAL_REVIEW_EVIDENCE,UNREVIEWED_IS_NOT_CODED_ZERO
ICJ-180-2021-12-07||SC_FORMAL_VOTE::SCV|1981,ICJ-180-2021-12-07,180,2022-05-31,175,SC_FORMAL_VOTE,S/PV.9050,0,0,0,NO_PRESERVED_MANUAL_REVIEW_EVIDENCE,UNREVIEWED_IS_NOT_CODED_ZERO
ICJ-180-2021-12-07||SC_MEETING::SCM|S/PV.9050,ICJ-180-2021-12-07,180,2022-05-31,175,SC_MEETING,S/PV.9050,0,0,0,NO_PRESERVED_MANUAL_REVIEW_EVIDENCE,UNREVIEWED_IS_NOT_CODED_ZERO
ICJ-180-2021-12-07||SC_MEETING::SCM|S/PV.9051,ICJ-180-2021-12-07,180,2022-05-31,175,SC_MEETING,S/PV.9051,0,0,0,NO_PRESERVED_MANUAL_REVIEW_EVIDENCE,UNREVIEWED_IS_NOT_CODED_ZERO
ICJ-180-2021-12-07||SC_MEETING::SCM|S/PV.9052,ICJ-180-2021-12-07,180,2022-06-02,177,SC_MEETING,S/PV.9052,1,0,1,PRESERVED_ORIGINAL_233_HUMAN_REVIEW,REVIEW_EVIDENCE_PRESENT
ICJ-180-2021-12-07||SC_MEETING::SCM|S/PV.9052 (Resumption 1),ICJ-180-2021-12-07,180,2022-06-02,177,SC_MEETING,S/PV.9052 (Resumption 1),1,0,1,PRESERVED_ORIGINAL_233_HUMAN_REVIEW,REVIEW_EVIDENCE_PRESENT
ICJ-180-2021-12-07||SC_FORMAL_VOTE::SCV|1982,ICJ-180-2021-12-07,180,2022-06-03,178,SC_FORMAL_VOTE,S/PV.9053,0,0,0,NO_PRESERVED_MANUAL_REVIEW_EVIDENCE,UNREVIEWED_IS_NOT_CODED_ZERO
ICJ-180-2021-12-07||SC_FORMAL_VOTE::SCV|1983,ICJ-180-2021-12-07,180,2022-06-03,178,SC_FORMAL_VOTE,S/PV.9054,0,0,0,NO_PRESERVED_MANUAL_REVIEW_EVIDENCE,UNREVIEWED_IS_NOT_CODED_ZERO
ICJ-180-2021-12-07||SC_MEETING::SCM|S/PV.9053,ICJ-180-2021-12-07,180,2022-06-03,178,SC_MEETING,S/PV.9053,0,0,0,NO_PRESERVED_MANUAL_REVIEW_EVIDENCE,UNREVIEWED_IS_NOT_CODED_ZERO
ICJ-180-2021-12-07||SC_MEETING::SCM|S/PV.9054,ICJ-180-2021-12-07,180,2022-06-03,178,SC_MEETING,S/PV.9054,0,0,0,NO_PRESERVED_MANUAL_REVIEW_EVIDENCE,UNREVIEWED_IS_NOT_CODED_ZERO
ICJ-180-2021-12-07||SC_MEETING::SCM|S/PV.9055,ICJ-180-2021-12-07,180,2022-06-03,178,SC_MEETING,S/PV.9055,0,0,0,NO_PRESERVED_MANUAL_REVIEW_EVIDENCE,UNREVIEWED_IS_NOT_CODED_ZERO
ICJ-180-2023-02-22||SC_MEETING::SCM|S/PV.9267,ICJ-180-2023-02-22,180,2023-02-22,0,SC_MEETING,S/PV.9267,0,0,0,NO_PRESERVED_MANUAL_REVIEW_EVIDENCE,UNREVIEWED_IS_NOT_CODED_ZERO
ICJ-180-2023-02-22||GA_FORMAL_VOTE::GAV|4003921,ICJ-180-2023-02-22,180,2023-02-23,1,GA_FORMAL_VOTE,A/ES-11/PV.19,0,0,0,NO_PRESERVED_MANUAL_REVIEW_EVIDENCE,UNREVIEWED_IS_NOT_CODED_ZERO
ICJ-180-2023-02-22||SC_MEETING::SCM|S/PV.9268,ICJ-180-2023-02-22,180,2023-02-23,1,SC_MEETING,S/PV.9268,0,0,0,NO_PRESERVED_MANUAL_REVIEW_EVIDENCE,UNREVIEWED_IS_NOT_CODED_ZERO
ICJ-180-2023-02-22||SC_MEETING::SCM|S/PV.9269,ICJ-180-2023-02-22,180,2023-02-24,2,SC_MEETING,S/PV.9269,0,0,0,NO_PRESERVED_MANUAL_REVIEW_EVIDENCE,UNREVIEWED_IS_NOT_CODED_ZERO
ICJ-180-2023-02-22||SC_MEETING::SCM|S/PV.9270,ICJ-180-2023-02-22,180,2023-02-27,5,SC_MEETING,S/PV.9270,0,0,0,NO_PRESERVED_MANUAL_REVIEW_EVIDENCE,UNREVIEWED_IS_NOT_CODED_ZERO
ICJ-180-2023-02-22||SC_MEETING::SCM|S/PV.9271,ICJ-180-2023-02-22,180,2023-02-27,5,SC_MEETING,S/PV.9271,0,0,0,NO_PRESERVED_MANUAL_REVIEW_EVIDENCE,UNREVIEWED_IS_NOT_CODED_ZERO
ICJ-180-2023-02-22||SC_MEETING::SCM|S/PV.9272,ICJ-180-2023-02-22,180,2023-02-28,6,SC_MEETING,S/PV.9272,0,0,0,NO_PRESERVED_MANUAL_REVIEW_EVIDENCE,UNREVIEWED_IS_NOT_CODED_ZERO
ICJ-180-2023-02-22||SC_MEETING::SCM|S/PV.9273,ICJ-180-2023-02-22,180,2023-03-02,8,SC_MEETING,S/PV.9273,0,0,0,NO_PRESERVED_MANUAL_REVIEW_EVIDENCE,UNREVIEWED_IS_NOT_CODED_ZERO
ICJ-180-2023-02-22||SC_MEETING::SCM|S/PV.9274,ICJ-180-2023-02-22,180,2023-03-06,12,SC_MEETING,S/PV.9274,0,0,0,NO_PRESERVED_MANUAL_REVIEW_EVIDENCE,UNREVIEWED_IS_NOT_CODED_ZERO
ICJ-180-2023-02-22||SC_MEETING::SCM|S/PV.9275,ICJ-180-2023-02-22,180,2023-03-06,12,SC_MEETING,S/PV.9275,0,0,0,NO_PRESERVED_MANUAL_REVIEW_EVIDENCE,UNREVIEWED_IS_NOT_CODED_ZERO
ICJ-180-2023-02-22||SC_MEETING::SCM|S/PV.9276,ICJ-180-2023-02-22,180,2023-03-07,13,SC_MEETING,S/PV.9276,0,0,0,NO_PRESERVED_MANUAL_REVIEW_EVIDENCE,UNREVIEWED_IS_NOT_CODED_ZERO
ICJ-180-2023-02-22||SC_MEETING::SCM|S/PV.9276 (Resumption 1),ICJ-180-2023-02-22,180,2023-03-07,13,SC_MEETING,S/PV.9276 (Resumption 1),0,0,0,NO_PRESERVED_MANUAL_REVIEW_EVIDENCE,UNREVIEWED_IS_NOT_CODED_ZERO
ICJ-180-2023-02-22||SC_FORMAL_VOTE::SCV|2027,ICJ-180-2023-02-22,180,2023-03-08,14,SC_FORMAL_VOTE,S/PV.9278,0,0,0,NO_PRESERVED_MANUAL_REVIEW_EVIDENCE,UNREVIEWED_IS_NOT_CODED_ZERO
ICJ-180-2023-02-22||SC_MEETING::SCM|S/PV.9277,ICJ-180-2023-02-22,180,2023-03-08,14,SC_MEETING,S/PV.9277,0,0,0,NO_PRESERVED_MANUAL_REVIEW_EVIDENCE,UNREVIEWED_IS_NOT_CODED_ZERO
ICJ-180-2023-02-22||SC_MEETING::SCM|S/PV.9278,ICJ-180-2023-02-22,180,2023-03-08,14,SC_MEETING,S/PV.9278,0,0,0,NO_PRESERVED_MANUAL_REVIEW_EVIDENCE,UNREVIEWED_IS_NOT_CODED_ZERO
ICJ-180-2023-02-22||SC_MEETING::SCM|S/PV.9279,ICJ-180-2023-02-22,180,2023-03-13,19,SC_MEETING,S/PV.9279,0,0,0,NO_PRESERVED_MANUAL_REVIEW_EVIDENCE,UNREVIEWED_IS_NOT_CODED_ZERO
ICJ-180-2023-02-22||SC_MEETING::SCM|S/PV.9280,ICJ-180-2023-02-22,180,2023-03-14,20,SC_MEETING,S/PV.9280,0,0,0,NO_PRESERVED_MANUAL_REVIEW_EVIDENCE,UNREVIEWED_IS_NOT_CODED_ZERO
ICJ-180-2023-02-22||SC_FORMAL_VOTE::SCV|2028,ICJ-180-2023-02-22,180,2023-03-15,21,SC_FORMAL_VOTE,S/PV.9281,0,0,0,NO_PRESERVED_MANUAL_REVIEW_EVIDENCE,UNREVIEWED_IS_NOT_CODED_ZERO
ICJ-180-2023-02-22||SC_MEETING::SCM|S/PV.9281,ICJ-180-2023-02-22,180,2023-03-15,21,SC_MEETING,S/PV.9281,0,0,0,NO_PRESERVED_MANUAL_REVIEW_EVIDENCE,UNREVIEWED_IS_NOT_CODED_ZERO
ICJ-180-2023-02-22||SC_MEETING::SCM|S/PV.9282,ICJ-180-2023-02-22,180,2023-03-15,21,SC_MEETING,S/PV.9282,0,0,0,NO_PRESERVED_MANUAL_REVIEW_EVIDENCE,UNREVIEWED_IS_NOT_CODED_ZERO
ICJ-180-2023-02-22||SC_FORMAL_VOTE::SCV|2029,ICJ-180-2023-02-22,180,2023-03-16,22,SC_FORMAL_VOTE,S/PV.9283,0,0,0,NO_PRESERVED_MANUAL_REVIEW_EVIDENCE,UNREVIEWED_IS_NOT_CODED_ZERO
ICJ-180-2023-02-22||SC_FORMAL_VOTE::SCV|2030,ICJ-180-2023-02-22,180,2023-03-16,22,SC_FORMAL_VOTE,S/PV.9283,0,0,0,NO_PRESERVED_MANUAL_REVIEW_EVIDENCE,UNREVIEWED_IS_NOT_CODED_ZERO
ICJ-180-2023-02-22||SC_MEETING::SCM|S/PV.9283,ICJ-180-2023-02-22,180,2023-03-16,22,SC_MEETING,S/PV.9283,0,0,0,NO_PRESERVED_MANUAL_REVIEW_EVIDENCE,UNREVIEWED_IS_NOT_CODED_ZERO
ICJ-180-2023-02-22||SC_MEETING::SCM|S/PV.9284,ICJ-180-2023-02-22,180,2023-03-16,22,SC_MEETING,S/PV.9284,0,0,0,NO_PRESERVED_MANUAL_REVIEW_EVIDENCE,UNREVIEWED_IS_NOT_CODED_ZERO
ICJ-180-2023-02-22||SC_MEETING::SCM|S/PV.9285,ICJ-180-2023-02-22,180,2023-03-16,22,SC_MEETING,S/PV.9285,1,0,1,PRESERVED_ORIGINAL_233_HUMAN_REVIEW,REVIEW_EVIDENCE_PRESENT
ICJ-180-2023-02-22||SC_MEETING::SCM|S/PV.9286,ICJ-180-2023-02-22,180,2023-03-17,23,SC_MEETING,S/PV.9286,0,0,0,NO_PRESERVED_MANUAL_REVIEW_EVIDENCE,UNREVIEWED_IS_NOT_CODED_ZERO
ICJ-180-2023-02-22||SC_MEETING::SCM|S/PV.9287,ICJ-180-2023-02-22,180,2023-03-20,26,SC_MEETING,S/PV.9287,0,0,0,NO_PRESERVED_MANUAL_REVIEW_EVIDENCE,UNREVIEWED_IS_NOT_CODED_ZERO
ICJ-180-2023-02-22||SC_MEETING::SCM|S/PV.9288,ICJ-180-2023-02-22,180,2023-03-20,26,SC_MEETING,S/PV.9288,0,0,0,NO_PRESERVED_MANUAL_REVIEW_EVIDENCE,UNREVIEWED_IS_NOT_CODED_ZERO
ICJ-180-2023-02-22||SC_MEETING::SCM|S/PV.9289,ICJ-180-2023-02-22,180,2023-03-20,26,SC_MEETING,S/PV.9289,0,0,0,NO_PRESERVED_MANUAL_REVIEW_EVIDENCE,UNREVIEWED_IS_NOT_CODED_ZERO
ICJ-180-2023-02-22||SC_MEETING::SCM|S/PV.9290,ICJ-180-2023-02-22,180,2023-03-22,28,SC_MEETING,S/PV.9290,0,0,0,NO_PRESERVED_MANUAL_REVIEW_EVIDENCE,UNREVIEWED_IS_NOT_CODED_ZERO
ICJ-180-2023-02-22||SC_FORMAL_VOTE::SCV|2031,ICJ-180-2023-02-22,180,2023-03-23,29,SC_FORMAL_VOTE,S/PV.9292,0,0,0,NO_PRESERVED_MANUAL_REVIEW_EVIDENCE,UNREVIEWED_IS_NOT_CODED_ZERO
ICJ-180-2023-02-22||SC_MEETING::SCM|S/PV.9291,ICJ-180-2023-02-22,180,2023-03-23,29,SC_MEETING,S/PV.9291,0,0,0,NO_PRESERVED_MANUAL_REVIEW_EVIDENCE,UNREVIEWED_IS_NOT_CODED_ZERO
ICJ-180-2023-02-22||SC_MEETING::SCM|S/PV.9292,ICJ-180-2023-02-22,180,2023-03-23,29,SC_MEETING,S/PV.9292,0,0,0,NO_PRESERVED_MANUAL_REVIEW_EVIDENCE,UNREVIEWED_IS_NOT_CODED_ZERO
ICJ-180-2023-02-22||SC_MEETING::SCM|S/PV.9293,ICJ-180-2023-02-22,180,2023-03-23,29,SC_MEETING,S/PV.9293,0,0,0,NO_PRESERVED_MANUAL_REVIEW_EVIDENCE,UNREVIEWED_IS_NOT_CODED_ZERO
ICJ-180-2023-02-22||SC_FORMAL_VOTE::SCV|2032,ICJ-180-2023-02-22,180,2023-03-27,33,SC_FORMAL_VOTE,S/PV.9295,0,0,0,NO_PRESERVED_MANUAL_REVIEW_EVIDENCE,UNREVIEWED_IS_NOT_CODED_ZERO
ICJ-180-2023-02-22||SC_MEETING::SCM|S/PV.9294,ICJ-180-2023-02-22,180,2023-03-27,33,SC_MEETING,S/PV.9294,0,0,0,NO_PRESERVED_MANUAL_REVIEW_EVIDENCE,UNREVIEWED_IS_NOT_CODED_ZERO
ICJ-180-2023-02-22||SC_MEETING::SCM|S/PV.9295,ICJ-180-2023-02-22,180,2023-03-27,33,SC_MEETING,S/PV.9295,0,0,0,NO_PRESERVED_MANUAL_REVIEW_EVIDENCE,UNREVIEWED_IS_NOT_CODED_ZERO
ICJ-180-2023-02-22||SC_MEETING::SCM|S/PV.9296,ICJ-180-2023-02-22,180,2023-03-28,34,SC_MEETING,S/PV.9296,0,0,0,NO_PRESERVED_MANUAL_REVIEW_EVIDENCE,UNREVIEWED_IS_NOT_CODED_ZERO
ICJ-180-2023-02-22||SC_MEETING::SCM|S/PV.9297,ICJ-180-2023-02-22,180,2023-03-29,35,SC_MEETING,S/PV.9297,0,0,0,NO_PRESERVED_MANUAL_REVIEW_EVIDENCE,UNREVIEWED_IS_NOT_CODED_ZERO
ICJ-180-2023-02-22||SC_MEETING::SCM|S/PV.9298,ICJ-180-2023-02-22,180,2023-03-29,35,SC_MEETING,S/PV.9298,0,0,0,NO_PRESERVED_MANUAL_REVIEW_EVIDENCE,UNREVIEWED_IS_NOT_CODED_ZERO
ICJ-180-2023-02-22||SC_MEETING::SCM|S/PV.9299,ICJ-180-2023-02-22,180,2023-03-30,36,SC_MEETING,S/PV.9299,0,0,0,NO_PRESERVED_MANUAL_REVIEW_EVIDENCE,UNREVIEWED_IS_NOT_CODED_ZERO
ICJ-180-2023-02-22||SC_MEETING::SCM|S/PV.9299 (Resumption 1),ICJ-180-2023-02-22,180,2023-03-30,36,SC_MEETING,S/PV.9299 (Resumption 1),0,0,0,NO_PRESERVED_MANUAL_REVIEW_EVIDENCE,UNREVIEWED_IS_NOT_CODED_ZERO
ICJ-180-2023-02-22||SC_MEETING::SCM|S/PV.9300,ICJ-180-2023-02-22,180,2023-03-31,37,SC_MEETING,S/PV.9300,0,0,0,NO_PRESERVED_MANUAL_REVIEW_EVIDENCE,UNREVIEWED_IS_NOT_CODED_ZERO
ICJ-180-2023-02-22||SC_MEETING::SCM|S/PV.9301,ICJ-180-2023-02-22,180,2023-04-10,47,SC_MEETING,S/PV.9301,0,0,0,NO_PRESERVED_MANUAL_REVIEW_EVIDENCE,UNREVIEWED_IS_NOT_CODED_ZERO
ICJ-180-2023-02-22||SC_MEETING::SCM|S/PV.9302,ICJ-180-2023-02-22,180,2023-04-12,49,SC_MEETING,S/PV.9302,0,0,0,NO_PRESERVED_MANUAL_REVIEW_EVIDENCE,UNREVIEWED_IS_NOT_CODED_ZERO
ICJ-180-2023-02-22||SC_MEETING::SCM|S/PV.9303,ICJ-180-2023-02-22,180,2023-04-13,50,SC_MEETING,S/PV.9303,0,0,0,NO_PRESERVED_MANUAL_REVIEW_EVIDENCE,UNREVIEWED_IS_NOT_CODED_ZERO
ICJ-180-2023-02-22||SC_MEETING::SCM|S/PV.9304,ICJ-180-2023-02-22,180,2023-04-17,54,SC_MEETING,S/PV.9304,0,0,0,NO_PRESERVED_MANUAL_REVIEW_EVIDENCE,UNREVIEWED_IS_NOT_CODED_ZERO
ICJ-180-2023-02-22||SC_MEETING::SCM|S/PV.9305,ICJ-180-2023-02-22,180,2023-04-17,54,SC_MEETING,S/PV.9305,0,0,0,NO_PRESERVED_MANUAL_REVIEW_EVIDENCE,UNREVIEWED_IS_NOT_CODED_ZERO
ICJ-180-2023-02-22||SC_MEETING::SCM|S/PV.9306,ICJ-180-2023-02-22,180,2023-04-18,55,SC_MEETING,S/PV.9306,0,0,0,NO_PRESERVED_MANUAL_REVIEW_EVIDENCE,UNREVIEWED_IS_NOT_CODED_ZERO
ICJ-180-2023-02-22||SC_MEETING::SCM|S/PV.9307,ICJ-180-2023-02-22,180,2023-04-19,56,SC_MEETING,S/PV.9307,0,0,0,NO_PRESERVED_MANUAL_REVIEW_EVIDENCE,UNREVIEWED_IS_NOT_CODED_ZERO
ICJ-180-2023-02-22||SC_MEETING::SCM|S/PV.9308,ICJ-180-2023-02-22,180,2023-04-24,61,SC_MEETING,S/PV.9308,1,0,1,PRESERVED_ORIGINAL_233_HUMAN_REVIEW,REVIEW_EVIDENCE_PRESENT
ICJ-180-2023-02-22||SC_MEETING::SCM|S/PV.9308 (Resumption 1),ICJ-180-2023-02-22,180,2023-04-24,61,SC_MEETING,S/PV.9308 (Resumption 1),1,0,1,PRESERVED_ORIGINAL_233_HUMAN_REVIEW,REVIEW_EVIDENCE_PRESENT
ICJ-180-2023-02-22||SC_MEETING::SCM|S/PV.9309,ICJ-180-2023-02-22,180,2023-04-25,62,SC_MEETING,S/PV.9309,0,0,0,NO_PRESERVED_MANUAL_REVIEW_EVIDENCE,UNREVIEWED_IS_NOT_CODED_ZERO
ICJ-180-2023-02-22||SC_MEETING::SCM|S/PV.9309 (Resumption 1),ICJ-180-2023-02-22,180,2023-04-25,62,SC_MEETING,S/PV.9309 (Resumption 1),0,0,0,NO_PRESERVED_MANUAL_REVIEW_EVIDENCE,UNREVIEWED_IS_NOT_CODED_ZERO
ICJ-180-2023-02-22||SC_MEETING::SCM|S/PV.9310,ICJ-180-2023-02-22,180,2023-04-25,62,SC_MEETING,S/PV.9310,0,0,0,NO_PRESERVED_MANUAL_REVIEW_EVIDENCE,UNREVIEWED_IS_NOT_CODED_ZERO
ICJ-180-2023-02-22||GA_FORMAL_VOTE::GAV|4009707,ICJ-180-2023-02-22,180,2023-04-26,63,GA_FORMAL_VOTE,A/77/PV.69,0,0,0,NO_PRESERVED_MANUAL_REVIEW_EVIDENCE,UNREVIEWED_IS_NOT_CODED_ZERO
ICJ-180-2023-02-22||SC_MEETING::SCM|S/PV.9311,ICJ-180-2023-02-22,180,2023-04-26,63,SC_MEETING,S/PV.9311,0,0,0,NO_PRESERVED_MANUAL_REVIEW_EVIDENCE,UNREVIEWED_IS_NOT_CODED_ZERO
ICJ-180-2023-02-22||SC_FORMAL_VOTE::SCV|2033,ICJ-180-2023-02-22,180,2023-04-27,64,SC_FORMAL_VOTE,S/PV.9314,0,0,0,NO_PRESERVED_MANUAL_REVIEW_EVIDENCE,UNREVIEWED_IS_NOT_CODED_ZERO
ICJ-180-2023-02-22||SC_MEETING::SCM|S/PV.9312,ICJ-180-2023-02-22,180,2023-04-27,64,SC_MEETING,S/PV.9312,0,0,0,NO_PRESERVED_MANUAL_REVIEW_EVIDENCE,UNREVIEWED_IS_NOT_CODED_ZERO
ICJ-180-2023-02-22||SC_MEETING::SCM|S/PV.9313,ICJ-180-2023-02-22,180,2023-04-27,64,SC_MEETING,S/PV.9313,0,0,0,NO_PRESERVED_MANUAL_REVIEW_EVIDENCE,UNREVIEWED_IS_NOT_CODED_ZERO
ICJ-180-2023-02-22||SC_MEETING::SCM|S/PV.9314,ICJ-180-2023-02-22,180,2023-04-27,64,SC_MEETING,S/PV.9314,0,0,0,NO_PRESERVED_MANUAL_REVIEW_EVIDENCE,UNREVIEWED_IS_NOT_CODED_ZERO
ICJ-180-2023-02-22||SC_MEETING::SCM|S/PV.9315,ICJ-180-2023-02-22,180,2023-05-03,70,SC_MEETING,S/PV.9315,0,0,0,NO_PRESERVED_MANUAL_REVIEW_EVIDENCE,UNREVIEWED_IS_NOT_CODED_ZERO
ICJ-180-2023-02-22||SC_MEETING::SCM|S/PV.9315 (Resumption 1),ICJ-180-2023-02-22,180,2023-05-03,70,SC_MEETING,S/PV.9315 (Resumption 1),0,0,0,NO_PRESERVED_MANUAL_REVIEW_EVIDENCE,UNREVIEWED_IS_NOT_CODED_ZERO
ICJ-180-2023-02-22||SC_MEETING::SCM|S/PV.9316,ICJ-180-2023-02-22,180,2023-05-04,71,SC_MEETING,S/PV.9316,0,0,0,NO_PRESERVED_MANUAL_REVIEW_EVIDENCE,UNREVIEWED_IS_NOT_CODED_ZERO
ICJ-180-2023-02-22||SC_MEETING::SCM|S/PV.9317,ICJ-180-2023-02-22,180,2023-05-08,75,SC_MEETING,S/PV.9317,0,0,0,NO_PRESERVED_MANUAL_REVIEW_EVIDENCE,UNREVIEWED_IS_NOT_CODED_ZERO
ICJ-180-2023-02-22||SC_MEETING::SCM|S/PV.9318,ICJ-180-2023-02-22,180,2023-05-09,76,SC_MEETING,S/PV.9318,0,0,0,NO_PRESERVED_MANUAL_REVIEW_EVIDENCE,UNREVIEWED_IS_NOT_CODED_ZERO
ICJ-180-2023-02-22||SC_MEETING::SCM|S/PV.9319,ICJ-180-2023-02-22,180,2023-05-10,77,SC_MEETING,S/PV.9319,0,0,0,NO_PRESERVED_MANUAL_REVIEW_EVIDENCE,UNREVIEWED_IS_NOT_CODED_ZERO
ICJ-180-2023-02-22||SC_MEETING::SCM|S/PV.9320,ICJ-180-2023-02-22,180,2023-05-11,78,SC_MEETING,S/PV.9320,0,0,0,NO_PRESERVED_MANUAL_REVIEW_EVIDENCE,UNREVIEWED_IS_NOT_CODED_ZERO
ICJ-180-2023-02-22||SC_MEETING::SCM|S/PV.9321,ICJ-180-2023-02-22,180,2023-05-15,82,SC_MEETING,S/PV.9321,0,0,0,NO_PRESERVED_MANUAL_REVIEW_EVIDENCE,UNREVIEWED_IS_NOT_CODED_ZERO
ICJ-180-2023-02-22||SC_MEETING::SCM|S/PV.9322,ICJ-180-2023-02-22,180,2023-05-16,83,SC_MEETING,S/PV.9322,0,0,0,NO_PRESERVED_MANUAL_REVIEW_EVIDENCE,UNREVIEWED_IS_NOT_CODED_ZERO
ICJ-180-2023-02-22||SC_MEETING::SCM|S/PV.9323,ICJ-180-2023-02-22,180,2023-05-17,84,SC_MEETING,S/PV.9323,0,0,0,NO_PRESERVED_MANUAL_REVIEW_EVIDENCE,UNREVIEWED_IS_NOT_CODED_ZERO
ICJ-180-2023-02-22||SC_MEETING::SCM|S/PV.9324,ICJ-180-2023-02-22,180,2023-05-18,85,SC_MEETING,S/PV.9324,0,0,0,NO_PRESERVED_MANUAL_REVIEW_EVIDENCE,UNREVIEWED_IS_NOT_CODED_ZERO
ICJ-180-2023-02-22||SC_MEETING::SCM|S/PV.9325,ICJ-180-2023-02-22,180,2023-05-18,85,SC_MEETING,S/PV.9325,0,0,0,NO_PRESERVED_MANUAL_REVIEW_EVIDENCE,UNREVIEWED_IS_NOT_CODED_ZERO
ICJ-180-2023-02-22||SC_MEETING::SCM|S/PV.9326,ICJ-180-2023-02-22,180,2023-05-22,89,SC_MEETING,S/PV.9326,0,0,0,NO_PRESERVED_MANUAL_REVIEW_EVIDENCE,UNREVIEWED_IS_NOT_CODED_ZERO
ICJ-180-2023-02-22||SC_MEETING::SCM|S/PV.9327,ICJ-180-2023-02-22,180,2023-05-23,90,SC_MEETING,S/PV.9327,0,0,0,NO_PRESERVED_MANUAL_REVIEW_EVIDENCE,UNREVIEWED_IS_NOT_CODED_ZERO
ICJ-180-2023-02-22||SC_MEETING::SCM|S/PV.9327 (Resumption 1),ICJ-180-2023-02-22,180,2023-05-23,90,SC_MEETING,S/PV.9327 (Resumption 1),0,0,0,NO_PRESERVED_MANUAL_REVIEW_EVIDENCE,UNREVIEWED_IS_NOT_CODED_ZERO
ICJ-180-2023-02-22||SC_MEETING::SCM|S/PV.9328,ICJ-180-2023-02-22,180,2023-05-24,91,SC_MEETING,S/PV.9328,0,0,0,NO_PRESERVED_MANUAL_REVIEW_EVIDENCE,UNREVIEWED_IS_NOT_CODED_ZERO
ICJ-180-2023-02-22||SC_MEETING::SCM|S/PV.9329,ICJ-180-2023-02-22,180,2023-05-25,92,SC_MEETING,S/PV.9329,0,0,0,NO_PRESERVED_MANUAL_REVIEW_EVIDENCE,UNREVIEWED_IS_NOT_CODED_ZERO
ICJ-180-2023-02-22||SC_FORMAL_VOTE::SCV|2034,ICJ-180-2023-02-22,180,2023-05-30,97,SC_FORMAL_VOTE,S/PV.9331,0,0,0,NO_PRESERVED_MANUAL_REVIEW_EVIDENCE,UNREVIEWED_IS_NOT_CODED_ZERO
ICJ-180-2023-02-22||SC_FORMAL_VOTE::SCV|2035,ICJ-180-2023-02-22,180,2023-05-30,97,SC_FORMAL_VOTE,S/PV.9332,0,0,0,NO_PRESERVED_MANUAL_REVIEW_EVIDENCE,UNREVIEWED_IS_NOT_CODED_ZERO
ICJ-180-2023-02-22||SC_MEETING::SCM|S/PV.9330,ICJ-180-2023-02-22,180,2023-05-30,97,SC_MEETING,S/PV.9330,0,0,0,NO_PRESERVED_MANUAL_REVIEW_EVIDENCE,UNREVIEWED_IS_NOT_CODED_ZERO
ICJ-180-2023-02-22||SC_MEETING::SCM|S/PV.9331,ICJ-180-2023-02-22,180,2023-05-30,97,SC_MEETING,S/PV.9331,0,0,0,NO_PRESERVED_MANUAL_REVIEW_EVIDENCE,UNREVIEWED_IS_NOT_CODED_ZERO
ICJ-180-2023-02-22||SC_MEETING::SCM|S/PV.9332,ICJ-180-2023-02-22,180,2023-05-30,97,SC_MEETING,S/PV.9332,0,0,0,NO_PRESERVED_MANUAL_REVIEW_EVIDENCE,UNREVIEWED_IS_NOT_CODED_ZERO
ICJ-180-2023-02-22||SC_MEETING::SCM|S/PV.9333,ICJ-180-2023-02-22,180,2023-05-30,97,SC_MEETING,S/PV.9333,0,0,0,NO_PRESERVED_MANUAL_REVIEW_EVIDENCE,UNREVIEWED_IS_NOT_CODED_ZERO
ICJ-180-2023-02-22||SC_MEETING::SCM|S/PV.9334,ICJ-180-2023-02-22,180,2023-05-30,97,SC_MEETING,S/PV.9334,0,0,0,NO_PRESERVED_MANUAL_REVIEW_EVIDENCE,UNREVIEWED_IS_NOT_CODED_ZERO
ICJ-180-2023-02-22||SC_FORMAL_VOTE::SCV|2036,ICJ-180-2023-02-22,180,2023-06-02,100,SC_FORMAL_VOTE,S/PV.9335,0,0,0,NO_PRESERVED_MANUAL_REVIEW_EVIDENCE,UNREVIEWED_IS_NOT_CODED_ZERO
ICJ-180-2023-02-22||SC_FORMAL_VOTE::SCV|2037,ICJ-180-2023-02-22,180,2023-06-02,100,SC_FORMAL_VOTE,S/PV.9337,0,0,0,NO_PRESERVED_MANUAL_REVIEW_EVIDENCE,UNREVIEWED_IS_NOT_CODED_ZERO
ICJ-180-2023-02-22||SC_MEETING::SCM|S/PV.9335,ICJ-180-2023-02-22,180,2023-06-02,100,SC_MEETING,S/PV.9335,0,0,0,NO_PRESERVED_MANUAL_REVIEW_EVIDENCE,UNREVIEWED_IS_NOT_CODED_ZERO
ICJ-180-2023-02-22||SC_MEETING::SCM|S/PV.9336,ICJ-180-2023-02-22,180,2023-06-02,100,SC_MEETING,S/PV.9336,0,0,0,NO_PRESERVED_MANUAL_REVIEW_EVIDENCE,UNREVIEWED_IS_NOT_CODED_ZERO
ICJ-180-2023-02-22||SC_MEETING::SCM|S/PV.9337,ICJ-180-2023-02-22,180,2023-06-02,100,SC_MEETING,S/PV.9337,0,0,0,NO_PRESERVED_MANUAL_REVIEW_EVIDENCE,UNREVIEWED_IS_NOT_CODED_ZERO
ICJ-180-2023-02-22||SC_MEETING::SCM|S/PV.9338,ICJ-180-2023-02-22,180,2023-06-05,103,SC_MEETING,S/PV.9338,0,0,0,NO_PRESERVED_MANUAL_REVIEW_EVIDENCE,UNREVIEWED_IS_NOT_CODED_ZERO
ICJ-180-2023-02-22||SC_MEETING::SCM|S/PV.9339,ICJ-180-2023-02-22,180,2023-06-06,104,SC_MEETING,S/PV.9339,0,0,0,NO_PRESERVED_MANUAL_REVIEW_EVIDENCE,UNREVIEWED_IS_NOT_CODED_ZERO
ICJ-180-2023-02-22||SC_MEETING::SCM|S/PV.9340,ICJ-180-2023-02-22,180,2023-06-06,104,SC_MEETING,S/PV.9340,0,0,0,NO_PRESERVED_MANUAL_REVIEW_EVIDENCE,UNREVIEWED_IS_NOT_CODED_ZERO
ICJ-180-2023-02-22||GA_FORMAL_VOTE::GAV|4014190,ICJ-180-2023-02-22,180,2023-06-07,105,GA_FORMAL_VOTE,A/77/PV.76,0,0,0,NO_PRESERVED_MANUAL_REVIEW_EVIDENCE,UNREVIEWED_IS_NOT_CODED_ZERO
ICJ-180-2023-02-22||SC_MEETING::SCM|S/PV.9341,ICJ-180-2023-02-22,180,2023-06-07,105,SC_MEETING,S/PV.9341,0,0,0,NO_PRESERVED_MANUAL_REVIEW_EVIDENCE,UNREVIEWED_IS_NOT_CODED_ZERO
ICJ-180-2023-02-22||SC_MEETING::SCM|S/PV.9342,ICJ-180-2023-02-22,180,2023-06-07,105,SC_MEETING,S/PV.9342,0,0,0,NO_PRESERVED_MANUAL_REVIEW_EVIDENCE,UNREVIEWED_IS_NOT_CODED_ZERO
ICJ-180-2023-02-22||SC_MEETING::SCM|S/PV.9343,ICJ-180-2023-02-22,180,2023-06-08,106,SC_MEETING,S/PV.9343,0,0,0,NO_PRESERVED_MANUAL_REVIEW_EVIDENCE,UNREVIEWED_IS_NOT_CODED_ZERO
ICJ-180-2023-02-22||SC_MEETING::SCM|S/PV.9344,ICJ-180-2023-02-22,180,2023-06-12,110,SC_MEETING,S/PV.9344,0,0,0,NO_PRESERVED_MANUAL_REVIEW_EVIDENCE,UNREVIEWED_IS_NOT_CODED_ZERO
ICJ-180-2023-02-22||SC_MEETING::SCM|S/PV.9345,ICJ-180-2023-02-22,180,2023-06-13,111,SC_MEETING,S/PV.9345,0,0,0,NO_PRESERVED_MANUAL_REVIEW_EVIDENCE,UNREVIEWED_IS_NOT_CODED_ZERO
ICJ-180-2023-02-22||SC_MEETING::SCM|S/PV.9345 (Resumption 1),ICJ-180-2023-02-22,180,2023-06-13,111,SC_MEETING,S/PV.9345 (Resumption 1),0,0,0,NO_PRESERVED_MANUAL_REVIEW_EVIDENCE,UNREVIEWED_IS_NOT_CODED_ZERO
ICJ-180-2023-02-22||SC_FORMAL_VOTE::SCV|2038,ICJ-180-2023-02-22,180,2023-06-14,112,SC_FORMAL_VOTE,S/PV.9347,1,0,1,PRESERVED_ORIGINAL_233_HUMAN_REVIEW,REVIEW_EVIDENCE_PRESENT
ICJ-180-2023-02-22||SC_MEETING::SCM|S/PV.9346,ICJ-180-2023-02-22,180,2023-06-14,112,SC_MEETING,S/PV.9346,1,0,1,PRESERVED_ORIGINAL_233_HUMAN_REVIEW,REVIEW_EVIDENCE_PRESENT
ICJ-180-2023-02-22||SC_MEETING::SCM|S/PV.9347,ICJ-180-2023-02-22,180,2023-06-14,112,SC_MEETING,S/PV.9347,1,0,1,PRESERVED_ORIGINAL_233_HUMAN_REVIEW,REVIEW_EVIDENCE_PRESENT
ICJ-180-2023-02-22||SC_MEETING::SCM|S/PV.9348,ICJ-180-2023-02-22,180,2023-06-15,113,SC_MEETING,S/PV.9348,0,0,0,NO_PRESERVED_MANUAL_REVIEW_EVIDENCE,UNREVIEWED_IS_NOT_CODED_ZERO
ICJ-180-2023-02-22||SC_MEETING::SCM|S/PV.9349,ICJ-180-2023-02-22,180,2023-06-15,113,SC_MEETING,S/PV.9349,0,0,0,NO_PRESERVED_MANUAL_REVIEW_EVIDENCE,UNREVIEWED_IS_NOT_CODED_ZERO
ICJ-180-2023-02-22||SC_MEETING::SCM|S/PV.9350,ICJ-180-2023-02-22,180,2023-06-16,114,SC_MEETING,S/PV.9350,0,0,0,NO_PRESERVED_MANUAL_REVIEW_EVIDENCE,UNREVIEWED_IS_NOT_CODED_ZERO
ICJ-180-2023-02-22||SC_MEETING::SCM|S/PV.9351,ICJ-180-2023-02-22,180,2023-06-19,117,SC_MEETING,S/PV.9351,0,0,0,NO_PRESERVED_MANUAL_REVIEW_EVIDENCE,UNREVIEWED_IS_NOT_CODED_ZERO
ICJ-180-2023-02-22||SC_MEETING::SCM|S/PV.9352,ICJ-180-2023-02-22,180,2023-06-20,118,SC_MEETING,S/PV.9352,0,0,0,NO_PRESERVED_MANUAL_REVIEW_EVIDENCE,UNREVIEWED_IS_NOT_CODED_ZERO
ICJ-180-2023-02-22||SC_MEETING::SCM|S/PV.9353,ICJ-180-2023-02-22,180,2023-06-20,118,SC_MEETING,S/PV.9353,0,0,0,NO_PRESERVED_MANUAL_REVIEW_EVIDENCE,UNREVIEWED_IS_NOT_CODED_ZERO
ICJ-180-2023-02-22||SC_MEETING::SCM|S/PV.9354,ICJ-180-2023-02-22,180,2023-06-21,119,SC_MEETING,S/PV.9354,0,0,0,NO_PRESERVED_MANUAL_REVIEW_EVIDENCE,UNREVIEWED_IS_NOT_CODED_ZERO
ICJ-180-2023-02-22||SC_MEETING::SCM|S/PV.9355,ICJ-180-2023-02-22,180,2023-06-21,119,SC_MEETING,S/PV.9355,0,0,0,NO_PRESERVED_MANUAL_REVIEW_EVIDENCE,UNREVIEWED_IS_NOT_CODED_ZERO
ICJ-180-2023-02-22||SC_MEETING::SCM|S/PV.9356,ICJ-180-2023-02-22,180,2023-06-22,120,SC_MEETING,S/PV.9356,0,0,0,NO_PRESERVED_MANUAL_REVIEW_EVIDENCE,UNREVIEWED_IS_NOT_CODED_ZERO
ICJ-180-2023-02-22||SC_MEETING::SCM|S/PV.9357,ICJ-180-2023-02-22,180,2023-06-23,121,SC_MEETING,S/PV.9357,0,0,0,NO_PRESERVED_MANUAL_REVIEW_EVIDENCE,UNREVIEWED_IS_NOT_CODED_ZERO
ICJ-180-2023-02-22||SC_MEETING::SCM|S/PV.9358,ICJ-180-2023-02-22,180,2023-06-26,124,SC_MEETING,S/PV.9358,0,0,0,NO_PRESERVED_MANUAL_REVIEW_EVIDENCE,UNREVIEWED_IS_NOT_CODED_ZERO
ICJ-180-2023-02-22||SC_FORMAL_VOTE::SCV|2039,ICJ-180-2023-02-22,180,2023-06-27,125,SC_FORMAL_VOTE,S/PV.9359,0,0,0,NO_PRESERVED_MANUAL_REVIEW_EVIDENCE,UNREVIEWED_IS_NOT_CODED_ZERO
ICJ-180-2023-02-22||SC_FORMAL_VOTE::SCV|2040,ICJ-180-2023-02-22,180,2023-06-27,125,SC_FORMAL_VOTE,S/PV.9360,0,0,0,NO_PRESERVED_MANUAL_REVIEW_EVIDENCE,UNREVIEWED_IS_NOT_CODED_ZERO
ICJ-180-2023-02-22||SC_MEETING::SCM|S/PV.9359,ICJ-180-2023-02-22,180,2023-06-27,125,SC_MEETING,S/PV.9359,0,0,0,NO_PRESERVED_MANUAL_REVIEW_EVIDENCE,UNREVIEWED_IS_NOT_CODED_ZERO
ICJ-180-2023-02-22||SC_MEETING::SCM|S/PV.9360,ICJ-180-2023-02-22,180,2023-06-27,125,SC_MEETING,S/PV.9360,0,0,0,NO_PRESERVED_MANUAL_REVIEW_EVIDENCE,UNREVIEWED_IS_NOT_CODED_ZERO
ICJ-180-2023-02-22||SC_MEETING::SCM|S/PV.9361,ICJ-180-2023-02-22,180,2023-06-27,125,SC_MEETING,S/PV.9361,0,0,0,NO_PRESERVED_MANUAL_REVIEW_EVIDENCE,UNREVIEWED_IS_NOT_CODED_ZERO
ICJ-180-2023-02-22||GA_FORMAL_VOTE::GAV|4014141,ICJ-180-2023-02-22,180,2023-06-29,127,GA_FORMAL_VOTE,A/77/PV.85,0,0,0,NO_PRESERVED_MANUAL_REVIEW_EVIDENCE,UNREVIEWED_IS_NOT_CODED_ZERO
ICJ-180-2023-02-22||SC_FORMAL_VOTE::SCV|2041,ICJ-180-2023-02-22,180,2023-06-29,127,SC_FORMAL_VOTE,S/PV.9362,0,0,0,NO_PRESERVED_MANUAL_REVIEW_EVIDENCE,UNREVIEWED_IS_NOT_CODED_ZERO
ICJ-180-2023-02-22||SC_MEETING::SCM|S/PV.9362,ICJ-180-2023-02-22,180,2023-06-29,127,SC_MEETING,S/PV.9362,0,0,0,NO_PRESERVED_MANUAL_REVIEW_EVIDENCE,UNREVIEWED_IS_NOT_CODED_ZERO
ICJ-180-2023-02-22||SC_MEETING::SCM|S/PV.9363,ICJ-180-2023-02-22,180,2023-06-29,127,SC_MEETING,S/PV.9363,0,0,0,NO_PRESERVED_MANUAL_REVIEW_EVIDENCE,UNREVIEWED_IS_NOT_CODED_ZERO
ICJ-180-2023-02-22||SC_MEETING::SCM|S/PV.9364,ICJ-180-2023-02-22,180,2023-06-29,127,SC_MEETING,S/PV.9364,0,0,0,NO_PRESERVED_MANUAL_REVIEW_EVIDENCE,UNREVIEWED_IS_NOT_CODED_ZERO
ICJ-180-2023-02-22||GA_FORMAL_VOTE::GAV|4014142,ICJ-180-2023-02-22,180,2023-06-30,128,GA_FORMAL_VOTE,A/77/PV.87,0,0,0,NO_PRESERVED_MANUAL_REVIEW_EVIDENCE,UNREVIEWED_IS_NOT_CODED_ZERO
ICJ-180-2023-02-22||SC_FORMAL_VOTE::SCV|2042,ICJ-180-2023-02-22,180,2023-06-30,128,SC_FORMAL_VOTE,S/PV.9365,0,0,0,NO_PRESERVED_MANUAL_REVIEW_EVIDENCE,UNREVIEWED_IS_NOT_CODED_ZERO
ICJ-180-2023-02-22||SC_MEETING::SCM|S/PV.9365,ICJ-180-2023-02-22,180,2023-06-30,128,SC_MEETING,S/PV.9365,0,0,0,NO_PRESERVED_MANUAL_REVIEW_EVIDENCE,UNREVIEWED_IS_NOT_CODED_ZERO
ICJ-180-2023-02-22||SC_MEETING::SCM|S/PV.9366,ICJ-180-2023-02-22,180,2023-07-05,133,SC_MEETING,S/PV.9366,0,0,0,NO_PRESERVED_MANUAL_REVIEW_EVIDENCE,UNREVIEWED_IS_NOT_CODED_ZERO
ICJ-180-2023-02-22||SC_MEETING::SCM|S/PV.9366 (Resumption 1),ICJ-180-2023-02-22,180,2023-07-05,133,SC_MEETING,S/PV.9366 (Resumption 1),0,0,0,NO_PRESERVED_MANUAL_REVIEW_EVIDENCE,UNREVIEWED_IS_NOT_CODED_ZERO
ICJ-180-2023-02-22||SC_MEETING::SCM|S/PV.9367,ICJ-180-2023-02-22,180,2023-07-06,134,SC_MEETING,S/PV.9367,0,0,0,NO_PRESERVED_MANUAL_REVIEW_EVIDENCE,UNREVIEWED_IS_NOT_CODED_ZERO
ICJ-180-2023-02-22||SC_MEETING::SCM|S/PV.9368,ICJ-180-2023-02-22,180,2023-07-06,134,SC_MEETING,S/PV.9368,0,0,0,NO_PRESERVED_MANUAL_REVIEW_EVIDENCE,UNREVIEWED_IS_NOT_CODED_ZERO
ICJ-180-2023-02-22||SC_FORMAL_VOTE::SCV|2043,ICJ-180-2023-02-22,180,2023-07-10,138,SC_FORMAL_VOTE,S/PV.9369,0,0,0,NO_PRESERVED_MANUAL_REVIEW_EVIDENCE,UNREVIEWED_IS_NOT_CODED_ZERO
ICJ-180-2023-02-22||SC_MEETING::SCM|S/PV.9369,ICJ-180-2023-02-22,180,2023-07-10,138,SC_MEETING,S/PV.9369,0,0,0,NO_PRESERVED_MANUAL_REVIEW_EVIDENCE,UNREVIEWED_IS_NOT_CODED_ZERO
ICJ-180-2023-02-22||SC_MEETING::SCM|S/PV.9370,ICJ-180-2023-02-22,180,2023-07-10,138,SC_MEETING,S/PV.9370,0,0,0,NO_PRESERVED_MANUAL_REVIEW_EVIDENCE,UNREVIEWED_IS_NOT_CODED_ZERO
ICJ-180-2023-02-22||SC_FORMAL_VOTE::SCV|2044,ICJ-180-2023-02-22,180,2023-07-11,139,SC_FORMAL_VOTE,S/PV.9371,0,0,0,NO_PRESERVED_MANUAL_REVIEW_EVIDENCE,UNREVIEWED_IS_NOT_CODED_ZERO
ICJ-180-2023-02-22||SC_FORMAL_VOTE::SCV|2045,ICJ-180-2023-02-22,180,2023-07-11,139,SC_FORMAL_VOTE,S/PV.9371,0,0,0,NO_PRESERVED_MANUAL_REVIEW_EVIDENCE,UNREVIEWED_IS_NOT_CODED_ZERO
ICJ-180-2023-02-22||SC_MEETING::SCM|S/PV.9371,ICJ-180-2023-02-22,180,2023-07-11,139,SC_MEETING,S/PV.9371,0,0,0,NO_PRESERVED_MANUAL_REVIEW_EVIDENCE,UNREVIEWED_IS_NOT_CODED_ZERO
ICJ-180-2023-02-22||SC_MEETING::SCM|S/PV.9372,ICJ-180-2023-02-22,180,2023-07-11,139,SC_MEETING,S/PV.9372,0,0,0,NO_PRESERVED_MANUAL_REVIEW_EVIDENCE,UNREVIEWED_IS_NOT_CODED_ZERO
ICJ-180-2023-02-22||SC_MEETING::SCM|S/PV.9373,ICJ-180-2023-02-22,180,2023-07-11,139,SC_MEETING,S/PV.9373,0,0,0,NO_PRESERVED_MANUAL_REVIEW_EVIDENCE,UNREVIEWED_IS_NOT_CODED_ZERO
ICJ-180-2023-02-22||SC_MEETING::SCM|S/PV.9374,ICJ-180-2023-02-22,180,2023-07-12,140,SC_MEETING,S/PV.9374,0,0,0,NO_PRESERVED_MANUAL_REVIEW_EVIDENCE,UNREVIEWED_IS_NOT_CODED_ZERO
ICJ-180-2023-02-22||SC_MEETING::SCM|S/PV.9375,ICJ-180-2023-02-22,180,2023-07-13,141,SC_MEETING,S/PV.9375,0,0,0,NO_PRESERVED_MANUAL_REVIEW_EVIDENCE,UNREVIEWED_IS_NOT_CODED_ZERO
ICJ-180-2023-02-22||SC_MEETING::SCM|S/PV.9376,ICJ-180-2023-02-22,180,2023-07-13,141,SC_MEETING,S/PV.9376,0,0,0,NO_PRESERVED_MANUAL_REVIEW_EVIDENCE,UNREVIEWED_IS_NOT_CODED_ZERO
ICJ-180-2023-02-22||SC_FORMAL_VOTE::SCV|2046,ICJ-180-2023-02-22,180,2023-07-14,142,SC_FORMAL_VOTE,S/PV.9377,0,0,0,NO_PRESERVED_MANUAL_REVIEW_EVIDENCE,UNREVIEWED_IS_NOT_CODED_ZERO
ICJ-180-2023-02-22||SC_MEETING::SCM|S/PV.9377,ICJ-180-2023-02-22,180,2023-07-14,142,SC_MEETING,S/PV.9377,0,0,0,NO_PRESERVED_MANUAL_REVIEW_EVIDENCE,UNREVIEWED_IS_NOT_CODED_ZERO
ICJ-180-2023-02-22||SC_MEETING::SCM|S/PV.9378,ICJ-180-2023-02-22,180,2023-07-14,142,SC_MEETING,S/PV.9378,0,0,0,NO_PRESERVED_MANUAL_REVIEW_EVIDENCE,UNREVIEWED_IS_NOT_CODED_ZERO
ICJ-180-2023-02-22||SC_MEETING::SCM|S/PV.9378 (Resumption 1),ICJ-180-2023-02-22,180,2023-07-14,142,SC_MEETING,S/PV.9378 (Resumption 1),0,0,0,NO_PRESERVED_MANUAL_REVIEW_EVIDENCE,UNREVIEWED_IS_NOT_CODED_ZERO
ICJ-180-2023-02-22||SC_MEETING::SCM|S/PV.9379,ICJ-180-2023-02-22,180,2023-07-17,145,SC_MEETING,S/PV.9379,0,0,0,NO_PRESERVED_MANUAL_REVIEW_EVIDENCE,UNREVIEWED_IS_NOT_CODED_ZERO
ICJ-180-2023-02-22||SC_MEETING::SCM|S/PV.9380,ICJ-180-2023-02-22,180,2023-07-17,145,SC_MEETING,S/PV.9380,0,0,0,NO_PRESERVED_MANUAL_REVIEW_EVIDENCE,UNREVIEWED_IS_NOT_CODED_ZERO
ICJ-180-2023-02-22||SC_MEETING::SCM|S/PV.9381,ICJ-180-2023-02-22,180,2023-07-18,146,SC_MEETING,S/PV.9381,1,0,1,PRESERVED_ORIGINAL_233_HUMAN_REVIEW,REVIEW_EVIDENCE_PRESENT
ICJ-180-2023-02-22||SC_MEETING::SCM|S/PV.9382,ICJ-180-2023-02-22,180,2023-07-21,149,SC_MEETING,S/PV.9382,0,0,0,NO_PRESERVED_MANUAL_REVIEW_EVIDENCE,UNREVIEWED_IS_NOT_CODED_ZERO
ICJ-180-2023-02-22||SC_MEETING::SCM|S/PV.9383,ICJ-180-2023-02-22,180,2023-07-24,152,SC_MEETING,S/PV.9383,0,0,0,NO_PRESERVED_MANUAL_REVIEW_EVIDENCE,UNREVIEWED_IS_NOT_CODED_ZERO
ICJ-180-2023-02-22||SC_MEETING::SCM|S/PV.9384,ICJ-180-2023-02-22,180,2023-07-25,153,SC_MEETING,S/PV.9384,0,0,0,NO_PRESERVED_MANUAL_REVIEW_EVIDENCE,UNREVIEWED_IS_NOT_CODED_ZERO
ICJ-180-2023-02-22||SC_MEETING::SCM|S/PV.9385,ICJ-180-2023-02-22,180,2023-07-26,154,SC_MEETING,S/PV.9385,0,0,0,NO_PRESERVED_MANUAL_REVIEW_EVIDENCE,UNREVIEWED_IS_NOT_CODED_ZERO
ICJ-180-2023-02-22||SC_MEETING::SCM|S/PV.9386,ICJ-180-2023-02-22,180,2023-07-26,154,SC_MEETING,S/PV.9386,0,0,0,NO_PRESERVED_MANUAL_REVIEW_EVIDENCE,UNREVIEWED_IS_NOT_CODED_ZERO
ICJ-180-2023-02-22||SC_FORMAL_VOTE::SCV|2047,ICJ-180-2023-02-22,180,2023-07-27,155,SC_FORMAL_VOTE,S/PV.9388,0,0,0,NO_PRESERVED_MANUAL_REVIEW_EVIDENCE,UNREVIEWED_IS_NOT_CODED_ZERO
ICJ-180-2023-02-22||SC_MEETING::SCM|S/PV.9387,ICJ-180-2023-02-22,180,2023-07-27,155,SC_MEETING,S/PV.9387,0,0,0,NO_PRESERVED_MANUAL_REVIEW_EVIDENCE,UNREVIEWED_IS_NOT_CODED_ZERO
ICJ-180-2023-02-22||SC_MEETING::SCM|S/PV.9387 (Resumption 1),ICJ-180-2023-02-22,180,2023-07-27,155,SC_MEETING,S/PV.9387 (Resumption 1),0,0,0,NO_PRESERVED_MANUAL_REVIEW_EVIDENCE,UNREVIEWED_IS_NOT_CODED_ZERO
ICJ-180-2023-02-22||SC_MEETING::SCM|S/PV.9388,ICJ-180-2023-02-22,180,2023-07-27,155,SC_MEETING,S/PV.9388,0,0,0,NO_PRESERVED_MANUAL_REVIEW_EVIDENCE,UNREVIEWED_IS_NOT_CODED_ZERO
ICJ-180-2023-02-22||SC_MEETING::SCM|S/PV.9389,ICJ-180-2023-02-22,180,2023-07-28,156,SC_MEETING,S/PV.9389,0,0,0,NO_PRESERVED_MANUAL_REVIEW_EVIDENCE,UNREVIEWED_IS_NOT_CODED_ZERO
ICJ-180-2023-02-22||SC_MEETING::SCM|S/PV.9390,ICJ-180-2023-02-22,180,2023-07-31,159,SC_MEETING,S/PV.9390,0,0,0,NO_PRESERVED_MANUAL_REVIEW_EVIDENCE,UNREVIEWED_IS_NOT_CODED_ZERO
ICJ-180-2023-02-22||GA_FORMAL_VOTE::GAV|4016932,ICJ-180-2023-02-22,180,2023-08-01,160,GA_FORMAL_VOTE,A/77/PV.95,0,0,0,NO_PRESERVED_MANUAL_REVIEW_EVIDENCE,UNREVIEWED_IS_NOT_CODED_ZERO
ICJ-180-2023-02-22||SC_FORMAL_VOTE::SCV|2048,ICJ-180-2023-02-22,180,2023-08-02,161,SC_FORMAL_VOTE,S/PV.9391,0,0,0,NO_PRESERVED_MANUAL_REVIEW_EVIDENCE,UNREVIEWED_IS_NOT_CODED_ZERO
ICJ-180-2023-02-22||SC_MEETING::SCM|S/PV.9391,ICJ-180-2023-02-22,180,2023-08-02,161,SC_MEETING,S/PV.9391,0,0,0,NO_PRESERVED_MANUAL_REVIEW_EVIDENCE,UNREVIEWED_IS_NOT_CODED_ZERO
ICJ-180-2023-02-22||SC_MEETING::SCM|S/PV.9392,ICJ-180-2023-02-22,180,2023-08-03,162,SC_MEETING,S/PV.9392,1,0,1,PRESERVED_ORIGINAL_233_HUMAN_REVIEW,REVIEW_EVIDENCE_PRESENT
ICJ-180-2023-02-22||SC_MEETING::SCM|S/PV.9392 (Resumption 1),ICJ-180-2023-02-22,180,2023-08-03,162,SC_MEETING,S/PV.9392 (Resumption 1),1,0,1,PRESERVED_ORIGINAL_233_HUMAN_REVIEW,REVIEW_EVIDENCE_PRESENT
ICJ-180-2023-02-22||SC_MEETING::SCM|S/PV.9393,ICJ-180-2023-02-22,180,2023-08-08,167,SC_MEETING,S/PV.9393,0,0,0,NO_PRESERVED_MANUAL_REVIEW_EVIDENCE,UNREVIEWED_IS_NOT_CODED_ZERO
ICJ-180-2023-02-22||SC_MEETING::SCM|S/PV.9394,ICJ-180-2023-02-22,180,2023-08-09,168,SC_MEETING,S/PV.9394,0,0,0,NO_PRESERVED_MANUAL_REVIEW_EVIDENCE,UNREVIEWED_IS_NOT_CODED_ZERO
ICJ-180-2023-02-22||SC_MEETING::SCM|S/PV.9395,ICJ-180-2023-02-22,180,2023-08-15,174,SC_MEETING,S/PV.9395,0,0,0,NO_PRESERVED_MANUAL_REVIEW_EVIDENCE,UNREVIEWED_IS_NOT_CODED_ZERO
ICJ-180-2023-02-22||SC_MEETING::SCM|S/PV.9396,ICJ-180-2023-02-22,180,2023-08-16,175,SC_MEETING,S/PV.9396,0,0,0,NO_PRESERVED_MANUAL_REVIEW_EVIDENCE,UNREVIEWED_IS_NOT_CODED_ZERO
ICJ-180-2023-02-22||SC_MEETING::SCM|S/PV.9397,ICJ-180-2023-02-22,180,2023-08-16,175,SC_MEETING,S/PV.9397,1,0,1,PRESERVED_ORIGINAL_233_HUMAN_REVIEW,REVIEW_EVIDENCE_PRESENT
ICJ-180-2023-02-22||SC_MEETING::SCM|S/PV.9398,ICJ-180-2023-02-22,180,2023-08-17,176,SC_MEETING,S/PV.9398,0,0,0,NO_PRESERVED_MANUAL_REVIEW_EVIDENCE,UNREVIEWED_IS_NOT_CODED_ZERO
ICJ-180-2023-02-22||SC_MEETING::SCM|S/PV.9399,ICJ-180-2023-02-22,180,2023-08-17,176,SC_MEETING,S/PV.9399,0,0,0,NO_PRESERVED_MANUAL_REVIEW_EVIDENCE,UNREVIEWED_IS_NOT_CODED_ZERO
ICJ-180-2023-02-22||SC_MEETING::SCM|S/PV.9400,ICJ-180-2023-02-22,180,2023-08-21,180,SC_MEETING,S/PV.9400,0,0,0,NO_PRESERVED_MANUAL_REVIEW_EVIDENCE,UNREVIEWED_IS_NOT_CODED_ZERO
ICJ-180-2023-02-22||SC_MEETING::SCM|S/PV.9401,ICJ-180-2023-02-22,180,2023-08-21,180,SC_MEETING,S/PV.9401,0,0,0,NO_PRESERVED_MANUAL_REVIEW_EVIDENCE,UNREVIEWED_IS_NOT_CODED_ZERO
ICJ-180-2023-11-17||SC_MEETING::SCM|S/PV.9481,ICJ-180-2023-11-17,180,2023-11-17,0,SC_MEETING,S/PV.9481,0,0,0,NO_PRESERVED_MANUAL_REVIEW_EVIDENCE,UNREVIEWED_IS_NOT_CODED_ZERO
ICJ-180-2023-11-17||SC_MEETING::SCM|S/PV.9482,ICJ-180-2023-11-17,180,2023-11-20,3,SC_MEETING,S/PV.9482,1,0,1,PRESERVED_ORIGINAL_233_HUMAN_REVIEW,REVIEW_EVIDENCE_PRESENT
ICJ-180-2023-11-17||SC_MEETING::SCM|S/PV.9482 (Resumption 1),ICJ-180-2023-11-17,180,2023-11-20,3,SC_MEETING,S/PV.9482 (Resumption 1),1,0,1,PRESERVED_ORIGINAL_233_HUMAN_REVIEW,REVIEW_EVIDENCE_PRESENT
ICJ-180-2023-11-17||GA_FORMAL_VOTE::GAV|4027907,ICJ-180-2023-11-17,180,2023-11-21,4,GA_FORMAL_VOTE,A/78/PV.38,0,0,0,NO_PRESERVED_MANUAL_REVIEW_EVIDENCE,UNREVIEWED_IS_NOT_CODED_ZERO
ICJ-180-2023-11-17||SC_MEETING::SCM|S/PV.9483,ICJ-180-2023-11-17,180,2023-11-21,4,SC_MEETING,S/PV.9483,0,0,0,NO_PRESERVED_MANUAL_REVIEW_EVIDENCE,UNREVIEWED_IS_NOT_CODED_ZERO
ICJ-180-2023-11-17||SC_MEETING::SCM|S/PV.9484,ICJ-180-2023-11-17,180,2023-11-22,5,SC_MEETING,S/PV.9484,0,0,0,NO_PRESERVED_MANUAL_REVIEW_EVIDENCE,UNREVIEWED_IS_NOT_CODED_ZERO
ICJ-180-2023-11-17||SC_MEETING::SCM|S/PV.9485,ICJ-180-2023-11-17,180,2023-11-27,10,SC_MEETING,S/PV.9485,0,0,0,NO_PRESERVED_MANUAL_REVIEW_EVIDENCE,UNREVIEWED_IS_NOT_CODED_ZERO
ICJ-180-2023-11-17||SC_MEETING::SCM|S/PV.9486,ICJ-180-2023-11-17,180,2023-11-27,10,SC_MEETING,S/PV.9486,0,0,0,NO_PRESERVED_MANUAL_REVIEW_EVIDENCE,UNREVIEWED_IS_NOT_CODED_ZERO
ICJ-180-2023-11-17||GA_FORMAL_VOTE::GAV|4028491,ICJ-180-2023-11-17,180,2023-11-28,11,GA_FORMAL_VOTE,A/78/PV.40,0,0,0,NO_PRESERVED_MANUAL_REVIEW_EVIDENCE,UNREVIEWED_IS_NOT_CODED_ZERO
ICJ-180-2023-11-17||SC_MEETING::SCM|S/PV.9487,ICJ-180-2023-11-17,180,2023-11-28,11,SC_MEETING,S/PV.9487,0,0,0,NO_PRESERVED_MANUAL_REVIEW_EVIDENCE,UNREVIEWED_IS_NOT_CODED_ZERO
ICJ-180-2023-11-17||SC_MEETING::SCM|S/PV.9488,ICJ-180-2023-11-17,180,2023-11-28,11,SC_MEETING,S/PV.9488,0,0,0,NO_PRESERVED_MANUAL_REVIEW_EVIDENCE,UNREVIEWED_IS_NOT_CODED_ZERO
ICJ-180-2023-11-17||SC_MEETING::SCM|S/PV.9489,ICJ-180-2023-11-17,180,2023-11-29,12,SC_MEETING,S/PV.9489,0,0,0,NO_PRESERVED_MANUAL_REVIEW_EVIDENCE,UNREVIEWED_IS_NOT_CODED_ZERO
ICJ-180-2023-11-17||SC_FORMAL_VOTE::SCV|2073,ICJ-180-2023-11-17,180,2023-12-01,14,SC_FORMAL_VOTE,S/PV.9490,0,0,0,NO_PRESERVED_MANUAL_REVIEW_EVIDENCE,UNREVIEWED_IS_NOT_CODED_ZERO
ICJ-180-2023-11-17||SC_FORMAL_VOTE::SCV|2074,ICJ-180-2023-11-17,180,2023-12-01,14,SC_FORMAL_VOTE,S/PV.9491,0,0,0,NO_PRESERVED_MANUAL_REVIEW_EVIDENCE,UNREVIEWED_IS_NOT_CODED_ZERO
ICJ-180-2023-11-17||SC_FORMAL_VOTE::SCV|2075,ICJ-180-2023-11-17,180,2023-12-01,14,SC_FORMAL_VOTE,S/PV.9492,0,0,0,NO_PRESERVED_MANUAL_REVIEW_EVIDENCE,UNREVIEWED_IS_NOT_CODED_ZERO
ICJ-180-2023-11-17||SC_MEETING::SCM|S/PV.9490,ICJ-180-2023-11-17,180,2023-12-01,14,SC_MEETING,S/PV.9490,0,0,0,NO_PRESERVED_MANUAL_REVIEW_EVIDENCE,UNREVIEWED_IS_NOT_CODED_ZERO
ICJ-180-2023-11-17||SC_MEETING::SCM|S/PV.9491,ICJ-180-2023-11-17,180,2023-12-01,14,SC_MEETING,S/PV.9491,0,0,0,NO_PRESERVED_MANUAL_REVIEW_EVIDENCE,UNREVIEWED_IS_NOT_CODED_ZERO
ICJ-180-2023-11-17||SC_MEETING::SCM|S/PV.9492,ICJ-180-2023-11-17,180,2023-12-01,14,SC_MEETING,S/PV.9492,0,0,0,NO_PRESERVED_MANUAL_REVIEW_EVIDENCE,UNREVIEWED_IS_NOT_CODED_ZERO
ICJ-180-2023-11-17||GA_FORMAL_VOTE::GAV|4029001,ICJ-180-2023-11-17,180,2023-12-04,17,GA_FORMAL_VOTE,A/78/PV.42,0,0,0,NO_PRESERVED_MANUAL_REVIEW_EVIDENCE,UNREVIEWED_IS_NOT_CODED_ZERO
ICJ-180-2023-11-17||GA_FORMAL_VOTE::GAV|4029002,ICJ-180-2023-11-17,180,2023-12-04,17,GA_FORMAL_VOTE,A/78/PV.42,0,0,0,NO_PRESERVED_MANUAL_REVIEW_EVIDENCE,UNREVIEWED_IS_NOT_CODED_ZERO
ICJ-180-2023-11-17||GA_FORMAL_VOTE::GAV|4029003,ICJ-180-2023-11-17,180,2023-12-04,17,GA_FORMAL_VOTE,A/78/PV.42,0,0,0,NO_PRESERVED_MANUAL_REVIEW_EVIDENCE,UNREVIEWED_IS_NOT_CODED_ZERO
ICJ-180-2023-11-17||GA_FORMAL_VOTE::GAV|4029004,ICJ-180-2023-11-17,180,2023-12-04,17,GA_FORMAL_VOTE,A/78/PV.42,0,0,0,NO_PRESERVED_MANUAL_REVIEW_EVIDENCE,UNREVIEWED_IS_NOT_CODED_ZERO
ICJ-180-2023-11-17||GA_FORMAL_VOTE::GAV|4029005,ICJ-180-2023-11-17,180,2023-12-04,17,GA_FORMAL_VOTE,A/78/PV.42,0,0,0,NO_PRESERVED_MANUAL_REVIEW_EVIDENCE,UNREVIEWED_IS_NOT_CODED_ZERO
ICJ-180-2023-11-17||GA_FORMAL_VOTE::GAV|4029006,ICJ-180-2023-11-17,180,2023-12-04,17,GA_FORMAL_VOTE,A/78/PV.42,0,0,0,NO_PRESERVED_MANUAL_REVIEW_EVIDENCE,UNREVIEWED_IS_NOT_CODED_ZERO
ICJ-180-2023-11-17||GA_FORMAL_VOTE::GAV|4029007,ICJ-180-2023-11-17,180,2023-12-04,17,GA_FORMAL_VOTE,A/78/PV.42,0,0,0,NO_PRESERVED_MANUAL_REVIEW_EVIDENCE,UNREVIEWED_IS_NOT_CODED_ZERO
ICJ-180-2023-11-17||GA_FORMAL_VOTE::GAV|4029008,ICJ-180-2023-11-17,180,2023-12-04,17,GA_FORMAL_VOTE,A/78/PV.42,0,0,0,NO_PRESERVED_MANUAL_REVIEW_EVIDENCE,UNREVIEWED_IS_NOT_CODED_ZERO
ICJ-180-2023-11-17||GA_FORMAL_VOTE::GAV|4029009,ICJ-180-2023-11-17,180,2023-12-04,17,GA_FORMAL_VOTE,A/78/PV.42,0,0,0,NO_PRESERVED_MANUAL_REVIEW_EVIDENCE,UNREVIEWED_IS_NOT_CODED_ZERO
ICJ-180-2023-11-17||GA_FORMAL_VOTE::GAV|4029010,ICJ-180-2023-11-17,180,2023-12-04,17,GA_FORMAL_VOTE,A/78/PV.42,0,0,0,NO_PRESERVED_MANUAL_REVIEW_EVIDENCE,UNREVIEWED_IS_NOT_CODED_ZERO
ICJ-180-2023-11-17||GA_FORMAL_VOTE::GAV|4029011,ICJ-180-2023-11-17,180,2023-12-04,17,GA_FORMAL_VOTE,A/78/PV.42,0,0,0,NO_PRESERVED_MANUAL_REVIEW_EVIDENCE,UNREVIEWED_IS_NOT_CODED_ZERO
ICJ-180-2023-11-17||GA_FORMAL_VOTE::GAV|4029012,ICJ-180-2023-11-17,180,2023-12-04,17,GA_FORMAL_VOTE,A/78/PV.42,0,0,0,NO_PRESERVED_MANUAL_REVIEW_EVIDENCE,UNREVIEWED_IS_NOT_CODED_ZERO
ICJ-180-2023-11-17||GA_FORMAL_VOTE::GAV|4029013,ICJ-180-2023-11-17,180,2023-12-04,17,GA_FORMAL_VOTE,A/78/PV.42,0,0,0,NO_PRESERVED_MANUAL_REVIEW_EVIDENCE,UNREVIEWED_IS_NOT_CODED_ZERO
ICJ-180-2023-11-17||GA_FORMAL_VOTE::GAV|4029014,ICJ-180-2023-11-17,180,2023-12-04,17,GA_FORMAL_VOTE,A/78/PV.42,0,0,0,NO_PRESERVED_MANUAL_REVIEW_EVIDENCE,UNREVIEWED_IS_NOT_CODED_ZERO
ICJ-180-2023-11-17||GA_FORMAL_VOTE::GAV|4029015,ICJ-180-2023-11-17,180,2023-12-04,17,GA_FORMAL_VOTE,A/78/PV.42,0,0,0,NO_PRESERVED_MANUAL_REVIEW_EVIDENCE,UNREVIEWED_IS_NOT_CODED_ZERO
ICJ-180-2023-11-17||GA_FORMAL_VOTE::GAV|4029016,ICJ-180-2023-11-17,180,2023-12-04,17,GA_FORMAL_VOTE,A/78/PV.42,0,0,0,NO_PRESERVED_MANUAL_REVIEW_EVIDENCE,UNREVIEWED_IS_NOT_CODED_ZERO
ICJ-180-2023-11-17||GA_FORMAL_VOTE::GAV|4029017,ICJ-180-2023-11-17,180,2023-12-04,17,GA_FORMAL_VOTE,A/78/PV.42,0,0,0,NO_PRESERVED_MANUAL_REVIEW_EVIDENCE,UNREVIEWED_IS_NOT_CODED_ZERO
ICJ-180-2023-11-17||GA_FORMAL_VOTE::GAV|4029018,ICJ-180-2023-11-17,180,2023-12-04,17,GA_FORMAL_VOTE,A/78/PV.42,0,0,0,NO_PRESERVED_MANUAL_REVIEW_EVIDENCE,UNREVIEWED_IS_NOT_CODED_ZERO
ICJ-180-2023-11-17||GA_FORMAL_VOTE::GAV|4029019,ICJ-180-2023-11-17,180,2023-12-04,17,GA_FORMAL_VOTE,A/78/PV.42,0,0,0,NO_PRESERVED_MANUAL_REVIEW_EVIDENCE,UNREVIEWED_IS_NOT_CODED_ZERO
ICJ-180-2023-11-17||GA_FORMAL_VOTE::GAV|4029020,ICJ-180-2023-11-17,180,2023-12-04,17,GA_FORMAL_VOTE,A/78/PV.42,0,0,0,NO_PRESERVED_MANUAL_REVIEW_EVIDENCE,UNREVIEWED_IS_NOT_CODED_ZERO
ICJ-180-2023-11-17||GA_FORMAL_VOTE::GAV|4029220,ICJ-180-2023-11-17,180,2023-12-04,17,GA_FORMAL_VOTE,A/78/PV.42,0,0,0,NO_PRESERVED_MANUAL_REVIEW_EVIDENCE,UNREVIEWED_IS_NOT_CODED_ZERO
ICJ-180-2023-11-17||GA_FORMAL_VOTE::GAV|4029221,ICJ-180-2023-11-17,180,2023-12-04,17,GA_FORMAL_VOTE,A/78/PV.42,0,0,0,NO_PRESERVED_MANUAL_REVIEW_EVIDENCE,UNREVIEWED_IS_NOT_CODED_ZERO
ICJ-180-2023-11-17||GA_FORMAL_VOTE::GAV|4029222,ICJ-180-2023-11-17,180,2023-12-04,17,GA_FORMAL_VOTE,A/78/PV.42,0,0,0,NO_PRESERVED_MANUAL_REVIEW_EVIDENCE,UNREVIEWED_IS_NOT_CODED_ZERO
ICJ-180-2023-11-17||GA_FORMAL_VOTE::GAV|4029223,ICJ-180-2023-11-17,180,2023-12-04,17,GA_FORMAL_VOTE,A/78/PV.42,0,0,0,NO_PRESERVED_MANUAL_REVIEW_EVIDENCE,UNREVIEWED_IS_NOT_CODED_ZERO
ICJ-180-2023-11-17||GA_FORMAL_VOTE::GAV|4029224,ICJ-180-2023-11-17,180,2023-12-04,17,GA_FORMAL_VOTE,A/78/PV.42,0,0,0,NO_PRESERVED_MANUAL_REVIEW_EVIDENCE,UNREVIEWED_IS_NOT_CODED_ZERO
ICJ-180-2023-11-17||GA_FORMAL_VOTE::GAV|4029225,ICJ-180-2023-11-17,180,2023-12-04,17,GA_FORMAL_VOTE,A/78/PV.42,0,0,0,NO_PRESERVED_MANUAL_REVIEW_EVIDENCE,UNREVIEWED_IS_NOT_CODED_ZERO
ICJ-180-2023-11-17||GA_FORMAL_VOTE::GAV|4029226,ICJ-180-2023-11-17,180,2023-12-04,17,GA_FORMAL_VOTE,A/78/PV.42,0,0,0,NO_PRESERVED_MANUAL_REVIEW_EVIDENCE,UNREVIEWED_IS_NOT_CODED_ZERO
ICJ-180-2023-11-17||GA_FORMAL_VOTE::GAV|4029227,ICJ-180-2023-11-17,180,2023-12-04,17,GA_FORMAL_VOTE,A/78/PV.42,0,0,0,NO_PRESERVED_MANUAL_REVIEW_EVIDENCE,UNREVIEWED_IS_NOT_CODED_ZERO
ICJ-180-2023-11-17||GA_FORMAL_VOTE::GAV|4029228,ICJ-180-2023-11-17,180,2023-12-04,17,GA_FORMAL_VOTE,A/78/PV.42,0,0,0,NO_PRESERVED_MANUAL_REVIEW_EVIDENCE,UNREVIEWED_IS_NOT_CODED_ZERO
ICJ-180-2023-11-17||GA_FORMAL_VOTE::GAV|4029229,ICJ-180-2023-11-17,180,2023-12-04,17,GA_FORMAL_VOTE,A/78/PV.42,0,0,0,NO_PRESERVED_MANUAL_REVIEW_EVIDENCE,UNREVIEWED_IS_NOT_CODED_ZERO
ICJ-180-2023-11-17||GA_FORMAL_VOTE::GAV|4029230,ICJ-180-2023-11-17,180,2023-12-04,17,GA_FORMAL_VOTE,A/78/PV.42,0,0,0,NO_PRESERVED_MANUAL_REVIEW_EVIDENCE,UNREVIEWED_IS_NOT_CODED_ZERO
ICJ-180-2023-11-17||SC_MEETING::SCM|S/PV.9493,ICJ-180-2023-11-17,180,2023-12-04,17,SC_MEETING,S/PV.9493,0,0,0,NO_PRESERVED_MANUAL_REVIEW_EVIDENCE,UNREVIEWED_IS_NOT_CODED_ZERO
ICJ-180-2023-11-17||GA_FORMAL_VOTE::GAV|4029432,ICJ-180-2023-11-17,180,2023-12-05,18,GA_FORMAL_VOTE,A/78/PV.44,0,0,0,NO_PRESERVED_MANUAL_REVIEW_EVIDENCE,UNREVIEWED_IS_NOT_CODED_ZERO
ICJ-180-2023-11-17||SC_MEETING::SCM|S/PV.9494,ICJ-180-2023-11-17,180,2023-12-06,19,SC_MEETING,S/PV.9494,0,0,0,NO_PRESERVED_MANUAL_REVIEW_EVIDENCE,UNREVIEWED_IS_NOT_CODED_ZERO
ICJ-180-2023-11-17||SC_MEETING::SCM|S/PV.9495,ICJ-180-2023-11-17,180,2023-12-06,19,SC_MEETING,S/PV.9495,0,0,0,NO_PRESERVED_MANUAL_REVIEW_EVIDENCE,UNREVIEWED_IS_NOT_CODED_ZERO
ICJ-180-2023-11-17||SC_MEETING::SCM|S/PV.9496,ICJ-180-2023-11-17,180,2023-12-06,19,SC_MEETING,S/PV.9496,0,0,0,NO_PRESERVED_MANUAL_REVIEW_EVIDENCE,UNREVIEWED_IS_NOT_CODED_ZERO
ICJ-180-2023-11-17||GA_FORMAL_VOTE::GAV|4029433,ICJ-180-2023-11-17,180,2023-12-07,20,GA_FORMAL_VOTE,A/78/PV.45,0,0,0,NO_PRESERVED_MANUAL_REVIEW_EVIDENCE,UNREVIEWED_IS_NOT_CODED_ZERO
ICJ-180-2023-11-17||GA_FORMAL_VOTE::GAV|4029434,ICJ-180-2023-11-17,180,2023-12-07,20,GA_FORMAL_VOTE,A/78/PV.45,0,0,0,NO_PRESERVED_MANUAL_REVIEW_EVIDENCE,UNREVIEWED_IS_NOT_CODED_ZERO
ICJ-180-2023-11-17||GA_FORMAL_VOTE::GAV|4029435,ICJ-180-2023-11-17,180,2023-12-07,20,GA_FORMAL_VOTE,A/78/PV.45,0,0,0,NO_PRESERVED_MANUAL_REVIEW_EVIDENCE,UNREVIEWED_IS_NOT_CODED_ZERO
ICJ-180-2023-11-17||GA_FORMAL_VOTE::GAV|4029436,ICJ-180-2023-11-17,180,2023-12-07,20,GA_FORMAL_VOTE,A/78/PV.45,0,0,0,NO_PRESERVED_MANUAL_REVIEW_EVIDENCE,UNREVIEWED_IS_NOT_CODED_ZERO
ICJ-180-2023-11-17||GA_FORMAL_VOTE::GAV|4029437,ICJ-180-2023-11-17,180,2023-12-07,20,GA_FORMAL_VOTE,A/78/PV.45,0,0,0,NO_PRESERVED_MANUAL_REVIEW_EVIDENCE,UNREVIEWED_IS_NOT_CODED_ZERO
ICJ-180-2023-11-17||GA_FORMAL_VOTE::GAV|4029438,ICJ-180-2023-11-17,180,2023-12-07,20,GA_FORMAL_VOTE,A/78/PV.45,0,0,0,NO_PRESERVED_MANUAL_REVIEW_EVIDENCE,UNREVIEWED_IS_NOT_CODED_ZERO
ICJ-180-2023-11-17||GA_FORMAL_VOTE::GAV|4029439,ICJ-180-2023-11-17,180,2023-12-07,20,GA_FORMAL_VOTE,A/78/PV.45,0,0,0,NO_PRESERVED_MANUAL_REVIEW_EVIDENCE,UNREVIEWED_IS_NOT_CODED_ZERO
ICJ-180-2023-11-17||GA_FORMAL_VOTE::GAV|4029440,ICJ-180-2023-11-17,180,2023-12-07,20,GA_FORMAL_VOTE,A/78/PV.45,0,0,0,NO_PRESERVED_MANUAL_REVIEW_EVIDENCE,UNREVIEWED_IS_NOT_CODED_ZERO
ICJ-180-2023-11-17||GA_FORMAL_VOTE::GAV|4029441,ICJ-180-2023-11-17,180,2023-12-07,20,GA_FORMAL_VOTE,A/78/PV.45,0,0,0,NO_PRESERVED_MANUAL_REVIEW_EVIDENCE,UNREVIEWED_IS_NOT_CODED_ZERO
ICJ-180-2023-11-17||GA_FORMAL_VOTE::GAV|4029442,ICJ-180-2023-11-17,180,2023-12-07,20,GA_FORMAL_VOTE,A/78/PV.45,0,0,0,NO_PRESERVED_MANUAL_REVIEW_EVIDENCE,UNREVIEWED_IS_NOT_CODED_ZERO
ICJ-180-2023-11-17||GA_FORMAL_VOTE::GAV|4029443,ICJ-180-2023-11-17,180,2023-12-07,20,GA_FORMAL_VOTE,A/78/PV.45,0,0,0,NO_PRESERVED_MANUAL_REVIEW_EVIDENCE,UNREVIEWED_IS_NOT_CODED_ZERO
ICJ-180-2023-11-17||SC_MEETING::SCM|S/PV.9497,ICJ-180-2023-11-17,180,2023-12-07,20,SC_MEETING,S/PV.9497,0,0,0,NO_PRESERVED_MANUAL_REVIEW_EVIDENCE,UNREVIEWED_IS_NOT_CODED_ZERO
ICJ-180-2023-11-17||SC_MEETING::SCM|S/PV.9497 (Resumption 1),ICJ-180-2023-11-17,180,2023-12-07,20,SC_MEETING,S/PV.9497 (Resumption 1),0,0,0,NO_PRESERVED_MANUAL_REVIEW_EVIDENCE,UNREVIEWED_IS_NOT_CODED_ZERO
ICJ-180-2023-11-17||SC_FORMAL_VOTE::SCV|2076,ICJ-180-2023-11-17,180,2023-12-08,21,SC_FORMAL_VOTE,S/PV.9499,0,0,0,NO_PRESERVED_MANUAL_REVIEW_EVIDENCE,UNREVIEWED_IS_NOT_CODED_ZERO
ICJ-180-2023-11-17||SC_MEETING::SCM|S/PV.9498,ICJ-180-2023-11-17,180,2023-12-08,21,SC_MEETING,S/PV.9498,0,0,0,NO_PRESERVED_MANUAL_REVIEW_EVIDENCE,UNREVIEWED_IS_NOT_CODED_ZERO
ICJ-180-2023-11-17||SC_MEETING::SCM|S/PV.9499,ICJ-180-2023-11-17,180,2023-12-08,21,SC_MEETING,S/PV.9499,0,0,0,NO_PRESERVED_MANUAL_REVIEW_EVIDENCE,UNREVIEWED_IS_NOT_CODED_ZERO
ICJ-180-2023-11-17||SC_MEETING::SCM|S/PV.9500,ICJ-180-2023-11-17,180,2023-12-11,24,SC_MEETING,S/PV.9500,0,0,0,NO_PRESERVED_MANUAL_REVIEW_EVIDENCE,UNREVIEWED_IS_NOT_CODED_ZERO
ICJ-180-2023-11-17||SC_MEETING::SCM|S/PV.9501,ICJ-180-2023-11-17,180,2023-12-11,24,SC_MEETING,S/PV.9501,0,0,0,NO_PRESERVED_MANUAL_REVIEW_EVIDENCE,UNREVIEWED_IS_NOT_CODED_ZERO
ICJ-180-2023-11-17||GA_FORMAL_VOTE::GAV|4029732,ICJ-180-2023-11-17,180,2023-12-12,25,GA_FORMAL_VOTE,A/ES-10/PV.45,0,0,0,NO_PRESERVED_MANUAL_REVIEW_EVIDENCE,UNREVIEWED_IS_NOT_CODED_ZERO
ICJ-180-2023-11-17||SC_MEETING::SCM|S/PV.9502,ICJ-180-2023-11-17,180,2023-12-12,25,SC_MEETING,S/PV.9502,0,0,0,NO_PRESERVED_MANUAL_REVIEW_EVIDENCE,UNREVIEWED_IS_NOT_CODED_ZERO
ICJ-180-2023-11-17||SC_MEETING::SCM|S/PV.9503,ICJ-180-2023-11-17,180,2023-12-12,25,SC_MEETING,S/PV.9503,0,0,0,NO_PRESERVED_MANUAL_REVIEW_EVIDENCE,UNREVIEWED_IS_NOT_CODED_ZERO
ICJ-180-2023-11-17||SC_MEETING::SCM|S/PV.9504,ICJ-180-2023-11-17,180,2023-12-12,25,SC_MEETING,S/PV.9504,0,0,0,NO_PRESERVED_MANUAL_REVIEW_EVIDENCE,UNREVIEWED_IS_NOT_CODED_ZERO
ICJ-180-2023-11-17||SC_MEETING::SCM|S/PV.9504/Corr.1,ICJ-180-2023-11-17,180,2023-12-12,25,SC_MEETING,S/PV.9504/Corr.1,0,0,0,NO_PRESERVED_MANUAL_REVIEW_EVIDENCE,UNREVIEWED_IS_NOT_CODED_ZERO
ICJ-180-2023-11-17||SC_MEETING::SCM|S/PV.9505,ICJ-180-2023-11-17,180,2023-12-13,26,SC_MEETING,S/PV.9505,0,0,0,NO_PRESERVED_MANUAL_REVIEW_EVIDENCE,UNREVIEWED_IS_NOT_CODED_ZERO
ICJ-180-2023-11-17||SC_FORMAL_VOTE::SCV|2077,ICJ-180-2023-11-17,180,2023-12-14,27,SC_FORMAL_VOTE,S/PV.9506,0,0,0,NO_PRESERVED_MANUAL_REVIEW_EVIDENCE,UNREVIEWED_IS_NOT_CODED_ZERO
ICJ-180-2023-11-17||SC_MEETING::SCM|S/PV.9506,ICJ-180-2023-11-17,180,2023-12-14,27,SC_MEETING,S/PV.9506,0,0,0,NO_PRESERVED_MANUAL_REVIEW_EVIDENCE,UNREVIEWED_IS_NOT_CODED_ZERO
ICJ-180-2023-11-17||SC_MEETING::SCM|S/PV.9507,ICJ-180-2023-11-17,180,2023-12-14,27,SC_MEETING,S/PV.9507,0,0,0,NO_PRESERVED_MANUAL_REVIEW_EVIDENCE,UNREVIEWED_IS_NOT_CODED_ZERO
ICJ-180-2023-11-17||SC_MEETING::SCM|S/PV.9508,ICJ-180-2023-11-17,180,2023-12-14,27,SC_MEETING,S/PV.9508,0,0,0,NO_PRESERVED_MANUAL_REVIEW_EVIDENCE,UNREVIEWED_IS_NOT_CODED_ZERO
ICJ-180-2023-11-17||SC_MEETING::SCM|S/PV.9509,ICJ-180-2023-11-17,180,2023-12-15,28,SC_MEETING,S/PV.9509,0,0,0,NO_PRESERVED_MANUAL_REVIEW_EVIDENCE,UNREVIEWED_IS_NOT_CODED_ZERO
ICJ-180-2023-11-17||SC_MEETING::SCM|S/PV.9509 (Resumption 1),ICJ-180-2023-11-17,180,2023-12-15,28,SC_MEETING,S/PV.9509 (Resumption 1),0,0,0,NO_PRESERVED_MANUAL_REVIEW_EVIDENCE,UNREVIEWED_IS_NOT_CODED_ZERO
ICJ-180-2023-11-17||SC_MEETING::SCM|S/PV.9510,ICJ-180-2023-11-17,180,2023-12-18,31,SC_MEETING,S/PV.9510,0,0,0,NO_PRESERVED_MANUAL_REVIEW_EVIDENCE,UNREVIEWED_IS_NOT_CODED_ZERO
ICJ-180-2023-11-17||SC_MEETING::SCM|S/PV.9511,ICJ-180-2023-11-17,180,2023-12-18,31,SC_MEETING,S/PV.9511,0,0,0,NO_PRESERVED_MANUAL_REVIEW_EVIDENCE,UNREVIEWED_IS_NOT_CODED_ZERO
ICJ-180-2023-11-17||GA_FORMAL_VOTE::GAV|4030698,ICJ-180-2023-11-17,180,2023-12-19,32,GA_FORMAL_VOTE,A/78/PV.50,0,0,0,NO_PRESERVED_MANUAL_REVIEW_EVIDENCE,UNREVIEWED_IS_NOT_CODED_ZERO
ICJ-180-2023-11-17||GA_FORMAL_VOTE::GAV|4030699,ICJ-180-2023-11-17,180,2023-12-19,32,GA_FORMAL_VOTE,A/78/PV.50,0,0,0,NO_PRESERVED_MANUAL_REVIEW_EVIDENCE,UNREVIEWED_IS_NOT_CODED_ZERO
ICJ-180-2023-11-17||GA_FORMAL_VOTE::GAV|4030700,ICJ-180-2023-11-17,180,2023-12-19,32,GA_FORMAL_VOTE,A/78/PV.50,0,0,0,NO_PRESERVED_MANUAL_REVIEW_EVIDENCE,UNREVIEWED_IS_NOT_CODED_ZERO
ICJ-180-2023-11-17||GA_FORMAL_VOTE::GAV|4030701,ICJ-180-2023-11-17,180,2023-12-19,32,GA_FORMAL_VOTE,A/78/PV.50,0,0,0,NO_PRESERVED_MANUAL_REVIEW_EVIDENCE,UNREVIEWED_IS_NOT_CODED_ZERO
ICJ-180-2023-11-17||GA_FORMAL_VOTE::GAV|4030702,ICJ-180-2023-11-17,180,2023-12-19,32,GA_FORMAL_VOTE,A/78/PV.50,0,0,0,NO_PRESERVED_MANUAL_REVIEW_EVIDENCE,UNREVIEWED_IS_NOT_CODED_ZERO
ICJ-180-2023-11-17||GA_FORMAL_VOTE::GAV|4030703,ICJ-180-2023-11-17,180,2023-12-19,32,GA_FORMAL_VOTE,A/78/PV.50,0,0,0,NO_PRESERVED_MANUAL_REVIEW_EVIDENCE,UNREVIEWED_IS_NOT_CODED_ZERO
ICJ-180-2023-11-17||GA_FORMAL_VOTE::GAV|4030704,ICJ-180-2023-11-17,180,2023-12-19,32,GA_FORMAL_VOTE,A/78/PV.50,0,0,0,NO_PRESERVED_MANUAL_REVIEW_EVIDENCE,UNREVIEWED_IS_NOT_CODED_ZERO
ICJ-180-2023-11-17||GA_FORMAL_VOTE::GAV|4030705,ICJ-180-2023-11-17,180,2023-12-19,32,GA_FORMAL_VOTE,A/78/PV.50,0,0,0,NO_PRESERVED_MANUAL_REVIEW_EVIDENCE,UNREVIEWED_IS_NOT_CODED_ZERO
ICJ-180-2023-11-17||GA_FORMAL_VOTE::GAV|4030708,ICJ-180-2023-11-17,180,2023-12-19,32,GA_FORMAL_VOTE,A/78/PV.50,0,0,0,NO_PRESERVED_MANUAL_REVIEW_EVIDENCE,UNREVIEWED_IS_NOT_CODED_ZERO
ICJ-180-2023-11-17||GA_FORMAL_VOTE::GAV|4030709,ICJ-180-2023-11-17,180,2023-12-19,32,GA_FORMAL_VOTE,A/78/PV.50,0,0,0,NO_PRESERVED_MANUAL_REVIEW_EVIDENCE,UNREVIEWED_IS_NOT_CODED_ZERO
ICJ-180-2023-11-17||GA_FORMAL_VOTE::GAV|4030710,ICJ-180-2023-11-17,180,2023-12-19,32,GA_FORMAL_VOTE,A/78/PV.50,0,0,0,NO_PRESERVED_MANUAL_REVIEW_EVIDENCE,UNREVIEWED_IS_NOT_CODED_ZERO
ICJ-180-2023-11-17||GA_FORMAL_VOTE::GAV|4030711,ICJ-180-2023-11-17,180,2023-12-19,32,GA_FORMAL_VOTE,A/78/PV.49,0,0,0,NO_PRESERVED_MANUAL_REVIEW_EVIDENCE,UNREVIEWED_IS_NOT_CODED_ZERO
ICJ-180-2023-11-17||GA_FORMAL_VOTE::GAV|4030712,ICJ-180-2023-11-17,180,2023-12-19,32,GA_FORMAL_VOTE,A/78/PV.49,0,0,0,NO_PRESERVED_MANUAL_REVIEW_EVIDENCE,UNREVIEWED_IS_NOT_CODED_ZERO
ICJ-180-2023-11-17||GA_FORMAL_VOTE::GAV|4030713,ICJ-180-2023-11-17,180,2023-12-19,32,GA_FORMAL_VOTE,A/78/PV.49,0,0,0,NO_PRESERVED_MANUAL_REVIEW_EVIDENCE,UNREVIEWED_IS_NOT_CODED_ZERO
ICJ-180-2023-11-17||GA_FORMAL_VOTE::GAV|4030714,ICJ-180-2023-11-17,180,2023-12-19,32,GA_FORMAL_VOTE,A/78/PV.50,0,0,0,NO_PRESERVED_MANUAL_REVIEW_EVIDENCE,UNREVIEWED_IS_NOT_CODED_ZERO
ICJ-180-2023-11-17||GA_FORMAL_VOTE::GAV|4030715,ICJ-180-2023-11-17,180,2023-12-19,32,GA_FORMAL_VOTE,A/78/PV.50,0,0,0,NO_PRESERVED_MANUAL_REVIEW_EVIDENCE,UNREVIEWED_IS_NOT_CODED_ZERO
ICJ-180-2023-11-17||GA_FORMAL_VOTE::GAV|4030716,ICJ-180-2023-11-17,180,2023-12-19,32,GA_FORMAL_VOTE,A/78/PV.50,0,0,0,NO_PRESERVED_MANUAL_REVIEW_EVIDENCE,UNREVIEWED_IS_NOT_CODED_ZERO
ICJ-180-2023-11-17||GA_FORMAL_VOTE::GAV|4030717,ICJ-180-2023-11-17,180,2023-12-19,32,GA_FORMAL_VOTE,A/78/PV.50,0,0,0,NO_PRESERVED_MANUAL_REVIEW_EVIDENCE,UNREVIEWED_IS_NOT_CODED_ZERO
ICJ-180-2023-11-17||GA_FORMAL_VOTE::GAV|4030718,ICJ-180-2023-11-17,180,2023-12-19,32,GA_FORMAL_VOTE,A/78/PV.50,0,0,0,NO_PRESERVED_MANUAL_REVIEW_EVIDENCE,UNREVIEWED_IS_NOT_CODED_ZERO
ICJ-180-2023-11-17||GA_FORMAL_VOTE::GAV|4030928,ICJ-180-2023-11-17,180,2023-12-19,32,GA_FORMAL_VOTE,A/78/PV.49,0,0,0,NO_PRESERVED_MANUAL_REVIEW_EVIDENCE,UNREVIEWED_IS_NOT_CODED_ZERO
ICJ-180-2023-11-17||GA_FORMAL_VOTE::GAV|4031236,ICJ-180-2023-11-17,180,2023-12-19,32,GA_FORMAL_VOTE,A/78/PV.49,0,0,0,NO_PRESERVED_MANUAL_REVIEW_EVIDENCE,UNREVIEWED_IS_NOT_CODED_ZERO
ICJ-180-2023-11-17||GA_FORMAL_VOTE::GAV|4031240,ICJ-180-2023-11-17,180,2023-12-19,32,GA_FORMAL_VOTE,A/78/PV.49,0,0,0,NO_PRESERVED_MANUAL_REVIEW_EVIDENCE,UNREVIEWED_IS_NOT_CODED_ZERO
ICJ-180-2023-11-17||GA_FORMAL_VOTE::GAV|4031242,ICJ-180-2023-11-17,180,2023-12-19,32,GA_FORMAL_VOTE,A/78/PV.49,0,0,0,NO_PRESERVED_MANUAL_REVIEW_EVIDENCE,UNREVIEWED_IS_NOT_CODED_ZERO
ICJ-180-2023-11-17||SC_FORMAL_VOTE::SCV|2078,ICJ-180-2023-11-17,180,2023-12-19,32,SC_FORMAL_VOTE,S/PV.9512,0,0,0,NO_PRESERVED_MANUAL_REVIEW_EVIDENCE,UNREVIEWED_IS_NOT_CODED_ZERO
ICJ-180-2023-11-17||SC_MEETING::SCM|S/PV.9512,ICJ-180-2023-11-17,180,2023-12-19,32,SC_MEETING,S/PV.9512,0,0,0,NO_PRESERVED_MANUAL_REVIEW_EVIDENCE,UNREVIEWED_IS_NOT_CODED_ZERO
ICJ-180-2023-11-17||SC_MEETING::SCM|S/PV.9513,ICJ-180-2023-11-17,180,2023-12-19,32,SC_MEETING,S/PV.9513,0,0,0,NO_PRESERVED_MANUAL_REVIEW_EVIDENCE,UNREVIEWED_IS_NOT_CODED_ZERO
ICJ-180-2023-11-17||SC_MEETING::SCM|S/PV.9514,ICJ-180-2023-11-17,180,2023-12-19,32,SC_MEETING,S/PV.9514,0,0,0,NO_PRESERVED_MANUAL_REVIEW_EVIDENCE,UNREVIEWED_IS_NOT_CODED_ZERO
ICJ-180-2023-11-17||SC_MEETING::SCM|S/PV.9515,ICJ-180-2023-11-17,180,2023-12-20,33,SC_MEETING,S/PV.9515,0,0,0,NO_PRESERVED_MANUAL_REVIEW_EVIDENCE,UNREVIEWED_IS_NOT_CODED_ZERO
ICJ-180-2023-11-17||SC_FORMAL_VOTE::SCV|2079,ICJ-180-2023-11-17,180,2023-12-21,34,SC_FORMAL_VOTE,S/PV.9516,0,0,0,NO_PRESERVED_MANUAL_REVIEW_EVIDENCE,UNREVIEWED_IS_NOT_CODED_ZERO
ICJ-180-2023-11-17||SC_FORMAL_VOTE::SCV|2080,ICJ-180-2023-11-17,180,2023-12-21,34,SC_FORMAL_VOTE,S/PV.9518,0,0,0,NO_PRESERVED_MANUAL_REVIEW_EVIDENCE,UNREVIEWED_IS_NOT_CODED_ZERO
ICJ-180-2023-11-17||SC_MEETING::SCM|S/PV.9516,ICJ-180-2023-11-17,180,2023-12-21,34,SC_MEETING,S/PV.9516,0,0,0,NO_PRESERVED_MANUAL_REVIEW_EVIDENCE,UNREVIEWED_IS_NOT_CODED_ZERO
ICJ-180-2023-11-17||SC_MEETING::SCM|S/PV.9517,ICJ-180-2023-11-17,180,2023-12-21,34,SC_MEETING,S/PV.9517,0,0,0,NO_PRESERVED_MANUAL_REVIEW_EVIDENCE,UNREVIEWED_IS_NOT_CODED_ZERO
ICJ-180-2023-11-17||SC_MEETING::SCM|S/PV.9518,ICJ-180-2023-11-17,180,2023-12-21,34,SC_MEETING,S/PV.9518,0,0,0,NO_PRESERVED_MANUAL_REVIEW_EVIDENCE,UNREVIEWED_IS_NOT_CODED_ZERO
ICJ-180-2023-11-17||GA_FORMAL_VOTE::GAV|4031002,ICJ-180-2023-11-17,180,2023-12-22,35,GA_FORMAL_VOTE,A/78/PV.50 (Resumption 1),0,0,0,NO_PRESERVED_MANUAL_REVIEW_EVIDENCE,UNREVIEWED_IS_NOT_CODED_ZERO
ICJ-180-2023-11-17||GA_FORMAL_VOTE::GAV|4031003,ICJ-180-2023-11-17,180,2023-12-22,35,GA_FORMAL_VOTE,A/78/PV.50 (Resumption 1),0,0,0,NO_PRESERVED_MANUAL_REVIEW_EVIDENCE,UNREVIEWED_IS_NOT_CODED_ZERO
ICJ-180-2023-11-17||GA_FORMAL_VOTE::GAV|4031004,ICJ-180-2023-11-17,180,2023-12-22,35,GA_FORMAL_VOTE,A/78/PV.50 (Resumption 1),0,0,0,NO_PRESERVED_MANUAL_REVIEW_EVIDENCE,UNREVIEWED_IS_NOT_CODED_ZERO
ICJ-180-2023-11-17||GA_FORMAL_VOTE::GAV|4031005,ICJ-180-2023-11-17,180,2023-12-22,35,GA_FORMAL_VOTE,A/78/PV.50 (Resumption 1),0,0,0,NO_PRESERVED_MANUAL_REVIEW_EVIDENCE,UNREVIEWED_IS_NOT_CODED_ZERO
ICJ-180-2023-11-17||GA_FORMAL_VOTE::GAV|4031006,ICJ-180-2023-11-17,180,2023-12-22,35,GA_FORMAL_VOTE,A/78/PV.50 (Resumption 1),0,0,0,NO_PRESERVED_MANUAL_REVIEW_EVIDENCE,UNREVIEWED_IS_NOT_CODED_ZERO
ICJ-180-2023-11-17||GA_FORMAL_VOTE::GAV|4031007,ICJ-180-2023-11-17,180,2023-12-22,35,GA_FORMAL_VOTE,A/78/PV.50,0,0,0,NO_PRESERVED_MANUAL_REVIEW_EVIDENCE,UNREVIEWED_IS_NOT_CODED_ZERO
ICJ-180-2023-11-17||GA_FORMAL_VOTE::GAV|4031008,ICJ-180-2023-11-17,180,2023-12-22,35,GA_FORMAL_VOTE,A/78/PV.50 (Resumption 1),0,0,0,NO_PRESERVED_MANUAL_REVIEW_EVIDENCE,UNREVIEWED_IS_NOT_CODED_ZERO
ICJ-180-2023-11-17||GA_FORMAL_VOTE::GAV|4031009,ICJ-180-2023-11-17,180,2023-12-22,35,GA_FORMAL_VOTE,A/78/PV.50 (Resumption 1),0,0,0,NO_PRESERVED_MANUAL_REVIEW_EVIDENCE,UNREVIEWED_IS_NOT_CODED_ZERO
ICJ-180-2023-11-17||SC_FORMAL_VOTE::SCV|2081,ICJ-180-2023-11-17,180,2023-12-22,35,SC_FORMAL_VOTE,S/PV.9520,0,0,0,NO_PRESERVED_MANUAL_REVIEW_EVIDENCE,UNREVIEWED_IS_NOT_CODED_ZERO
ICJ-180-2023-11-17||SC_MEETING::SCM|S/PV.9519,ICJ-180-2023-11-17,180,2023-12-22,35,SC_MEETING,S/PV.9519,0,0,0,NO_PRESERVED_MANUAL_REVIEW_EVIDENCE,UNREVIEWED_IS_NOT_CODED_ZERO
ICJ-180-2023-11-17||SC_MEETING::SCM|S/PV.9520,ICJ-180-2023-11-17,180,2023-12-22,35,SC_MEETING,S/PV.9520,0,0,0,NO_PRESERVED_MANUAL_REVIEW_EVIDENCE,UNREVIEWED_IS_NOT_CODED_ZERO
ICJ-180-2023-11-17||SC_SPECIAL_VETO::SCX|13,ICJ-180-2023-11-17,180,2023-12-22,35,SC_SPECIAL_VETO,S/PV.9520,0,0,0,NO_PRESERVED_MANUAL_REVIEW_EVIDENCE,UNREVIEWED_IS_NOT_CODED_ZERO
ICJ-180-2023-11-17||SC_FORMAL_VOTE::SCV|2082,ICJ-180-2023-11-17,180,2023-12-29,42,SC_FORMAL_VOTE,S/PV.9521,0,0,0,NO_PRESERVED_MANUAL_REVIEW_EVIDENCE,UNREVIEWED_IS_NOT_CODED_ZERO
ICJ-180-2023-11-17||SC_MEETING::SCM|S/PV.9521,ICJ-180-2023-11-17,180,2023-12-29,42,SC_MEETING,S/PV.9521,0,0,0,NO_PRESERVED_MANUAL_REVIEW_EVIDENCE,UNREVIEWED_IS_NOT_CODED_ZERO
ICJ-180-2023-11-17||SC_MEETING::SCM|S/PV.9522,ICJ-180-2023-11-17,180,2023-12-29,42,SC_MEETING,S/PV.9522,0,0,0,NO_PRESERVED_MANUAL_REVIEW_EVIDENCE,UNREVIEWED_IS_NOT_CODED_ZERO
ICJ-180-2023-11-17||SC_MEETING::SCM|S/PV.9523,ICJ-180-2023-11-17,180,2023-12-29,42,SC_MEETING,S/PV.9523,0,0,0,NO_PRESERVED_MANUAL_REVIEW_EVIDENCE,UNREVIEWED_IS_NOT_CODED_ZERO
ICJ-180-2023-11-17||SC_MEETING::SCM|S/PV.9524,ICJ-180-2023-11-17,180,2023-12-30,43,SC_MEETING,S/PV.9524,0,0,0,NO_PRESERVED_MANUAL_REVIEW_EVIDENCE,UNREVIEWED_IS_NOT_CODED_ZERO
ICJ-180-2023-11-17||SC_MEETING::SCM|S/PV.9525,ICJ-180-2023-11-17,180,2024-01-03,47,SC_MEETING,S/PV.9525,1,0,1,PRESERVED_ORIGINAL_233_HUMAN_REVIEW,REVIEW_EVIDENCE_PRESENT
ICJ-180-2023-11-17||SC_FORMAL_VOTE::SCV|2083,ICJ-180-2023-11-17,180,2024-01-10,54,SC_FORMAL_VOTE,S/PV.9527,1,0,1,PRESERVED_ORIGINAL_233_HUMAN_REVIEW,REVIEW_EVIDENCE_PRESENT
ICJ-180-2023-11-17||SC_MEETING::SCM|S/PV.9526,ICJ-180-2023-11-17,180,2024-01-10,54,SC_MEETING,S/PV.9526,0,0,0,NO_PRESERVED_MANUAL_REVIEW_EVIDENCE,UNREVIEWED_IS_NOT_CODED_ZERO
ICJ-180-2023-11-17||SC_MEETING::SCM|S/PV.9527,ICJ-180-2023-11-17,180,2024-01-10,54,SC_MEETING,S/PV.9527,1,0,1,PRESERVED_ORIGINAL_233_HUMAN_REVIEW,REVIEW_EVIDENCE_PRESENT
ICJ-180-2023-11-17||SC_MEETING::SCM|S/PV.9528,ICJ-180-2023-11-17,180,2024-01-10,54,SC_MEETING,S/PV.9528,0,0,0,NO_PRESERVED_MANUAL_REVIEW_EVIDENCE,UNREVIEWED_IS_NOT_CODED_ZERO
ICJ-180-2023-11-17||SC_MEETING::SCM|S/PV.9529,ICJ-180-2023-11-17,180,2024-01-11,55,SC_MEETING,S/PV.9529,0,0,0,NO_PRESERVED_MANUAL_REVIEW_EVIDENCE,UNREVIEWED_IS_NOT_CODED_ZERO
ICJ-180-2023-11-17||SC_MEETING::SCM|S/PV.9530,ICJ-180-2023-11-17,180,2024-01-11,55,SC_MEETING,S/PV.9530,0,0,0,NO_PRESERVED_MANUAL_REVIEW_EVIDENCE,UNREVIEWED_IS_NOT_CODED_ZERO
ICJ-180-2023-11-17||SC_MEETING::SCM|S/PV.9531,ICJ-180-2023-11-17,180,2024-01-12,56,SC_MEETING,S/PV.9531,0,0,0,NO_PRESERVED_MANUAL_REVIEW_EVIDENCE,UNREVIEWED_IS_NOT_CODED_ZERO
ICJ-180-2023-11-17||SC_MEETING::SCM|S/PV.9532,ICJ-180-2023-11-17,180,2024-01-12,56,SC_MEETING,S/PV.9532,1,0,1,PRESERVED_ORIGINAL_233_HUMAN_REVIEW,REVIEW_EVIDENCE_PRESENT
ICJ-180-2023-11-17||SC_MEETING::SCM|S/PV.9533,ICJ-180-2023-11-17,180,2024-01-22,66,SC_MEETING,S/PV.9533,0,0,0,NO_PRESERVED_MANUAL_REVIEW_EVIDENCE,UNREVIEWED_IS_NOT_CODED_ZERO
ICJ-180-2023-11-17||SC_MEETING::SCM|S/PV.9534,ICJ-180-2023-11-17,180,2024-01-23,67,SC_MEETING,S/PV.9534,0,0,0,NO_PRESERVED_MANUAL_REVIEW_EVIDENCE,UNREVIEWED_IS_NOT_CODED_ZERO
ICJ-180-2023-11-17||SC_MEETING::SCM|S/PV.9534 (Resumption 1),ICJ-180-2023-11-17,180,2024-01-24,68,SC_MEETING,S/PV.9534 (Resumption 1),0,0,0,NO_PRESERVED_MANUAL_REVIEW_EVIDENCE,UNREVIEWED_IS_NOT_CODED_ZERO
ICJ-180-2023-11-17||SC_MEETING::SCM|S/PV.9535,ICJ-180-2023-11-17,180,2024-01-25,69,SC_MEETING,S/PV.9535,0,0,0,NO_PRESERVED_MANUAL_REVIEW_EVIDENCE,UNREVIEWED_IS_NOT_CODED_ZERO
ICJ-180-2023-11-17||SC_MEETING::SCM|S/PV.9536,ICJ-180-2023-11-17,180,2024-01-25,69,SC_MEETING,S/PV.9536,0,0,0,NO_PRESERVED_MANUAL_REVIEW_EVIDENCE,UNREVIEWED_IS_NOT_CODED_ZERO
ICJ-180-2023-11-17||SC_MEETING::SCM|S/PV.9537,ICJ-180-2023-11-17,180,2024-01-25,69,SC_MEETING,S/PV.9537,0,0,0,NO_PRESERVED_MANUAL_REVIEW_EVIDENCE,UNREVIEWED_IS_NOT_CODED_ZERO
ICJ-180-2023-11-17||SC_MEETING::SCM|S/PV.9538,ICJ-180-2023-11-17,180,2024-01-29,73,SC_MEETING,S/PV.9538,0,0,0,NO_PRESERVED_MANUAL_REVIEW_EVIDENCE,UNREVIEWED_IS_NOT_CODED_ZERO
ICJ-180-2023-11-17||SC_FORMAL_VOTE::SCV|2084,ICJ-180-2023-11-17,180,2024-01-30,74,SC_FORMAL_VOTE,S/PV.9539,0,0,0,NO_PRESERVED_MANUAL_REVIEW_EVIDENCE,UNREVIEWED_IS_NOT_CODED_ZERO
ICJ-180-2023-11-17||SC_MEETING::SCM|S/PV.9539,ICJ-180-2023-11-17,180,2024-01-30,74,SC_MEETING,S/PV.9539,0,0,0,NO_PRESERVED_MANUAL_REVIEW_EVIDENCE,UNREVIEWED_IS_NOT_CODED_ZERO
ICJ-180-2023-11-17||SC_MEETING::SCM|S/PV.9540,ICJ-180-2023-11-17,180,2024-01-31,75,SC_MEETING,S/PV.9540,0,0,0,NO_PRESERVED_MANUAL_REVIEW_EVIDENCE,UNREVIEWED_IS_NOT_CODED_ZERO
ICJ-180-2023-11-17||SC_MEETING::SCM|S/PV.9541,ICJ-180-2023-11-17,180,2024-02-05,80,SC_MEETING,S/PV.9541,0,0,0,NO_PRESERVED_MANUAL_REVIEW_EVIDENCE,UNREVIEWED_IS_NOT_CODED_ZERO
ICJ-180-2023-11-17||SC_MEETING::SCM|S/PV.9541/Rev.1,ICJ-180-2023-11-17,180,2024-02-05,80,SC_MEETING,S/PV.9541/Rev.1,0,0,0,NO_PRESERVED_MANUAL_REVIEW_EVIDENCE,UNREVIEWED_IS_NOT_CODED_ZERO
ICJ-180-2023-11-17||SC_MEETING::SCM|S/PV.9542,ICJ-180-2023-11-17,180,2024-02-05,80,SC_MEETING,S/PV.9542,1,0,1,PRESERVED_ORIGINAL_233_HUMAN_REVIEW,REVIEW_EVIDENCE_PRESENT
ICJ-180-2023-11-17||SC_MEETING::SCM|S/PV.9543,ICJ-180-2023-11-17,180,2024-02-06,81,SC_MEETING,S/PV.9543,0,0,0,NO_PRESERVED_MANUAL_REVIEW_EVIDENCE,UNREVIEWED_IS_NOT_CODED_ZERO
ICJ-180-2023-11-17||SC_MEETING::SCM|S/PV.9544,ICJ-180-2023-11-17,180,2024-02-06,81,SC_MEETING,S/PV.9544,0,0,0,NO_PRESERVED_MANUAL_REVIEW_EVIDENCE,UNREVIEWED_IS_NOT_CODED_ZERO
ICJ-180-2023-11-17||SC_MEETING::SCM|S/PV.9545,ICJ-180-2023-11-17,180,2024-02-08,83,SC_MEETING,S/PV.9545,0,0,0,NO_PRESERVED_MANUAL_REVIEW_EVIDENCE,UNREVIEWED_IS_NOT_CODED_ZERO
ICJ-180-2023-11-17||SC_MEETING::SCM|S/PV.9546,ICJ-180-2023-11-17,180,2024-02-12,87,SC_MEETING,S/PV.9546,0,0,0,NO_PRESERVED_MANUAL_REVIEW_EVIDENCE,UNREVIEWED_IS_NOT_CODED_ZERO
ICJ-180-2023-11-17||SC_MEETING::SCM|S/PV.9547,ICJ-180-2023-11-17,180,2024-02-13,88,SC_MEETING,S/PV.9547,1,0,1,PRESERVED_ORIGINAL_233_HUMAN_REVIEW,REVIEW_EVIDENCE_PRESENT
ICJ-180-2023-11-17||SC_MEETING::SCM|S/PV.9547 (Resumption 1),ICJ-180-2023-11-17,180,2024-02-13,88,SC_MEETING,S/PV.9547 (Resumption 1),1,0,1,PRESERVED_ORIGINAL_233_HUMAN_REVIEW,REVIEW_EVIDENCE_PRESENT
ICJ-180-2023-11-17||SC_MEETING::SCM|S/PV.9547 (Resumption 2),ICJ-180-2023-11-17,180,2024-02-14,89,SC_MEETING,S/PV.9547 (Resumption 2),1,0,1,PRESERVED_ORIGINAL_233_HUMAN_REVIEW,REVIEW_EVIDENCE_PRESENT
ICJ-180-2023-11-17||SC_MEETING::SCM|S/PV.9548,ICJ-180-2023-11-17,180,2024-02-14,89,SC_MEETING,S/PV.9548,0,0,0,NO_PRESERVED_MANUAL_REVIEW_EVIDENCE,UNREVIEWED_IS_NOT_CODED_ZERO
ICJ-180-2023-11-17||SC_MEETING::SCM|S/PV.9549,ICJ-180-2023-11-17,180,2024-02-15,90,SC_MEETING,S/PV.9549,0,0,0,NO_PRESERVED_MANUAL_REVIEW_EVIDENCE,UNREVIEWED_IS_NOT_CODED_ZERO
ICJ-180-2023-11-17||SC_MEETING::SCM|S/PV.9550,ICJ-180-2023-11-17,180,2024-02-15,90,SC_MEETING,S/PV.9550,0,0,0,NO_PRESERVED_MANUAL_REVIEW_EVIDENCE,UNREVIEWED_IS_NOT_CODED_ZERO
ICJ-180-2023-11-17||SC_MEETING::SCM|S/PV.9551,ICJ-180-2023-11-17,180,2024-02-19,94,SC_MEETING,S/PV.9551,0,0,0,NO_PRESERVED_MANUAL_REVIEW_EVIDENCE,UNREVIEWED_IS_NOT_CODED_ZERO
ICJ-180-2023-11-17||SC_FORMAL_VOTE::SCV|2085,ICJ-180-2023-11-17,180,2024-02-20,95,SC_FORMAL_VOTE,S/PV.9552,0,0,0,NO_PRESERVED_MANUAL_REVIEW_EVIDENCE,UNREVIEWED_IS_NOT_CODED_ZERO
ICJ-180-2023-11-17||SC_MEETING::SCM|S/PV.9552,ICJ-180-2023-11-17,180,2024-02-20,95,SC_MEETING,S/PV.9552,0,0,0,NO_PRESERVED_MANUAL_REVIEW_EVIDENCE,UNREVIEWED_IS_NOT_CODED_ZERO
ICJ-180-2023-11-17||SC_MEETING::SCM|S/PV.9553,ICJ-180-2023-11-17,180,2024-02-20,95,SC_MEETING,S/PV.9553,0,0,0,NO_PRESERVED_MANUAL_REVIEW_EVIDENCE,UNREVIEWED_IS_NOT_CODED_ZERO
ICJ-180-2023-11-17||SC_MEETING::SCM|S/PV.9554,ICJ-180-2023-11-17,180,2024-02-21,96,SC_MEETING,S/PV.9554,0,0,0,NO_PRESERVED_MANUAL_REVIEW_EVIDENCE,UNREVIEWED_IS_NOT_CODED_ZERO
ICJ-180-2023-11-17||SC_MEETING::SCM|S/PV.9555,ICJ-180-2023-11-17,180,2024-02-22,97,SC_MEETING,S/PV.9555,0,0,0,NO_PRESERVED_MANUAL_REVIEW_EVIDENCE,UNREVIEWED_IS_NOT_CODED_ZERO
ICJ-180-2023-11-17||SC_MEETING::SCM|S/PV.9556,ICJ-180-2023-11-17,180,2024-02-22,97,SC_MEETING,S/PV.9556,0,0,0,NO_PRESERVED_MANUAL_REVIEW_EVIDENCE,UNREVIEWED_IS_NOT_CODED_ZERO
ICJ-180-2023-11-17||SC_MEETING::SCM|S/PV.9557,ICJ-180-2023-11-17,180,2024-02-23,98,SC_MEETING,S/PV.9557,0,0,0,NO_PRESERVED_MANUAL_REVIEW_EVIDENCE,UNREVIEWED_IS_NOT_CODED_ZERO
ICJ-180-2023-11-17||SC_MEETING::SCM|S/PV.9558,ICJ-180-2023-11-17,180,2024-02-26,101,SC_MEETING,S/PV.9558,0,0,0,NO_PRESERVED_MANUAL_REVIEW_EVIDENCE,UNREVIEWED_IS_NOT_CODED_ZERO
ICJ-180-2023-11-17||SC_MEETING::SCM|S/PV.9559,ICJ-180-2023-11-17,180,2024-02-27,102,SC_MEETING,S/PV.9559,0,0,0,NO_PRESERVED_MANUAL_REVIEW_EVIDENCE,UNREVIEWED_IS_NOT_CODED_ZERO
ICJ-180-2023-11-17||SC_MEETING::SCM|S/PV.9560,ICJ-180-2023-11-17,180,2024-02-27,102,SC_MEETING,S/PV.9560,0,0,0,NO_PRESERVED_MANUAL_REVIEW_EVIDENCE,UNREVIEWED_IS_NOT_CODED_ZERO
ICJ-180-2023-11-17||SC_MEETING::SCM|S/PV.9561,ICJ-180-2023-11-17,180,2024-03-04,108,SC_MEETING,S/PV.9561,0,0,0,NO_PRESERVED_MANUAL_REVIEW_EVIDENCE,UNREVIEWED_IS_NOT_CODED_ZERO
ICJ-180-2023-11-17||SC_MEETING::SCM|S/PV.9562,ICJ-180-2023-11-17,180,2024-03-04,108,SC_MEETING,S/PV.9562,0,0,0,NO_PRESERVED_MANUAL_REVIEW_EVIDENCE,UNREVIEWED_IS_NOT_CODED_ZERO
ICJ-180-2023-11-17||SC_MEETING::SCM|S/PV.9563,ICJ-180-2023-11-17,180,2024-03-04,108,SC_MEETING,S/PV.9563,0,0,0,NO_PRESERVED_MANUAL_REVIEW_EVIDENCE,UNREVIEWED_IS_NOT_CODED_ZERO
ICJ-180-2023-11-17||SC_MEETING::SCM|S/PV.9564,ICJ-180-2023-11-17,180,2024-03-05,109,SC_MEETING,S/PV.9564,0,0,0,NO_PRESERVED_MANUAL_REVIEW_EVIDENCE,UNREVIEWED_IS_NOT_CODED_ZERO
ICJ-180-2023-11-17||SC_MEETING::SCM|S/PV.9565,ICJ-180-2023-11-17,180,2024-03-06,110,SC_MEETING,S/PV.9565,0,0,0,NO_PRESERVED_MANUAL_REVIEW_EVIDENCE,UNREVIEWED_IS_NOT_CODED_ZERO
ICJ-180-2023-11-17||SC_MEETING::SCM|S/PV.9566,ICJ-180-2023-11-17,180,2024-03-06,110,SC_MEETING,S/PV.9566,0,0,0,NO_PRESERVED_MANUAL_REVIEW_EVIDENCE,UNREVIEWED_IS_NOT_CODED_ZERO
ICJ-180-2023-11-17||SC_MEETING::SCM|S/PV.9567,ICJ-180-2023-11-17,180,2024-03-07,111,SC_MEETING,S/PV.9567,0,0,0,NO_PRESERVED_MANUAL_REVIEW_EVIDENCE,UNREVIEWED_IS_NOT_CODED_ZERO
ICJ-180-2023-11-17||SC_FORMAL_VOTE::SCV|2086,ICJ-180-2023-11-17,180,2024-03-08,112,SC_FORMAL_VOTE,S/PV.9568,0,0,0,NO_PRESERVED_MANUAL_REVIEW_EVIDENCE,UNREVIEWED_IS_NOT_CODED_ZERO
ICJ-180-2023-11-17||SC_FORMAL_VOTE::SCV|2087,ICJ-180-2023-11-17,180,2024-03-08,112,SC_FORMAL_VOTE,S/PV.9569,0,0,0,NO_PRESERVED_MANUAL_REVIEW_EVIDENCE,UNREVIEWED_IS_NOT_CODED_ZERO
ICJ-180-2023-11-17||SC_MEETING::SCM|S/PV.9568,ICJ-180-2023-11-17,180,2024-03-08,112,SC_MEETING,S/PV.9568,0,0,0,NO_PRESERVED_MANUAL_REVIEW_EVIDENCE,UNREVIEWED_IS_NOT_CODED_ZERO
ICJ-180-2023-11-17||SC_MEETING::SCM|S/PV.9569,ICJ-180-2023-11-17,180,2024-03-08,112,SC_MEETING,S/PV.9569,0,0,0,NO_PRESERVED_MANUAL_REVIEW_EVIDENCE,UNREVIEWED_IS_NOT_CODED_ZERO
ICJ-180-2023-11-17||SC_MEETING::SCM|S/PV.9570,ICJ-180-2023-11-17,180,2024-03-08,112,SC_MEETING,S/PV.9570,0,0,0,NO_PRESERVED_MANUAL_REVIEW_EVIDENCE,UNREVIEWED_IS_NOT_CODED_ZERO
ICJ-180-2023-11-17||SC_MEETING::SCM|S/PV.9571,ICJ-180-2023-11-17,180,2024-03-11,115,SC_MEETING,S/PV.9571,0,0,0,NO_PRESERVED_MANUAL_REVIEW_EVIDENCE,UNREVIEWED_IS_NOT_CODED_ZERO
ICJ-180-2023-11-17||SC_MEETING::SCM|S/PV.9572,ICJ-180-2023-11-17,180,2024-03-11,115,SC_MEETING,S/PV.9572,0,0,0,NO_PRESERVED_MANUAL_REVIEW_EVIDENCE,UNREVIEWED_IS_NOT_CODED_ZERO
ICJ-180-2023-11-17||SC_MEETING::SCM|S/PV.9573,ICJ-180-2023-11-17,180,2024-03-12,116,SC_MEETING,S/PV.9573,0,0,0,NO_PRESERVED_MANUAL_REVIEW_EVIDENCE,UNREVIEWED_IS_NOT_CODED_ZERO
ICJ-180-2023-11-17||SC_MEETING::SCM|S/PV.9574,ICJ-180-2023-11-17,180,2024-03-13,117,SC_MEETING,S/PV.9574,0,0,0,NO_PRESERVED_MANUAL_REVIEW_EVIDENCE,UNREVIEWED_IS_NOT_CODED_ZERO
ICJ-180-2023-11-17||SC_MEETING::SCM|S/PV.9574 (Resumption 1),ICJ-180-2023-11-17,180,2024-03-13,117,SC_MEETING,S/PV.9574 (Resumption 1),0,0,0,NO_PRESERVED_MANUAL_REVIEW_EVIDENCE,UNREVIEWED_IS_NOT_CODED_ZERO
ICJ-180-2023-11-17||SC_FORMAL_VOTE::SCV|2088,ICJ-180-2023-11-17,180,2024-03-14,118,SC_FORMAL_VOTE,S/PV.9575,0,0,0,NO_PRESERVED_MANUAL_REVIEW_EVIDENCE,UNREVIEWED_IS_NOT_CODED_ZERO
ICJ-180-2023-11-17||SC_MEETING::SCM|S/PV.9571 (Resumption 1),ICJ-180-2023-11-17,180,2024-03-14,118,SC_MEETING,S/PV.9571 (Resumption 1),0,0,0,NO_PRESERVED_MANUAL_REVIEW_EVIDENCE,UNREVIEWED_IS_NOT_CODED_ZERO
ICJ-180-2023-11-17||SC_MEETING::SCM|S/PV.9575,ICJ-180-2023-11-17,180,2024-03-14,118,SC_MEETING,S/PV.9575,0,0,0,NO_PRESERVED_MANUAL_REVIEW_EVIDENCE,UNREVIEWED_IS_NOT_CODED_ZERO
ICJ-180-2023-11-17||SC_MEETING::SCM|S/PV.9576,ICJ-180-2023-11-17,180,2024-03-14,118,SC_MEETING,S/PV.9576,0,0,0,NO_PRESERVED_MANUAL_REVIEW_EVIDENCE,UNREVIEWED_IS_NOT_CODED_ZERO
ICJ-180-2023-11-17||GA_FORMAL_VOTE::GAV|4040686,ICJ-180-2023-11-17,180,2024-03-15,119,GA_FORMAL_VOTE,A/78/PV.62,0,0,0,NO_PRESERVED_MANUAL_REVIEW_EVIDENCE,UNREVIEWED_IS_NOT_CODED_ZERO
ICJ-180-2023-11-17||SC_FORMAL_VOTE::SCV|2089,ICJ-180-2023-11-17,180,2024-03-15,119,SC_FORMAL_VOTE,S/PV.9577,0,0,0,NO_PRESERVED_MANUAL_REVIEW_EVIDENCE,UNREVIEWED_IS_NOT_CODED_ZERO
ICJ-180-2023-11-17||SC_MEETING::SCM|S/PV.9577,ICJ-180-2023-11-17,180,2024-03-15,119,SC_MEETING,S/PV.9577,0,0,0,NO_PRESERVED_MANUAL_REVIEW_EVIDENCE,UNREVIEWED_IS_NOT_CODED_ZERO
ICJ-180-2023-11-17||SC_MEETING::SCM|S/PV.9578,ICJ-180-2023-11-17,180,2024-03-15,119,SC_MEETING,S/PV.9578,0,0,0,NO_PRESERVED_MANUAL_REVIEW_EVIDENCE,UNREVIEWED_IS_NOT_CODED_ZERO
ICJ-180-2023-11-17||SC_MEETING::SCM|S/PV.9579,ICJ-180-2023-11-17,180,2024-03-18,122,SC_MEETING,S/PV.9579,1,0,1,PRESERVED_ORIGINAL_233_HUMAN_REVIEW,REVIEW_EVIDENCE_PRESENT
ICJ-180-2023-11-17||SC_MEETING::SCM|S/PV.9580,ICJ-180-2023-11-17,180,2024-03-18,122,SC_MEETING,S/PV.9580,0,0,0,NO_PRESERVED_MANUAL_REVIEW_EVIDENCE,UNREVIEWED_IS_NOT_CODED_ZERO
ICJ-180-2023-11-17||SC_MEETING::SCM|S/PV.9574 (Resumption 2),ICJ-180-2023-11-17,180,2024-03-19,123,SC_MEETING,S/PV.9574 (Resumption 2),0,0,0,NO_PRESERVED_MANUAL_REVIEW_EVIDENCE,UNREVIEWED_IS_NOT_CODED_ZERO
ICJ-180-2023-11-17||SC_MEETING::SCM|S/PV.9581,ICJ-180-2023-11-17,180,2024-03-19,123,SC_MEETING,S/PV.9581,0,0,0,NO_PRESERVED_MANUAL_REVIEW_EVIDENCE,UNREVIEWED_IS_NOT_CODED_ZERO
ICJ-180-2023-11-17||SC_MEETING::SCM|S/PV.9582,ICJ-180-2023-11-17,180,2024-03-20,124,SC_MEETING,S/PV.9582,0,0,0,NO_PRESERVED_MANUAL_REVIEW_EVIDENCE,UNREVIEWED_IS_NOT_CODED_ZERO
ICJ-180-2023-11-17||SC_MEETING::SCM|S/PV.9583,ICJ-180-2023-11-17,180,2024-03-21,125,SC_MEETING,S/PV.9583,0,0,0,NO_PRESERVED_MANUAL_REVIEW_EVIDENCE,UNREVIEWED_IS_NOT_CODED_ZERO
ICJ-180-2023-11-17||SC_FORMAL_VOTE::SCV|2090,ICJ-180-2023-11-17,180,2024-03-22,126,SC_FORMAL_VOTE,S/PV.9584,0,0,0,NO_PRESERVED_MANUAL_REVIEW_EVIDENCE,UNREVIEWED_IS_NOT_CODED_ZERO
ICJ-180-2023-11-17||SC_MEETING::SCM|S/PV.9584,ICJ-180-2023-11-17,180,2024-03-22,126,SC_MEETING,S/PV.9584,0,0,0,NO_PRESERVED_MANUAL_REVIEW_EVIDENCE,UNREVIEWED_IS_NOT_CODED_ZERO
ICJ-180-2023-11-17||SC_MEETING::SCM|S/PV.9585,ICJ-180-2023-11-17,180,2024-03-22,126,SC_MEETING,S/PV.9585,0,0,0,NO_PRESERVED_MANUAL_REVIEW_EVIDENCE,UNREVIEWED_IS_NOT_CODED_ZERO
ICJ-180-2023-11-17||SC_FORMAL_VOTE::SCV|2091,ICJ-180-2023-11-17,180,2024-03-25,129,SC_FORMAL_VOTE,S/PV.9586,0,0,0,NO_PRESERVED_MANUAL_REVIEW_EVIDENCE,UNREVIEWED_IS_NOT_CODED_ZERO
ICJ-180-2023-11-17||SC_MEETING::SCM|S/PV.9586,ICJ-180-2023-11-17,180,2024-03-25,129,SC_MEETING,S/PV.9586,0,0,0,NO_PRESERVED_MANUAL_REVIEW_EVIDENCE,UNREVIEWED_IS_NOT_CODED_ZERO
ICJ-180-2023-11-17||SC_MEETING::SCM|S/PV.9587,ICJ-180-2023-11-17,180,2024-03-25,129,SC_MEETING,S/PV.9587,0,0,0,NO_PRESERVED_MANUAL_REVIEW_EVIDENCE,UNREVIEWED_IS_NOT_CODED_ZERO
ICJ-180-2023-11-17||SC_MEETING::SCM|S/PV.9588,ICJ-180-2023-11-17,180,2024-03-26,130,SC_MEETING,S/PV.9588,0,0,0,NO_PRESERVED_MANUAL_REVIEW_EVIDENCE,UNREVIEWED_IS_NOT_CODED_ZERO
ICJ-180-2023-11-17||SC_MEETING::SCM|S/PV.9589,ICJ-180-2023-11-17,180,2024-03-26,130,SC_MEETING,S/PV.9589,0,0,0,NO_PRESERVED_MANUAL_REVIEW_EVIDENCE,UNREVIEWED_IS_NOT_CODED_ZERO
ICJ-180-2023-11-17||SC_MEETING::SCM|S/PV.9590,ICJ-180-2023-11-17,180,2024-03-27,131,SC_MEETING,S/PV.9590,0,0,0,NO_PRESERVED_MANUAL_REVIEW_EVIDENCE,UNREVIEWED_IS_NOT_CODED_ZERO
ICJ-180-2023-11-17||SC_FORMAL_VOTE::SCV|2092,ICJ-180-2023-11-17,180,2024-03-28,132,SC_FORMAL_VOTE,S/PV.9591,0,0,0,NO_PRESERVED_MANUAL_REVIEW_EVIDENCE,UNREVIEWED_IS_NOT_CODED_ZERO
ICJ-180-2023-11-17||SC_MEETING::SCM|S/PV.9591,ICJ-180-2023-11-17,180,2024-03-28,132,SC_MEETING,S/PV.9591,0,0,0,NO_PRESERVED_MANUAL_REVIEW_EVIDENCE,UNREVIEWED_IS_NOT_CODED_ZERO
ICJ-180-2023-11-17||SC_MEETING::SCM|S/PV.9592,ICJ-180-2023-11-17,180,2024-03-28,132,SC_MEETING,S/PV.9592,1,0,1,PRESERVED_ORIGINAL_233_HUMAN_REVIEW,REVIEW_EVIDENCE_PRESENT
ICJ-180-2023-11-17||SC_MEETING::SCM|S/PV.9593,ICJ-180-2023-11-17,180,2024-04-02,137,SC_MEETING,S/PV.9593,0,0,0,NO_PRESERVED_MANUAL_REVIEW_EVIDENCE,UNREVIEWED_IS_NOT_CODED_ZERO
ICJ-180-2023-11-17||SC_MEETING::SCM|S/PV.9594,ICJ-180-2023-11-17,180,2024-04-03,138,SC_MEETING,S/PV.9594,0,0,0,NO_PRESERVED_MANUAL_REVIEW_EVIDENCE,UNREVIEWED_IS_NOT_CODED_ZERO
ICJ-180-2023-11-17||SC_MEETING::SCM|S/PV.9595,ICJ-180-2023-11-17,180,2024-04-04,139,SC_MEETING,S/PV.9595,0,0,0,NO_PRESERVED_MANUAL_REVIEW_EVIDENCE,UNREVIEWED_IS_NOT_CODED_ZERO
ICJ-180-2023-11-17||SC_MEETING::SCM|S/PV.9596,ICJ-180-2023-11-17,180,2024-04-05,140,SC_MEETING,S/PV.9596,0,0,0,NO_PRESERVED_MANUAL_REVIEW_EVIDENCE,UNREVIEWED_IS_NOT_CODED_ZERO
ICJ-180-2023-11-17||SC_MEETING::SCM|S/PV.9597,ICJ-180-2023-11-17,180,2024-04-08,143,SC_MEETING,S/PV.9597,0,0,0,NO_PRESERVED_MANUAL_REVIEW_EVIDENCE,UNREVIEWED_IS_NOT_CODED_ZERO
ICJ-180-2023-11-17||SC_MEETING::SCM|S/PV.9598,ICJ-180-2023-11-17,180,2024-04-09,144,SC_MEETING,S/PV.9598,0,0,0,NO_PRESERVED_MANUAL_REVIEW_EVIDENCE,UNREVIEWED_IS_NOT_CODED_ZERO
ICJ-180-2023-11-17||SC_MEETING::SCM|S/PV.9599,ICJ-180-2023-11-17,180,2024-04-09,144,SC_MEETING,S/PV.9599,0,0,0,NO_PRESERVED_MANUAL_REVIEW_EVIDENCE,UNREVIEWED_IS_NOT_CODED_ZERO
ICJ-180-2023-11-17||SC_MEETING::SCM|S/PV.9600,ICJ-180-2023-11-17,180,2024-04-11,146,SC_MEETING,S/PV.9600,0,0,0,NO_PRESERVED_MANUAL_REVIEW_EVIDENCE,UNREVIEWED_IS_NOT_CODED_ZERO
ICJ-180-2023-11-17||SC_MEETING::SCM|S/PV.9601,ICJ-180-2023-11-17,180,2024-04-12,147,SC_MEETING,S/PV.9601,0,0,0,NO_PRESERVED_MANUAL_REVIEW_EVIDENCE,UNREVIEWED_IS_NOT_CODED_ZERO
ICJ-180-2023-11-17||SC_MEETING::SCM|S/PV.9602,ICJ-180-2023-11-17,180,2024-04-14,149,SC_MEETING,S/PV.9602,0,0,0,NO_PRESERVED_MANUAL_REVIEW_EVIDENCE,UNREVIEWED_IS_NOT_CODED_ZERO
ICJ-180-2023-11-17||SC_MEETING::SCM|S/PV.9603,ICJ-180-2023-11-17,180,2024-04-15,150,SC_MEETING,S/PV.9603,0,0,0,NO_PRESERVED_MANUAL_REVIEW_EVIDENCE,UNREVIEWED_IS_NOT_CODED_ZERO
ICJ-180-2023-11-17||SC_MEETING::SCM|S/PV.9604,ICJ-180-2023-11-17,180,2024-04-15,150,SC_MEETING,S/PV.9604,0,0,0,NO_PRESERVED_MANUAL_REVIEW_EVIDENCE,UNREVIEWED_IS_NOT_CODED_ZERO
ICJ-180-2023-11-17||SC_MEETING::SCM|S/PV.9605,ICJ-180-2023-11-17,180,2024-04-16,151,SC_MEETING,S/PV.9605,0,0,0,NO_PRESERVED_MANUAL_REVIEW_EVIDENCE,UNREVIEWED_IS_NOT_CODED_ZERO
ICJ-180-2023-11-17||SC_MEETING::SCM|S/PV.9606,ICJ-180-2023-11-17,180,2024-04-17,152,SC_MEETING,S/PV.9606,1,0,1,PRESERVED_ORIGINAL_233_HUMAN_REVIEW,REVIEW_EVIDENCE_PRESENT
ICJ-180-2023-11-17||SC_MEETING::SCM|S/PV.9607,ICJ-180-2023-11-17,180,2024-04-17,152,SC_MEETING,S/PV.9607,0,0,0,NO_PRESERVED_MANUAL_REVIEW_EVIDENCE,UNREVIEWED_IS_NOT_CODED_ZERO
ICJ-180-2023-11-17||SC_FORMAL_VOTE::SCV|2093,ICJ-180-2023-11-17,180,2024-04-18,153,SC_FORMAL_VOTE,S/PV.9609,0,0,0,NO_PRESERVED_MANUAL_REVIEW_EVIDENCE,UNREVIEWED_IS_NOT_CODED_ZERO
ICJ-180-2023-11-17||SC_MEETING::SCM|S/PV.9608,ICJ-180-2023-11-17,180,2024-04-18,153,SC_MEETING,S/PV.9608,0,0,0,NO_PRESERVED_MANUAL_REVIEW_EVIDENCE,UNREVIEWED_IS_NOT_CODED_ZERO
ICJ-180-2023-11-17||SC_MEETING::SCM|S/PV.9608 (Resumption 1),ICJ-180-2023-11-17,180,2024-04-18,153,SC_MEETING,S/PV.9608 (Resumption 1),0,0,0,NO_PRESERVED_MANUAL_REVIEW_EVIDENCE,UNREVIEWED_IS_NOT_CODED_ZERO
ICJ-180-2023-11-17||SC_MEETING::SCM|S/PV.9609,ICJ-180-2023-11-17,180,2024-04-18,153,SC_MEETING,S/PV.9609,0,0,0,NO_PRESERVED_MANUAL_REVIEW_EVIDENCE,UNREVIEWED_IS_NOT_CODED_ZERO
ICJ-180-2023-11-17||SC_MEETING::SCM|S/PV.9610,ICJ-180-2023-11-17,180,2024-04-19,154,SC_MEETING,S/PV.9610,0,0,0,NO_PRESERVED_MANUAL_REVIEW_EVIDENCE,UNREVIEWED_IS_NOT_CODED_ZERO
ICJ-180-2023-11-17||SC_MEETING::SCM|S/PV.9611,ICJ-180-2023-11-17,180,2024-04-19,154,SC_MEETING,S/PV.9611,0,0,0,NO_PRESERVED_MANUAL_REVIEW_EVIDENCE,UNREVIEWED_IS_NOT_CODED_ZERO
ICJ-180-2023-11-17||SC_MEETING::SCM|S/PV.9612,ICJ-180-2023-11-17,180,2024-04-22,157,SC_MEETING,S/PV.9612,0,0,0,NO_PRESERVED_MANUAL_REVIEW_EVIDENCE,UNREVIEWED_IS_NOT_CODED_ZERO
ICJ-180-2023-11-17||SC_MEETING::SCM|S/PV.9613,ICJ-180-2023-11-17,180,2024-04-22,157,SC_MEETING,S/PV.9613,0,0,0,NO_PRESERVED_MANUAL_REVIEW_EVIDENCE,UNREVIEWED_IS_NOT_CODED_ZERO
ICJ-180-2023-11-17||SC_MEETING::SCM|S/PV.9614,ICJ-180-2023-11-17,180,2024-04-23,158,SC_MEETING,S/PV.9614,0,0,0,NO_PRESERVED_MANUAL_REVIEW_EVIDENCE,UNREVIEWED_IS_NOT_CODED_ZERO
ICJ-180-2023-11-17||SC_MEETING::SCM|S/PV.9614 (Resumption 1),ICJ-180-2023-11-17,180,2024-04-23,158,SC_MEETING,S/PV.9614 (Resumption 1),0,0,0,NO_PRESERVED_MANUAL_REVIEW_EVIDENCE,UNREVIEWED_IS_NOT_CODED_ZERO
ICJ-180-2023-11-17||GA_FORMAL_VOTE::GAV|4045077,ICJ-180-2023-11-17,180,2024-04-24,159,GA_FORMAL_VOTE,A/78/PV.73,0,0,0,NO_PRESERVED_MANUAL_REVIEW_EVIDENCE,UNREVIEWED_IS_NOT_CODED_ZERO
ICJ-180-2023-11-17||GA_FORMAL_VOTE::GAV|4045078,ICJ-180-2023-11-17,180,2024-04-24,159,GA_FORMAL_VOTE,A/78/PV.73,0,0,0,NO_PRESERVED_MANUAL_REVIEW_EVIDENCE,UNREVIEWED_IS_NOT_CODED_ZERO
ICJ-180-2023-11-17||SC_MEETING::SCM|S/PV.9615,ICJ-180-2023-11-17,180,2024-04-24,159,SC_MEETING,S/PV.9615,0,0,0,NO_PRESERVED_MANUAL_REVIEW_EVIDENCE,UNREVIEWED_IS_NOT_CODED_ZERO
ICJ-180-2023-11-17||SC_MEETING::SCM|S/PV.9616,ICJ-180-2023-11-17,180,2024-04-24,159,SC_MEETING,S/PV.9616,0,0,0,NO_PRESERVED_MANUAL_REVIEW_EVIDENCE,UNREVIEWED_IS_NOT_CODED_ZERO
ICJ-180-2023-11-17||SC_MEETING::SCM|S/PV.9617,ICJ-180-2023-11-17,180,2024-04-24,159,SC_MEETING,S/PV.9617,0,0,0,NO_PRESERVED_MANUAL_REVIEW_EVIDENCE,UNREVIEWED_IS_NOT_CODED_ZERO
ICJ-180-2023-11-17||SC_SPECIAL_VETO::SCX|8,ICJ-180-2023-11-17,180,2024-04-24,159,SC_SPECIAL_VETO,S/PV.9616,0,0,0,NO_PRESERVED_MANUAL_REVIEW_EVIDENCE,UNREVIEWED_IS_NOT_CODED_ZERO
ICJ-180-2023-11-17||SC_MEETING::SCM|S/PV.9608 (Resumption 2),ICJ-180-2023-11-17,180,2024-04-25,160,SC_MEETING,S/PV.9608 (Resumption 2),0,0,0,NO_PRESERVED_MANUAL_REVIEW_EVIDENCE,UNREVIEWED_IS_NOT_CODED_ZERO
ICJ-180-2023-11-17||SC_MEETING::SCM|S/PV.9618,ICJ-180-2023-11-17,180,2024-04-25,160,SC_MEETING,S/PV.9618,0,0,0,NO_PRESERVED_MANUAL_REVIEW_EVIDENCE,UNREVIEWED_IS_NOT_CODED_ZERO
ICJ-180-2023-11-17||SC_MEETING::SCM|S/PV.9606 (Resumption 1),ICJ-180-2023-11-17,180,2024-04-26,161,SC_MEETING,S/PV.9606 (Resumption 1),1,0,1,PRESERVED_ORIGINAL_233_HUMAN_REVIEW,REVIEW_EVIDENCE_PRESENT
ICJ-180-2023-11-17||SC_MEETING::SCM|S/PV.9614 (Resumption 2),ICJ-180-2023-11-17,180,2024-04-26,161,SC_MEETING,S/PV.9614 (Resumption 2),0,0,0,NO_PRESERVED_MANUAL_REVIEW_EVIDENCE,UNREVIEWED_IS_NOT_CODED_ZERO
ICJ-180-2023-11-17||SC_MEETING::SCM|S/PV.9619,ICJ-180-2023-11-17,180,2024-04-26,161,SC_MEETING,S/PV.9619,0,0,0,NO_PRESERVED_MANUAL_REVIEW_EVIDENCE,UNREVIEWED_IS_NOT_CODED_ZERO
ICJ-180-2023-11-17||SC_FORMAL_VOTE::SCV|2094,ICJ-180-2023-11-17,180,2024-04-29,164,SC_FORMAL_VOTE,S/PV.9620,0,0,0,NO_PRESERVED_MANUAL_REVIEW_EVIDENCE,UNREVIEWED_IS_NOT_CODED_ZERO
ICJ-180-2023-11-17||SC_MEETING::SCM|S/PV.9620,ICJ-180-2023-11-17,180,2024-04-29,164,SC_MEETING,S/PV.9620,0,0,0,NO_PRESERVED_MANUAL_REVIEW_EVIDENCE,UNREVIEWED_IS_NOT_CODED_ZERO
ICJ-180-2023-11-17||SC_MEETING::SCM|S/PV.9621,ICJ-180-2023-11-17,180,2024-04-30,165,SC_MEETING,S/PV.9621,0,0,0,NO_PRESERVED_MANUAL_REVIEW_EVIDENCE,UNREVIEWED_IS_NOT_CODED_ZERO
ICJ-180-2023-11-17||SC_MEETING::SCM|S/PV.9622,ICJ-180-2023-11-17,180,2024-05-07,172,SC_MEETING,S/PV.9622,0,0,0,NO_PRESERVED_MANUAL_REVIEW_EVIDENCE,UNREVIEWED_IS_NOT_CODED_ZERO
ICJ-180-2023-11-17||GA_FORMAL_VOTE::GAV|4046991,ICJ-180-2023-11-17,180,2024-05-10,175,GA_FORMAL_VOTE,A/ES-10/PV.49,0,0,0,NO_PRESERVED_MANUAL_REVIEW_EVIDENCE,UNREVIEWED_IS_NOT_CODED_ZERO
ICJ-180-2023-11-17||SC_MEETING::SCM|S/PV.9623,ICJ-180-2023-11-17,180,2024-05-13,178,SC_MEETING,S/PV.9623,0,0,0,NO_PRESERVED_MANUAL_REVIEW_EVIDENCE,UNREVIEWED_IS_NOT_CODED_ZERO
ICJ-180-2023-11-17||SC_MEETING::SCM|S/PV.9624,ICJ-180-2023-11-17,180,2024-05-14,179,SC_MEETING,S/PV.9624,0,0,0,NO_PRESERVED_MANUAL_REVIEW_EVIDENCE,UNREVIEWED_IS_NOT_CODED_ZERO
ICJ-180-2023-11-17||SC_MEETING::SCM|S/PV.9625,ICJ-180-2023-11-17,180,2024-05-14,179,SC_MEETING,S/PV.9625,0,0,0,NO_PRESERVED_MANUAL_REVIEW_EVIDENCE,UNREVIEWED_IS_NOT_CODED_ZERO
ICJ-180-2023-11-17||SC_MEETING::SCM|S/PV.9626,ICJ-180-2023-11-17,180,2024-05-15,180,SC_MEETING,S/PV.9626,0,0,0,NO_PRESERVED_MANUAL_REVIEW_EVIDENCE,UNREVIEWED_IS_NOT_CODED_ZERO
ICJ-181-2021-12-07||SC_MEETING::SCM|S/PV.8919,ICJ-181-2021-12-07,181,2021-12-07,0,SC_MEETING,S/PV.8919,0,0,0,NO_PRESERVED_MANUAL_REVIEW_EVIDENCE,UNREVIEWED_IS_NOT_CODED_ZERO
ICJ-181-2021-12-07||SC_MEETING::SCM|S/PV.8920,ICJ-181-2021-12-07,181,2021-12-07,0,SC_MEETING,S/PV.8920,0,0,0,NO_PRESERVED_MANUAL_REVIEW_EVIDENCE,UNREVIEWED_IS_NOT_CODED_ZERO
ICJ-181-2021-12-07||SC_MEETING::SCM|S/PV.8921,ICJ-181-2021-12-07,181,2021-12-08,1,SC_MEETING,S/PV.8921,0,0,0,NO_PRESERVED_MANUAL_REVIEW_EVIDENCE,UNREVIEWED_IS_NOT_CODED_ZERO
ICJ-181-2021-12-07||SC_MEETING::SCM|S/PV.8922,ICJ-181-2021-12-07,181,2021-12-08,1,SC_MEETING,S/PV.8922,0,0,0,NO_PRESERVED_MANUAL_REVIEW_EVIDENCE,UNREVIEWED_IS_NOT_CODED_ZERO
ICJ-181-2021-12-07||GA_FORMAL_VOTE::GAV|3950786,ICJ-181-2021-12-07,181,2021-12-09,2,GA_FORMAL_VOTE,A/76/PV.48,0,0,0,NO_PRESERVED_MANUAL_REVIEW_EVIDENCE,UNREVIEWED_IS_NOT_CODED_ZERO
ICJ-181-2021-12-07||GA_FORMAL_VOTE::GAV|3950789,ICJ-181-2021-12-07,181,2021-12-09,2,GA_FORMAL_VOTE,A/76/PV.48,0,0,0,NO_PRESERVED_MANUAL_REVIEW_EVIDENCE,UNREVIEWED_IS_NOT_CODED_ZERO
ICJ-181-2021-12-07||GA_FORMAL_VOTE::GAV|3950793,ICJ-181-2021-12-07,181,2021-12-09,2,GA_FORMAL_VOTE,A/76/PV.49,0,0,0,NO_PRESERVED_MANUAL_REVIEW_EVIDENCE,UNREVIEWED_IS_NOT_CODED_ZERO
ICJ-181-2021-12-07||GA_FORMAL_VOTE::GAV|3950795,ICJ-181-2021-12-07,181,2021-12-09,2,GA_FORMAL_VOTE,A/76/PV.49,0,0,0,NO_PRESERVED_MANUAL_REVIEW_EVIDENCE,UNREVIEWED_IS_NOT_CODED_ZERO
ICJ-181-2021-12-07||GA_FORMAL_VOTE::GAV|3950796,ICJ-181-2021-12-07,181,2021-12-09,2,GA_FORMAL_VOTE,A/76/PV.49,0,0,0,NO_PRESERVED_MANUAL_REVIEW_EVIDENCE,UNREVIEWED_IS_NOT_CODED_ZERO
ICJ-181-2021-12-07||GA_FORMAL_VOTE::GAV|3950798,ICJ-181-2021-12-07,181,2021-12-09,2,GA_FORMAL_VOTE,A/76/PV.49,0,0,0,NO_PRESERVED_MANUAL_REVIEW_EVIDENCE,UNREVIEWED_IS_NOT_CODED_ZERO
ICJ-181-2021-12-07||GA_FORMAL_VOTE::GAV|3950799,ICJ-181-2021-12-07,181,2021-12-09,2,GA_FORMAL_VOTE,A/76/PV.49,0,0,0,NO_PRESERVED_MANUAL_REVIEW_EVIDENCE,UNREVIEWED_IS_NOT_CODED_ZERO
ICJ-181-2021-12-07||GA_FORMAL_VOTE::GAV|3950802,ICJ-181-2021-12-07,181,2021-12-09,2,GA_FORMAL_VOTE,A/76/PV.49,0,0,0,NO_PRESERVED_MANUAL_REVIEW_EVIDENCE,UNREVIEWED_IS_NOT_CODED_ZERO
ICJ-181-2021-12-07||GA_FORMAL_VOTE::GAV|3950806,ICJ-181-2021-12-07,181,2021-12-09,2,GA_FORMAL_VOTE,A/76/PV.49,0,0,0,NO_PRESERVED_MANUAL_REVIEW_EVIDENCE,UNREVIEWED_IS_NOT_CODED_ZERO
ICJ-181-2021-12-07||GA_FORMAL_VOTE::GAV|3950868,ICJ-181-2021-12-07,181,2021-12-09,2,GA_FORMAL_VOTE,A/76/PV.49,0,0,0,NO_PRESERVED_MANUAL_REVIEW_EVIDENCE,UNREVIEWED_IS_NOT_CODED_ZERO
ICJ-181-2021-12-07||GA_FORMAL_VOTE::GAV|3950870,ICJ-181-2021-12-07,181,2021-12-09,2,GA_FORMAL_VOTE,A/76/PV.49,0,0,0,NO_PRESERVED_MANUAL_REVIEW_EVIDENCE,UNREVIEWED_IS_NOT_CODED_ZERO
ICJ-181-2021-12-07||GA_FORMAL_VOTE::GAV|3950871,ICJ-181-2021-12-07,181,2021-12-09,2,GA_FORMAL_VOTE,A/76/PV.49,0,0,0,NO_PRESERVED_MANUAL_REVIEW_EVIDENCE,UNREVIEWED_IS_NOT_CODED_ZERO
ICJ-181-2021-12-07||GA_FORMAL_VOTE::GAV|3950872,ICJ-181-2021-12-07,181,2021-12-09,2,GA_FORMAL_VOTE,A/76/PV.49,0,0,0,NO_PRESERVED_MANUAL_REVIEW_EVIDENCE,UNREVIEWED_IS_NOT_CODED_ZERO
ICJ-181-2021-12-07||GA_FORMAL_VOTE::GAV|3954788,ICJ-181-2021-12-07,181,2021-12-09,2,GA_FORMAL_VOTE,A/76/PV.48,0,0,0,NO_PRESERVED_MANUAL_REVIEW_EVIDENCE,UNREVIEWED_IS_NOT_CODED_ZERO
ICJ-181-2021-12-07||SC_MEETING::SCM|S/PV.8923,ICJ-181-2021-12-07,181,2021-12-09,2,SC_MEETING,S/PV.8923,1,0,1,PRESERVED_ORIGINAL_233_HUMAN_REVIEW,REVIEW_EVIDENCE_PRESENT
ICJ-181-2021-12-07||SC_MEETING::SCM|S/PV.8923 (Resumption 1),ICJ-181-2021-12-07,181,2021-12-09,2,SC_MEETING,S/PV.8923 (Resumption 1),1,0,1,PRESERVED_ORIGINAL_233_HUMAN_REVIEW,REVIEW_EVIDENCE_PRESENT
ICJ-181-2021-12-07||SC_MEETING::SCM|S/PV.8924,ICJ-181-2021-12-07,181,2021-12-10,3,SC_MEETING,S/PV.8924,0,0,0,NO_PRESERVED_MANUAL_REVIEW_EVIDENCE,UNREVIEWED_IS_NOT_CODED_ZERO
ICJ-181-2021-12-07||SC_MEETING::SCM|S/PV.8925,ICJ-181-2021-12-07,181,2021-12-10,3,SC_MEETING,S/PV.8925,0,0,0,NO_PRESERVED_MANUAL_REVIEW_EVIDENCE,UNREVIEWED_IS_NOT_CODED_ZERO
ICJ-181-2021-12-07||SC_FORMAL_VOTE::SCV|1952,ICJ-181-2021-12-07,181,2021-12-13,6,SC_FORMAL_VOTE,S/PV.8926,1,0,1,PRESERVED_ORIGINAL_233_HUMAN_REVIEW,REVIEW_EVIDENCE_PRESENT
ICJ-181-2021-12-07||SC_MEETING::SCM|S/PV.8926,ICJ-181-2021-12-07,181,2021-12-13,6,SC_MEETING,S/PV.8926,1,0,1,PRESERVED_ORIGINAL_233_HUMAN_REVIEW,REVIEW_EVIDENCE_PRESENT
ICJ-181-2021-12-07||SC_MEETING::SCM|S/PV.8927,ICJ-181-2021-12-07,181,2021-12-13,6,SC_MEETING,S/PV.8927,0,0,0,NO_PRESERVED_MANUAL_REVIEW_EVIDENCE,UNREVIEWED_IS_NOT_CODED_ZERO
ICJ-181-2021-12-07||SC_MEETING::SCM|S/PV.8928,ICJ-181-2021-12-07,181,2021-12-13,6,SC_MEETING,S/PV.8928,0,0,0,NO_PRESERVED_MANUAL_REVIEW_EVIDENCE,UNREVIEWED_IS_NOT_CODED_ZERO
ICJ-181-2021-12-07||SC_MEETING::SCM|S/PV.8929,ICJ-181-2021-12-07,181,2021-12-14,7,SC_MEETING,S/PV.8929,0,0,0,NO_PRESERVED_MANUAL_REVIEW_EVIDENCE,UNREVIEWED_IS_NOT_CODED_ZERO
ICJ-181-2021-12-07||SC_MEETING::SCM|S/PV.8930,ICJ-181-2021-12-07,181,2021-12-14,7,SC_MEETING,S/PV.8930,0,0,0,NO_PRESERVED_MANUAL_REVIEW_EVIDENCE,UNREVIEWED_IS_NOT_CODED_ZERO
ICJ-181-2021-12-07||SC_FORMAL_VOTE::SCV|1953,ICJ-181-2021-12-07,181,2021-12-15,8,SC_FORMAL_VOTE,S/PV.8932,0,0,0,NO_PRESERVED_MANUAL_REVIEW_EVIDENCE,UNREVIEWED_IS_NOT_CODED_ZERO
ICJ-181-2021-12-07||SC_MEETING::SCM|S/PV.8931,ICJ-181-2021-12-07,181,2021-12-15,8,SC_MEETING,S/PV.8931,0,0,0,NO_PRESERVED_MANUAL_REVIEW_EVIDENCE,UNREVIEWED_IS_NOT_CODED_ZERO
ICJ-181-2021-12-07||SC_MEETING::SCM|S/PV.8932,ICJ-181-2021-12-07,181,2021-12-15,8,SC_MEETING,S/PV.8932,0,0,0,NO_PRESERVED_MANUAL_REVIEW_EVIDENCE,UNREVIEWED_IS_NOT_CODED_ZERO
ICJ-181-2021-12-07||SC_MEETING::SCM|S/PV.8933,ICJ-181-2021-12-07,181,2021-12-15,8,SC_MEETING,S/PV.8933,0,0,0,NO_PRESERVED_MANUAL_REVIEW_EVIDENCE,UNREVIEWED_IS_NOT_CODED_ZERO
ICJ-181-2021-12-07||GA_FORMAL_VOTE::GAV|3951456,ICJ-181-2021-12-07,181,2021-12-16,9,GA_FORMAL_VOTE,A/76/PV.53,0,0,0,NO_PRESERVED_MANUAL_REVIEW_EVIDENCE,UNREVIEWED_IS_NOT_CODED_ZERO
ICJ-181-2021-12-07||GA_FORMAL_VOTE::GAV|3951457,ICJ-181-2021-12-07,181,2021-12-16,9,GA_FORMAL_VOTE,A/76/PV.53,0,0,0,NO_PRESERVED_MANUAL_REVIEW_EVIDENCE,UNREVIEWED_IS_NOT_CODED_ZERO
ICJ-181-2021-12-07||GA_FORMAL_VOTE::GAV|3951458,ICJ-181-2021-12-07,181,2021-12-16,9,GA_FORMAL_VOTE,A/76/PV.53,0,0,0,NO_PRESERVED_MANUAL_REVIEW_EVIDENCE,UNREVIEWED_IS_NOT_CODED_ZERO
ICJ-181-2021-12-07||GA_FORMAL_VOTE::GAV|3951459,ICJ-181-2021-12-07,181,2021-12-16,9,GA_FORMAL_VOTE,A/76/PV.53,0,0,0,NO_PRESERVED_MANUAL_REVIEW_EVIDENCE,UNREVIEWED_IS_NOT_CODED_ZERO
ICJ-181-2021-12-07||GA_FORMAL_VOTE::GAV|3951460,ICJ-181-2021-12-07,181,2021-12-16,9,GA_FORMAL_VOTE,A/76/PV.53,0,0,0,NO_PRESERVED_MANUAL_REVIEW_EVIDENCE,UNREVIEWED_IS_NOT_CODED_ZERO
ICJ-181-2021-12-07||GA_FORMAL_VOTE::GAV|3951461,ICJ-181-2021-12-07,181,2021-12-16,9,GA_FORMAL_VOTE,A/76/PV.53,0,0,0,NO_PRESERVED_MANUAL_REVIEW_EVIDENCE,UNREVIEWED_IS_NOT_CODED_ZERO
ICJ-181-2021-12-07||GA_FORMAL_VOTE::GAV|3951462,ICJ-181-2021-12-07,181,2021-12-16,9,GA_FORMAL_VOTE,A/76/PV.53,0,0,0,NO_PRESERVED_MANUAL_REVIEW_EVIDENCE,UNREVIEWED_IS_NOT_CODED_ZERO
ICJ-181-2021-12-07||GA_FORMAL_VOTE::GAV|3951463,ICJ-181-2021-12-07,181,2021-12-16,9,GA_FORMAL_VOTE,A/76/PV.53,0,0,0,NO_PRESERVED_MANUAL_REVIEW_EVIDENCE,UNREVIEWED_IS_NOT_CODED_ZERO
ICJ-181-2021-12-07||GA_FORMAL_VOTE::GAV|3951464,ICJ-181-2021-12-07,181,2021-12-16,9,GA_FORMAL_VOTE,A/76/PV.53,0,0,0,NO_PRESERVED_MANUAL_REVIEW_EVIDENCE,UNREVIEWED_IS_NOT_CODED_ZERO
ICJ-181-2021-12-07||GA_FORMAL_VOTE::GAV|3951465,ICJ-181-2021-12-07,181,2021-12-16,9,GA_FORMAL_VOTE,A/76/PV.53,0,0,0,NO_PRESERVED_MANUAL_REVIEW_EVIDENCE,UNREVIEWED_IS_NOT_CODED_ZERO
ICJ-181-2021-12-07||GA_FORMAL_VOTE::GAV|3951466,ICJ-181-2021-12-07,181,2021-12-16,9,GA_FORMAL_VOTE,A/76/PV.53,0,0,0,NO_PRESERVED_MANUAL_REVIEW_EVIDENCE,UNREVIEWED_IS_NOT_CODED_ZERO
ICJ-181-2021-12-07||GA_FORMAL_VOTE::GAV|3951467,ICJ-181-2021-12-07,181,2021-12-16,9,GA_FORMAL_VOTE,A/76/PV.53,0,0,0,NO_PRESERVED_MANUAL_REVIEW_EVIDENCE,UNREVIEWED_IS_NOT_CODED_ZERO
ICJ-181-2021-12-07||GA_FORMAL_VOTE::GAV|3951468,ICJ-181-2021-12-07,181,2021-12-16,9,GA_FORMAL_VOTE,A/76/PV.53,0,0,0,NO_PRESERVED_MANUAL_REVIEW_EVIDENCE,UNREVIEWED_IS_NOT_CODED_ZERO
ICJ-181-2021-12-07||GA_FORMAL_VOTE::GAV|3951469,ICJ-181-2021-12-07,181,2021-12-16,9,GA_FORMAL_VOTE,A/76/PV.53,0,0,0,NO_PRESERVED_MANUAL_REVIEW_EVIDENCE,UNREVIEWED_IS_NOT_CODED_ZERO
ICJ-181-2021-12-07||GA_FORMAL_VOTE::GAV|3951470,ICJ-181-2021-12-07,181,2021-12-16,9,GA_FORMAL_VOTE,A/76/PV.53,0,0,0,NO_PRESERVED_MANUAL_REVIEW_EVIDENCE,UNREVIEWED_IS_NOT_CODED_ZERO
ICJ-181-2021-12-07||GA_FORMAL_VOTE::GAV|3951471,ICJ-181-2021-12-07,181,2021-12-16,9,GA_FORMAL_VOTE,A/76/PV.53,0,0,0,NO_PRESERVED_MANUAL_REVIEW_EVIDENCE,UNREVIEWED_IS_NOT_CODED_ZERO
ICJ-181-2021-12-07||GA_FORMAL_VOTE::GAV|3951510,ICJ-181-2021-12-07,181,2021-12-17,10,GA_FORMAL_VOTE,A/76/PV.54,0,0,0,NO_PRESERVED_MANUAL_REVIEW_EVIDENCE,UNREVIEWED_IS_NOT_CODED_ZERO
ICJ-181-2021-12-07||GA_FORMAL_VOTE::GAV|3951511,ICJ-181-2021-12-07,181,2021-12-17,10,GA_FORMAL_VOTE,A/76/PV.54,0,0,0,NO_PRESERVED_MANUAL_REVIEW_EVIDENCE,UNREVIEWED_IS_NOT_CODED_ZERO
ICJ-181-2021-12-07||GA_FORMAL_VOTE::GAV|3951513,ICJ-181-2021-12-07,181,2021-12-17,10,GA_FORMAL_VOTE,A/76/PV.54,0,0,0,NO_PRESERVED_MANUAL_REVIEW_EVIDENCE,UNREVIEWED_IS_NOT_CODED_ZERO
ICJ-181-2021-12-07||GA_FORMAL_VOTE::GAV|3951514,ICJ-181-2021-12-07,181,2021-12-17,10,GA_FORMAL_VOTE,A/76/PV.54,0,0,0,NO_PRESERVED_MANUAL_REVIEW_EVIDENCE,UNREVIEWED_IS_NOT_CODED_ZERO
ICJ-181-2021-12-07||GA_FORMAL_VOTE::GAV|3951515,ICJ-181-2021-12-07,181,2021-12-17,10,GA_FORMAL_VOTE,A/76/PV.54,0,0,0,NO_PRESERVED_MANUAL_REVIEW_EVIDENCE,UNREVIEWED_IS_NOT_CODED_ZERO
ICJ-181-2021-12-07||GA_FORMAL_VOTE::GAV|3951516,ICJ-181-2021-12-07,181,2021-12-17,10,GA_FORMAL_VOTE,A/76/PV.54,0,0,0,NO_PRESERVED_MANUAL_REVIEW_EVIDENCE,UNREVIEWED_IS_NOT_CODED_ZERO
ICJ-181-2021-12-07||GA_FORMAL_VOTE::GAV|3951518,ICJ-181-2021-12-07,181,2021-12-17,10,GA_FORMAL_VOTE,A/76/PV.54,0,0,0,NO_PRESERVED_MANUAL_REVIEW_EVIDENCE,UNREVIEWED_IS_NOT_CODED_ZERO
ICJ-181-2021-12-07||GA_FORMAL_VOTE::GAV|3951519,ICJ-181-2021-12-07,181,2021-12-17,10,GA_FORMAL_VOTE,A/76/PV.54,0,0,0,NO_PRESERVED_MANUAL_REVIEW_EVIDENCE,UNREVIEWED_IS_NOT_CODED_ZERO
ICJ-181-2021-12-07||GA_FORMAL_VOTE::GAV|3951523,ICJ-181-2021-12-07,181,2021-12-17,10,GA_FORMAL_VOTE,A/76/PV.54,0,0,0,NO_PRESERVED_MANUAL_REVIEW_EVIDENCE,UNREVIEWED_IS_NOT_CODED_ZERO
ICJ-181-2021-12-07||SC_FORMAL_VOTE::SCV|1954,ICJ-181-2021-12-07,181,2021-12-17,10,SC_FORMAL_VOTE,S/PV.8934,0,0,0,NO_PRESERVED_MANUAL_REVIEW_EVIDENCE,UNREVIEWED_IS_NOT_CODED_ZERO
ICJ-181-2021-12-07||SC_FORMAL_VOTE::SCV|1955,ICJ-181-2021-12-07,181,2021-12-17,10,SC_FORMAL_VOTE,S/PV.8935,0,0,0,NO_PRESERVED_MANUAL_REVIEW_EVIDENCE,UNREVIEWED_IS_NOT_CODED_ZERO
ICJ-181-2021-12-07||SC_MEETING::SCM|S/PV.8934,ICJ-181-2021-12-07,181,2021-12-17,10,SC_MEETING,S/PV.8934,0,0,0,NO_PRESERVED_MANUAL_REVIEW_EVIDENCE,UNREVIEWED_IS_NOT_CODED_ZERO
ICJ-181-2021-12-07||SC_MEETING::SCM|S/PV.8935,ICJ-181-2021-12-07,181,2021-12-17,10,SC_MEETING,S/PV.8935,0,0,0,NO_PRESERVED_MANUAL_REVIEW_EVIDENCE,UNREVIEWED_IS_NOT_CODED_ZERO
ICJ-181-2021-12-07||SC_FORMAL_VOTE::SCV|1956,ICJ-181-2021-12-07,181,2021-12-20,13,SC_FORMAL_VOTE,S/PV.8936,0,0,0,NO_PRESERVED_MANUAL_REVIEW_EVIDENCE,UNREVIEWED_IS_NOT_CODED_ZERO
ICJ-181-2021-12-07||SC_MEETING::SCM|S/PV.8936,ICJ-181-2021-12-07,181,2021-12-20,13,SC_MEETING,S/PV.8936,0,0,0,NO_PRESERVED_MANUAL_REVIEW_EVIDENCE,UNREVIEWED_IS_NOT_CODED_ZERO
ICJ-181-2021-12-07||SC_MEETING::SCM|S/PV.8937,ICJ-181-2021-12-07,181,2021-12-20,13,SC_MEETING,S/PV.8937,0,0,0,NO_PRESERVED_MANUAL_REVIEW_EVIDENCE,UNREVIEWED_IS_NOT_CODED_ZERO
ICJ-181-2021-12-07||SC_FORMAL_VOTE::SCV|1957,ICJ-181-2021-12-07,181,2021-12-21,14,SC_FORMAL_VOTE,S/PV.8938,0,0,0,NO_PRESERVED_MANUAL_REVIEW_EVIDENCE,UNREVIEWED_IS_NOT_CODED_ZERO
ICJ-181-2021-12-07||SC_FORMAL_VOTE::SCV|1958,ICJ-181-2021-12-07,181,2021-12-21,14,SC_FORMAL_VOTE,S/PV.8939,0,0,0,NO_PRESERVED_MANUAL_REVIEW_EVIDENCE,UNREVIEWED_IS_NOT_CODED_ZERO
ICJ-181-2021-12-07||SC_MEETING::SCM|S/PV.8938,ICJ-181-2021-12-07,181,2021-12-21,14,SC_MEETING,S/PV.8938,0,0,0,NO_PRESERVED_MANUAL_REVIEW_EVIDENCE,UNREVIEWED_IS_NOT_CODED_ZERO
ICJ-181-2021-12-07||SC_MEETING::SCM|S/PV.8939,ICJ-181-2021-12-07,181,2021-12-21,14,SC_MEETING,S/PV.8939,0,0,0,NO_PRESERVED_MANUAL_REVIEW_EVIDENCE,UNREVIEWED_IS_NOT_CODED_ZERO
ICJ-181-2021-12-07||SC_MEETING::SCM|S/PV.8940,ICJ-181-2021-12-07,181,2021-12-21,14,SC_MEETING,S/PV.8940,0,0,0,NO_PRESERVED_MANUAL_REVIEW_EVIDENCE,UNREVIEWED_IS_NOT_CODED_ZERO
ICJ-181-2021-12-07||SC_FORMAL_VOTE::SCV|1959,ICJ-181-2021-12-07,181,2021-12-22,15,SC_FORMAL_VOTE,S/PV.8941,0,0,0,NO_PRESERVED_MANUAL_REVIEW_EVIDENCE,UNREVIEWED_IS_NOT_CODED_ZERO
ICJ-181-2021-12-07||SC_FORMAL_VOTE::SCV|1960,ICJ-181-2021-12-07,181,2021-12-22,15,SC_FORMAL_VOTE,S/PV.8942,1,0,1,PRESERVED_ORIGINAL_233_HUMAN_REVIEW,REVIEW_EVIDENCE_PRESENT
ICJ-181-2021-12-07||SC_MEETING::SCM|S/PV.8941,ICJ-181-2021-12-07,181,2021-12-22,15,SC_MEETING,S/PV.8941,0,0,0,NO_PRESERVED_MANUAL_REVIEW_EVIDENCE,UNREVIEWED_IS_NOT_CODED_ZERO
ICJ-181-2021-12-07||SC_MEETING::SCM|S/PV.8942,ICJ-181-2021-12-07,181,2021-12-22,15,SC_MEETING,S/PV.8942,1,0,1,PRESERVED_ORIGINAL_233_HUMAN_REVIEW,REVIEW_EVIDENCE_PRESENT
ICJ-181-2021-12-07||GA_FORMAL_VOTE::GAV|3952165,ICJ-181-2021-12-07,181,2021-12-24,17,GA_FORMAL_VOTE,A/76/PV.54,0,0,0,NO_PRESERVED_MANUAL_REVIEW_EVIDENCE,UNREVIEWED_IS_NOT_CODED_ZERO
ICJ-181-2021-12-07||GA_FORMAL_VOTE::GAV|3952166,ICJ-181-2021-12-07,181,2021-12-24,17,GA_FORMAL_VOTE,A/76/PV.54,0,0,0,NO_PRESERVED_MANUAL_REVIEW_EVIDENCE,UNREVIEWED_IS_NOT_CODED_ZERO
ICJ-181-2021-12-07||GA_FORMAL_VOTE::GAV|3952167,ICJ-181-2021-12-07,181,2021-12-24,17,GA_FORMAL_VOTE,A/76/PV.54,0,0,0,NO_PRESERVED_MANUAL_REVIEW_EVIDENCE,UNREVIEWED_IS_NOT_CODED_ZERO
ICJ-181-2021-12-07||GA_FORMAL_VOTE::GAV|3952168,ICJ-181-2021-12-07,181,2021-12-24,17,GA_FORMAL_VOTE,A/76/PV.54,0,0,0,NO_PRESERVED_MANUAL_REVIEW_EVIDENCE,UNREVIEWED_IS_NOT_CODED_ZERO
ICJ-181-2021-12-07||GA_FORMAL_VOTE::GAV|3952169,ICJ-181-2021-12-07,181,2021-12-24,17,GA_FORMAL_VOTE,A/76/PV.54,0,0,0,NO_PRESERVED_MANUAL_REVIEW_EVIDENCE,UNREVIEWED_IS_NOT_CODED_ZERO
ICJ-181-2021-12-07||GA_FORMAL_VOTE::GAV|3952170,ICJ-181-2021-12-07,181,2021-12-24,17,GA_FORMAL_VOTE,A/76/PV.54,0,0,0,NO_PRESERVED_MANUAL_REVIEW_EVIDENCE,UNREVIEWED_IS_NOT_CODED_ZERO
ICJ-181-2021-12-07||GA_FORMAL_VOTE::GAV|3952171,ICJ-181-2021-12-07,181,2021-12-24,17,GA_FORMAL_VOTE,A/76/PV.54,0,0,0,NO_PRESERVED_MANUAL_REVIEW_EVIDENCE,UNREVIEWED_IS_NOT_CODED_ZERO
ICJ-181-2021-12-07||SC_FORMAL_VOTE::SCV|1961,ICJ-181-2021-12-07,181,2021-12-30,23,SC_FORMAL_VOTE,S/PV.,0,0,0,NO_PRESERVED_MANUAL_REVIEW_EVIDENCE,UNREVIEWED_IS_NOT_CODED_ZERO
ICJ-181-2021-12-07||SC_MEETING::SCM|S/PV.8943,ICJ-181-2021-12-07,181,2022-01-05,29,SC_MEETING,S/PV.8943,0,0,0,NO_PRESERVED_MANUAL_REVIEW_EVIDENCE,UNREVIEWED_IS_NOT_CODED_ZERO
ICJ-181-2021-12-07||SC_MEETING::SCM|S/PV.8944,ICJ-181-2021-12-07,181,2022-01-10,34,SC_MEETING,S/PV.8944,0,0,0,NO_PRESERVED_MANUAL_REVIEW_EVIDENCE,UNREVIEWED_IS_NOT_CODED_ZERO
ICJ-181-2021-12-07||SC_MEETING::SCM|S/PV.8945,ICJ-181-2021-12-07,181,2022-01-11,35,SC_MEETING,S/PV.8945,0,0,0,NO_PRESERVED_MANUAL_REVIEW_EVIDENCE,UNREVIEWED_IS_NOT_CODED_ZERO
ICJ-181-2021-12-07||SC_MEETING::SCM|S/PV.8946,ICJ-181-2021-12-07,181,2022-01-12,36,SC_MEETING,S/PV.8946,0,0,0,NO_PRESERVED_MANUAL_REVIEW_EVIDENCE,UNREVIEWED_IS_NOT_CODED_ZERO
ICJ-181-2021-12-07||SC_MEETING::SCM|S/PV.8947,ICJ-181-2021-12-07,181,2022-01-12,36,SC_MEETING,S/PV.8947,0,0,0,NO_PRESERVED_MANUAL_REVIEW_EVIDENCE,UNREVIEWED_IS_NOT_CODED_ZERO
ICJ-181-2021-12-07||SC_MEETING::SCM|S/PV.8948,ICJ-181-2021-12-07,181,2022-01-17,41,SC_MEETING,S/PV.8948,0,0,0,NO_PRESERVED_MANUAL_REVIEW_EVIDENCE,UNREVIEWED_IS_NOT_CODED_ZERO
ICJ-181-2021-12-07||SC_MEETING::SCM|S/PV.8949,ICJ-181-2021-12-07,181,2022-01-18,42,SC_MEETING,S/PV.8949,0,0,0,NO_PRESERVED_MANUAL_REVIEW_EVIDENCE,UNREVIEWED_IS_NOT_CODED_ZERO
ICJ-181-2021-12-07||SC_MEETING::SCM|S/PV.8949 (Resumption 1),ICJ-181-2021-12-07,181,2022-01-18,42,SC_MEETING,S/PV.8949 (Resumption 1),0,0,0,NO_PRESERVED_MANUAL_REVIEW_EVIDENCE,UNREVIEWED_IS_NOT_CODED_ZERO
ICJ-181-2021-12-07||SC_MEETING::SCM|S/PV.8950,ICJ-181-2021-12-07,181,2022-01-19,43,SC_MEETING,S/PV.8950,0,0,0,NO_PRESERVED_MANUAL_REVIEW_EVIDENCE,UNREVIEWED_IS_NOT_CODED_ZERO
ICJ-181-2021-12-07||SC_MEETING::SCM|S/PV.8950 (Resumption 1),ICJ-181-2021-12-07,181,2022-01-19,43,SC_MEETING,S/PV.8950 (Resumption 1),0,0,0,NO_PRESERVED_MANUAL_REVIEW_EVIDENCE,UNREVIEWED_IS_NOT_CODED_ZERO
ICJ-181-2021-12-07||SC_MEETING::SCM|S/PV.8951,ICJ-181-2021-12-07,181,2022-01-20,44,SC_MEETING,S/PV.8951,0,0,0,NO_PRESERVED_MANUAL_REVIEW_EVIDENCE,UNREVIEWED_IS_NOT_CODED_ZERO
ICJ-181-2021-12-07||SC_MEETING::SCM|S/PV.8952,ICJ-181-2021-12-07,181,2022-01-24,48,SC_MEETING,S/PV.8952,0,0,0,NO_PRESERVED_MANUAL_REVIEW_EVIDENCE,UNREVIEWED_IS_NOT_CODED_ZERO
ICJ-181-2021-12-07||SC_MEETING::SCM|S/PV.8953,ICJ-181-2021-12-07,181,2022-01-25,49,SC_MEETING,S/PV.8953,0,0,0,NO_PRESERVED_MANUAL_REVIEW_EVIDENCE,UNREVIEWED_IS_NOT_CODED_ZERO
ICJ-181-2021-12-07||SC_MEETING::SCM|S/PV.8953 (Resumption 1),ICJ-181-2021-12-07,181,2022-01-25,49,SC_MEETING,S/PV.8953 (Resumption 1),0,0,0,NO_PRESERVED_MANUAL_REVIEW_EVIDENCE,UNREVIEWED_IS_NOT_CODED_ZERO
ICJ-181-2021-12-07||SC_MEETING::SCM|S/PV.8954,ICJ-181-2021-12-07,181,2022-01-26,50,SC_MEETING,S/PV.8954,0,0,0,NO_PRESERVED_MANUAL_REVIEW_EVIDENCE,UNREVIEWED_IS_NOT_CODED_ZERO
ICJ-181-2021-12-07||SC_MEETING::SCM|S/PV.8955,ICJ-181-2021-12-07,181,2022-01-26,50,SC_MEETING,S/PV.8955,0,0,0,NO_PRESERVED_MANUAL_REVIEW_EVIDENCE,UNREVIEWED_IS_NOT_CODED_ZERO
ICJ-181-2021-12-07||SC_FORMAL_VOTE::SCV|1962,ICJ-181-2021-12-07,181,2022-01-27,51,SC_FORMAL_VOTE,S/PV.8956,0,0,0,NO_PRESERVED_MANUAL_REVIEW_EVIDENCE,UNREVIEWED_IS_NOT_CODED_ZERO
ICJ-181-2021-12-07||SC_MEETING::SCM|S/PV.8956,ICJ-181-2021-12-07,181,2022-01-27,51,SC_MEETING,S/PV.8956,0,0,0,NO_PRESERVED_MANUAL_REVIEW_EVIDENCE,UNREVIEWED_IS_NOT_CODED_ZERO
ICJ-181-2021-12-07||SC_MEETING::SCM|S/PV.8957,ICJ-181-2021-12-07,181,2022-01-27,51,SC_MEETING,S/PV.8957,0,0,0,NO_PRESERVED_MANUAL_REVIEW_EVIDENCE,UNREVIEWED_IS_NOT_CODED_ZERO
ICJ-181-2021-12-07||SC_MEETING::SCM|S/PV.8958,ICJ-181-2021-12-07,181,2022-01-27,51,SC_MEETING,S/PV.8958,0,0,0,NO_PRESERVED_MANUAL_REVIEW_EVIDENCE,UNREVIEWED_IS_NOT_CODED_ZERO
ICJ-181-2021-12-07||SC_MEETING::SCM|S/PV.8959,ICJ-181-2021-12-07,181,2022-01-28,52,SC_MEETING,S/PV.8959,0,0,0,NO_PRESERVED_MANUAL_REVIEW_EVIDENCE,UNREVIEWED_IS_NOT_CODED_ZERO
ICJ-181-2021-12-07||SC_FORMAL_VOTE::SCV|1963,ICJ-181-2021-12-07,181,2022-01-31,55,SC_FORMAL_VOTE,S/PV.8961,0,0,0,NO_PRESERVED_MANUAL_REVIEW_EVIDENCE,UNREVIEWED_IS_NOT_CODED_ZERO
ICJ-181-2021-12-07||SC_MEETING::SCM|S/PV.8960,ICJ-181-2021-12-07,181,2022-01-31,55,SC_MEETING,S/PV.8960,0,0,0,NO_PRESERVED_MANUAL_REVIEW_EVIDENCE,UNREVIEWED_IS_NOT_CODED_ZERO
ICJ-181-2021-12-07||SC_MEETING::SCM|S/PV.8961,ICJ-181-2021-12-07,181,2022-01-31,55,SC_MEETING,S/PV.8961,0,0,0,NO_PRESERVED_MANUAL_REVIEW_EVIDENCE,UNREVIEWED_IS_NOT_CODED_ZERO
ICJ-181-2021-12-07||SC_MEETING::SCM|S/PV.8962,ICJ-181-2021-12-07,181,2022-02-07,62,SC_MEETING,S/PV.8962,0,0,0,NO_PRESERVED_MANUAL_REVIEW_EVIDENCE,UNREVIEWED_IS_NOT_CODED_ZERO
ICJ-181-2021-12-07||SC_MEETING::SCM|S/PV.8963,ICJ-181-2021-12-07,181,2022-02-09,64,SC_MEETING,S/PV.8963,0,0,0,NO_PRESERVED_MANUAL_REVIEW_EVIDENCE,UNREVIEWED_IS_NOT_CODED_ZERO
ICJ-181-2021-12-07||SC_FORMAL_VOTE::SCV|1964,ICJ-181-2021-12-07,181,2022-02-15,70,SC_FORMAL_VOTE,S/PV.8964,0,0,0,NO_PRESERVED_MANUAL_REVIEW_EVIDENCE,UNREVIEWED_IS_NOT_CODED_ZERO
ICJ-181-2021-12-07||SC_MEETING::SCM|S/PV.8964,ICJ-181-2021-12-07,181,2022-02-15,70,SC_MEETING,S/PV.8964,0,0,0,NO_PRESERVED_MANUAL_REVIEW_EVIDENCE,UNREVIEWED_IS_NOT_CODED_ZERO
ICJ-181-2021-12-07||SC_MEETING::SCM|S/PV.8965,ICJ-181-2021-12-07,181,2022-02-15,70,SC_MEETING,S/PV.8965,0,0,0,NO_PRESERVED_MANUAL_REVIEW_EVIDENCE,UNREVIEWED_IS_NOT_CODED_ZERO
ICJ-181-2021-12-07||SC_MEETING::SCM|S/PV.8966,ICJ-181-2021-12-07,181,2022-02-15,70,SC_MEETING,S/PV.8966,0,0,0,NO_PRESERVED_MANUAL_REVIEW_EVIDENCE,UNREVIEWED_IS_NOT_CODED_ZERO
ICJ-181-2021-12-07||SC_MEETING::SCM|S/PV.8967,ICJ-181-2021-12-07,181,2022-02-16,71,SC_MEETING,S/PV.8967,0,0,0,NO_PRESERVED_MANUAL_REVIEW_EVIDENCE,UNREVIEWED_IS_NOT_CODED_ZERO
ICJ-181-2021-12-07||SC_MEETING::SCM|S/PV.8968,ICJ-181-2021-12-07,181,2022-02-17,72,SC_MEETING,S/PV.8968,0,0,0,NO_PRESERVED_MANUAL_REVIEW_EVIDENCE,UNREVIEWED_IS_NOT_CODED_ZERO
ICJ-181-2021-12-07||SC_MEETING::SCM|S/PV.8969,ICJ-181-2021-12-07,181,2022-02-18,73,SC_MEETING,S/PV.8969,0,0,0,NO_PRESERVED_MANUAL_REVIEW_EVIDENCE,UNREVIEWED_IS_NOT_CODED_ZERO
ICJ-181-2021-12-07||SC_MEETING::SCM|S/PV.8970,ICJ-181-2021-12-07,181,2022-02-21,76,SC_MEETING,S/PV.8970,0,0,0,NO_PRESERVED_MANUAL_REVIEW_EVIDENCE,UNREVIEWED_IS_NOT_CODED_ZERO
ICJ-181-2021-12-07||SC_FORMAL_VOTE::SCV|1965,ICJ-181-2021-12-07,181,2022-02-22,77,SC_FORMAL_VOTE,S/PV.8972,0,0,0,NO_PRESERVED_MANUAL_REVIEW_EVIDENCE,UNREVIEWED_IS_NOT_CODED_ZERO
ICJ-181-2021-12-07||SC_MEETING::SCM|S/PV.8971,ICJ-181-2021-12-07,181,2022-02-22,77,SC_MEETING,S/PV.8971,0,0,0,NO_PRESERVED_MANUAL_REVIEW_EVIDENCE,UNREVIEWED_IS_NOT_CODED_ZERO
ICJ-181-2021-12-07||SC_MEETING::SCM|S/PV.8972,ICJ-181-2021-12-07,181,2022-02-22,77,SC_MEETING,S/PV.8972,0,0,0,NO_PRESERVED_MANUAL_REVIEW_EVIDENCE,UNREVIEWED_IS_NOT_CODED_ZERO
ICJ-181-2021-12-07||SC_MEETING::SCM|S/PV.8973,ICJ-181-2021-12-07,181,2022-02-23,78,SC_MEETING,S/PV.8973,0,0,0,NO_PRESERVED_MANUAL_REVIEW_EVIDENCE,UNREVIEWED_IS_NOT_CODED_ZERO
ICJ-181-2021-12-07||SC_MEETING::SCM|S/PV.8974,ICJ-181-2021-12-07,181,2022-02-23,78,SC_MEETING,S/PV.8974,0,0,0,NO_PRESERVED_MANUAL_REVIEW_EVIDENCE,UNREVIEWED_IS_NOT_CODED_ZERO
ICJ-181-2021-12-07||SC_MEETING::SCM|S/PV.8975,ICJ-181-2021-12-07,181,2022-02-24,79,SC_MEETING,S/PV.8975,0,0,0,NO_PRESERVED_MANUAL_REVIEW_EVIDENCE,UNREVIEWED_IS_NOT_CODED_ZERO
ICJ-181-2021-12-07||SC_MEETING::SCM|S/PV.8976,ICJ-181-2021-12-07,181,2022-02-24,79,SC_MEETING,S/PV.8976,0,0,0,NO_PRESERVED_MANUAL_REVIEW_EVIDENCE,UNREVIEWED_IS_NOT_CODED_ZERO
ICJ-181-2021-12-07||SC_FORMAL_VOTE::SCV|1966,ICJ-181-2021-12-07,181,2022-02-25,80,SC_FORMAL_VOTE,S/PV.8977,0,0,0,NO_PRESERVED_MANUAL_REVIEW_EVIDENCE,UNREVIEWED_IS_NOT_CODED_ZERO
ICJ-181-2021-12-07||SC_FORMAL_VOTE::SCV|1967,ICJ-181-2021-12-07,181,2022-02-25,80,SC_FORMAL_VOTE,S/PV.8979,0,0,0,NO_PRESERVED_MANUAL_REVIEW_EVIDENCE,UNREVIEWED_IS_NOT_CODED_ZERO
ICJ-181-2021-12-07||SC_MEETING::SCM|S/PV.8977,ICJ-181-2021-12-07,181,2022-02-25,80,SC_MEETING,S/PV.8977,0,0,0,NO_PRESERVED_MANUAL_REVIEW_EVIDENCE,UNREVIEWED_IS_NOT_CODED_ZERO
ICJ-181-2021-12-07||SC_MEETING::SCM|S/PV.8978,ICJ-181-2021-12-07,181,2022-02-25,80,SC_MEETING,S/PV.8978,0,0,0,NO_PRESERVED_MANUAL_REVIEW_EVIDENCE,UNREVIEWED_IS_NOT_CODED_ZERO
ICJ-181-2021-12-07||SC_MEETING::SCM|S/PV.8979,ICJ-181-2021-12-07,181,2022-02-25,80,SC_MEETING,S/PV.8979,0,0,0,NO_PRESERVED_MANUAL_REVIEW_EVIDENCE,UNREVIEWED_IS_NOT_CODED_ZERO
ICJ-181-2021-12-07||SC_FORMAL_VOTE::SCV|1968,ICJ-181-2021-12-07,181,2022-02-27,82,SC_FORMAL_VOTE,S/PV.8980,0,0,0,NO_PRESERVED_MANUAL_REVIEW_EVIDENCE,UNREVIEWED_IS_NOT_CODED_ZERO
ICJ-181-2021-12-07||SC_MEETING::SCM|S/PV.8980,ICJ-181-2021-12-07,181,2022-02-27,82,SC_MEETING,S/PV.8980,0,0,0,NO_PRESERVED_MANUAL_REVIEW_EVIDENCE,UNREVIEWED_IS_NOT_CODED_ZERO
ICJ-181-2021-12-07||SC_FORMAL_VOTE::SCV|1969,ICJ-181-2021-12-07,181,2022-02-28,83,SC_FORMAL_VOTE,S/PV.8981,0,0,0,NO_PRESERVED_MANUAL_REVIEW_EVIDENCE,UNREVIEWED_IS_NOT_CODED_ZERO
ICJ-181-2021-12-07||SC_MEETING::SCM|S/PV.8981,ICJ-181-2021-12-07,181,2022-02-28,83,SC_MEETING,S/PV.8981,0,0,0,NO_PRESERVED_MANUAL_REVIEW_EVIDENCE,UNREVIEWED_IS_NOT_CODED_ZERO
ICJ-181-2021-12-07||SC_MEETING::SCM|S/PV.8982,ICJ-181-2021-12-07,181,2022-02-28,83,SC_MEETING,S/PV.8982,0,0,0,NO_PRESERVED_MANUAL_REVIEW_EVIDENCE,UNREVIEWED_IS_NOT_CODED_ZERO
ICJ-181-2021-12-07||SC_MEETING::SCM|S/PV.8983,ICJ-181-2021-12-07,181,2022-02-28,83,SC_MEETING,S/PV.8983,0,0,0,NO_PRESERVED_MANUAL_REVIEW_EVIDENCE,UNREVIEWED_IS_NOT_CODED_ZERO
ICJ-181-2021-12-07||GA_FORMAL_VOTE::GAV|3959039,ICJ-181-2021-12-07,181,2022-03-02,85,GA_FORMAL_VOTE,A/ES-11/PV.5,0,0,0,NO_PRESERVED_MANUAL_REVIEW_EVIDENCE,UNREVIEWED_IS_NOT_CODED_ZERO
ICJ-181-2021-12-07||SC_MEETING::SCM|S/PV.8984,ICJ-181-2021-12-07,181,2022-03-02,85,SC_MEETING,S/PV.8984,0,0,0,NO_PRESERVED_MANUAL_REVIEW_EVIDENCE,UNREVIEWED_IS_NOT_CODED_ZERO
ICJ-181-2021-12-07||SC_MEETING::SCM|S/PV.8985,ICJ-181-2021-12-07,181,2022-03-03,86,SC_MEETING,S/PV.8985,0,0,0,NO_PRESERVED_MANUAL_REVIEW_EVIDENCE,UNREVIEWED_IS_NOT_CODED_ZERO
ICJ-181-2021-12-07||SC_MEETING::SCM|S/PV.8986,ICJ-181-2021-12-07,181,2022-03-04,87,SC_MEETING,S/PV.8986,0,0,0,NO_PRESERVED_MANUAL_REVIEW_EVIDENCE,UNREVIEWED_IS_NOT_CODED_ZERO
ICJ-181-2021-12-07||SC_MEETING::SCM|S/PV.8987,ICJ-181-2021-12-07,181,2022-03-07,90,SC_MEETING,S/PV.8987,0,0,0,NO_PRESERVED_MANUAL_REVIEW_EVIDENCE,UNREVIEWED_IS_NOT_CODED_ZERO
ICJ-181-2021-12-07||SC_MEETING::SCM|S/PV.8988,ICJ-181-2021-12-07,181,2022-03-07,90,SC_MEETING,S/PV.8988,0,0,0,NO_PRESERVED_MANUAL_REVIEW_EVIDENCE,UNREVIEWED_IS_NOT_CODED_ZERO
ICJ-181-2021-12-07||SC_MEETING::SCM|S/PV.8989,ICJ-181-2021-12-07,181,2022-03-08,91,SC_MEETING,S/PV.8989,0,0,0,NO_PRESERVED_MANUAL_REVIEW_EVIDENCE,UNREVIEWED_IS_NOT_CODED_ZERO
ICJ-181-2021-12-07||SC_MEETING::SCM|S/PV.8989 (Resumption 1),ICJ-181-2021-12-07,181,2022-03-08,91,SC_MEETING,S/PV.8989 (Resumption 1),0,0,0,NO_PRESERVED_MANUAL_REVIEW_EVIDENCE,UNREVIEWED_IS_NOT_CODED_ZERO
ICJ-181-2021-12-07||SC_MEETING::SCM|S/PV.8990,ICJ-181-2021-12-07,181,2022-03-10,93,SC_MEETING,S/PV.8990,0,0,0,NO_PRESERVED_MANUAL_REVIEW_EVIDENCE,UNREVIEWED_IS_NOT_CODED_ZERO
ICJ-181-2021-12-07||SC_MEETING::SCM|S/PV.8991,ICJ-181-2021-12-07,181,2022-03-11,94,SC_MEETING,S/PV.8991,0,0,0,NO_PRESERVED_MANUAL_REVIEW_EVIDENCE,UNREVIEWED_IS_NOT_CODED_ZERO
ICJ-181-2021-12-07||SC_MEETING::SCM|S/PV.8992,ICJ-181-2021-12-07,181,2022-03-14,97,SC_MEETING,S/PV.8992,0,0,0,NO_PRESERVED_MANUAL_REVIEW_EVIDENCE,UNREVIEWED_IS_NOT_CODED_ZERO
ICJ-181-2021-12-07||SC_MEETING::SCM|S/PV.8993,ICJ-181-2021-12-07,181,2022-03-14,97,SC_MEETING,S/PV.8993,0,0,0,NO_PRESERVED_MANUAL_REVIEW_EVIDENCE,UNREVIEWED_IS_NOT_CODED_ZERO
ICJ-181-2021-12-07||SC_FORMAL_VOTE::SCV|1970,ICJ-181-2021-12-07,181,2022-03-15,98,SC_FORMAL_VOTE,S/PV.8994,0,0,0,NO_PRESERVED_MANUAL_REVIEW_EVIDENCE,UNREVIEWED_IS_NOT_CODED_ZERO
ICJ-181-2021-12-07||SC_MEETING::SCM|S/PV.8994,ICJ-181-2021-12-07,181,2022-03-15,98,SC_MEETING,S/PV.8994,0,0,0,NO_PRESERVED_MANUAL_REVIEW_EVIDENCE,UNREVIEWED_IS_NOT_CODED_ZERO
ICJ-181-2021-12-07||SC_MEETING::SCM|S/PV.8995,ICJ-181-2021-12-07,181,2022-03-15,98,SC_MEETING,S/PV.8995,0,0,0,NO_PRESERVED_MANUAL_REVIEW_EVIDENCE,UNREVIEWED_IS_NOT_CODED_ZERO
ICJ-181-2021-12-07||SC_MEETING::SCM|S/PV.8996,ICJ-181-2021-12-07,181,2022-03-16,99,SC_MEETING,S/PV.8996,0,0,0,NO_PRESERVED_MANUAL_REVIEW_EVIDENCE,UNREVIEWED_IS_NOT_CODED_ZERO
ICJ-181-2021-12-07||SC_FORMAL_VOTE::SCV|1971,ICJ-181-2021-12-07,181,2022-03-17,100,SC_FORMAL_VOTE,S/PV.8997,0,0,0,NO_PRESERVED_MANUAL_REVIEW_EVIDENCE,UNREVIEWED_IS_NOT_CODED_ZERO
ICJ-181-2021-12-07||SC_MEETING::SCM|S/PV.8997,ICJ-181-2021-12-07,181,2022-03-17,100,SC_MEETING,S/PV.8997,0,0,0,NO_PRESERVED_MANUAL_REVIEW_EVIDENCE,UNREVIEWED_IS_NOT_CODED_ZERO
ICJ-181-2021-12-07||SC_MEETING::SCM|S/PV.8998,ICJ-181-2021-12-07,181,2022-03-17,100,SC_MEETING,S/PV.8998,0,0,0,NO_PRESERVED_MANUAL_REVIEW_EVIDENCE,UNREVIEWED_IS_NOT_CODED_ZERO
ICJ-181-2021-12-07||SC_MEETING::SCM|S/PV.8999,ICJ-181-2021-12-07,181,2022-03-18,101,SC_MEETING,S/PV.8999,0,0,0,NO_PRESERVED_MANUAL_REVIEW_EVIDENCE,UNREVIEWED_IS_NOT_CODED_ZERO
ICJ-181-2021-12-07||SC_MEETING::SCM|S/PV.9000,ICJ-181-2021-12-07,181,2022-03-22,105,SC_MEETING,S/PV.9000,0,0,0,NO_PRESERVED_MANUAL_REVIEW_EVIDENCE,UNREVIEWED_IS_NOT_CODED_ZERO
ICJ-181-2021-12-07||SC_FORMAL_VOTE::SCV|1972,ICJ-181-2021-12-07,181,2022-03-23,106,SC_FORMAL_VOTE,S/PV.9002,0,0,0,NO_PRESERVED_MANUAL_REVIEW_EVIDENCE,UNREVIEWED_IS_NOT_CODED_ZERO
ICJ-181-2021-12-07||SC_MEETING::SCM|S/PV.9001,ICJ-181-2021-12-07,181,2022-03-23,106,SC_MEETING,S/PV.9001,0,0,0,NO_PRESERVED_MANUAL_REVIEW_EVIDENCE,UNREVIEWED_IS_NOT_CODED_ZERO
ICJ-181-2021-12-07||SC_MEETING::SCM|S/PV.9002,ICJ-181-2021-12-07,181,2022-03-23,106,SC_MEETING,S/PV.9002,0,0,0,NO_PRESERVED_MANUAL_REVIEW_EVIDENCE,UNREVIEWED_IS_NOT_CODED_ZERO
ICJ-181-2021-12-07||GA_FORMAL_VOTE::GAV|3965954,ICJ-181-2021-12-07,181,2022-03-24,107,GA_FORMAL_VOTE,A/ES-11/PV.9,0,0,0,NO_PRESERVED_MANUAL_REVIEW_EVIDENCE,UNREVIEWED_IS_NOT_CODED_ZERO
ICJ-181-2021-12-07||SC_MEETING::SCM|S/PV.9003,ICJ-181-2021-12-07,181,2022-03-24,107,SC_MEETING,S/PV.9003,0,0,0,NO_PRESERVED_MANUAL_REVIEW_EVIDENCE,UNREVIEWED_IS_NOT_CODED_ZERO
ICJ-181-2021-12-07||SC_FORMAL_VOTE::SCV|1973,ICJ-181-2021-12-07,181,2022-03-25,108,SC_FORMAL_VOTE,S/PV.9004,0,0,0,NO_PRESERVED_MANUAL_REVIEW_EVIDENCE,UNREVIEWED_IS_NOT_CODED_ZERO
ICJ-181-2021-12-07||SC_MEETING::SCM|S/PV.9004,ICJ-181-2021-12-07,181,2022-03-25,108,SC_MEETING,S/PV.9004,0,0,0,NO_PRESERVED_MANUAL_REVIEW_EVIDENCE,UNREVIEWED_IS_NOT_CODED_ZERO
ICJ-181-2021-12-07||SC_MEETING::SCM|S/PV.9005,ICJ-181-2021-12-07,181,2022-03-28,111,SC_MEETING,S/PV.9005,0,0,0,NO_PRESERVED_MANUAL_REVIEW_EVIDENCE,UNREVIEWED_IS_NOT_CODED_ZERO
ICJ-181-2021-12-07||SC_MEETING::SCM|S/PV.9006,ICJ-181-2021-12-07,181,2022-03-28,111,SC_MEETING,S/PV.9006,0,0,0,NO_PRESERVED_MANUAL_REVIEW_EVIDENCE,UNREVIEWED_IS_NOT_CODED_ZERO
ICJ-181-2021-12-07||SC_MEETING::SCM|S/PV.9007,ICJ-181-2021-12-07,181,2022-03-29,112,SC_MEETING,S/PV.9007,0,0,0,NO_PRESERVED_MANUAL_REVIEW_EVIDENCE,UNREVIEWED_IS_NOT_CODED_ZERO
ICJ-181-2021-12-07||SC_MEETING::SCM|S/PV.9008,ICJ-181-2021-12-07,181,2022-03-29,112,SC_MEETING,S/PV.9008,0,0,0,NO_PRESERVED_MANUAL_REVIEW_EVIDENCE,UNREVIEWED_IS_NOT_CODED_ZERO
ICJ-181-2021-12-07||SC_FORMAL_VOTE::SCV|1974,ICJ-181-2021-12-07,181,2022-03-31,114,SC_FORMAL_VOTE,S/PV.9009,0,0,0,NO_PRESERVED_MANUAL_REVIEW_EVIDENCE,UNREVIEWED_IS_NOT_CODED_ZERO
ICJ-181-2021-12-07||SC_MEETING::SCM|S/PV.9009,ICJ-181-2021-12-07,181,2022-03-31,114,SC_MEETING,S/PV.9009,0,0,0,NO_PRESERVED_MANUAL_REVIEW_EVIDENCE,UNREVIEWED_IS_NOT_CODED_ZERO
ICJ-181-2021-12-07||SC_MEETING::SCM|S/PV.9010,ICJ-181-2021-12-07,181,2022-03-31,114,SC_MEETING,S/PV.9010,0,0,0,NO_PRESERVED_MANUAL_REVIEW_EVIDENCE,UNREVIEWED_IS_NOT_CODED_ZERO
ICJ-181-2021-12-07||SC_MEETING::SCM|S/PV.9011,ICJ-181-2021-12-07,181,2022-04-05,119,SC_MEETING,S/PV.9011,0,0,0,NO_PRESERVED_MANUAL_REVIEW_EVIDENCE,UNREVIEWED_IS_NOT_CODED_ZERO
ICJ-181-2021-12-07||GA_FORMAL_VOTE::GAV|3967778,ICJ-181-2021-12-07,181,2022-04-07,121,GA_FORMAL_VOTE,A/ES-11/PV.10,0,0,0,NO_PRESERVED_MANUAL_REVIEW_EVIDENCE,UNREVIEWED_IS_NOT_CODED_ZERO
ICJ-181-2021-12-07||SC_MEETING::SCM|S/PV.9012,ICJ-181-2021-12-07,181,2022-04-07,121,SC_MEETING,S/PV.9012,0,0,0,NO_PRESERVED_MANUAL_REVIEW_EVIDENCE,UNREVIEWED_IS_NOT_CODED_ZERO
ICJ-181-2021-12-07||SC_MEETING::SCM|S/PV.9013,ICJ-181-2021-12-07,181,2022-04-11,125,SC_MEETING,S/PV.9013,0,0,0,NO_PRESERVED_MANUAL_REVIEW_EVIDENCE,UNREVIEWED_IS_NOT_CODED_ZERO
ICJ-181-2021-12-07||SC_MEETING::SCM|S/PV.9014,ICJ-181-2021-12-07,181,2022-04-11,125,SC_MEETING,S/PV.9014,1,0,1,PRESERVED_ORIGINAL_233_HUMAN_REVIEW,REVIEW_EVIDENCE_PRESENT
ICJ-181-2021-12-07||SC_MEETING::SCM|S/PV.9015,ICJ-181-2021-12-07,181,2022-04-12,126,SC_MEETING,S/PV.9015,0,0,0,NO_PRESERVED_MANUAL_REVIEW_EVIDENCE,UNREVIEWED_IS_NOT_CODED_ZERO
ICJ-181-2021-12-07||SC_MEETING::SCM|S/PV.9016,ICJ-181-2021-12-07,181,2022-04-13,127,SC_MEETING,S/PV.9016,0,0,0,NO_PRESERVED_MANUAL_REVIEW_EVIDENCE,UNREVIEWED_IS_NOT_CODED_ZERO
ICJ-181-2021-12-07||SC_MEETING::SCM|S/PV.9016 (Resumption 1),ICJ-181-2021-12-07,181,2022-04-13,127,SC_MEETING,S/PV.9016 (Resumption 1),0,0,0,NO_PRESERVED_MANUAL_REVIEW_EVIDENCE,UNREVIEWED_IS_NOT_CODED_ZERO
ICJ-181-2021-12-07||SC_MEETING::SCM|S/PV.9017,ICJ-181-2021-12-07,181,2022-04-14,128,SC_MEETING,S/PV.9017,0,0,0,NO_PRESERVED_MANUAL_REVIEW_EVIDENCE,UNREVIEWED_IS_NOT_CODED_ZERO
ICJ-181-2021-12-07||SC_MEETING::SCM|S/PV.9018,ICJ-181-2021-12-07,181,2022-04-19,133,SC_MEETING,S/PV.9018,0,0,0,NO_PRESERVED_MANUAL_REVIEW_EVIDENCE,UNREVIEWED_IS_NOT_CODED_ZERO
ICJ-181-2021-12-07||SC_MEETING::SCM|S/PV.9019,ICJ-181-2021-12-07,181,2022-04-20,134,SC_MEETING,S/PV.9019,0,0,0,NO_PRESERVED_MANUAL_REVIEW_EVIDENCE,UNREVIEWED_IS_NOT_CODED_ZERO
ICJ-181-2021-12-07||SC_MEETING::SCM|S/PV.9020,ICJ-181-2021-12-07,181,2022-04-21,135,SC_MEETING,S/PV.9020,0,0,0,NO_PRESERVED_MANUAL_REVIEW_EVIDENCE,UNREVIEWED_IS_NOT_CODED_ZERO
ICJ-181-2021-12-07||SC_MEETING::SCM|S/PV.9021,ICJ-181-2021-12-07,181,2022-04-25,139,SC_MEETING,S/PV.9021,0,0,0,NO_PRESERVED_MANUAL_REVIEW_EVIDENCE,UNREVIEWED_IS_NOT_CODED_ZERO
ICJ-181-2021-12-07||SC_MEETING::SCM|S/PV.9021 (Resumption 1),ICJ-181-2021-12-07,181,2022-04-25,139,SC_MEETING,S/PV.9021 (Resumption 1),0,0,0,NO_PRESERVED_MANUAL_REVIEW_EVIDENCE,UNREVIEWED_IS_NOT_CODED_ZERO
ICJ-181-2021-12-07||SC_MEETING::SCM|S/PV.9022,ICJ-181-2021-12-07,181,2022-04-26,140,SC_MEETING,S/PV.9022,0,0,0,NO_PRESERVED_MANUAL_REVIEW_EVIDENCE,UNREVIEWED_IS_NOT_CODED_ZERO
ICJ-181-2021-12-07||SC_MEETING::SCM|S/PV.9023,ICJ-181-2021-12-07,181,2022-04-27,141,SC_MEETING,S/PV.9023,0,0,0,NO_PRESERVED_MANUAL_REVIEW_EVIDENCE,UNREVIEWED_IS_NOT_CODED_ZERO
ICJ-181-2021-12-07||SC_MEETING::SCM|S/PV.9024,ICJ-181-2021-12-07,181,2022-04-28,142,SC_MEETING,S/PV.9024,0,0,0,NO_PRESERVED_MANUAL_REVIEW_EVIDENCE,UNREVIEWED_IS_NOT_CODED_ZERO
ICJ-181-2021-12-07||SC_FORMAL_VOTE::SCV|1975,ICJ-181-2021-12-07,181,2022-04-29,143,SC_FORMAL_VOTE,S/PV.9025,0,0,0,NO_PRESERVED_MANUAL_REVIEW_EVIDENCE,UNREVIEWED_IS_NOT_CODED_ZERO
ICJ-181-2021-12-07||SC_MEETING::SCM|S/PV.9025,ICJ-181-2021-12-07,181,2022-04-29,143,SC_MEETING,S/PV.9025,0,0,0,NO_PRESERVED_MANUAL_REVIEW_EVIDENCE,UNREVIEWED_IS_NOT_CODED_ZERO
ICJ-181-2021-12-07||SC_MEETING::SCM|S/PV.9026,ICJ-181-2021-12-07,181,2022-04-29,143,SC_MEETING,S/PV.9026,0,0,0,NO_PRESERVED_MANUAL_REVIEW_EVIDENCE,UNREVIEWED_IS_NOT_CODED_ZERO
ICJ-181-2021-12-07||SC_MEETING::SCM|S/PV.9027,ICJ-181-2021-12-07,181,2022-05-05,149,SC_MEETING,S/PV.9027,0,0,0,NO_PRESERVED_MANUAL_REVIEW_EVIDENCE,UNREVIEWED_IS_NOT_CODED_ZERO
ICJ-181-2021-12-07||SC_MEETING::SCM|S/PV.9028,ICJ-181-2021-12-07,181,2022-05-06,150,SC_MEETING,S/PV.9028,0,0,0,NO_PRESERVED_MANUAL_REVIEW_EVIDENCE,UNREVIEWED_IS_NOT_CODED_ZERO
ICJ-181-2021-12-07||SC_MEETING::SCM|S/PV.9029,ICJ-181-2021-12-07,181,2022-05-11,155,SC_MEETING,S/PV.9029,0,0,0,NO_PRESERVED_MANUAL_REVIEW_EVIDENCE,UNREVIEWED_IS_NOT_CODED_ZERO
ICJ-181-2021-12-07||SC_MEETING::SCM|S/PV.9030,ICJ-181-2021-12-07,181,2022-05-11,155,SC_MEETING,S/PV.9030,0,0,0,NO_PRESERVED_MANUAL_REVIEW_EVIDENCE,UNREVIEWED_IS_NOT_CODED_ZERO
ICJ-181-2021-12-07||SC_FORMAL_VOTE::SCV|1976,ICJ-181-2021-12-07,181,2022-05-12,156,SC_FORMAL_VOTE,S/PV.9031,0,0,0,NO_PRESERVED_MANUAL_REVIEW_EVIDENCE,UNREVIEWED_IS_NOT_CODED_ZERO
ICJ-181-2021-12-07||SC_MEETING::SCM|S/PV.9031,ICJ-181-2021-12-07,181,2022-05-12,156,SC_MEETING,S/PV.9031,0,0,0,NO_PRESERVED_MANUAL_REVIEW_EVIDENCE,UNREVIEWED_IS_NOT_CODED_ZERO
ICJ-181-2021-12-07||SC_MEETING::SCM|S/PV.9032,ICJ-181-2021-12-07,181,2022-05-12,156,SC_MEETING,S/PV.9032,0,0,0,NO_PRESERVED_MANUAL_REVIEW_EVIDENCE,UNREVIEWED_IS_NOT_CODED_ZERO
ICJ-181-2021-12-07||SC_MEETING::SCM|S/PV.9033,ICJ-181-2021-12-07,181,2022-05-13,157,SC_MEETING,S/PV.9033,0,0,0,NO_PRESERVED_MANUAL_REVIEW_EVIDENCE,UNREVIEWED_IS_NOT_CODED_ZERO
ICJ-181-2021-12-07||SC_MEETING::SCM|S/PV.9034,ICJ-181-2021-12-07,181,2022-05-17,161,SC_MEETING,S/PV.9034,0,0,0,NO_PRESERVED_MANUAL_REVIEW_EVIDENCE,UNREVIEWED_IS_NOT_CODED_ZERO
ICJ-181-2021-12-07||SC_MEETING::SCM|S/PV.9035,ICJ-181-2021-12-07,181,2022-05-18,162,SC_MEETING,S/PV.9035,0,0,0,NO_PRESERVED_MANUAL_REVIEW_EVIDENCE,UNREVIEWED_IS_NOT_CODED_ZERO
ICJ-181-2021-12-07||SC_MEETING::SCM|S/PV.9036,ICJ-181-2021-12-07,181,2022-05-19,163,SC_MEETING,S/PV.9036,1,0,1,PRESERVED_ORIGINAL_233_HUMAN_REVIEW,REVIEW_EVIDENCE_PRESENT
ICJ-181-2021-12-07||SC_MEETING::SCM|S/PV.9036 (Resumption 1),ICJ-181-2021-12-07,181,2022-05-19,163,SC_MEETING,S/PV.9036 (Resumption 1),1,0,1,PRESERVED_ORIGINAL_233_HUMAN_REVIEW,REVIEW_EVIDENCE_PRESENT
ICJ-181-2021-12-07||SC_MEETING::SCM|S/PV.9037,ICJ-181-2021-12-07,181,2022-05-20,164,SC_MEETING,S/PV.9037,0,0,0,NO_PRESERVED_MANUAL_REVIEW_EVIDENCE,UNREVIEWED_IS_NOT_CODED_ZERO
ICJ-181-2021-12-07||SC_MEETING::SCM|S/PV.9038,ICJ-181-2021-12-07,181,2022-05-20,164,SC_MEETING,S/PV.9038,0,0,0,NO_PRESERVED_MANUAL_REVIEW_EVIDENCE,UNREVIEWED_IS_NOT_CODED_ZERO
ICJ-181-2021-12-07||SC_MEETING::SCM|S/PV.9039,ICJ-181-2021-12-07,181,2022-05-23,167,SC_MEETING,S/PV.9039,1,0,1,PRESERVED_ORIGINAL_233_HUMAN_REVIEW,REVIEW_EVIDENCE_PRESENT
ICJ-181-2021-12-07||SC_MEETING::SCM|S/PV.9040,ICJ-181-2021-12-07,181,2022-05-23,167,SC_MEETING,S/PV.9040,0,0,0,NO_PRESERVED_MANUAL_REVIEW_EVIDENCE,UNREVIEWED_IS_NOT_CODED_ZERO
ICJ-181-2021-12-07||SC_MEETING::SCM|S/PV.9041,ICJ-181-2021-12-07,181,2022-05-24,168,SC_MEETING,S/PV.9041,0,0,0,NO_PRESERVED_MANUAL_REVIEW_EVIDENCE,UNREVIEWED_IS_NOT_CODED_ZERO
ICJ-181-2021-12-07||SC_MEETING::SCM|S/PV.9042,ICJ-181-2021-12-07,181,2022-05-25,169,SC_MEETING,S/PV.9042,0,0,0,NO_PRESERVED_MANUAL_REVIEW_EVIDENCE,UNREVIEWED_IS_NOT_CODED_ZERO
ICJ-181-2021-12-07||SC_MEETING::SCM|S/PV.9042 (Resumption 1),ICJ-181-2021-12-07,181,2022-05-25,169,SC_MEETING,S/PV.9042 (Resumption 1),0,0,0,NO_PRESERVED_MANUAL_REVIEW_EVIDENCE,UNREVIEWED_IS_NOT_CODED_ZERO
ICJ-181-2021-12-07||SC_FORMAL_VOTE::SCV|1977,ICJ-181-2021-12-07,181,2022-05-26,170,SC_FORMAL_VOTE,S/PV.9045,0,0,0,NO_PRESERVED_MANUAL_REVIEW_EVIDENCE,UNREVIEWED_IS_NOT_CODED_ZERO
ICJ-181-2021-12-07||SC_FORMAL_VOTE::SCV|1978,ICJ-181-2021-12-07,181,2022-05-26,170,SC_FORMAL_VOTE,S/PV.9048,0,0,0,NO_PRESERVED_MANUAL_REVIEW_EVIDENCE,UNREVIEWED_IS_NOT_CODED_ZERO
ICJ-181-2021-12-07||SC_FORMAL_VOTE::SCV|1979,ICJ-181-2021-12-07,181,2022-05-26,170,SC_FORMAL_VOTE,S/PV.9043,0,0,0,NO_PRESERVED_MANUAL_REVIEW_EVIDENCE,UNREVIEWED_IS_NOT_CODED_ZERO
ICJ-181-2021-12-07||SC_FORMAL_VOTE::SCV|1980,ICJ-181-2021-12-07,181,2022-05-26,170,SC_FORMAL_VOTE,S/PV.9044,0,0,0,NO_PRESERVED_MANUAL_REVIEW_EVIDENCE,UNREVIEWED_IS_NOT_CODED_ZERO
ICJ-181-2021-12-07||SC_MEETING::SCM|S/PV.9043,ICJ-181-2021-12-07,181,2022-05-26,170,SC_MEETING,S/PV.9043,0,0,0,NO_PRESERVED_MANUAL_REVIEW_EVIDENCE,UNREVIEWED_IS_NOT_CODED_ZERO
ICJ-181-2021-12-07||SC_MEETING::SCM|S/PV.9044,ICJ-181-2021-12-07,181,2022-05-26,170,SC_MEETING,S/PV.9044,0,0,0,NO_PRESERVED_MANUAL_REVIEW_EVIDENCE,UNREVIEWED_IS_NOT_CODED_ZERO
ICJ-181-2021-12-07||SC_MEETING::SCM|S/PV.9045,ICJ-181-2021-12-07,181,2022-05-26,170,SC_MEETING,S/PV.9045,0,0,0,NO_PRESERVED_MANUAL_REVIEW_EVIDENCE,UNREVIEWED_IS_NOT_CODED_ZERO
ICJ-181-2021-12-07||SC_MEETING::SCM|S/PV.9046,ICJ-181-2021-12-07,181,2022-05-26,170,SC_MEETING,S/PV.9046,0,0,0,NO_PRESERVED_MANUAL_REVIEW_EVIDENCE,UNREVIEWED_IS_NOT_CODED_ZERO
ICJ-181-2021-12-07||SC_MEETING::SCM|S/PV.9047,ICJ-181-2021-12-07,181,2022-05-26,170,SC_MEETING,S/PV.9047,0,0,0,NO_PRESERVED_MANUAL_REVIEW_EVIDENCE,UNREVIEWED_IS_NOT_CODED_ZERO
ICJ-181-2021-12-07||SC_MEETING::SCM|S/PV.9048,ICJ-181-2021-12-07,181,2022-05-26,170,SC_MEETING,S/PV.9048,0,0,0,NO_PRESERVED_MANUAL_REVIEW_EVIDENCE,UNREVIEWED_IS_NOT_CODED_ZERO
ICJ-181-2021-12-07||SC_MEETING::SCM|S/PV.9049,ICJ-181-2021-12-07,181,2022-05-27,171,SC_MEETING,S/PV.9049,0,0,0,NO_PRESERVED_MANUAL_REVIEW_EVIDENCE,UNREVIEWED_IS_NOT_CODED_ZERO
ICJ-181-2021-12-07||SC_FORMAL_VOTE::SCV|1981,ICJ-181-2021-12-07,181,2022-05-31,175,SC_FORMAL_VOTE,S/PV.9050,0,0,0,NO_PRESERVED_MANUAL_REVIEW_EVIDENCE,UNREVIEWED_IS_NOT_CODED_ZERO
ICJ-181-2021-12-07||SC_MEETING::SCM|S/PV.9050,ICJ-181-2021-12-07,181,2022-05-31,175,SC_MEETING,S/PV.9050,0,0,0,NO_PRESERVED_MANUAL_REVIEW_EVIDENCE,UNREVIEWED_IS_NOT_CODED_ZERO
ICJ-181-2021-12-07||SC_MEETING::SCM|S/PV.9051,ICJ-181-2021-12-07,181,2022-05-31,175,SC_MEETING,S/PV.9051,0,0,0,NO_PRESERVED_MANUAL_REVIEW_EVIDENCE,UNREVIEWED_IS_NOT_CODED_ZERO
ICJ-181-2021-12-07||SC_MEETING::SCM|S/PV.9052,ICJ-181-2021-12-07,181,2022-06-02,177,SC_MEETING,S/PV.9052,1,0,1,PRESERVED_ORIGINAL_233_HUMAN_REVIEW,REVIEW_EVIDENCE_PRESENT
ICJ-181-2021-12-07||SC_MEETING::SCM|S/PV.9052 (Resumption 1),ICJ-181-2021-12-07,181,2022-06-02,177,SC_MEETING,S/PV.9052 (Resumption 1),1,0,1,PRESERVED_ORIGINAL_233_HUMAN_REVIEW,REVIEW_EVIDENCE_PRESENT
ICJ-181-2021-12-07||SC_FORMAL_VOTE::SCV|1982,ICJ-181-2021-12-07,181,2022-06-03,178,SC_FORMAL_VOTE,S/PV.9053,0,0,0,NO_PRESERVED_MANUAL_REVIEW_EVIDENCE,UNREVIEWED_IS_NOT_CODED_ZERO
ICJ-181-2021-12-07||SC_FORMAL_VOTE::SCV|1983,ICJ-181-2021-12-07,181,2022-06-03,178,SC_FORMAL_VOTE,S/PV.9054,0,0,0,NO_PRESERVED_MANUAL_REVIEW_EVIDENCE,UNREVIEWED_IS_NOT_CODED_ZERO
ICJ-181-2021-12-07||SC_MEETING::SCM|S/PV.9053,ICJ-181-2021-12-07,181,2022-06-03,178,SC_MEETING,S/PV.9053,0,0,0,NO_PRESERVED_MANUAL_REVIEW_EVIDENCE,UNREVIEWED_IS_NOT_CODED_ZERO
ICJ-181-2021-12-07||SC_MEETING::SCM|S/PV.9054,ICJ-181-2021-12-07,181,2022-06-03,178,SC_MEETING,S/PV.9054,0,0,0,NO_PRESERVED_MANUAL_REVIEW_EVIDENCE,UNREVIEWED_IS_NOT_CODED_ZERO
ICJ-181-2021-12-07||SC_MEETING::SCM|S/PV.9055,ICJ-181-2021-12-07,181,2022-06-03,178,SC_MEETING,S/PV.9055,0,0,0,NO_PRESERVED_MANUAL_REVIEW_EVIDENCE,UNREVIEWED_IS_NOT_CODED_ZERO
ICJ-182-2022-03-16||SC_MEETING::SCM|S/PV.8996,ICJ-182-2022-03-16,182,2022-03-16,0,SC_MEETING,S/PV.8996,0,0,0,NO_PRESERVED_MANUAL_REVIEW_EVIDENCE,UNREVIEWED_IS_NOT_CODED_ZERO
ICJ-182-2022-03-16||SC_FORMAL_VOTE::SCV|1971,ICJ-182-2022-03-16,182,2022-03-17,1,SC_FORMAL_VOTE,S/PV.8997,0,0,0,NO_PRESERVED_MANUAL_REVIEW_EVIDENCE,UNREVIEWED_IS_NOT_CODED_ZERO
ICJ-182-2022-03-16||SC_MEETING::SCM|S/PV.8997,ICJ-182-2022-03-16,182,2022-03-17,1,SC_MEETING,S/PV.8997,0,0,0,NO_PRESERVED_MANUAL_REVIEW_EVIDENCE,UNREVIEWED_IS_NOT_CODED_ZERO
ICJ-182-2022-03-16||SC_MEETING::SCM|S/PV.8998,ICJ-182-2022-03-16,182,2022-03-17,1,SC_MEETING,S/PV.8998,0,0,0,NO_PRESERVED_MANUAL_REVIEW_EVIDENCE,UNREVIEWED_IS_NOT_CODED_ZERO
ICJ-182-2022-03-16||SC_MEETING::SCM|S/PV.8999,ICJ-182-2022-03-16,182,2022-03-18,2,SC_MEETING,S/PV.8999,0,0,0,NO_PRESERVED_MANUAL_REVIEW_EVIDENCE,UNREVIEWED_IS_NOT_CODED_ZERO
ICJ-182-2022-03-16||SC_MEETING::SCM|S/PV.9000,ICJ-182-2022-03-16,182,2022-03-22,6,SC_MEETING,S/PV.9000,0,0,0,NO_PRESERVED_MANUAL_REVIEW_EVIDENCE,UNREVIEWED_IS_NOT_CODED_ZERO
ICJ-182-2022-03-16||SC_FORMAL_VOTE::SCV|1972,ICJ-182-2022-03-16,182,2022-03-23,7,SC_FORMAL_VOTE,S/PV.9002,0,0,0,NO_PRESERVED_MANUAL_REVIEW_EVIDENCE,UNREVIEWED_IS_NOT_CODED_ZERO
ICJ-182-2022-03-16||SC_MEETING::SCM|S/PV.9001,ICJ-182-2022-03-16,182,2022-03-23,7,SC_MEETING,S/PV.9001,0,0,0,NO_PRESERVED_MANUAL_REVIEW_EVIDENCE,UNREVIEWED_IS_NOT_CODED_ZERO
ICJ-182-2022-03-16||SC_MEETING::SCM|S/PV.9002,ICJ-182-2022-03-16,182,2022-03-23,7,SC_MEETING,S/PV.9002,0,0,0,NO_PRESERVED_MANUAL_REVIEW_EVIDENCE,UNREVIEWED_IS_NOT_CODED_ZERO
ICJ-182-2022-03-16||GA_FORMAL_VOTE::GAV|3965954,ICJ-182-2022-03-16,182,2022-03-24,8,GA_FORMAL_VOTE,A/ES-11/PV.9,0,0,0,NO_PRESERVED_MANUAL_REVIEW_EVIDENCE,UNREVIEWED_IS_NOT_CODED_ZERO
ICJ-182-2022-03-16||SC_MEETING::SCM|S/PV.9003,ICJ-182-2022-03-16,182,2022-03-24,8,SC_MEETING,S/PV.9003,0,0,0,NO_PRESERVED_MANUAL_REVIEW_EVIDENCE,UNREVIEWED_IS_NOT_CODED_ZERO
ICJ-182-2022-03-16||SC_FORMAL_VOTE::SCV|1973,ICJ-182-2022-03-16,182,2022-03-25,9,SC_FORMAL_VOTE,S/PV.9004,0,0,0,NO_PRESERVED_MANUAL_REVIEW_EVIDENCE,UNREVIEWED_IS_NOT_CODED_ZERO
ICJ-182-2022-03-16||SC_MEETING::SCM|S/PV.9004,ICJ-182-2022-03-16,182,2022-03-25,9,SC_MEETING,S/PV.9004,0,0,0,NO_PRESERVED_MANUAL_REVIEW_EVIDENCE,UNREVIEWED_IS_NOT_CODED_ZERO
ICJ-182-2022-03-16||SC_MEETING::SCM|S/PV.9005,ICJ-182-2022-03-16,182,2022-03-28,12,SC_MEETING,S/PV.9005,0,0,0,NO_PRESERVED_MANUAL_REVIEW_EVIDENCE,UNREVIEWED_IS_NOT_CODED_ZERO
ICJ-182-2022-03-16||SC_MEETING::SCM|S/PV.9006,ICJ-182-2022-03-16,182,2022-03-28,12,SC_MEETING,S/PV.9006,0,0,0,NO_PRESERVED_MANUAL_REVIEW_EVIDENCE,UNREVIEWED_IS_NOT_CODED_ZERO
ICJ-182-2022-03-16||SC_MEETING::SCM|S/PV.9007,ICJ-182-2022-03-16,182,2022-03-29,13,SC_MEETING,S/PV.9007,0,0,0,NO_PRESERVED_MANUAL_REVIEW_EVIDENCE,UNREVIEWED_IS_NOT_CODED_ZERO
ICJ-182-2022-03-16||SC_MEETING::SCM|S/PV.9008,ICJ-182-2022-03-16,182,2022-03-29,13,SC_MEETING,S/PV.9008,0,0,0,NO_PRESERVED_MANUAL_REVIEW_EVIDENCE,UNREVIEWED_IS_NOT_CODED_ZERO
ICJ-182-2022-03-16||SC_FORMAL_VOTE::SCV|1974,ICJ-182-2022-03-16,182,2022-03-31,15,SC_FORMAL_VOTE,S/PV.9009,0,0,0,NO_PRESERVED_MANUAL_REVIEW_EVIDENCE,UNREVIEWED_IS_NOT_CODED_ZERO
ICJ-182-2022-03-16||SC_MEETING::SCM|S/PV.9009,ICJ-182-2022-03-16,182,2022-03-31,15,SC_MEETING,S/PV.9009,0,0,0,NO_PRESERVED_MANUAL_REVIEW_EVIDENCE,UNREVIEWED_IS_NOT_CODED_ZERO
ICJ-182-2022-03-16||SC_MEETING::SCM|S/PV.9010,ICJ-182-2022-03-16,182,2022-03-31,15,SC_MEETING,S/PV.9010,0,0,0,NO_PRESERVED_MANUAL_REVIEW_EVIDENCE,UNREVIEWED_IS_NOT_CODED_ZERO
ICJ-182-2022-03-16||SC_MEETING::SCM|S/PV.9011,ICJ-182-2022-03-16,182,2022-04-05,20,SC_MEETING,S/PV.9011,0,0,0,NO_PRESERVED_MANUAL_REVIEW_EVIDENCE,UNREVIEWED_IS_NOT_CODED_ZERO
ICJ-182-2022-03-16||GA_FORMAL_VOTE::GAV|3967778,ICJ-182-2022-03-16,182,2022-04-07,22,GA_FORMAL_VOTE,A/ES-11/PV.10,1,0,1,PRESERVED_ORIGINAL_233_HUMAN_REVIEW,REVIEW_EVIDENCE_PRESENT
ICJ-182-2022-03-16||SC_MEETING::SCM|S/PV.9012,ICJ-182-2022-03-16,182,2022-04-07,22,SC_MEETING,S/PV.9012,0,0,0,NO_PRESERVED_MANUAL_REVIEW_EVIDENCE,UNREVIEWED_IS_NOT_CODED_ZERO
ICJ-182-2022-03-16||SC_MEETING::SCM|S/PV.9013,ICJ-182-2022-03-16,182,2022-04-11,26,SC_MEETING,S/PV.9013,0,0,0,NO_PRESERVED_MANUAL_REVIEW_EVIDENCE,UNREVIEWED_IS_NOT_CODED_ZERO
ICJ-182-2022-03-16||SC_MEETING::SCM|S/PV.9014,ICJ-182-2022-03-16,182,2022-04-11,26,SC_MEETING,S/PV.9014,0,0,0,NO_PRESERVED_MANUAL_REVIEW_EVIDENCE,UNREVIEWED_IS_NOT_CODED_ZERO
ICJ-182-2022-03-16||SC_MEETING::SCM|S/PV.9015,ICJ-182-2022-03-16,182,2022-04-12,27,SC_MEETING,S/PV.9015,0,0,0,NO_PRESERVED_MANUAL_REVIEW_EVIDENCE,UNREVIEWED_IS_NOT_CODED_ZERO
ICJ-182-2022-03-16||SC_MEETING::SCM|S/PV.9016,ICJ-182-2022-03-16,182,2022-04-13,28,SC_MEETING,S/PV.9016,0,0,0,NO_PRESERVED_MANUAL_REVIEW_EVIDENCE,UNREVIEWED_IS_NOT_CODED_ZERO
ICJ-182-2022-03-16||SC_MEETING::SCM|S/PV.9016 (Resumption 1),ICJ-182-2022-03-16,182,2022-04-13,28,SC_MEETING,S/PV.9016 (Resumption 1),0,0,0,NO_PRESERVED_MANUAL_REVIEW_EVIDENCE,UNREVIEWED_IS_NOT_CODED_ZERO
ICJ-182-2022-03-16||SC_MEETING::SCM|S/PV.9017,ICJ-182-2022-03-16,182,2022-04-14,29,SC_MEETING,S/PV.9017,0,0,0,NO_PRESERVED_MANUAL_REVIEW_EVIDENCE,UNREVIEWED_IS_NOT_CODED_ZERO
ICJ-182-2022-03-16||SC_MEETING::SCM|S/PV.9018,ICJ-182-2022-03-16,182,2022-04-19,34,SC_MEETING,S/PV.9018,0,0,0,NO_PRESERVED_MANUAL_REVIEW_EVIDENCE,UNREVIEWED_IS_NOT_CODED_ZERO
ICJ-182-2022-03-16||SC_MEETING::SCM|S/PV.9019,ICJ-182-2022-03-16,182,2022-04-20,35,SC_MEETING,S/PV.9019,0,0,0,NO_PRESERVED_MANUAL_REVIEW_EVIDENCE,UNREVIEWED_IS_NOT_CODED_ZERO
ICJ-182-2022-03-16||SC_MEETING::SCM|S/PV.9020,ICJ-182-2022-03-16,182,2022-04-21,36,SC_MEETING,S/PV.9020,0,0,0,NO_PRESERVED_MANUAL_REVIEW_EVIDENCE,UNREVIEWED_IS_NOT_CODED_ZERO
ICJ-182-2022-03-16||SC_MEETING::SCM|S/PV.9021,ICJ-182-2022-03-16,182,2022-04-25,40,SC_MEETING,S/PV.9021,0,0,0,NO_PRESERVED_MANUAL_REVIEW_EVIDENCE,UNREVIEWED_IS_NOT_CODED_ZERO
ICJ-182-2022-03-16||SC_MEETING::SCM|S/PV.9021 (Resumption 1),ICJ-182-2022-03-16,182,2022-04-25,40,SC_MEETING,S/PV.9021 (Resumption 1),0,0,0,NO_PRESERVED_MANUAL_REVIEW_EVIDENCE,UNREVIEWED_IS_NOT_CODED_ZERO
ICJ-182-2022-03-16||SC_MEETING::SCM|S/PV.9022,ICJ-182-2022-03-16,182,2022-04-26,41,SC_MEETING,S/PV.9022,0,0,0,NO_PRESERVED_MANUAL_REVIEW_EVIDENCE,UNREVIEWED_IS_NOT_CODED_ZERO
ICJ-182-2022-03-16||SC_MEETING::SCM|S/PV.9023,ICJ-182-2022-03-16,182,2022-04-27,42,SC_MEETING,S/PV.9023,0,0,0,NO_PRESERVED_MANUAL_REVIEW_EVIDENCE,UNREVIEWED_IS_NOT_CODED_ZERO
ICJ-182-2022-03-16||SC_MEETING::SCM|S/PV.9024,ICJ-182-2022-03-16,182,2022-04-28,43,SC_MEETING,S/PV.9024,0,0,0,NO_PRESERVED_MANUAL_REVIEW_EVIDENCE,UNREVIEWED_IS_NOT_CODED_ZERO
ICJ-182-2022-03-16||SC_FORMAL_VOTE::SCV|1975,ICJ-182-2022-03-16,182,2022-04-29,44,SC_FORMAL_VOTE,S/PV.9025,0,0,0,NO_PRESERVED_MANUAL_REVIEW_EVIDENCE,UNREVIEWED_IS_NOT_CODED_ZERO
ICJ-182-2022-03-16||SC_MEETING::SCM|S/PV.9025,ICJ-182-2022-03-16,182,2022-04-29,44,SC_MEETING,S/PV.9025,0,0,0,NO_PRESERVED_MANUAL_REVIEW_EVIDENCE,UNREVIEWED_IS_NOT_CODED_ZERO
ICJ-182-2022-03-16||SC_MEETING::SCM|S/PV.9026,ICJ-182-2022-03-16,182,2022-04-29,44,SC_MEETING,S/PV.9026,0,0,0,NO_PRESERVED_MANUAL_REVIEW_EVIDENCE,UNREVIEWED_IS_NOT_CODED_ZERO
ICJ-182-2022-03-16||SC_MEETING::SCM|S/PV.9027,ICJ-182-2022-03-16,182,2022-05-05,50,SC_MEETING,S/PV.9027,0,0,0,NO_PRESERVED_MANUAL_REVIEW_EVIDENCE,UNREVIEWED_IS_NOT_CODED_ZERO
ICJ-182-2022-03-16||SC_MEETING::SCM|S/PV.9028,ICJ-182-2022-03-16,182,2022-05-06,51,SC_MEETING,S/PV.9028,0,0,0,NO_PRESERVED_MANUAL_REVIEW_EVIDENCE,UNREVIEWED_IS_NOT_CODED_ZERO
ICJ-182-2022-03-16||SC_MEETING::SCM|S/PV.9029,ICJ-182-2022-03-16,182,2022-05-11,56,SC_MEETING,S/PV.9029,0,0,0,NO_PRESERVED_MANUAL_REVIEW_EVIDENCE,UNREVIEWED_IS_NOT_CODED_ZERO
ICJ-182-2022-03-16||SC_MEETING::SCM|S/PV.9030,ICJ-182-2022-03-16,182,2022-05-11,56,SC_MEETING,S/PV.9030,0,0,0,NO_PRESERVED_MANUAL_REVIEW_EVIDENCE,UNREVIEWED_IS_NOT_CODED_ZERO
ICJ-182-2022-03-16||SC_FORMAL_VOTE::SCV|1976,ICJ-182-2022-03-16,182,2022-05-12,57,SC_FORMAL_VOTE,S/PV.9031,0,0,0,NO_PRESERVED_MANUAL_REVIEW_EVIDENCE,UNREVIEWED_IS_NOT_CODED_ZERO
ICJ-182-2022-03-16||SC_MEETING::SCM|S/PV.9031,ICJ-182-2022-03-16,182,2022-05-12,57,SC_MEETING,S/PV.9031,0,0,0,NO_PRESERVED_MANUAL_REVIEW_EVIDENCE,UNREVIEWED_IS_NOT_CODED_ZERO
ICJ-182-2022-03-16||SC_MEETING::SCM|S/PV.9032,ICJ-182-2022-03-16,182,2022-05-12,57,SC_MEETING,S/PV.9032,0,0,0,NO_PRESERVED_MANUAL_REVIEW_EVIDENCE,UNREVIEWED_IS_NOT_CODED_ZERO
ICJ-182-2022-03-16||SC_MEETING::SCM|S/PV.9033,ICJ-182-2022-03-16,182,2022-05-13,58,SC_MEETING,S/PV.9033,0,0,0,NO_PRESERVED_MANUAL_REVIEW_EVIDENCE,UNREVIEWED_IS_NOT_CODED_ZERO
ICJ-182-2022-03-16||SC_MEETING::SCM|S/PV.9034,ICJ-182-2022-03-16,182,2022-05-17,62,SC_MEETING,S/PV.9034,0,0,0,NO_PRESERVED_MANUAL_REVIEW_EVIDENCE,UNREVIEWED_IS_NOT_CODED_ZERO
ICJ-182-2022-03-16||SC_MEETING::SCM|S/PV.9035,ICJ-182-2022-03-16,182,2022-05-18,63,SC_MEETING,S/PV.9035,0,0,0,NO_PRESERVED_MANUAL_REVIEW_EVIDENCE,UNREVIEWED_IS_NOT_CODED_ZERO
ICJ-182-2022-03-16||SC_MEETING::SCM|S/PV.9036,ICJ-182-2022-03-16,182,2022-05-19,64,SC_MEETING,S/PV.9036,0,0,0,NO_PRESERVED_MANUAL_REVIEW_EVIDENCE,UNREVIEWED_IS_NOT_CODED_ZERO
ICJ-182-2022-03-16||SC_MEETING::SCM|S/PV.9036 (Resumption 1),ICJ-182-2022-03-16,182,2022-05-19,64,SC_MEETING,S/PV.9036 (Resumption 1),0,0,0,NO_PRESERVED_MANUAL_REVIEW_EVIDENCE,UNREVIEWED_IS_NOT_CODED_ZERO
ICJ-182-2022-03-16||SC_MEETING::SCM|S/PV.9037,ICJ-182-2022-03-16,182,2022-05-20,65,SC_MEETING,S/PV.9037,0,0,0,NO_PRESERVED_MANUAL_REVIEW_EVIDENCE,UNREVIEWED_IS_NOT_CODED_ZERO
ICJ-182-2022-03-16||SC_MEETING::SCM|S/PV.9038,ICJ-182-2022-03-16,182,2022-05-20,65,SC_MEETING,S/PV.9038,0,0,0,NO_PRESERVED_MANUAL_REVIEW_EVIDENCE,UNREVIEWED_IS_NOT_CODED_ZERO
ICJ-182-2022-03-16||SC_MEETING::SCM|S/PV.9039,ICJ-182-2022-03-16,182,2022-05-23,68,SC_MEETING,S/PV.9039,0,0,0,NO_PRESERVED_MANUAL_REVIEW_EVIDENCE,UNREVIEWED_IS_NOT_CODED_ZERO
ICJ-182-2022-03-16||SC_MEETING::SCM|S/PV.9040,ICJ-182-2022-03-16,182,2022-05-23,68,SC_MEETING,S/PV.9040,0,0,0,NO_PRESERVED_MANUAL_REVIEW_EVIDENCE,UNREVIEWED_IS_NOT_CODED_ZERO
ICJ-182-2022-03-16||SC_MEETING::SCM|S/PV.9041,ICJ-182-2022-03-16,182,2022-05-24,69,SC_MEETING,S/PV.9041,0,0,0,NO_PRESERVED_MANUAL_REVIEW_EVIDENCE,UNREVIEWED_IS_NOT_CODED_ZERO
ICJ-182-2022-03-16||SC_MEETING::SCM|S/PV.9042,ICJ-182-2022-03-16,182,2022-05-25,70,SC_MEETING,S/PV.9042,0,0,0,NO_PRESERVED_MANUAL_REVIEW_EVIDENCE,UNREVIEWED_IS_NOT_CODED_ZERO
ICJ-182-2022-03-16||SC_MEETING::SCM|S/PV.9042 (Resumption 1),ICJ-182-2022-03-16,182,2022-05-25,70,SC_MEETING,S/PV.9042 (Resumption 1),0,0,0,NO_PRESERVED_MANUAL_REVIEW_EVIDENCE,UNREVIEWED_IS_NOT_CODED_ZERO
ICJ-182-2022-03-16||SC_FORMAL_VOTE::SCV|1977,ICJ-182-2022-03-16,182,2022-05-26,71,SC_FORMAL_VOTE,S/PV.9045,0,0,0,NO_PRESERVED_MANUAL_REVIEW_EVIDENCE,UNREVIEWED_IS_NOT_CODED_ZERO
ICJ-182-2022-03-16||SC_FORMAL_VOTE::SCV|1978,ICJ-182-2022-03-16,182,2022-05-26,71,SC_FORMAL_VOTE,S/PV.9048,0,0,0,NO_PRESERVED_MANUAL_REVIEW_EVIDENCE,UNREVIEWED_IS_NOT_CODED_ZERO
ICJ-182-2022-03-16||SC_FORMAL_VOTE::SCV|1979,ICJ-182-2022-03-16,182,2022-05-26,71,SC_FORMAL_VOTE,S/PV.9043,0,0,0,NO_PRESERVED_MANUAL_REVIEW_EVIDENCE,UNREVIEWED_IS_NOT_CODED_ZERO
ICJ-182-2022-03-16||SC_FORMAL_VOTE::SCV|1980,ICJ-182-2022-03-16,182,2022-05-26,71,SC_FORMAL_VOTE,S/PV.9044,0,0,0,NO_PRESERVED_MANUAL_REVIEW_EVIDENCE,UNREVIEWED_IS_NOT_CODED_ZERO
ICJ-182-2022-03-16||SC_MEETING::SCM|S/PV.9043,ICJ-182-2022-03-16,182,2022-05-26,71,SC_MEETING,S/PV.9043,0,0,0,NO_PRESERVED_MANUAL_REVIEW_EVIDENCE,UNREVIEWED_IS_NOT_CODED_ZERO
ICJ-182-2022-03-16||SC_MEETING::SCM|S/PV.9044,ICJ-182-2022-03-16,182,2022-05-26,71,SC_MEETING,S/PV.9044,0,0,0,NO_PRESERVED_MANUAL_REVIEW_EVIDENCE,UNREVIEWED_IS_NOT_CODED_ZERO
ICJ-182-2022-03-16||SC_MEETING::SCM|S/PV.9045,ICJ-182-2022-03-16,182,2022-05-26,71,SC_MEETING,S/PV.9045,0,0,0,NO_PRESERVED_MANUAL_REVIEW_EVIDENCE,UNREVIEWED_IS_NOT_CODED_ZERO
ICJ-182-2022-03-16||SC_MEETING::SCM|S/PV.9046,ICJ-182-2022-03-16,182,2022-05-26,71,SC_MEETING,S/PV.9046,0,0,0,NO_PRESERVED_MANUAL_REVIEW_EVIDENCE,UNREVIEWED_IS_NOT_CODED_ZERO
ICJ-182-2022-03-16||SC_MEETING::SCM|S/PV.9047,ICJ-182-2022-03-16,182,2022-05-26,71,SC_MEETING,S/PV.9047,0,0,0,NO_PRESERVED_MANUAL_REVIEW_EVIDENCE,UNREVIEWED_IS_NOT_CODED_ZERO
ICJ-182-2022-03-16||SC_MEETING::SCM|S/PV.9048,ICJ-182-2022-03-16,182,2022-05-26,71,SC_MEETING,S/PV.9048,0,0,0,NO_PRESERVED_MANUAL_REVIEW_EVIDENCE,UNREVIEWED_IS_NOT_CODED_ZERO
ICJ-182-2022-03-16||SC_MEETING::SCM|S/PV.9049,ICJ-182-2022-03-16,182,2022-05-27,72,SC_MEETING,S/PV.9049,0,0,0,NO_PRESERVED_MANUAL_REVIEW_EVIDENCE,UNREVIEWED_IS_NOT_CODED_ZERO
ICJ-182-2022-03-16||SC_FORMAL_VOTE::SCV|1981,ICJ-182-2022-03-16,182,2022-05-31,76,SC_FORMAL_VOTE,S/PV.9050,0,0,0,NO_PRESERVED_MANUAL_REVIEW_EVIDENCE,UNREVIEWED_IS_NOT_CODED_ZERO
ICJ-182-2022-03-16||SC_MEETING::SCM|S/PV.9050,ICJ-182-2022-03-16,182,2022-05-31,76,SC_MEETING,S/PV.9050,0,0,0,NO_PRESERVED_MANUAL_REVIEW_EVIDENCE,UNREVIEWED_IS_NOT_CODED_ZERO
ICJ-182-2022-03-16||SC_MEETING::SCM|S/PV.9051,ICJ-182-2022-03-16,182,2022-05-31,76,SC_MEETING,S/PV.9051,0,0,0,NO_PRESERVED_MANUAL_REVIEW_EVIDENCE,UNREVIEWED_IS_NOT_CODED_ZERO
ICJ-182-2022-03-16||SC_MEETING::SCM|S/PV.9052,ICJ-182-2022-03-16,182,2022-06-02,78,SC_MEETING,S/PV.9052,0,0,0,NO_PRESERVED_MANUAL_REVIEW_EVIDENCE,UNREVIEWED_IS_NOT_CODED_ZERO
ICJ-182-2022-03-16||SC_MEETING::SCM|S/PV.9052 (Resumption 1),ICJ-182-2022-03-16,182,2022-06-02,78,SC_MEETING,S/PV.9052 (Resumption 1),0,0,0,NO_PRESERVED_MANUAL_REVIEW_EVIDENCE,UNREVIEWED_IS_NOT_CODED_ZERO
ICJ-182-2022-03-16||SC_FORMAL_VOTE::SCV|1982,ICJ-182-2022-03-16,182,2022-06-03,79,SC_FORMAL_VOTE,S/PV.9053,0,0,0,NO_PRESERVED_MANUAL_REVIEW_EVIDENCE,UNREVIEWED_IS_NOT_CODED_ZERO
ICJ-182-2022-03-16||SC_FORMAL_VOTE::SCV|1983,ICJ-182-2022-03-16,182,2022-06-03,79,SC_FORMAL_VOTE,S/PV.9054,0,0,0,NO_PRESERVED_MANUAL_REVIEW_EVIDENCE,UNREVIEWED_IS_NOT_CODED_ZERO
ICJ-182-2022-03-16||SC_MEETING::SCM|S/PV.9053,ICJ-182-2022-03-16,182,2022-06-03,79,SC_MEETING,S/PV.9053,0,0,0,NO_PRESERVED_MANUAL_REVIEW_EVIDENCE,UNREVIEWED_IS_NOT_CODED_ZERO
ICJ-182-2022-03-16||SC_MEETING::SCM|S/PV.9054,ICJ-182-2022-03-16,182,2022-06-03,79,SC_MEETING,S/PV.9054,0,0,0,NO_PRESERVED_MANUAL_REVIEW_EVIDENCE,UNREVIEWED_IS_NOT_CODED_ZERO
ICJ-182-2022-03-16||SC_MEETING::SCM|S/PV.9055,ICJ-182-2022-03-16,182,2022-06-03,79,SC_MEETING,S/PV.9055,0,0,0,NO_PRESERVED_MANUAL_REVIEW_EVIDENCE,UNREVIEWED_IS_NOT_CODED_ZERO
ICJ-182-2022-03-16||SC_MEETING::SCM|S/PV.9056,ICJ-182-2022-03-16,182,2022-06-06,82,SC_MEETING,S/PV.9056,0,0,0,NO_PRESERVED_MANUAL_REVIEW_EVIDENCE,UNREVIEWED_IS_NOT_CODED_ZERO
ICJ-182-2022-03-16||SC_MEETING::SCM|S/PV.9057,ICJ-182-2022-03-16,182,2022-06-07,83,SC_MEETING,S/PV.9057,0,0,0,NO_PRESERVED_MANUAL_REVIEW_EVIDENCE,UNREVIEWED_IS_NOT_CODED_ZERO
ICJ-182-2022-03-16||GA_FORMAL_VOTE::GAV|3976352,ICJ-182-2022-03-16,182,2022-06-08,84,GA_FORMAL_VOTE,A/76/PV.78,0,0,0,NO_PRESERVED_MANUAL_REVIEW_EVIDENCE,UNREVIEWED_IS_NOT_CODED_ZERO
ICJ-182-2022-03-16||SC_MEETING::SCM|S/PV.9058,ICJ-182-2022-03-16,182,2022-06-08,84,SC_MEETING,S/PV.9058,0,0,0,NO_PRESERVED_MANUAL_REVIEW_EVIDENCE,UNREVIEWED_IS_NOT_CODED_ZERO
ICJ-182-2022-03-16||SC_MEETING::SCM|S/PV.9059,ICJ-182-2022-03-16,182,2022-06-08,84,SC_MEETING,S/PV.9059,0,0,0,NO_PRESERVED_MANUAL_REVIEW_EVIDENCE,UNREVIEWED_IS_NOT_CODED_ZERO
ICJ-182-2022-03-16||SC_MEETING::SCM|S/PV.9060,ICJ-182-2022-03-16,182,2022-06-09,85,SC_MEETING,S/PV.9060,0,0,0,NO_PRESERVED_MANUAL_REVIEW_EVIDENCE,UNREVIEWED_IS_NOT_CODED_ZERO
ICJ-182-2022-03-16||SC_MEETING::SCM|S/PV.9061,ICJ-182-2022-03-16,182,2022-06-13,89,SC_MEETING,S/PV.9061,0,0,0,NO_PRESERVED_MANUAL_REVIEW_EVIDENCE,UNREVIEWED_IS_NOT_CODED_ZERO
ICJ-182-2022-03-16||SC_MEETING::SCM|S/PV.9062,ICJ-182-2022-03-16,182,2022-06-14,90,SC_MEETING,S/PV.9062,0,0,0,NO_PRESERVED_MANUAL_REVIEW_EVIDENCE,UNREVIEWED_IS_NOT_CODED_ZERO
ICJ-182-2022-03-16||SC_MEETING::SCM|S/PV.9063,ICJ-182-2022-03-16,182,2022-06-14,90,SC_MEETING,S/PV.9063,0,0,0,NO_PRESERVED_MANUAL_REVIEW_EVIDENCE,UNREVIEWED_IS_NOT_CODED_ZERO
ICJ-182-2022-03-16||SC_MEETING::SCM|S/PV.9064,ICJ-182-2022-03-16,182,2022-06-15,91,SC_MEETING,S/PV.9064,0,0,0,NO_PRESERVED_MANUAL_REVIEW_EVIDENCE,UNREVIEWED_IS_NOT_CODED_ZERO
ICJ-182-2022-03-16||SC_MEETING::SCM|S/PV.9064 (Resumption 1),ICJ-182-2022-03-16,182,2022-06-15,91,SC_MEETING,S/PV.9064 (Resumption 1),0,0,0,NO_PRESERVED_MANUAL_REVIEW_EVIDENCE,UNREVIEWED_IS_NOT_CODED_ZERO
ICJ-182-2022-03-16||SC_MEETING::SCM|S/PV.9065,ICJ-182-2022-03-16,182,2022-06-16,92,SC_MEETING,S/PV.9065,0,0,0,NO_PRESERVED_MANUAL_REVIEW_EVIDENCE,UNREVIEWED_IS_NOT_CODED_ZERO
ICJ-182-2022-03-16||SC_MEETING::SCM|S/PV.9066,ICJ-182-2022-03-16,182,2022-06-16,92,SC_MEETING,S/PV.9066,0,0,0,NO_PRESERVED_MANUAL_REVIEW_EVIDENCE,UNREVIEWED_IS_NOT_CODED_ZERO
ICJ-182-2022-03-16||SC_MEETING::SCM|S/PV.9067,ICJ-182-2022-03-16,182,2022-06-20,96,SC_MEETING,S/PV.9067,0,0,0,NO_PRESERVED_MANUAL_REVIEW_EVIDENCE,UNREVIEWED_IS_NOT_CODED_ZERO
ICJ-182-2022-03-16||SC_MEETING::SCM|S/PV.9068,ICJ-182-2022-03-16,182,2022-06-20,96,SC_MEETING,S/PV.9068,0,0,0,NO_PRESERVED_MANUAL_REVIEW_EVIDENCE,UNREVIEWED_IS_NOT_CODED_ZERO
ICJ-182-2022-03-16||SC_MEETING::SCM|S/PV.9069,ICJ-182-2022-03-16,182,2022-06-21,97,SC_MEETING,S/PV.9069,0,0,0,NO_PRESERVED_MANUAL_REVIEW_EVIDENCE,UNREVIEWED_IS_NOT_CODED_ZERO
ICJ-182-2022-03-16||SC_MEETING::SCM|S/PV.9070,ICJ-182-2022-03-16,182,2022-06-21,97,SC_MEETING,S/PV.9070,0,0,0,NO_PRESERVED_MANUAL_REVIEW_EVIDENCE,UNREVIEWED_IS_NOT_CODED_ZERO
ICJ-182-2022-03-16||SC_MEETING::SCM|S/PV.9071,ICJ-182-2022-03-16,182,2022-06-21,97,SC_MEETING,S/PV.9071,0,0,0,NO_PRESERVED_MANUAL_REVIEW_EVIDENCE,UNREVIEWED_IS_NOT_CODED_ZERO
ICJ-182-2022-03-16||SC_FORMAL_VOTE::SCV|1984,ICJ-182-2022-03-16,182,2022-06-22,98,SC_FORMAL_VOTE,S/PV.9072,0,0,0,NO_PRESERVED_MANUAL_REVIEW_EVIDENCE,UNREVIEWED_IS_NOT_CODED_ZERO
ICJ-182-2022-03-16||SC_FORMAL_VOTE::SCV|1985,ICJ-182-2022-03-16,182,2022-06-22,98,SC_FORMAL_VOTE,S/PV.9073,0,1,1,PUBLISHED_RECALL_REVIEW_REPORTED_CANDIDATE_ID_RECONSTRUCTED,REVIEW_EVIDENCE_PRESENT
ICJ-182-2022-03-16||SC_MEETING::SCM|S/PV.9072,ICJ-182-2022-03-16,182,2022-06-22,98,SC_MEETING,S/PV.9072,0,0,0,NO_PRESERVED_MANUAL_REVIEW_EVIDENCE,UNREVIEWED_IS_NOT_CODED_ZERO
ICJ-182-2022-03-16||SC_MEETING::SCM|S/PV.9073,ICJ-182-2022-03-16,182,2022-06-22,98,SC_MEETING,S/PV.9073,0,1,1,PUBLISHED_RECALL_REVIEW_REPORTED_CANDIDATE_ID_RECONSTRUCTED,REVIEW_EVIDENCE_PRESENT
ICJ-182-2022-03-16||SC_MEETING::SCM|S/PV.9074,ICJ-182-2022-03-16,182,2022-06-22,98,SC_MEETING,S/PV.9074,0,0,0,NO_PRESERVED_MANUAL_REVIEW_EVIDENCE,UNREVIEWED_IS_NOT_CODED_ZERO
ICJ-182-2022-03-16||SC_MEETING::SCM|S/PV.9075,ICJ-182-2022-03-16,182,2022-06-23,99,SC_MEETING,S/PV.9075,0,0,0,NO_PRESERVED_MANUAL_REVIEW_EVIDENCE,UNREVIEWED_IS_NOT_CODED_ZERO
ICJ-182-2022-03-16||SC_FORMAL_VOTE::SCV|1986,ICJ-182-2022-03-16,182,2022-06-27,103,SC_FORMAL_VOTE,S/PV.9076,0,0,0,NO_PRESERVED_MANUAL_REVIEW_EVIDENCE,UNREVIEWED_IS_NOT_CODED_ZERO
ICJ-182-2022-03-16||SC_MEETING::SCM|S/PV.9076,ICJ-182-2022-03-16,182,2022-06-27,103,SC_MEETING,S/PV.9076,0,0,0,NO_PRESERVED_MANUAL_REVIEW_EVIDENCE,UNREVIEWED_IS_NOT_CODED_ZERO
ICJ-182-2022-03-16||SC_MEETING::SCM|S/PV.9077,ICJ-182-2022-03-16,182,2022-06-27,103,SC_MEETING,S/PV.9077,0,0,0,NO_PRESERVED_MANUAL_REVIEW_EVIDENCE,UNREVIEWED_IS_NOT_CODED_ZERO
ICJ-182-2022-03-16||SC_MEETING::SCM|S/PV.9078,ICJ-182-2022-03-16,182,2022-06-27,103,SC_MEETING,S/PV.9078,0,0,0,NO_PRESERVED_MANUAL_REVIEW_EVIDENCE,UNREVIEWED_IS_NOT_CODED_ZERO
ICJ-182-2022-03-16||SC_MEETING::SCM|S/PV.9079,ICJ-182-2022-03-16,182,2022-06-28,104,SC_MEETING,S/PV.9079,0,0,0,NO_PRESERVED_MANUAL_REVIEW_EVIDENCE,UNREVIEWED_IS_NOT_CODED_ZERO
ICJ-182-2022-03-16||SC_MEETING::SCM|S/PV.9079 (Resumption 1),ICJ-182-2022-03-16,182,2022-06-28,104,SC_MEETING,S/PV.9079 (Resumption 1),0,0,0,NO_PRESERVED_MANUAL_REVIEW_EVIDENCE,UNREVIEWED_IS_NOT_CODED_ZERO
ICJ-182-2022-03-16||SC_MEETING::SCM|S/PV.9080,ICJ-182-2022-03-16,182,2022-06-28,104,SC_MEETING,S/PV.9080,0,0,0,NO_PRESERVED_MANUAL_REVIEW_EVIDENCE,UNREVIEWED_IS_NOT_CODED_ZERO
ICJ-182-2022-03-16||GA_FORMAL_VOTE::GAV|3979135,ICJ-182-2022-03-16,182,2022-06-29,105,GA_FORMAL_VOTE,A/76/PV.89,0,0,0,NO_PRESERVED_MANUAL_REVIEW_EVIDENCE,UNREVIEWED_IS_NOT_CODED_ZERO
ICJ-182-2022-03-16||SC_FORMAL_VOTE::SCV|1987,ICJ-182-2022-03-16,182,2022-06-29,105,SC_FORMAL_VOTE,S/PV.9082,0,0,0,NO_PRESERVED_MANUAL_REVIEW_EVIDENCE,UNREVIEWED_IS_NOT_CODED_ZERO
ICJ-182-2022-03-16||SC_MEETING::SCM|S/PV.9081,ICJ-182-2022-03-16,182,2022-06-29,105,SC_MEETING,S/PV.9081,0,0,0,NO_PRESERVED_MANUAL_REVIEW_EVIDENCE,UNREVIEWED_IS_NOT_CODED_ZERO
ICJ-182-2022-03-16||SC_MEETING::SCM|S/PV.9082,ICJ-182-2022-03-16,182,2022-06-29,105,SC_MEETING,S/PV.9082,0,0,0,NO_PRESERVED_MANUAL_REVIEW_EVIDENCE,UNREVIEWED_IS_NOT_CODED_ZERO
ICJ-182-2022-03-16||SC_MEETING::SCM|S/PV.9083,ICJ-182-2022-03-16,182,2022-06-29,105,SC_MEETING,S/PV.9083,0,0,0,NO_PRESERVED_MANUAL_REVIEW_EVIDENCE,UNREVIEWED_IS_NOT_CODED_ZERO
ICJ-182-2022-03-16||SC_FORMAL_VOTE::SCV|1988,ICJ-182-2022-03-16,182,2022-06-30,106,SC_FORMAL_VOTE,S/PV.9084,0,0,0,NO_PRESERVED_MANUAL_REVIEW_EVIDENCE,UNREVIEWED_IS_NOT_CODED_ZERO
ICJ-182-2022-03-16||SC_MEETING::SCM|S/PV.9084,ICJ-182-2022-03-16,182,2022-06-30,106,SC_MEETING,S/PV.9084,0,0,0,NO_PRESERVED_MANUAL_REVIEW_EVIDENCE,UNREVIEWED_IS_NOT_CODED_ZERO
ICJ-182-2022-03-16||SC_MEETING::SCM|S/PV.9085,ICJ-182-2022-03-16,182,2022-06-30,106,SC_MEETING,S/PV.9085,0,0,0,NO_PRESERVED_MANUAL_REVIEW_EVIDENCE,UNREVIEWED_IS_NOT_CODED_ZERO
ICJ-182-2022-03-16||SC_MEETING::SCM|S/PV.9086,ICJ-182-2022-03-16,182,2022-07-07,113,SC_MEETING,S/PV.9086,0,0,0,NO_PRESERVED_MANUAL_REVIEW_EVIDENCE,UNREVIEWED_IS_NOT_CODED_ZERO
ICJ-182-2022-03-16||SC_FORMAL_VOTE::SCV|1989,ICJ-182-2022-03-16,182,2022-07-08,114,SC_FORMAL_VOTE,S/PV.9087,0,0,0,NO_PRESERVED_MANUAL_REVIEW_EVIDENCE,UNREVIEWED_IS_NOT_CODED_ZERO
ICJ-182-2022-03-16||SC_FORMAL_VOTE::SCV|1990,ICJ-182-2022-03-16,182,2022-07-08,114,SC_FORMAL_VOTE,S/PV.9087,0,0,0,NO_PRESERVED_MANUAL_REVIEW_EVIDENCE,UNREVIEWED_IS_NOT_CODED_ZERO
ICJ-182-2022-03-16||SC_MEETING::SCM|S/PV.9087,ICJ-182-2022-03-16,182,2022-07-08,114,SC_MEETING,S/PV.9087,0,0,0,NO_PRESERVED_MANUAL_REVIEW_EVIDENCE,UNREVIEWED_IS_NOT_CODED_ZERO
ICJ-182-2022-03-16||SC_MEETING::SCM|S/PV.9088,ICJ-182-2022-03-16,182,2022-07-11,117,SC_MEETING,S/PV.9088,0,0,0,NO_PRESERVED_MANUAL_REVIEW_EVIDENCE,UNREVIEWED_IS_NOT_CODED_ZERO
ICJ-182-2022-03-16||SC_FORMAL_VOTE::SCV|1991,ICJ-182-2022-03-16,182,2022-07-12,118,SC_FORMAL_VOTE,S/PV.9089,0,0,0,NO_PRESERVED_MANUAL_REVIEW_EVIDENCE,UNREVIEWED_IS_NOT_CODED_ZERO
ICJ-182-2022-03-16||SC_MEETING::SCM|S/PV.9089,ICJ-182-2022-03-16,182,2022-07-12,118,SC_MEETING,S/PV.9089,0,0,0,NO_PRESERVED_MANUAL_REVIEW_EVIDENCE,UNREVIEWED_IS_NOT_CODED_ZERO
ICJ-182-2022-03-16||SC_MEETING::SCM|S/PV.9090,ICJ-182-2022-03-16,182,2022-07-12,118,SC_MEETING,S/PV.9090,0,0,0,NO_PRESERVED_MANUAL_REVIEW_EVIDENCE,UNREVIEWED_IS_NOT_CODED_ZERO
ICJ-182-2022-03-16||SC_MEETING::SCM|S/PV.9090 (Resumption 1),ICJ-182-2022-03-16,182,2022-07-12,118,SC_MEETING,S/PV.9090 (Resumption 1),0,0,0,NO_PRESERVED_MANUAL_REVIEW_EVIDENCE,UNREVIEWED_IS_NOT_CODED_ZERO
ICJ-182-2022-03-16||SC_FORMAL_VOTE::SCV|1992,ICJ-182-2022-03-16,182,2022-07-13,119,SC_FORMAL_VOTE,S/PV.9091,0,0,0,NO_PRESERVED_MANUAL_REVIEW_EVIDENCE,UNREVIEWED_IS_NOT_CODED_ZERO
ICJ-182-2022-03-16||SC_FORMAL_VOTE::SCV|1993,ICJ-182-2022-03-16,182,2022-07-13,119,SC_FORMAL_VOTE,S/PV.9092,0,0,0,NO_PRESERVED_MANUAL_REVIEW_EVIDENCE,UNREVIEWED_IS_NOT_CODED_ZERO
ICJ-182-2022-03-16||SC_MEETING::SCM|S/PV.9091,ICJ-182-2022-03-16,182,2022-07-13,119,SC_MEETING,S/PV.9091,0,0,0,NO_PRESERVED_MANUAL_REVIEW_EVIDENCE,UNREVIEWED_IS_NOT_CODED_ZERO
ICJ-182-2022-03-16||SC_MEETING::SCM|S/PV.9092,ICJ-182-2022-03-16,182,2022-07-13,119,SC_MEETING,S/PV.9092,0,0,0,NO_PRESERVED_MANUAL_REVIEW_EVIDENCE,UNREVIEWED_IS_NOT_CODED_ZERO
ICJ-182-2022-03-16||SC_MEETING::SCM|S/PV.9093,ICJ-182-2022-03-16,182,2022-07-13,119,SC_MEETING,S/PV.9093,0,0,0,NO_PRESERVED_MANUAL_REVIEW_EVIDENCE,UNREVIEWED_IS_NOT_CODED_ZERO
ICJ-182-2022-03-16||SC_MEETING::SCM|S/PV.9094,ICJ-182-2022-03-16,182,2022-07-14,120,SC_MEETING,S/PV.9094,0,0,0,NO_PRESERVED_MANUAL_REVIEW_EVIDENCE,UNREVIEWED_IS_NOT_CODED_ZERO
ICJ-182-2022-03-16||SC_FORMAL_VOTE::SCV|1994,ICJ-182-2022-03-16,182,2022-07-15,121,SC_FORMAL_VOTE,S/PV.9095,0,0,0,NO_PRESERVED_MANUAL_REVIEW_EVIDENCE,UNREVIEWED_IS_NOT_CODED_ZERO
ICJ-182-2022-03-16||SC_MEETING::SCM|S/PV.9095,ICJ-182-2022-03-16,182,2022-07-15,121,SC_MEETING,S/PV.9095,0,0,0,NO_PRESERVED_MANUAL_REVIEW_EVIDENCE,UNREVIEWED_IS_NOT_CODED_ZERO
ICJ-182-2022-03-16||SC_MEETING::SCM|S/PV.9096,ICJ-182-2022-03-16,182,2022-07-19,125,SC_MEETING,S/PV.9096,0,0,0,NO_PRESERVED_MANUAL_REVIEW_EVIDENCE,UNREVIEWED_IS_NOT_CODED_ZERO
ICJ-182-2022-03-16||SC_MEETING::SCM|S/PV.9096 (Resumption 1),ICJ-182-2022-03-16,182,2022-07-19,125,SC_MEETING,S/PV.9096 (Resumption 1),0,0,0,NO_PRESERVED_MANUAL_REVIEW_EVIDENCE,UNREVIEWED_IS_NOT_CODED_ZERO
ICJ-182-2022-03-16||SC_MEETING::SCM|S/PV.9097,ICJ-182-2022-03-16,182,2022-07-20,126,SC_MEETING,S/PV.9097,0,0,0,NO_PRESERVED_MANUAL_REVIEW_EVIDENCE,UNREVIEWED_IS_NOT_CODED_ZERO
ICJ-182-2022-03-16||SC_MEETING::SCM|S/PV.9098,ICJ-182-2022-03-16,182,2022-07-25,131,SC_MEETING,S/PV.9098,0,0,0,NO_PRESERVED_MANUAL_REVIEW_EVIDENCE,UNREVIEWED_IS_NOT_CODED_ZERO
ICJ-182-2022-03-16||SC_MEETING::SCM|S/PV.9099,ICJ-182-2022-03-16,182,2022-07-26,132,SC_MEETING,S/PV.9099,0,0,0,NO_PRESERVED_MANUAL_REVIEW_EVIDENCE,UNREVIEWED_IS_NOT_CODED_ZERO
ICJ-182-2022-03-16||SC_MEETING::SCM|S/PV.9099 (Resumption 1),ICJ-182-2022-03-16,182,2022-07-26,132,SC_MEETING,S/PV.9099 (Resumption 1),0,0,0,NO_PRESERVED_MANUAL_REVIEW_EVIDENCE,UNREVIEWED_IS_NOT_CODED_ZERO
ICJ-182-2022-03-16||SC_MEETING::SCM|S/PV.9100,ICJ-182-2022-03-16,182,2022-07-26,132,SC_MEETING,S/PV.9100,0,0,0,NO_PRESERVED_MANUAL_REVIEW_EVIDENCE,UNREVIEWED_IS_NOT_CODED_ZERO
ICJ-182-2022-03-16||SC_MEETING::SCM|S/PV.9101,ICJ-182-2022-03-16,182,2022-07-27,133,SC_MEETING,S/PV.9101,0,0,0,NO_PRESERVED_MANUAL_REVIEW_EVIDENCE,UNREVIEWED_IS_NOT_CODED_ZERO
ICJ-182-2022-03-16||GA_FORMAL_VOTE::GAV|3982659,ICJ-182-2022-03-16,182,2022-07-28,134,GA_FORMAL_VOTE,A/76/PV.97,0,0,0,NO_PRESERVED_MANUAL_REVIEW_EVIDENCE,UNREVIEWED_IS_NOT_CODED_ZERO
ICJ-182-2022-03-16||SC_FORMAL_VOTE::SCV|1995,ICJ-182-2022-03-16,182,2022-07-28,134,SC_FORMAL_VOTE,S/PV.9103,0,0,0,NO_PRESERVED_MANUAL_REVIEW_EVIDENCE,UNREVIEWED_IS_NOT_CODED_ZERO
ICJ-182-2022-03-16||SC_FORMAL_VOTE::SCV|1996,ICJ-182-2022-03-16,182,2022-07-28,134,SC_FORMAL_VOTE,S/PV.9102,0,0,0,NO_PRESERVED_MANUAL_REVIEW_EVIDENCE,UNREVIEWED_IS_NOT_CODED_ZERO
ICJ-182-2022-03-16||SC_MEETING::SCM|S/PV.9102,ICJ-182-2022-03-16,182,2022-07-28,134,SC_MEETING,S/PV.9102,0,0,0,NO_PRESERVED_MANUAL_REVIEW_EVIDENCE,UNREVIEWED_IS_NOT_CODED_ZERO
ICJ-182-2022-03-16||SC_MEETING::SCM|S/PV.9103,ICJ-182-2022-03-16,182,2022-07-28,134,SC_MEETING,S/PV.9103,0,0,0,NO_PRESERVED_MANUAL_REVIEW_EVIDENCE,UNREVIEWED_IS_NOT_CODED_ZERO
ICJ-182-2022-03-16||SC_FORMAL_VOTE::SCV|1997,ICJ-182-2022-03-16,182,2022-07-29,135,SC_FORMAL_VOTE,S/PV.9105,0,0,0,NO_PRESERVED_MANUAL_REVIEW_EVIDENCE,UNREVIEWED_IS_NOT_CODED_ZERO
ICJ-182-2022-03-16||SC_MEETING::SCM|S/PV.9104,ICJ-182-2022-03-16,182,2022-07-29,135,SC_MEETING,S/PV.9104,0,0,0,NO_PRESERVED_MANUAL_REVIEW_EVIDENCE,UNREVIEWED_IS_NOT_CODED_ZERO
ICJ-182-2022-03-16||SC_MEETING::SCM|S/PV.9105,ICJ-182-2022-03-16,182,2022-07-29,135,SC_MEETING,S/PV.9105,0,0,0,NO_PRESERVED_MANUAL_REVIEW_EVIDENCE,UNREVIEWED_IS_NOT_CODED_ZERO
ICJ-182-2022-03-16||SC_MEETING::SCM|S/PV.9106,ICJ-182-2022-03-16,182,2022-08-08,145,SC_MEETING,S/PV.9106,0,0,0,NO_PRESERVED_MANUAL_REVIEW_EVIDENCE,UNREVIEWED_IS_NOT_CODED_ZERO
ICJ-182-2022-03-16||SC_MEETING::SCM|S/PV.9107,ICJ-182-2022-03-16,182,2022-08-08,145,SC_MEETING,S/PV.9107,0,0,0,NO_PRESERVED_MANUAL_REVIEW_EVIDENCE,UNREVIEWED_IS_NOT_CODED_ZERO
ICJ-182-2022-03-16||SC_MEETING::SCM|S/PV.9106 (Resumption 1),ICJ-182-2022-03-16,182,2022-08-09,146,SC_MEETING,S/PV.9106 (Resumption 1),0,0,0,NO_PRESERVED_MANUAL_REVIEW_EVIDENCE,UNREVIEWED_IS_NOT_CODED_ZERO
ICJ-182-2022-03-16||SC_MEETING::SCM|S/PV.9108,ICJ-182-2022-03-16,182,2022-08-09,146,SC_MEETING,S/PV.9108,0,0,0,NO_PRESERVED_MANUAL_REVIEW_EVIDENCE,UNREVIEWED_IS_NOT_CODED_ZERO
ICJ-182-2022-03-16||SC_MEETING::SCM|S/PV.9109,ICJ-182-2022-03-16,182,2022-08-11,148,SC_MEETING,S/PV.9109,0,0,0,NO_PRESERVED_MANUAL_REVIEW_EVIDENCE,UNREVIEWED_IS_NOT_CODED_ZERO
ICJ-182-2022-03-16||SC_MEETING::SCM|S/PV.9110,ICJ-182-2022-03-16,182,2022-08-15,152,SC_MEETING,S/PV.9110,0,0,0,NO_PRESERVED_MANUAL_REVIEW_EVIDENCE,UNREVIEWED_IS_NOT_CODED_ZERO
ICJ-182-2022-03-16||SC_MEETING::SCM|S/PV.9111,ICJ-182-2022-03-16,182,2022-08-16,153,SC_MEETING,S/PV.9111,0,0,0,NO_PRESERVED_MANUAL_REVIEW_EVIDENCE,UNREVIEWED_IS_NOT_CODED_ZERO
ICJ-182-2022-03-16||SC_MEETING::SCM|S/PV.9112,ICJ-182-2022-03-16,182,2022-08-22,159,SC_MEETING,S/PV.9112,0,0,0,NO_PRESERVED_MANUAL_REVIEW_EVIDENCE,UNREVIEWED_IS_NOT_CODED_ZERO
ICJ-182-2022-03-16||SC_MEETING::SCM|S/PV.9113,ICJ-182-2022-03-16,182,2022-08-23,160,SC_MEETING,S/PV.9113,0,0,0,NO_PRESERVED_MANUAL_REVIEW_EVIDENCE,UNREVIEWED_IS_NOT_CODED_ZERO
ICJ-182-2022-03-16||SC_MEETING::SCM|S/PV.9114,ICJ-182-2022-03-16,182,2022-08-23,160,SC_MEETING,S/PV.9114,0,0,0,NO_PRESERVED_MANUAL_REVIEW_EVIDENCE,UNREVIEWED_IS_NOT_CODED_ZERO
ICJ-182-2022-03-16||SC_MEETING::SCM|S/PV.9115,ICJ-182-2022-03-16,182,2022-08-24,161,SC_MEETING,S/PV.9115,0,0,0,NO_PRESERVED_MANUAL_REVIEW_EVIDENCE,UNREVIEWED_IS_NOT_CODED_ZERO
ICJ-182-2022-03-16||SC_MEETING::SCM|S/PV.9116,ICJ-182-2022-03-16,182,2022-08-25,162,SC_MEETING,S/PV.9116,0,0,0,NO_PRESERVED_MANUAL_REVIEW_EVIDENCE,UNREVIEWED_IS_NOT_CODED_ZERO
ICJ-182-2022-03-16||SC_MEETING::SCM|S/PV.9117,ICJ-182-2022-03-16,182,2022-08-29,166,SC_MEETING,S/PV.9117,0,0,0,NO_PRESERVED_MANUAL_REVIEW_EVIDENCE,UNREVIEWED_IS_NOT_CODED_ZERO
ICJ-182-2022-03-16||SC_MEETING::SCM|S/PV.9118,ICJ-182-2022-03-16,182,2022-08-29,166,SC_MEETING,S/PV.9118,0,0,0,NO_PRESERVED_MANUAL_REVIEW_EVIDENCE,UNREVIEWED_IS_NOT_CODED_ZERO
ICJ-182-2022-03-16||SC_FORMAL_VOTE::SCV|1998,ICJ-182-2022-03-16,182,2022-08-30,167,SC_FORMAL_VOTE,S/PV.9119,0,0,0,NO_PRESERVED_MANUAL_REVIEW_EVIDENCE,UNREVIEWED_IS_NOT_CODED_ZERO
ICJ-182-2022-03-16||SC_MEETING::SCM|S/PV.9119,ICJ-182-2022-03-16,182,2022-08-30,167,SC_MEETING,S/PV.9119,0,0,0,NO_PRESERVED_MANUAL_REVIEW_EVIDENCE,UNREVIEWED_IS_NOT_CODED_ZERO
ICJ-182-2022-03-16||SC_MEETING::SCM|S/PV.9120,ICJ-182-2022-03-16,182,2022-08-30,167,SC_MEETING,S/PV.9120,0,0,0,NO_PRESERVED_MANUAL_REVIEW_EVIDENCE,UNREVIEWED_IS_NOT_CODED_ZERO
ICJ-182-2022-03-16||SC_FORMAL_VOTE::SCV|1999,ICJ-182-2022-03-16,182,2022-08-31,168,SC_FORMAL_VOTE,S/PV.9121,0,0,0,NO_PRESERVED_MANUAL_REVIEW_EVIDENCE,UNREVIEWED_IS_NOT_CODED_ZERO
ICJ-182-2022-03-16||SC_MEETING::SCM|S/PV.9121,ICJ-182-2022-03-16,182,2022-08-31,168,SC_MEETING,S/PV.9121,0,0,0,NO_PRESERVED_MANUAL_REVIEW_EVIDENCE,UNREVIEWED_IS_NOT_CODED_ZERO
ICJ-182-2022-03-16||SC_MEETING::SCM|S/PV.9122,ICJ-182-2022-03-16,182,2022-08-31,168,SC_MEETING,S/PV.9122,0,0,0,NO_PRESERVED_MANUAL_REVIEW_EVIDENCE,UNREVIEWED_IS_NOT_CODED_ZERO
ICJ-182-2022-03-16||SC_MEETING::SCM|S/PV.9123,ICJ-182-2022-03-16,182,2022-09-06,174,SC_MEETING,S/PV.9123,0,0,0,NO_PRESERVED_MANUAL_REVIEW_EVIDENCE,UNREVIEWED_IS_NOT_CODED_ZERO
ICJ-182-2022-03-16||SC_MEETING::SCM|S/PV.9124,ICJ-182-2022-03-16,182,2022-09-06,174,SC_MEETING,S/PV.9124,0,0,0,NO_PRESERVED_MANUAL_REVIEW_EVIDENCE,UNREVIEWED_IS_NOT_CODED_ZERO
ICJ-182-2022-03-16||SC_MEETING::SCM|S/PV.9125,ICJ-182-2022-03-16,182,2022-09-07,175,SC_MEETING,S/PV.9125,0,0,0,NO_PRESERVED_MANUAL_REVIEW_EVIDENCE,UNREVIEWED_IS_NOT_CODED_ZERO
ICJ-182-2022-03-16||SC_MEETING::SCM|S/PV.9126,ICJ-182-2022-03-16,182,2022-09-07,175,SC_MEETING,S/PV.9126,0,0,0,NO_PRESERVED_MANUAL_REVIEW_EVIDENCE,UNREVIEWED_IS_NOT_CODED_ZERO
ICJ-182-2022-03-16||SC_MEETING::SCM|S/PV.9127,ICJ-182-2022-03-16,182,2022-09-08,176,SC_MEETING,S/PV.9127,0,0,0,NO_PRESERVED_MANUAL_REVIEW_EVIDENCE,UNREVIEWED_IS_NOT_CODED_ZERO
ICJ-188-2023-11-16||SC_MEETING::SCM|S/PV.9480,ICJ-188-2023-11-16,188,2023-11-16,0,SC_MEETING,S/PV.9480,0,0,0,NO_PRESERVED_MANUAL_REVIEW_EVIDENCE,UNREVIEWED_IS_NOT_CODED_ZERO
ICJ-188-2023-11-16||SC_MEETING::SCM|S/PV.9481,ICJ-188-2023-11-16,188,2023-11-17,1,SC_MEETING,S/PV.9481,0,0,0,NO_PRESERVED_MANUAL_REVIEW_EVIDENCE,UNREVIEWED_IS_NOT_CODED_ZERO
ICJ-188-2023-11-16||SC_MEETING::SCM|S/PV.9482,ICJ-188-2023-11-16,188,2023-11-20,4,SC_MEETING,S/PV.9482,0,0,0,NO_PRESERVED_MANUAL_REVIEW_EVIDENCE,UNREVIEWED_IS_NOT_CODED_ZERO
ICJ-188-2023-11-16||SC_MEETING::SCM|S/PV.9482 (Resumption 1),ICJ-188-2023-11-16,188,2023-11-20,4,SC_MEETING,S/PV.9482 (Resumption 1),0,0,0,NO_PRESERVED_MANUAL_REVIEW_EVIDENCE,UNREVIEWED_IS_NOT_CODED_ZERO
ICJ-188-2023-11-16||GA_FORMAL_VOTE::GAV|4027907,ICJ-188-2023-11-16,188,2023-11-21,5,GA_FORMAL_VOTE,A/78/PV.38,0,0,0,NO_PRESERVED_MANUAL_REVIEW_EVIDENCE,UNREVIEWED_IS_NOT_CODED_ZERO
ICJ-188-2023-11-16||SC_MEETING::SCM|S/PV.9483,ICJ-188-2023-11-16,188,2023-11-21,5,SC_MEETING,S/PV.9483,0,0,0,NO_PRESERVED_MANUAL_REVIEW_EVIDENCE,UNREVIEWED_IS_NOT_CODED_ZERO
ICJ-188-2023-11-16||SC_MEETING::SCM|S/PV.9484,ICJ-188-2023-11-16,188,2023-11-22,6,SC_MEETING,S/PV.9484,1,0,1,PRESERVED_ORIGINAL_233_HUMAN_REVIEW,REVIEW_EVIDENCE_PRESENT
ICJ-188-2023-11-16||SC_MEETING::SCM|S/PV.9485,ICJ-188-2023-11-16,188,2023-11-27,11,SC_MEETING,S/PV.9485,0,0,0,NO_PRESERVED_MANUAL_REVIEW_EVIDENCE,UNREVIEWED_IS_NOT_CODED_ZERO
ICJ-188-2023-11-16||SC_MEETING::SCM|S/PV.9486,ICJ-188-2023-11-16,188,2023-11-27,11,SC_MEETING,S/PV.9486,1,0,1,PRESERVED_ORIGINAL_233_HUMAN_REVIEW,REVIEW_EVIDENCE_PRESENT
ICJ-188-2023-11-16||GA_FORMAL_VOTE::GAV|4028491,ICJ-188-2023-11-16,188,2023-11-28,12,GA_FORMAL_VOTE,A/78/PV.40,1,0,1,PRESERVED_ORIGINAL_233_HUMAN_REVIEW,REVIEW_EVIDENCE_PRESENT
ICJ-188-2023-11-16||SC_MEETING::SCM|S/PV.9487,ICJ-188-2023-11-16,188,2023-11-28,12,SC_MEETING,S/PV.9487,1,0,1,PRESERVED_ORIGINAL_233_HUMAN_REVIEW,REVIEW_EVIDENCE_PRESENT
ICJ-188-2023-11-16||SC_MEETING::SCM|S/PV.9488,ICJ-188-2023-11-16,188,2023-11-28,12,SC_MEETING,S/PV.9488,0,0,0,NO_PRESERVED_MANUAL_REVIEW_EVIDENCE,UNREVIEWED_IS_NOT_CODED_ZERO
ICJ-188-2023-11-16||SC_MEETING::SCM|S/PV.9489,ICJ-188-2023-11-16,188,2023-11-29,13,SC_MEETING,S/PV.9489,1,0,1,PRESERVED_ORIGINAL_233_HUMAN_REVIEW,REVIEW_EVIDENCE_PRESENT
ICJ-188-2023-11-16||SC_FORMAL_VOTE::SCV|2073,ICJ-188-2023-11-16,188,2023-12-01,15,SC_FORMAL_VOTE,S/PV.9490,0,0,0,NO_PRESERVED_MANUAL_REVIEW_EVIDENCE,UNREVIEWED_IS_NOT_CODED_ZERO
ICJ-188-2023-11-16||SC_FORMAL_VOTE::SCV|2074,ICJ-188-2023-11-16,188,2023-12-01,15,SC_FORMAL_VOTE,S/PV.9491,0,0,0,NO_PRESERVED_MANUAL_REVIEW_EVIDENCE,UNREVIEWED_IS_NOT_CODED_ZERO
ICJ-188-2023-11-16||SC_FORMAL_VOTE::SCV|2075,ICJ-188-2023-11-16,188,2023-12-01,15,SC_FORMAL_VOTE,S/PV.9492,0,0,0,NO_PRESERVED_MANUAL_REVIEW_EVIDENCE,UNREVIEWED_IS_NOT_CODED_ZERO
ICJ-188-2023-11-16||SC_MEETING::SCM|S/PV.9490,ICJ-188-2023-11-16,188,2023-12-01,15,SC_MEETING,S/PV.9490,0,0,0,NO_PRESERVED_MANUAL_REVIEW_EVIDENCE,UNREVIEWED_IS_NOT_CODED_ZERO
ICJ-188-2023-11-16||SC_MEETING::SCM|S/PV.9491,ICJ-188-2023-11-16,188,2023-12-01,15,SC_MEETING,S/PV.9491,0,0,0,NO_PRESERVED_MANUAL_REVIEW_EVIDENCE,UNREVIEWED_IS_NOT_CODED_ZERO
ICJ-188-2023-11-16||SC_MEETING::SCM|S/PV.9492,ICJ-188-2023-11-16,188,2023-12-01,15,SC_MEETING,S/PV.9492,0,0,0,NO_PRESERVED_MANUAL_REVIEW_EVIDENCE,UNREVIEWED_IS_NOT_CODED_ZERO
ICJ-188-2023-11-16||GA_FORMAL_VOTE::GAV|4029001,ICJ-188-2023-11-16,188,2023-12-04,18,GA_FORMAL_VOTE,A/78/PV.42,0,0,0,NO_PRESERVED_MANUAL_REVIEW_EVIDENCE,UNREVIEWED_IS_NOT_CODED_ZERO
ICJ-188-2023-11-16||GA_FORMAL_VOTE::GAV|4029002,ICJ-188-2023-11-16,188,2023-12-04,18,GA_FORMAL_VOTE,A/78/PV.42,0,0,0,NO_PRESERVED_MANUAL_REVIEW_EVIDENCE,UNREVIEWED_IS_NOT_CODED_ZERO
ICJ-188-2023-11-16||GA_FORMAL_VOTE::GAV|4029003,ICJ-188-2023-11-16,188,2023-12-04,18,GA_FORMAL_VOTE,A/78/PV.42,0,0,0,NO_PRESERVED_MANUAL_REVIEW_EVIDENCE,UNREVIEWED_IS_NOT_CODED_ZERO
ICJ-188-2023-11-16||GA_FORMAL_VOTE::GAV|4029004,ICJ-188-2023-11-16,188,2023-12-04,18,GA_FORMAL_VOTE,A/78/PV.42,0,0,0,NO_PRESERVED_MANUAL_REVIEW_EVIDENCE,UNREVIEWED_IS_NOT_CODED_ZERO
ICJ-188-2023-11-16||GA_FORMAL_VOTE::GAV|4029005,ICJ-188-2023-11-16,188,2023-12-04,18,GA_FORMAL_VOTE,A/78/PV.42,0,0,0,NO_PRESERVED_MANUAL_REVIEW_EVIDENCE,UNREVIEWED_IS_NOT_CODED_ZERO
ICJ-188-2023-11-16||GA_FORMAL_VOTE::GAV|4029006,ICJ-188-2023-11-16,188,2023-12-04,18,GA_FORMAL_VOTE,A/78/PV.42,0,0,0,NO_PRESERVED_MANUAL_REVIEW_EVIDENCE,UNREVIEWED_IS_NOT_CODED_ZERO
ICJ-188-2023-11-16||GA_FORMAL_VOTE::GAV|4029007,ICJ-188-2023-11-16,188,2023-12-04,18,GA_FORMAL_VOTE,A/78/PV.42,0,0,0,NO_PRESERVED_MANUAL_REVIEW_EVIDENCE,UNREVIEWED_IS_NOT_CODED_ZERO
ICJ-188-2023-11-16||GA_FORMAL_VOTE::GAV|4029008,ICJ-188-2023-11-16,188,2023-12-04,18,GA_FORMAL_VOTE,A/78/PV.42,0,0,0,NO_PRESERVED_MANUAL_REVIEW_EVIDENCE,UNREVIEWED_IS_NOT_CODED_ZERO
ICJ-188-2023-11-16||GA_FORMAL_VOTE::GAV|4029009,ICJ-188-2023-11-16,188,2023-12-04,18,GA_FORMAL_VOTE,A/78/PV.42,0,0,0,NO_PRESERVED_MANUAL_REVIEW_EVIDENCE,UNREVIEWED_IS_NOT_CODED_ZERO
ICJ-188-2023-11-16||GA_FORMAL_VOTE::GAV|4029010,ICJ-188-2023-11-16,188,2023-12-04,18,GA_FORMAL_VOTE,A/78/PV.42,0,0,0,NO_PRESERVED_MANUAL_REVIEW_EVIDENCE,UNREVIEWED_IS_NOT_CODED_ZERO
ICJ-188-2023-11-16||GA_FORMAL_VOTE::GAV|4029011,ICJ-188-2023-11-16,188,2023-12-04,18,GA_FORMAL_VOTE,A/78/PV.42,0,0,0,NO_PRESERVED_MANUAL_REVIEW_EVIDENCE,UNREVIEWED_IS_NOT_CODED_ZERO
ICJ-188-2023-11-16||GA_FORMAL_VOTE::GAV|4029012,ICJ-188-2023-11-16,188,2023-12-04,18,GA_FORMAL_VOTE,A/78/PV.42,0,0,0,NO_PRESERVED_MANUAL_REVIEW_EVIDENCE,UNREVIEWED_IS_NOT_CODED_ZERO
ICJ-188-2023-11-16||GA_FORMAL_VOTE::GAV|4029013,ICJ-188-2023-11-16,188,2023-12-04,18,GA_FORMAL_VOTE,A/78/PV.42,0,0,0,NO_PRESERVED_MANUAL_REVIEW_EVIDENCE,UNREVIEWED_IS_NOT_CODED_ZERO
ICJ-188-2023-11-16||GA_FORMAL_VOTE::GAV|4029014,ICJ-188-2023-11-16,188,2023-12-04,18,GA_FORMAL_VOTE,A/78/PV.42,0,0,0,NO_PRESERVED_MANUAL_REVIEW_EVIDENCE,UNREVIEWED_IS_NOT_CODED_ZERO
ICJ-188-2023-11-16||GA_FORMAL_VOTE::GAV|4029015,ICJ-188-2023-11-16,188,2023-12-04,18,GA_FORMAL_VOTE,A/78/PV.42,0,0,0,NO_PRESERVED_MANUAL_REVIEW_EVIDENCE,UNREVIEWED_IS_NOT_CODED_ZERO
ICJ-188-2023-11-16||GA_FORMAL_VOTE::GAV|4029016,ICJ-188-2023-11-16,188,2023-12-04,18,GA_FORMAL_VOTE,A/78/PV.42,0,0,0,NO_PRESERVED_MANUAL_REVIEW_EVIDENCE,UNREVIEWED_IS_NOT_CODED_ZERO
ICJ-188-2023-11-16||GA_FORMAL_VOTE::GAV|4029017,ICJ-188-2023-11-16,188,2023-12-04,18,GA_FORMAL_VOTE,A/78/PV.42,0,0,0,NO_PRESERVED_MANUAL_REVIEW_EVIDENCE,UNREVIEWED_IS_NOT_CODED_ZERO
ICJ-188-2023-11-16||GA_FORMAL_VOTE::GAV|4029018,ICJ-188-2023-11-16,188,2023-12-04,18,GA_FORMAL_VOTE,A/78/PV.42,0,0,0,NO_PRESERVED_MANUAL_REVIEW_EVIDENCE,UNREVIEWED_IS_NOT_CODED_ZERO
ICJ-188-2023-11-16||GA_FORMAL_VOTE::GAV|4029019,ICJ-188-2023-11-16,188,2023-12-04,18,GA_FORMAL_VOTE,A/78/PV.42,0,0,0,NO_PRESERVED_MANUAL_REVIEW_EVIDENCE,UNREVIEWED_IS_NOT_CODED_ZERO
ICJ-188-2023-11-16||GA_FORMAL_VOTE::GAV|4029020,ICJ-188-2023-11-16,188,2023-12-04,18,GA_FORMAL_VOTE,A/78/PV.42,0,0,0,NO_PRESERVED_MANUAL_REVIEW_EVIDENCE,UNREVIEWED_IS_NOT_CODED_ZERO
ICJ-188-2023-11-16||GA_FORMAL_VOTE::GAV|4029220,ICJ-188-2023-11-16,188,2023-12-04,18,GA_FORMAL_VOTE,A/78/PV.42,0,0,0,NO_PRESERVED_MANUAL_REVIEW_EVIDENCE,UNREVIEWED_IS_NOT_CODED_ZERO
ICJ-188-2023-11-16||GA_FORMAL_VOTE::GAV|4029221,ICJ-188-2023-11-16,188,2023-12-04,18,GA_FORMAL_VOTE,A/78/PV.42,0,0,0,NO_PRESERVED_MANUAL_REVIEW_EVIDENCE,UNREVIEWED_IS_NOT_CODED_ZERO
ICJ-188-2023-11-16||GA_FORMAL_VOTE::GAV|4029222,ICJ-188-2023-11-16,188,2023-12-04,18,GA_FORMAL_VOTE,A/78/PV.42,0,0,0,NO_PRESERVED_MANUAL_REVIEW_EVIDENCE,UNREVIEWED_IS_NOT_CODED_ZERO
ICJ-188-2023-11-16||GA_FORMAL_VOTE::GAV|4029223,ICJ-188-2023-11-16,188,2023-12-04,18,GA_FORMAL_VOTE,A/78/PV.42,0,0,0,NO_PRESERVED_MANUAL_REVIEW_EVIDENCE,UNREVIEWED_IS_NOT_CODED_ZERO
ICJ-188-2023-11-16||GA_FORMAL_VOTE::GAV|4029224,ICJ-188-2023-11-16,188,2023-12-04,18,GA_FORMAL_VOTE,A/78/PV.42,0,0,0,NO_PRESERVED_MANUAL_REVIEW_EVIDENCE,UNREVIEWED_IS_NOT_CODED_ZERO
ICJ-188-2023-11-16||GA_FORMAL_VOTE::GAV|4029225,ICJ-188-2023-11-16,188,2023-12-04,18,GA_FORMAL_VOTE,A/78/PV.42,0,0,0,NO_PRESERVED_MANUAL_REVIEW_EVIDENCE,UNREVIEWED_IS_NOT_CODED_ZERO
ICJ-188-2023-11-16||GA_FORMAL_VOTE::GAV|4029226,ICJ-188-2023-11-16,188,2023-12-04,18,GA_FORMAL_VOTE,A/78/PV.42,0,0,0,NO_PRESERVED_MANUAL_REVIEW_EVIDENCE,UNREVIEWED_IS_NOT_CODED_ZERO
ICJ-188-2023-11-16||GA_FORMAL_VOTE::GAV|4029227,ICJ-188-2023-11-16,188,2023-12-04,18,GA_FORMAL_VOTE,A/78/PV.42,0,0,0,NO_PRESERVED_MANUAL_REVIEW_EVIDENCE,UNREVIEWED_IS_NOT_CODED_ZERO
ICJ-188-2023-11-16||GA_FORMAL_VOTE::GAV|4029228,ICJ-188-2023-11-16,188,2023-12-04,18,GA_FORMAL_VOTE,A/78/PV.42,0,0,0,NO_PRESERVED_MANUAL_REVIEW_EVIDENCE,UNREVIEWED_IS_NOT_CODED_ZERO
ICJ-188-2023-11-16||GA_FORMAL_VOTE::GAV|4029229,ICJ-188-2023-11-16,188,2023-12-04,18,GA_FORMAL_VOTE,A/78/PV.42,0,0,0,NO_PRESERVED_MANUAL_REVIEW_EVIDENCE,UNREVIEWED_IS_NOT_CODED_ZERO
ICJ-188-2023-11-16||GA_FORMAL_VOTE::GAV|4029230,ICJ-188-2023-11-16,188,2023-12-04,18,GA_FORMAL_VOTE,A/78/PV.42,0,0,0,NO_PRESERVED_MANUAL_REVIEW_EVIDENCE,UNREVIEWED_IS_NOT_CODED_ZERO
ICJ-188-2023-11-16||SC_MEETING::SCM|S/PV.9493,ICJ-188-2023-11-16,188,2023-12-04,18,SC_MEETING,S/PV.9493,0,0,0,NO_PRESERVED_MANUAL_REVIEW_EVIDENCE,UNREVIEWED_IS_NOT_CODED_ZERO
ICJ-188-2023-11-16||GA_FORMAL_VOTE::GAV|4029432,ICJ-188-2023-11-16,188,2023-12-05,19,GA_FORMAL_VOTE,A/78/PV.44,0,0,0,NO_PRESERVED_MANUAL_REVIEW_EVIDENCE,UNREVIEWED_IS_NOT_CODED_ZERO
ICJ-188-2023-11-16||SC_MEETING::SCM|S/PV.9494,ICJ-188-2023-11-16,188,2023-12-06,20,SC_MEETING,S/PV.9494,0,0,0,NO_PRESERVED_MANUAL_REVIEW_EVIDENCE,UNREVIEWED_IS_NOT_CODED_ZERO
ICJ-188-2023-11-16||SC_MEETING::SCM|S/PV.9495,ICJ-188-2023-11-16,188,2023-12-06,20,SC_MEETING,S/PV.9495,0,0,0,NO_PRESERVED_MANUAL_REVIEW_EVIDENCE,UNREVIEWED_IS_NOT_CODED_ZERO
ICJ-188-2023-11-16||SC_MEETING::SCM|S/PV.9496,ICJ-188-2023-11-16,188,2023-12-06,20,SC_MEETING,S/PV.9496,0,0,0,NO_PRESERVED_MANUAL_REVIEW_EVIDENCE,UNREVIEWED_IS_NOT_CODED_ZERO
ICJ-188-2023-11-16||GA_FORMAL_VOTE::GAV|4029433,ICJ-188-2023-11-16,188,2023-12-07,21,GA_FORMAL_VOTE,A/78/PV.45,0,0,0,NO_PRESERVED_MANUAL_REVIEW_EVIDENCE,UNREVIEWED_IS_NOT_CODED_ZERO
ICJ-188-2023-11-16||GA_FORMAL_VOTE::GAV|4029434,ICJ-188-2023-11-16,188,2023-12-07,21,GA_FORMAL_VOTE,A/78/PV.45,0,0,0,NO_PRESERVED_MANUAL_REVIEW_EVIDENCE,UNREVIEWED_IS_NOT_CODED_ZERO
ICJ-188-2023-11-16||GA_FORMAL_VOTE::GAV|4029435,ICJ-188-2023-11-16,188,2023-12-07,21,GA_FORMAL_VOTE,A/78/PV.45,0,0,0,NO_PRESERVED_MANUAL_REVIEW_EVIDENCE,UNREVIEWED_IS_NOT_CODED_ZERO
ICJ-188-2023-11-16||GA_FORMAL_VOTE::GAV|4029436,ICJ-188-2023-11-16,188,2023-12-07,21,GA_FORMAL_VOTE,A/78/PV.45,0,0,0,NO_PRESERVED_MANUAL_REVIEW_EVIDENCE,UNREVIEWED_IS_NOT_CODED_ZERO
ICJ-188-2023-11-16||GA_FORMAL_VOTE::GAV|4029437,ICJ-188-2023-11-16,188,2023-12-07,21,GA_FORMAL_VOTE,A/78/PV.45,0,0,0,NO_PRESERVED_MANUAL_REVIEW_EVIDENCE,UNREVIEWED_IS_NOT_CODED_ZERO
ICJ-188-2023-11-16||GA_FORMAL_VOTE::GAV|4029438,ICJ-188-2023-11-16,188,2023-12-07,21,GA_FORMAL_VOTE,A/78/PV.45,0,0,0,NO_PRESERVED_MANUAL_REVIEW_EVIDENCE,UNREVIEWED_IS_NOT_CODED_ZERO
ICJ-188-2023-11-16||GA_FORMAL_VOTE::GAV|4029439,ICJ-188-2023-11-16,188,2023-12-07,21,GA_FORMAL_VOTE,A/78/PV.45,0,0,0,NO_PRESERVED_MANUAL_REVIEW_EVIDENCE,UNREVIEWED_IS_NOT_CODED_ZERO
ICJ-188-2023-11-16||GA_FORMAL_VOTE::GAV|4029440,ICJ-188-2023-11-16,188,2023-12-07,21,GA_FORMAL_VOTE,A/78/PV.45,0,0,0,NO_PRESERVED_MANUAL_REVIEW_EVIDENCE,UNREVIEWED_IS_NOT_CODED_ZERO
ICJ-188-2023-11-16||GA_FORMAL_VOTE::GAV|4029441,ICJ-188-2023-11-16,188,2023-12-07,21,GA_FORMAL_VOTE,A/78/PV.45,0,0,0,NO_PRESERVED_MANUAL_REVIEW_EVIDENCE,UNREVIEWED_IS_NOT_CODED_ZERO
ICJ-188-2023-11-16||GA_FORMAL_VOTE::GAV|4029442,ICJ-188-2023-11-16,188,2023-12-07,21,GA_FORMAL_VOTE,A/78/PV.45,0,0,0,NO_PRESERVED_MANUAL_REVIEW_EVIDENCE,UNREVIEWED_IS_NOT_CODED_ZERO
ICJ-188-2023-11-16||GA_FORMAL_VOTE::GAV|4029443,ICJ-188-2023-11-16,188,2023-12-07,21,GA_FORMAL_VOTE,A/78/PV.45,0,0,0,NO_PRESERVED_MANUAL_REVIEW_EVIDENCE,UNREVIEWED_IS_NOT_CODED_ZERO
ICJ-188-2023-11-16||SC_MEETING::SCM|S/PV.9497,ICJ-188-2023-11-16,188,2023-12-07,21,SC_MEETING,S/PV.9497,0,0,0,NO_PRESERVED_MANUAL_REVIEW_EVIDENCE,UNREVIEWED_IS_NOT_CODED_ZERO
ICJ-188-2023-11-16||SC_MEETING::SCM|S/PV.9497 (Resumption 1),ICJ-188-2023-11-16,188,2023-12-07,21,SC_MEETING,S/PV.9497 (Resumption 1),0,0,0,NO_PRESERVED_MANUAL_REVIEW_EVIDENCE,UNREVIEWED_IS_NOT_CODED_ZERO
ICJ-188-2023-11-16||SC_FORMAL_VOTE::SCV|2076,ICJ-188-2023-11-16,188,2023-12-08,22,SC_FORMAL_VOTE,S/PV.9499,1,0,1,PRESERVED_ORIGINAL_233_HUMAN_REVIEW,REVIEW_EVIDENCE_PRESENT
ICJ-188-2023-11-16||SC_MEETING::SCM|S/PV.9498,ICJ-188-2023-11-16,188,2023-12-08,22,SC_MEETING,S/PV.9498,1,0,1,PRESERVED_ORIGINAL_233_HUMAN_REVIEW,REVIEW_EVIDENCE_PRESENT
ICJ-188-2023-11-16||SC_MEETING::SCM|S/PV.9499,ICJ-188-2023-11-16,188,2023-12-08,22,SC_MEETING,S/PV.9499,1,0,1,PRESERVED_ORIGINAL_233_HUMAN_REVIEW,REVIEW_EVIDENCE_PRESENT
ICJ-188-2023-11-16||SC_MEETING::SCM|S/PV.9500,ICJ-188-2023-11-16,188,2023-12-11,25,SC_MEETING,S/PV.9500,0,0,0,NO_PRESERVED_MANUAL_REVIEW_EVIDENCE,UNREVIEWED_IS_NOT_CODED_ZERO
ICJ-188-2023-11-16||SC_MEETING::SCM|S/PV.9501,ICJ-188-2023-11-16,188,2023-12-11,25,SC_MEETING,S/PV.9501,0,0,0,NO_PRESERVED_MANUAL_REVIEW_EVIDENCE,UNREVIEWED_IS_NOT_CODED_ZERO
ICJ-188-2023-11-16||GA_FORMAL_VOTE::GAV|4029732,ICJ-188-2023-11-16,188,2023-12-12,26,GA_FORMAL_VOTE,A/ES-10/PV.45,0,0,0,NO_PRESERVED_MANUAL_REVIEW_EVIDENCE,UNREVIEWED_IS_NOT_CODED_ZERO
ICJ-188-2023-11-16||SC_MEETING::SCM|S/PV.9502,ICJ-188-2023-11-16,188,2023-12-12,26,SC_MEETING,S/PV.9502,0,0,0,NO_PRESERVED_MANUAL_REVIEW_EVIDENCE,UNREVIEWED_IS_NOT_CODED_ZERO
ICJ-188-2023-11-16||SC_MEETING::SCM|S/PV.9503,ICJ-188-2023-11-16,188,2023-12-12,26,SC_MEETING,S/PV.9503,0,0,0,NO_PRESERVED_MANUAL_REVIEW_EVIDENCE,UNREVIEWED_IS_NOT_CODED_ZERO
ICJ-188-2023-11-16||SC_MEETING::SCM|S/PV.9504,ICJ-188-2023-11-16,188,2023-12-12,26,SC_MEETING,S/PV.9504,0,0,0,NO_PRESERVED_MANUAL_REVIEW_EVIDENCE,UNREVIEWED_IS_NOT_CODED_ZERO
ICJ-188-2023-11-16||SC_MEETING::SCM|S/PV.9504/Corr.1,ICJ-188-2023-11-16,188,2023-12-12,26,SC_MEETING,S/PV.9504/Corr.1,0,0,0,NO_PRESERVED_MANUAL_REVIEW_EVIDENCE,UNREVIEWED_IS_NOT_CODED_ZERO
ICJ-188-2023-11-16||SC_MEETING::SCM|S/PV.9505,ICJ-188-2023-11-16,188,2023-12-13,27,SC_MEETING,S/PV.9505,0,0,0,NO_PRESERVED_MANUAL_REVIEW_EVIDENCE,UNREVIEWED_IS_NOT_CODED_ZERO
ICJ-188-2023-11-16||SC_FORMAL_VOTE::SCV|2077,ICJ-188-2023-11-16,188,2023-12-14,28,SC_FORMAL_VOTE,S/PV.9506,0,0,0,NO_PRESERVED_MANUAL_REVIEW_EVIDENCE,UNREVIEWED_IS_NOT_CODED_ZERO
ICJ-188-2023-11-16||SC_MEETING::SCM|S/PV.9506,ICJ-188-2023-11-16,188,2023-12-14,28,SC_MEETING,S/PV.9506,0,0,0,NO_PRESERVED_MANUAL_REVIEW_EVIDENCE,UNREVIEWED_IS_NOT_CODED_ZERO
ICJ-188-2023-11-16||SC_MEETING::SCM|S/PV.9507,ICJ-188-2023-11-16,188,2023-12-14,28,SC_MEETING,S/PV.9507,0,0,0,NO_PRESERVED_MANUAL_REVIEW_EVIDENCE,UNREVIEWED_IS_NOT_CODED_ZERO
ICJ-188-2023-11-16||SC_MEETING::SCM|S/PV.9508,ICJ-188-2023-11-16,188,2023-12-14,28,SC_MEETING,S/PV.9508,0,0,0,NO_PRESERVED_MANUAL_REVIEW_EVIDENCE,UNREVIEWED_IS_NOT_CODED_ZERO
ICJ-188-2023-11-16||SC_MEETING::SCM|S/PV.9509,ICJ-188-2023-11-16,188,2023-12-15,29,SC_MEETING,S/PV.9509,0,0,0,NO_PRESERVED_MANUAL_REVIEW_EVIDENCE,UNREVIEWED_IS_NOT_CODED_ZERO
ICJ-188-2023-11-16||SC_MEETING::SCM|S/PV.9509 (Resumption 1),ICJ-188-2023-11-16,188,2023-12-15,29,SC_MEETING,S/PV.9509 (Resumption 1),0,0,0,NO_PRESERVED_MANUAL_REVIEW_EVIDENCE,UNREVIEWED_IS_NOT_CODED_ZERO
ICJ-188-2023-11-16||SC_MEETING::SCM|S/PV.9510,ICJ-188-2023-11-16,188,2023-12-18,32,SC_MEETING,S/PV.9510,0,0,0,NO_PRESERVED_MANUAL_REVIEW_EVIDENCE,UNREVIEWED_IS_NOT_CODED_ZERO
ICJ-188-2023-11-16||SC_MEETING::SCM|S/PV.9511,ICJ-188-2023-11-16,188,2023-12-18,32,SC_MEETING,S/PV.9511,0,0,0,NO_PRESERVED_MANUAL_REVIEW_EVIDENCE,UNREVIEWED_IS_NOT_CODED_ZERO
ICJ-188-2023-11-16||GA_FORMAL_VOTE::GAV|4030698,ICJ-188-2023-11-16,188,2023-12-19,33,GA_FORMAL_VOTE,A/78/PV.50,0,0,0,NO_PRESERVED_MANUAL_REVIEW_EVIDENCE,UNREVIEWED_IS_NOT_CODED_ZERO
ICJ-188-2023-11-16||GA_FORMAL_VOTE::GAV|4030699,ICJ-188-2023-11-16,188,2023-12-19,33,GA_FORMAL_VOTE,A/78/PV.50,0,0,0,NO_PRESERVED_MANUAL_REVIEW_EVIDENCE,UNREVIEWED_IS_NOT_CODED_ZERO
ICJ-188-2023-11-16||GA_FORMAL_VOTE::GAV|4030700,ICJ-188-2023-11-16,188,2023-12-19,33,GA_FORMAL_VOTE,A/78/PV.50,0,0,0,NO_PRESERVED_MANUAL_REVIEW_EVIDENCE,UNREVIEWED_IS_NOT_CODED_ZERO
ICJ-188-2023-11-16||GA_FORMAL_VOTE::GAV|4030701,ICJ-188-2023-11-16,188,2023-12-19,33,GA_FORMAL_VOTE,A/78/PV.50,0,0,0,NO_PRESERVED_MANUAL_REVIEW_EVIDENCE,UNREVIEWED_IS_NOT_CODED_ZERO
ICJ-188-2023-11-16||GA_FORMAL_VOTE::GAV|4030702,ICJ-188-2023-11-16,188,2023-12-19,33,GA_FORMAL_VOTE,A/78/PV.50,0,0,0,NO_PRESERVED_MANUAL_REVIEW_EVIDENCE,UNREVIEWED_IS_NOT_CODED_ZERO
ICJ-188-2023-11-16||GA_FORMAL_VOTE::GAV|4030703,ICJ-188-2023-11-16,188,2023-12-19,33,GA_FORMAL_VOTE,A/78/PV.50,0,0,0,NO_PRESERVED_MANUAL_REVIEW_EVIDENCE,UNREVIEWED_IS_NOT_CODED_ZERO
ICJ-188-2023-11-16||GA_FORMAL_VOTE::GAV|4030704,ICJ-188-2023-11-16,188,2023-12-19,33,GA_FORMAL_VOTE,A/78/PV.50,0,0,0,NO_PRESERVED_MANUAL_REVIEW_EVIDENCE,UNREVIEWED_IS_NOT_CODED_ZERO
ICJ-188-2023-11-16||GA_FORMAL_VOTE::GAV|4030705,ICJ-188-2023-11-16,188,2023-12-19,33,GA_FORMAL_VOTE,A/78/PV.50,0,0,0,NO_PRESERVED_MANUAL_REVIEW_EVIDENCE,UNREVIEWED_IS_NOT_CODED_ZERO
ICJ-188-2023-11-16||GA_FORMAL_VOTE::GAV|4030708,ICJ-188-2023-11-16,188,2023-12-19,33,GA_FORMAL_VOTE,A/78/PV.50,0,0,0,NO_PRESERVED_MANUAL_REVIEW_EVIDENCE,UNREVIEWED_IS_NOT_CODED_ZERO
ICJ-188-2023-11-16||GA_FORMAL_VOTE::GAV|4030709,ICJ-188-2023-11-16,188,2023-12-19,33,GA_FORMAL_VOTE,A/78/PV.50,0,0,0,NO_PRESERVED_MANUAL_REVIEW_EVIDENCE,UNREVIEWED_IS_NOT_CODED_ZERO
ICJ-188-2023-11-16||GA_FORMAL_VOTE::GAV|4030710,ICJ-188-2023-11-16,188,2023-12-19,33,GA_FORMAL_VOTE,A/78/PV.50,0,0,0,NO_PRESERVED_MANUAL_REVIEW_EVIDENCE,UNREVIEWED_IS_NOT_CODED_ZERO
ICJ-188-2023-11-16||GA_FORMAL_VOTE::GAV|4030711,ICJ-188-2023-11-16,188,2023-12-19,33,GA_FORMAL_VOTE,A/78/PV.49,0,0,0,NO_PRESERVED_MANUAL_REVIEW_EVIDENCE,UNREVIEWED_IS_NOT_CODED_ZERO
ICJ-188-2023-11-16||GA_FORMAL_VOTE::GAV|4030712,ICJ-188-2023-11-16,188,2023-12-19,33,GA_FORMAL_VOTE,A/78/PV.49,0,0,0,NO_PRESERVED_MANUAL_REVIEW_EVIDENCE,UNREVIEWED_IS_NOT_CODED_ZERO
ICJ-188-2023-11-16||GA_FORMAL_VOTE::GAV|4030713,ICJ-188-2023-11-16,188,2023-12-19,33,GA_FORMAL_VOTE,A/78/PV.49,0,0,0,NO_PRESERVED_MANUAL_REVIEW_EVIDENCE,UNREVIEWED_IS_NOT_CODED_ZERO
ICJ-188-2023-11-16||GA_FORMAL_VOTE::GAV|4030714,ICJ-188-2023-11-16,188,2023-12-19,33,GA_FORMAL_VOTE,A/78/PV.50,0,0,0,NO_PRESERVED_MANUAL_REVIEW_EVIDENCE,UNREVIEWED_IS_NOT_CODED_ZERO
ICJ-188-2023-11-16||GA_FORMAL_VOTE::GAV|4030715,ICJ-188-2023-11-16,188,2023-12-19,33,GA_FORMAL_VOTE,A/78/PV.50,0,0,0,NO_PRESERVED_MANUAL_REVIEW_EVIDENCE,UNREVIEWED_IS_NOT_CODED_ZERO
ICJ-188-2023-11-16||GA_FORMAL_VOTE::GAV|4030716,ICJ-188-2023-11-16,188,2023-12-19,33,GA_FORMAL_VOTE,A/78/PV.50,0,0,0,NO_PRESERVED_MANUAL_REVIEW_EVIDENCE,UNREVIEWED_IS_NOT_CODED_ZERO
ICJ-188-2023-11-16||GA_FORMAL_VOTE::GAV|4030717,ICJ-188-2023-11-16,188,2023-12-19,33,GA_FORMAL_VOTE,A/78/PV.50,0,0,0,NO_PRESERVED_MANUAL_REVIEW_EVIDENCE,UNREVIEWED_IS_NOT_CODED_ZERO
ICJ-188-2023-11-16||GA_FORMAL_VOTE::GAV|4030718,ICJ-188-2023-11-16,188,2023-12-19,33,GA_FORMAL_VOTE,A/78/PV.50,0,0,0,NO_PRESERVED_MANUAL_REVIEW_EVIDENCE,UNREVIEWED_IS_NOT_CODED_ZERO
ICJ-188-2023-11-16||GA_FORMAL_VOTE::GAV|4030928,ICJ-188-2023-11-16,188,2023-12-19,33,GA_FORMAL_VOTE,A/78/PV.49,0,0,0,NO_PRESERVED_MANUAL_REVIEW_EVIDENCE,UNREVIEWED_IS_NOT_CODED_ZERO
ICJ-188-2023-11-16||GA_FORMAL_VOTE::GAV|4031236,ICJ-188-2023-11-16,188,2023-12-19,33,GA_FORMAL_VOTE,A/78/PV.49,0,0,0,NO_PRESERVED_MANUAL_REVIEW_EVIDENCE,UNREVIEWED_IS_NOT_CODED_ZERO
ICJ-188-2023-11-16||GA_FORMAL_VOTE::GAV|4031240,ICJ-188-2023-11-16,188,2023-12-19,33,GA_FORMAL_VOTE,A/78/PV.49,0,0,0,NO_PRESERVED_MANUAL_REVIEW_EVIDENCE,UNREVIEWED_IS_NOT_CODED_ZERO
ICJ-188-2023-11-16||GA_FORMAL_VOTE::GAV|4031242,ICJ-188-2023-11-16,188,2023-12-19,33,GA_FORMAL_VOTE,A/78/PV.49,0,0,0,NO_PRESERVED_MANUAL_REVIEW_EVIDENCE,UNREVIEWED_IS_NOT_CODED_ZERO
ICJ-188-2023-11-16||SC_FORMAL_VOTE::SCV|2078,ICJ-188-2023-11-16,188,2023-12-19,33,SC_FORMAL_VOTE,S/PV.9512,0,0,0,NO_PRESERVED_MANUAL_REVIEW_EVIDENCE,UNREVIEWED_IS_NOT_CODED_ZERO
ICJ-188-2023-11-16||SC_MEETING::SCM|S/PV.9512,ICJ-188-2023-11-16,188,2023-12-19,33,SC_MEETING,S/PV.9512,0,0,0,NO_PRESERVED_MANUAL_REVIEW_EVIDENCE,UNREVIEWED_IS_NOT_CODED_ZERO
ICJ-188-2023-11-16||SC_MEETING::SCM|S/PV.9513,ICJ-188-2023-11-16,188,2023-12-19,33,SC_MEETING,S/PV.9513,1,0,1,PRESERVED_ORIGINAL_233_HUMAN_REVIEW,REVIEW_EVIDENCE_PRESENT
ICJ-188-2023-11-16||SC_MEETING::SCM|S/PV.9514,ICJ-188-2023-11-16,188,2023-12-19,33,SC_MEETING,S/PV.9514,0,0,0,NO_PRESERVED_MANUAL_REVIEW_EVIDENCE,UNREVIEWED_IS_NOT_CODED_ZERO
ICJ-188-2023-11-16||SC_MEETING::SCM|S/PV.9515,ICJ-188-2023-11-16,188,2023-12-20,34,SC_MEETING,S/PV.9515,0,0,0,NO_PRESERVED_MANUAL_REVIEW_EVIDENCE,UNREVIEWED_IS_NOT_CODED_ZERO
ICJ-188-2023-11-16||SC_FORMAL_VOTE::SCV|2079,ICJ-188-2023-11-16,188,2023-12-21,35,SC_FORMAL_VOTE,S/PV.9516,1,0,1,PRESERVED_ORIGINAL_233_HUMAN_REVIEW,REVIEW_EVIDENCE_PRESENT
ICJ-188-2023-11-16||SC_FORMAL_VOTE::SCV|2080,ICJ-188-2023-11-16,188,2023-12-21,35,SC_FORMAL_VOTE,S/PV.9518,0,0,0,NO_PRESERVED_MANUAL_REVIEW_EVIDENCE,UNREVIEWED_IS_NOT_CODED_ZERO
ICJ-188-2023-11-16||SC_MEETING::SCM|S/PV.9516,ICJ-188-2023-11-16,188,2023-12-21,35,SC_MEETING,S/PV.9516,1,0,1,PRESERVED_ORIGINAL_233_HUMAN_REVIEW,REVIEW_EVIDENCE_PRESENT
ICJ-188-2023-11-16||SC_MEETING::SCM|S/PV.9517,ICJ-188-2023-11-16,188,2023-12-21,35,SC_MEETING,S/PV.9517,1,0,1,PRESERVED_ORIGINAL_233_HUMAN_REVIEW,REVIEW_EVIDENCE_PRESENT
ICJ-188-2023-11-16||SC_MEETING::SCM|S/PV.9518,ICJ-188-2023-11-16,188,2023-12-21,35,SC_MEETING,S/PV.9518,0,0,0,NO_PRESERVED_MANUAL_REVIEW_EVIDENCE,UNREVIEWED_IS_NOT_CODED_ZERO
ICJ-188-2023-11-16||GA_FORMAL_VOTE::GAV|4031002,ICJ-188-2023-11-16,188,2023-12-22,36,GA_FORMAL_VOTE,A/78/PV.50 (Resumption 1),0,0,0,NO_PRESERVED_MANUAL_REVIEW_EVIDENCE,UNREVIEWED_IS_NOT_CODED_ZERO
ICJ-188-2023-11-16||GA_FORMAL_VOTE::GAV|4031003,ICJ-188-2023-11-16,188,2023-12-22,36,GA_FORMAL_VOTE,A/78/PV.50 (Resumption 1),0,0,0,NO_PRESERVED_MANUAL_REVIEW_EVIDENCE,UNREVIEWED_IS_NOT_CODED_ZERO
ICJ-188-2023-11-16||GA_FORMAL_VOTE::GAV|4031004,ICJ-188-2023-11-16,188,2023-12-22,36,GA_FORMAL_VOTE,A/78/PV.50 (Resumption 1),0,0,0,NO_PRESERVED_MANUAL_REVIEW_EVIDENCE,UNREVIEWED_IS_NOT_CODED_ZERO
ICJ-188-2023-11-16||GA_FORMAL_VOTE::GAV|4031005,ICJ-188-2023-11-16,188,2023-12-22,36,GA_FORMAL_VOTE,A/78/PV.50 (Resumption 1),0,0,0,NO_PRESERVED_MANUAL_REVIEW_EVIDENCE,UNREVIEWED_IS_NOT_CODED_ZERO
ICJ-188-2023-11-16||GA_FORMAL_VOTE::GAV|4031006,ICJ-188-2023-11-16,188,2023-12-22,36,GA_FORMAL_VOTE,A/78/PV.50 (Resumption 1),0,0,0,NO_PRESERVED_MANUAL_REVIEW_EVIDENCE,UNREVIEWED_IS_NOT_CODED_ZERO
ICJ-188-2023-11-16||GA_FORMAL_VOTE::GAV|4031007,ICJ-188-2023-11-16,188,2023-12-22,36,GA_FORMAL_VOTE,A/78/PV.50,0,0,0,NO_PRESERVED_MANUAL_REVIEW_EVIDENCE,UNREVIEWED_IS_NOT_CODED_ZERO
ICJ-188-2023-11-16||GA_FORMAL_VOTE::GAV|4031008,ICJ-188-2023-11-16,188,2023-12-22,36,GA_FORMAL_VOTE,A/78/PV.50 (Resumption 1),0,0,0,NO_PRESERVED_MANUAL_REVIEW_EVIDENCE,UNREVIEWED_IS_NOT_CODED_ZERO
ICJ-188-2023-11-16||GA_FORMAL_VOTE::GAV|4031009,ICJ-188-2023-11-16,188,2023-12-22,36,GA_FORMAL_VOTE,A/78/PV.50 (Resumption 1),0,0,0,NO_PRESERVED_MANUAL_REVIEW_EVIDENCE,UNREVIEWED_IS_NOT_CODED_ZERO
ICJ-188-2023-11-16||SC_FORMAL_VOTE::SCV|2081,ICJ-188-2023-11-16,188,2023-12-22,36,SC_FORMAL_VOTE,S/PV.9520,1,0,1,PRESERVED_ORIGINAL_233_HUMAN_REVIEW,REVIEW_EVIDENCE_PRESENT
ICJ-188-2023-11-16||SC_MEETING::SCM|S/PV.9519,ICJ-188-2023-11-16,188,2023-12-22,36,SC_MEETING,S/PV.9519,1,0,1,PRESERVED_ORIGINAL_233_HUMAN_REVIEW,REVIEW_EVIDENCE_PRESENT
ICJ-188-2023-11-16||SC_MEETING::SCM|S/PV.9520,ICJ-188-2023-11-16,188,2023-12-22,36,SC_MEETING,S/PV.9520,1,0,1,PRESERVED_ORIGINAL_233_HUMAN_REVIEW,REVIEW_EVIDENCE_PRESENT
ICJ-188-2023-11-16||SC_SPECIAL_VETO::SCX|13,ICJ-188-2023-11-16,188,2023-12-22,36,SC_SPECIAL_VETO,S/PV.9520,1,0,1,PRESERVED_ORIGINAL_233_HUMAN_REVIEW,REVIEW_EVIDENCE_PRESENT
ICJ-188-2023-11-16||SC_FORMAL_VOTE::SCV|2082,ICJ-188-2023-11-16,188,2023-12-29,43,SC_FORMAL_VOTE,S/PV.9521,0,0,0,NO_PRESERVED_MANUAL_REVIEW_EVIDENCE,UNREVIEWED_IS_NOT_CODED_ZERO
ICJ-188-2023-11-16||SC_MEETING::SCM|S/PV.9521,ICJ-188-2023-11-16,188,2023-12-29,43,SC_MEETING,S/PV.9521,0,0,0,NO_PRESERVED_MANUAL_REVIEW_EVIDENCE,UNREVIEWED_IS_NOT_CODED_ZERO
ICJ-188-2023-11-16||SC_MEETING::SCM|S/PV.9522,ICJ-188-2023-11-16,188,2023-12-29,43,SC_MEETING,S/PV.9522,1,0,1,PRESERVED_ORIGINAL_233_HUMAN_REVIEW,REVIEW_EVIDENCE_PRESENT
ICJ-188-2023-11-16||SC_MEETING::SCM|S/PV.9523,ICJ-188-2023-11-16,188,2023-12-29,43,SC_MEETING,S/PV.9523,0,0,0,NO_PRESERVED_MANUAL_REVIEW_EVIDENCE,UNREVIEWED_IS_NOT_CODED_ZERO
ICJ-188-2023-11-16||SC_MEETING::SCM|S/PV.9524,ICJ-188-2023-11-16,188,2023-12-30,44,SC_MEETING,S/PV.9524,0,0,0,NO_PRESERVED_MANUAL_REVIEW_EVIDENCE,UNREVIEWED_IS_NOT_CODED_ZERO
ICJ-188-2023-11-16||SC_MEETING::SCM|S/PV.9525,ICJ-188-2023-11-16,188,2024-01-03,48,SC_MEETING,S/PV.9525,0,0,0,NO_PRESERVED_MANUAL_REVIEW_EVIDENCE,UNREVIEWED_IS_NOT_CODED_ZERO
ICJ-188-2023-11-16||SC_FORMAL_VOTE::SCV|2083,ICJ-188-2023-11-16,188,2024-01-10,55,SC_FORMAL_VOTE,S/PV.9527,0,0,0,NO_PRESERVED_MANUAL_REVIEW_EVIDENCE,UNREVIEWED_IS_NOT_CODED_ZERO
ICJ-188-2023-11-16||SC_MEETING::SCM|S/PV.9526,ICJ-188-2023-11-16,188,2024-01-10,55,SC_MEETING,S/PV.9526,0,0,0,NO_PRESERVED_MANUAL_REVIEW_EVIDENCE,UNREVIEWED_IS_NOT_CODED_ZERO
ICJ-188-2023-11-16||SC_MEETING::SCM|S/PV.9527,ICJ-188-2023-11-16,188,2024-01-10,55,SC_MEETING,S/PV.9527,0,0,0,NO_PRESERVED_MANUAL_REVIEW_EVIDENCE,UNREVIEWED_IS_NOT_CODED_ZERO
ICJ-188-2023-11-16||SC_MEETING::SCM|S/PV.9528,ICJ-188-2023-11-16,188,2024-01-10,55,SC_MEETING,S/PV.9528,0,0,0,NO_PRESERVED_MANUAL_REVIEW_EVIDENCE,UNREVIEWED_IS_NOT_CODED_ZERO
ICJ-188-2023-11-16||SC_MEETING::SCM|S/PV.9529,ICJ-188-2023-11-16,188,2024-01-11,56,SC_MEETING,S/PV.9529,0,0,0,NO_PRESERVED_MANUAL_REVIEW_EVIDENCE,UNREVIEWED_IS_NOT_CODED_ZERO
ICJ-188-2023-11-16||SC_MEETING::SCM|S/PV.9530,ICJ-188-2023-11-16,188,2024-01-11,56,SC_MEETING,S/PV.9530,0,0,0,NO_PRESERVED_MANUAL_REVIEW_EVIDENCE,UNREVIEWED_IS_NOT_CODED_ZERO
ICJ-188-2023-11-16||SC_MEETING::SCM|S/PV.9531,ICJ-188-2023-11-16,188,2024-01-12,57,SC_MEETING,S/PV.9531,1,0,1,PRESERVED_ORIGINAL_233_HUMAN_REVIEW,REVIEW_EVIDENCE_PRESENT
ICJ-188-2023-11-16||SC_MEETING::SCM|S/PV.9532,ICJ-188-2023-11-16,188,2024-01-12,57,SC_MEETING,S/PV.9532,0,0,0,NO_PRESERVED_MANUAL_REVIEW_EVIDENCE,UNREVIEWED_IS_NOT_CODED_ZERO
ICJ-188-2023-11-16||SC_MEETING::SCM|S/PV.9533,ICJ-188-2023-11-16,188,2024-01-22,67,SC_MEETING,S/PV.9533,0,0,0,NO_PRESERVED_MANUAL_REVIEW_EVIDENCE,UNREVIEWED_IS_NOT_CODED_ZERO
ICJ-188-2023-11-16||SC_MEETING::SCM|S/PV.9534,ICJ-188-2023-11-16,188,2024-01-23,68,SC_MEETING,S/PV.9534,1,0,1,PRESERVED_ORIGINAL_233_HUMAN_REVIEW,REVIEW_EVIDENCE_PRESENT
ICJ-188-2023-11-16||SC_MEETING::SCM|S/PV.9534 (Resumption 1),ICJ-188-2023-11-16,188,2024-01-24,69,SC_MEETING,S/PV.9534 (Resumption 1),1,0,1,PRESERVED_ORIGINAL_233_HUMAN_REVIEW,REVIEW_EVIDENCE_PRESENT
ICJ-188-2023-11-16||SC_MEETING::SCM|S/PV.9535,ICJ-188-2023-11-16,188,2024-01-25,70,SC_MEETING,S/PV.9535,0,0,0,NO_PRESERVED_MANUAL_REVIEW_EVIDENCE,UNREVIEWED_IS_NOT_CODED_ZERO
ICJ-188-2023-11-16||SC_MEETING::SCM|S/PV.9536,ICJ-188-2023-11-16,188,2024-01-25,70,SC_MEETING,S/PV.9536,0,0,0,NO_PRESERVED_MANUAL_REVIEW_EVIDENCE,UNREVIEWED_IS_NOT_CODED_ZERO
ICJ-188-2023-11-16||SC_MEETING::SCM|S/PV.9537,ICJ-188-2023-11-16,188,2024-01-25,70,SC_MEETING,S/PV.9537,0,0,0,NO_PRESERVED_MANUAL_REVIEW_EVIDENCE,UNREVIEWED_IS_NOT_CODED_ZERO
ICJ-188-2023-11-16||SC_MEETING::SCM|S/PV.9538,ICJ-188-2023-11-16,188,2024-01-29,74,SC_MEETING,S/PV.9538,0,0,0,NO_PRESERVED_MANUAL_REVIEW_EVIDENCE,UNREVIEWED_IS_NOT_CODED_ZERO
ICJ-188-2023-11-16||SC_FORMAL_VOTE::SCV|2084,ICJ-188-2023-11-16,188,2024-01-30,75,SC_FORMAL_VOTE,S/PV.9539,0,0,0,NO_PRESERVED_MANUAL_REVIEW_EVIDENCE,UNREVIEWED_IS_NOT_CODED_ZERO
ICJ-188-2023-11-16||SC_MEETING::SCM|S/PV.9539,ICJ-188-2023-11-16,188,2024-01-30,75,SC_MEETING,S/PV.9539,0,0,0,NO_PRESERVED_MANUAL_REVIEW_EVIDENCE,UNREVIEWED_IS_NOT_CODED_ZERO
ICJ-188-2023-11-16||SC_MEETING::SCM|S/PV.9540,ICJ-188-2023-11-16,188,2024-01-31,76,SC_MEETING,S/PV.9540,1,0,1,PRESERVED_ORIGINAL_233_HUMAN_REVIEW,REVIEW_EVIDENCE_PRESENT
ICJ-188-2023-11-16||SC_MEETING::SCM|S/PV.9541,ICJ-188-2023-11-16,188,2024-02-05,81,SC_MEETING,S/PV.9541,0,0,0,NO_PRESERVED_MANUAL_REVIEW_EVIDENCE,UNREVIEWED_IS_NOT_CODED_ZERO
ICJ-188-2023-11-16||SC_MEETING::SCM|S/PV.9541/Rev.1,ICJ-188-2023-11-16,188,2024-02-05,81,SC_MEETING,S/PV.9541/Rev.1,0,0,0,NO_PRESERVED_MANUAL_REVIEW_EVIDENCE,UNREVIEWED_IS_NOT_CODED_ZERO
ICJ-188-2023-11-16||SC_MEETING::SCM|S/PV.9542,ICJ-188-2023-11-16,188,2024-02-05,81,SC_MEETING,S/PV.9542,0,0,0,NO_PRESERVED_MANUAL_REVIEW_EVIDENCE,UNREVIEWED_IS_NOT_CODED_ZERO
ICJ-188-2023-11-16||SC_MEETING::SCM|S/PV.9543,ICJ-188-2023-11-16,188,2024-02-06,82,SC_MEETING,S/PV.9543,0,0,0,NO_PRESERVED_MANUAL_REVIEW_EVIDENCE,UNREVIEWED_IS_NOT_CODED_ZERO
ICJ-188-2023-11-16||SC_MEETING::SCM|S/PV.9544,ICJ-188-2023-11-16,188,2024-02-06,82,SC_MEETING,S/PV.9544,0,0,0,NO_PRESERVED_MANUAL_REVIEW_EVIDENCE,UNREVIEWED_IS_NOT_CODED_ZERO
ICJ-188-2023-11-16||SC_MEETING::SCM|S/PV.9545,ICJ-188-2023-11-16,188,2024-02-08,84,SC_MEETING,S/PV.9545,0,0,0,NO_PRESERVED_MANUAL_REVIEW_EVIDENCE,UNREVIEWED_IS_NOT_CODED_ZERO
ICJ-188-2023-11-16||SC_MEETING::SCM|S/PV.9546,ICJ-188-2023-11-16,188,2024-02-12,88,SC_MEETING,S/PV.9546,0,0,0,NO_PRESERVED_MANUAL_REVIEW_EVIDENCE,UNREVIEWED_IS_NOT_CODED_ZERO
ICJ-188-2023-11-16||SC_MEETING::SCM|S/PV.9547,ICJ-188-2023-11-16,188,2024-02-13,89,SC_MEETING,S/PV.9547,0,0,0,NO_PRESERVED_MANUAL_REVIEW_EVIDENCE,UNREVIEWED_IS_NOT_CODED_ZERO
ICJ-188-2023-11-16||SC_MEETING::SCM|S/PV.9547 (Resumption 1),ICJ-188-2023-11-16,188,2024-02-13,89,SC_MEETING,S/PV.9547 (Resumption 1),0,0,0,NO_PRESERVED_MANUAL_REVIEW_EVIDENCE,UNREVIEWED_IS_NOT_CODED_ZERO
ICJ-188-2023-11-16||SC_MEETING::SCM|S/PV.9547 (Resumption 2),ICJ-188-2023-11-16,188,2024-02-14,90,SC_MEETING,S/PV.9547 (Resumption 2),0,0,0,NO_PRESERVED_MANUAL_REVIEW_EVIDENCE,UNREVIEWED_IS_NOT_CODED_ZERO
ICJ-188-2023-11-16||SC_MEETING::SCM|S/PV.9548,ICJ-188-2023-11-16,188,2024-02-14,90,SC_MEETING,S/PV.9548,1,0,1,PRESERVED_ORIGINAL_233_HUMAN_REVIEW,REVIEW_EVIDENCE_PRESENT
ICJ-188-2023-11-16||SC_MEETING::SCM|S/PV.9549,ICJ-188-2023-11-16,188,2024-02-15,91,SC_MEETING,S/PV.9549,0,0,0,NO_PRESERVED_MANUAL_REVIEW_EVIDENCE,UNREVIEWED_IS_NOT_CODED_ZERO
ICJ-188-2023-11-16||SC_MEETING::SCM|S/PV.9550,ICJ-188-2023-11-16,188,2024-02-15,91,SC_MEETING,S/PV.9550,0,0,0,NO_PRESERVED_MANUAL_REVIEW_EVIDENCE,UNREVIEWED_IS_NOT_CODED_ZERO
ICJ-188-2023-11-16||SC_MEETING::SCM|S/PV.9551,ICJ-188-2023-11-16,188,2024-02-19,95,SC_MEETING,S/PV.9551,0,0,0,NO_PRESERVED_MANUAL_REVIEW_EVIDENCE,UNREVIEWED_IS_NOT_CODED_ZERO
ICJ-188-2023-11-16||SC_FORMAL_VOTE::SCV|2085,ICJ-188-2023-11-16,188,2024-02-20,96,SC_FORMAL_VOTE,S/PV.9552,1,0,1,PRESERVED_ORIGINAL_233_HUMAN_REVIEW,REVIEW_EVIDENCE_PRESENT
ICJ-188-2023-11-16||SC_MEETING::SCM|S/PV.9552,ICJ-188-2023-11-16,188,2024-02-20,96,SC_MEETING,S/PV.9552,1,0,1,PRESERVED_ORIGINAL_233_HUMAN_REVIEW,REVIEW_EVIDENCE_PRESENT
ICJ-188-2023-11-16||SC_MEETING::SCM|S/PV.9553,ICJ-188-2023-11-16,188,2024-02-20,96,SC_MEETING,S/PV.9553,0,0,0,NO_PRESERVED_MANUAL_REVIEW_EVIDENCE,UNREVIEWED_IS_NOT_CODED_ZERO
ICJ-188-2023-11-16||SC_MEETING::SCM|S/PV.9554,ICJ-188-2023-11-16,188,2024-02-21,97,SC_MEETING,S/PV.9554,0,0,0,NO_PRESERVED_MANUAL_REVIEW_EVIDENCE,UNREVIEWED_IS_NOT_CODED_ZERO
ICJ-188-2023-11-16||SC_MEETING::SCM|S/PV.9555,ICJ-188-2023-11-16,188,2024-02-22,98,SC_MEETING,S/PV.9555,0,0,0,NO_PRESERVED_MANUAL_REVIEW_EVIDENCE,UNREVIEWED_IS_NOT_CODED_ZERO
ICJ-188-2023-11-16||SC_MEETING::SCM|S/PV.9556,ICJ-188-2023-11-16,188,2024-02-22,98,SC_MEETING,S/PV.9556,1,0,1,PRESERVED_ORIGINAL_233_HUMAN_REVIEW,REVIEW_EVIDENCE_PRESENT
ICJ-188-2023-11-16||SC_MEETING::SCM|S/PV.9557,ICJ-188-2023-11-16,188,2024-02-23,99,SC_MEETING,S/PV.9557,0,0,0,NO_PRESERVED_MANUAL_REVIEW_EVIDENCE,UNREVIEWED_IS_NOT_CODED_ZERO
ICJ-188-2023-11-16||SC_MEETING::SCM|S/PV.9558,ICJ-188-2023-11-16,188,2024-02-26,102,SC_MEETING,S/PV.9558,0,0,0,NO_PRESERVED_MANUAL_REVIEW_EVIDENCE,UNREVIEWED_IS_NOT_CODED_ZERO
ICJ-188-2023-11-16||SC_MEETING::SCM|S/PV.9559,ICJ-188-2023-11-16,188,2024-02-27,103,SC_MEETING,S/PV.9559,1,0,1,PRESERVED_ORIGINAL_233_HUMAN_REVIEW,REVIEW_EVIDENCE_PRESENT
ICJ-188-2023-11-16||SC_MEETING::SCM|S/PV.9560,ICJ-188-2023-11-16,188,2024-02-27,103,SC_MEETING,S/PV.9560,0,0,0,NO_PRESERVED_MANUAL_REVIEW_EVIDENCE,UNREVIEWED_IS_NOT_CODED_ZERO
ICJ-188-2023-11-16||SC_MEETING::SCM|S/PV.9561,ICJ-188-2023-11-16,188,2024-03-04,109,SC_MEETING,S/PV.9561,0,0,0,NO_PRESERVED_MANUAL_REVIEW_EVIDENCE,UNREVIEWED_IS_NOT_CODED_ZERO
ICJ-188-2023-11-16||SC_MEETING::SCM|S/PV.9562,ICJ-188-2023-11-16,188,2024-03-04,109,SC_MEETING,S/PV.9562,1,0,1,PRESERVED_ORIGINAL_233_HUMAN_REVIEW,REVIEW_EVIDENCE_PRESENT
ICJ-188-2023-11-16||SC_MEETING::SCM|S/PV.9563,ICJ-188-2023-11-16,188,2024-03-04,109,SC_MEETING,S/PV.9563,0,0,0,NO_PRESERVED_MANUAL_REVIEW_EVIDENCE,UNREVIEWED_IS_NOT_CODED_ZERO
ICJ-188-2023-11-16||SC_MEETING::SCM|S/PV.9564,ICJ-188-2023-11-16,188,2024-03-05,110,SC_MEETING,S/PV.9564,0,0,0,NO_PRESERVED_MANUAL_REVIEW_EVIDENCE,UNREVIEWED_IS_NOT_CODED_ZERO
ICJ-188-2023-11-16||SC_MEETING::SCM|S/PV.9565,ICJ-188-2023-11-16,188,2024-03-06,111,SC_MEETING,S/PV.9565,0,0,0,NO_PRESERVED_MANUAL_REVIEW_EVIDENCE,UNREVIEWED_IS_NOT_CODED_ZERO
ICJ-188-2023-11-16||SC_MEETING::SCM|S/PV.9566,ICJ-188-2023-11-16,188,2024-03-06,111,SC_MEETING,S/PV.9566,0,0,0,NO_PRESERVED_MANUAL_REVIEW_EVIDENCE,UNREVIEWED_IS_NOT_CODED_ZERO
ICJ-188-2023-11-16||SC_MEETING::SCM|S/PV.9567,ICJ-188-2023-11-16,188,2024-03-07,112,SC_MEETING,S/PV.9567,0,0,0,NO_PRESERVED_MANUAL_REVIEW_EVIDENCE,UNREVIEWED_IS_NOT_CODED_ZERO
ICJ-188-2023-11-16||SC_FORMAL_VOTE::SCV|2086,ICJ-188-2023-11-16,188,2024-03-08,113,SC_FORMAL_VOTE,S/PV.9568,0,0,0,NO_PRESERVED_MANUAL_REVIEW_EVIDENCE,UNREVIEWED_IS_NOT_CODED_ZERO
ICJ-188-2023-11-16||SC_FORMAL_VOTE::SCV|2087,ICJ-188-2023-11-16,188,2024-03-08,113,SC_FORMAL_VOTE,S/PV.9569,0,0,0,NO_PRESERVED_MANUAL_REVIEW_EVIDENCE,UNREVIEWED_IS_NOT_CODED_ZERO
ICJ-188-2023-11-16||SC_MEETING::SCM|S/PV.9568,ICJ-188-2023-11-16,188,2024-03-08,113,SC_MEETING,S/PV.9568,0,0,0,NO_PRESERVED_MANUAL_REVIEW_EVIDENCE,UNREVIEWED_IS_NOT_CODED_ZERO
ICJ-188-2023-11-16||SC_MEETING::SCM|S/PV.9569,ICJ-188-2023-11-16,188,2024-03-08,113,SC_MEETING,S/PV.9569,0,0,0,NO_PRESERVED_MANUAL_REVIEW_EVIDENCE,UNREVIEWED_IS_NOT_CODED_ZERO
ICJ-188-2023-11-16||SC_MEETING::SCM|S/PV.9570,ICJ-188-2023-11-16,188,2024-03-08,113,SC_MEETING,S/PV.9570,0,0,0,NO_PRESERVED_MANUAL_REVIEW_EVIDENCE,UNREVIEWED_IS_NOT_CODED_ZERO
ICJ-188-2023-11-16||SC_MEETING::SCM|S/PV.9571,ICJ-188-2023-11-16,188,2024-03-11,116,SC_MEETING,S/PV.9571,0,0,0,NO_PRESERVED_MANUAL_REVIEW_EVIDENCE,UNREVIEWED_IS_NOT_CODED_ZERO
ICJ-188-2023-11-16||SC_MEETING::SCM|S/PV.9572,ICJ-188-2023-11-16,188,2024-03-11,116,SC_MEETING,S/PV.9572,1,0,1,PRESERVED_ORIGINAL_233_HUMAN_REVIEW,REVIEW_EVIDENCE_PRESENT
ICJ-188-2023-11-16||SC_MEETING::SCM|S/PV.9573,ICJ-188-2023-11-16,188,2024-03-12,117,SC_MEETING,S/PV.9573,0,0,0,NO_PRESERVED_MANUAL_REVIEW_EVIDENCE,UNREVIEWED_IS_NOT_CODED_ZERO
ICJ-188-2023-11-16||SC_MEETING::SCM|S/PV.9574,ICJ-188-2023-11-16,188,2024-03-13,118,SC_MEETING,S/PV.9574,0,0,0,NO_PRESERVED_MANUAL_REVIEW_EVIDENCE,UNREVIEWED_IS_NOT_CODED_ZERO
ICJ-188-2023-11-16||SC_MEETING::SCM|S/PV.9574 (Resumption 1),ICJ-188-2023-11-16,188,2024-03-13,118,SC_MEETING,S/PV.9574 (Resumption 1),0,0,0,NO_PRESERVED_MANUAL_REVIEW_EVIDENCE,UNREVIEWED_IS_NOT_CODED_ZERO
ICJ-188-2023-11-16||SC_FORMAL_VOTE::SCV|2088,ICJ-188-2023-11-16,188,2024-03-14,119,SC_FORMAL_VOTE,S/PV.9575,0,0,0,NO_PRESERVED_MANUAL_REVIEW_EVIDENCE,UNREVIEWED_IS_NOT_CODED_ZERO
ICJ-188-2023-11-16||SC_MEETING::SCM|S/PV.9571 (Resumption 1),ICJ-188-2023-11-16,188,2024-03-14,119,SC_MEETING,S/PV.9571 (Resumption 1),0,0,0,NO_PRESERVED_MANUAL_REVIEW_EVIDENCE,UNREVIEWED_IS_NOT_CODED_ZERO
ICJ-188-2023-11-16||SC_MEETING::SCM|S/PV.9575,ICJ-188-2023-11-16,188,2024-03-14,119,SC_MEETING,S/PV.9575,0,0,0,NO_PRESERVED_MANUAL_REVIEW_EVIDENCE,UNREVIEWED_IS_NOT_CODED_ZERO
ICJ-188-2023-11-16||SC_MEETING::SCM|S/PV.9576,ICJ-188-2023-11-16,188,2024-03-14,119,SC_MEETING,S/PV.9576,1,0,1,PRESERVED_ORIGINAL_233_HUMAN_REVIEW,REVIEW_EVIDENCE_PRESENT
ICJ-188-2023-11-16||GA_FORMAL_VOTE::GAV|4040686,ICJ-188-2023-11-16,188,2024-03-15,120,GA_FORMAL_VOTE,A/78/PV.62,0,0,0,NO_PRESERVED_MANUAL_REVIEW_EVIDENCE,UNREVIEWED_IS_NOT_CODED_ZERO
ICJ-188-2023-11-16||SC_FORMAL_VOTE::SCV|2089,ICJ-188-2023-11-16,188,2024-03-15,120,SC_FORMAL_VOTE,S/PV.9577,0,0,0,NO_PRESERVED_MANUAL_REVIEW_EVIDENCE,UNREVIEWED_IS_NOT_CODED_ZERO
ICJ-188-2023-11-16||SC_MEETING::SCM|S/PV.9577,ICJ-188-2023-11-16,188,2024-03-15,120,SC_MEETING,S/PV.9577,0,0,0,NO_PRESERVED_MANUAL_REVIEW_EVIDENCE,UNREVIEWED_IS_NOT_CODED_ZERO
ICJ-188-2023-11-16||SC_MEETING::SCM|S/PV.9578,ICJ-188-2023-11-16,188,2024-03-15,120,SC_MEETING,S/PV.9578,0,0,0,NO_PRESERVED_MANUAL_REVIEW_EVIDENCE,UNREVIEWED_IS_NOT_CODED_ZERO
ICJ-188-2023-11-16||SC_MEETING::SCM|S/PV.9579,ICJ-188-2023-11-16,188,2024-03-18,123,SC_MEETING,S/PV.9579,0,0,0,NO_PRESERVED_MANUAL_REVIEW_EVIDENCE,UNREVIEWED_IS_NOT_CODED_ZERO
ICJ-188-2023-11-16||SC_MEETING::SCM|S/PV.9580,ICJ-188-2023-11-16,188,2024-03-18,123,SC_MEETING,S/PV.9580,0,0,0,NO_PRESERVED_MANUAL_REVIEW_EVIDENCE,UNREVIEWED_IS_NOT_CODED_ZERO
ICJ-188-2023-11-16||SC_MEETING::SCM|S/PV.9574 (Resumption 2),ICJ-188-2023-11-16,188,2024-03-19,124,SC_MEETING,S/PV.9574 (Resumption 2),0,0,0,NO_PRESERVED_MANUAL_REVIEW_EVIDENCE,UNREVIEWED_IS_NOT_CODED_ZERO
ICJ-188-2023-11-16||SC_MEETING::SCM|S/PV.9581,ICJ-188-2023-11-16,188,2024-03-19,124,SC_MEETING,S/PV.9581,0,0,0,NO_PRESERVED_MANUAL_REVIEW_EVIDENCE,UNREVIEWED_IS_NOT_CODED_ZERO
ICJ-188-2023-11-16||SC_MEETING::SCM|S/PV.9582,ICJ-188-2023-11-16,188,2024-03-20,125,SC_MEETING,S/PV.9582,0,0,0,NO_PRESERVED_MANUAL_REVIEW_EVIDENCE,UNREVIEWED_IS_NOT_CODED_ZERO
ICJ-188-2023-11-16||SC_MEETING::SCM|S/PV.9583,ICJ-188-2023-11-16,188,2024-03-21,126,SC_MEETING,S/PV.9583,1,0,1,PRESERVED_ORIGINAL_233_HUMAN_REVIEW,REVIEW_EVIDENCE_PRESENT
ICJ-188-2023-11-16||SC_FORMAL_VOTE::SCV|2090,ICJ-188-2023-11-16,188,2024-03-22,127,SC_FORMAL_VOTE,S/PV.9584,1,0,1,PRESERVED_ORIGINAL_233_HUMAN_REVIEW,REVIEW_EVIDENCE_PRESENT
ICJ-188-2023-11-16||SC_MEETING::SCM|S/PV.9584,ICJ-188-2023-11-16,188,2024-03-22,127,SC_MEETING,S/PV.9584,1,0,1,PRESERVED_ORIGINAL_233_HUMAN_REVIEW,REVIEW_EVIDENCE_PRESENT
ICJ-188-2023-11-16||SC_MEETING::SCM|S/PV.9585,ICJ-188-2023-11-16,188,2024-03-22,127,SC_MEETING,S/PV.9585,0,0,0,NO_PRESERVED_MANUAL_REVIEW_EVIDENCE,UNREVIEWED_IS_NOT_CODED_ZERO
ICJ-188-2023-11-16||SC_FORMAL_VOTE::SCV|2091,ICJ-188-2023-11-16,188,2024-03-25,130,SC_FORMAL_VOTE,S/PV.9586,1,0,1,PRESERVED_ORIGINAL_233_HUMAN_REVIEW,REVIEW_EVIDENCE_PRESENT
ICJ-188-2023-11-16||SC_MEETING::SCM|S/PV.9586,ICJ-188-2023-11-16,188,2024-03-25,130,SC_MEETING,S/PV.9586,1,0,1,PRESERVED_ORIGINAL_233_HUMAN_REVIEW,REVIEW_EVIDENCE_PRESENT
ICJ-188-2023-11-16||SC_MEETING::SCM|S/PV.9587,ICJ-188-2023-11-16,188,2024-03-25,130,SC_MEETING,S/PV.9587,0,0,0,NO_PRESERVED_MANUAL_REVIEW_EVIDENCE,UNREVIEWED_IS_NOT_CODED_ZERO
ICJ-188-2023-11-16||SC_MEETING::SCM|S/PV.9588,ICJ-188-2023-11-16,188,2024-03-26,131,SC_MEETING,S/PV.9588,1,0,1,PRESERVED_ORIGINAL_233_HUMAN_REVIEW,REVIEW_EVIDENCE_PRESENT
ICJ-188-2023-11-16||SC_MEETING::SCM|S/PV.9589,ICJ-188-2023-11-16,188,2024-03-26,131,SC_MEETING,S/PV.9589,0,0,0,NO_PRESERVED_MANUAL_REVIEW_EVIDENCE,UNREVIEWED_IS_NOT_CODED_ZERO
ICJ-188-2023-11-16||SC_MEETING::SCM|S/PV.9590,ICJ-188-2023-11-16,188,2024-03-27,132,SC_MEETING,S/PV.9590,0,0,0,NO_PRESERVED_MANUAL_REVIEW_EVIDENCE,UNREVIEWED_IS_NOT_CODED_ZERO
ICJ-188-2023-11-16||SC_FORMAL_VOTE::SCV|2092,ICJ-188-2023-11-16,188,2024-03-28,133,SC_FORMAL_VOTE,S/PV.9591,0,0,0,NO_PRESERVED_MANUAL_REVIEW_EVIDENCE,UNREVIEWED_IS_NOT_CODED_ZERO
ICJ-188-2023-11-16||SC_MEETING::SCM|S/PV.9591,ICJ-188-2023-11-16,188,2024-03-28,133,SC_MEETING,S/PV.9591,0,0,0,NO_PRESERVED_MANUAL_REVIEW_EVIDENCE,UNREVIEWED_IS_NOT_CODED_ZERO
ICJ-188-2023-11-16||SC_MEETING::SCM|S/PV.9592,ICJ-188-2023-11-16,188,2024-03-28,133,SC_MEETING,S/PV.9592,0,0,0,NO_PRESERVED_MANUAL_REVIEW_EVIDENCE,UNREVIEWED_IS_NOT_CODED_ZERO
ICJ-188-2023-11-16||SC_MEETING::SCM|S/PV.9593,ICJ-188-2023-11-16,188,2024-04-02,138,SC_MEETING,S/PV.9593,0,0,0,NO_PRESERVED_MANUAL_REVIEW_EVIDENCE,UNREVIEWED_IS_NOT_CODED_ZERO
ICJ-188-2023-11-16||SC_MEETING::SCM|S/PV.9594,ICJ-188-2023-11-16,188,2024-04-03,139,SC_MEETING,S/PV.9594,0,0,0,NO_PRESERVED_MANUAL_REVIEW_EVIDENCE,UNREVIEWED_IS_NOT_CODED_ZERO
ICJ-188-2023-11-16||SC_MEETING::SCM|S/PV.9595,ICJ-188-2023-11-16,188,2024-04-04,140,SC_MEETING,S/PV.9595,0,0,0,NO_PRESERVED_MANUAL_REVIEW_EVIDENCE,UNREVIEWED_IS_NOT_CODED_ZERO
ICJ-188-2023-11-16||SC_MEETING::SCM|S/PV.9596,ICJ-188-2023-11-16,188,2024-04-05,141,SC_MEETING,S/PV.9596,1,0,1,PRESERVED_ORIGINAL_233_HUMAN_REVIEW,REVIEW_EVIDENCE_PRESENT
ICJ-188-2023-11-16||SC_MEETING::SCM|S/PV.9597,ICJ-188-2023-11-16,188,2024-04-08,144,SC_MEETING,S/PV.9597,0,0,0,NO_PRESERVED_MANUAL_REVIEW_EVIDENCE,UNREVIEWED_IS_NOT_CODED_ZERO
ICJ-188-2023-11-16||SC_MEETING::SCM|S/PV.9598,ICJ-188-2023-11-16,188,2024-04-09,145,SC_MEETING,S/PV.9598,0,0,0,NO_PRESERVED_MANUAL_REVIEW_EVIDENCE,UNREVIEWED_IS_NOT_CODED_ZERO
ICJ-188-2023-11-16||SC_MEETING::SCM|S/PV.9599,ICJ-188-2023-11-16,188,2024-04-09,145,SC_MEETING,S/PV.9599,0,0,0,NO_PRESERVED_MANUAL_REVIEW_EVIDENCE,UNREVIEWED_IS_NOT_CODED_ZERO
ICJ-188-2023-11-16||SC_MEETING::SCM|S/PV.9600,ICJ-188-2023-11-16,188,2024-04-11,147,SC_MEETING,S/PV.9600,0,0,0,NO_PRESERVED_MANUAL_REVIEW_EVIDENCE,UNREVIEWED_IS_NOT_CODED_ZERO
ICJ-188-2023-11-16||SC_MEETING::SCM|S/PV.9601,ICJ-188-2023-11-16,188,2024-04-12,148,SC_MEETING,S/PV.9601,0,0,0,NO_PRESERVED_MANUAL_REVIEW_EVIDENCE,UNREVIEWED_IS_NOT_CODED_ZERO
ICJ-188-2023-11-16||SC_MEETING::SCM|S/PV.9602,ICJ-188-2023-11-16,188,2024-04-14,150,SC_MEETING,S/PV.9602,1,0,1,PRESERVED_ORIGINAL_233_HUMAN_REVIEW,REVIEW_EVIDENCE_PRESENT
ICJ-188-2023-11-16||SC_MEETING::SCM|S/PV.9603,ICJ-188-2023-11-16,188,2024-04-15,151,SC_MEETING,S/PV.9603,1,0,1,PRESERVED_ORIGINAL_233_HUMAN_REVIEW,REVIEW_EVIDENCE_PRESENT
ICJ-188-2023-11-16||SC_MEETING::SCM|S/PV.9604,ICJ-188-2023-11-16,188,2024-04-15,151,SC_MEETING,S/PV.9604,0,0,0,NO_PRESERVED_MANUAL_REVIEW_EVIDENCE,UNREVIEWED_IS_NOT_CODED_ZERO
ICJ-188-2023-11-16||SC_MEETING::SCM|S/PV.9605,ICJ-188-2023-11-16,188,2024-04-16,152,SC_MEETING,S/PV.9605,0,0,0,NO_PRESERVED_MANUAL_REVIEW_EVIDENCE,UNREVIEWED_IS_NOT_CODED_ZERO
ICJ-188-2023-11-16||SC_MEETING::SCM|S/PV.9606,ICJ-188-2023-11-16,188,2024-04-17,153,SC_MEETING,S/PV.9606,0,0,0,NO_PRESERVED_MANUAL_REVIEW_EVIDENCE,UNREVIEWED_IS_NOT_CODED_ZERO
ICJ-188-2023-11-16||SC_MEETING::SCM|S/PV.9607,ICJ-188-2023-11-16,188,2024-04-17,153,SC_MEETING,S/PV.9607,1,0,1,PRESERVED_ORIGINAL_233_HUMAN_REVIEW,REVIEW_EVIDENCE_PRESENT
ICJ-188-2023-11-16||SC_FORMAL_VOTE::SCV|2093,ICJ-188-2023-11-16,188,2024-04-18,154,SC_FORMAL_VOTE,S/PV.9609,0,0,0,NO_PRESERVED_MANUAL_REVIEW_EVIDENCE,UNREVIEWED_IS_NOT_CODED_ZERO
ICJ-188-2023-11-16||SC_MEETING::SCM|S/PV.9608,ICJ-188-2023-11-16,188,2024-04-18,154,SC_MEETING,S/PV.9608,1,0,1,PRESERVED_ORIGINAL_233_HUMAN_REVIEW,REVIEW_EVIDENCE_PRESENT
ICJ-188-2023-11-16||SC_MEETING::SCM|S/PV.9608 (Resumption 1),ICJ-188-2023-11-16,188,2024-04-18,154,SC_MEETING,S/PV.9608 (Resumption 1),1,0,1,PRESERVED_ORIGINAL_233_HUMAN_REVIEW,REVIEW_EVIDENCE_PRESENT
ICJ-188-2023-11-16||SC_MEETING::SCM|S/PV.9609,ICJ-188-2023-11-16,188,2024-04-18,154,SC_MEETING,S/PV.9609,0,0,0,NO_PRESERVED_MANUAL_REVIEW_EVIDENCE,UNREVIEWED_IS_NOT_CODED_ZERO
ICJ-188-2023-11-16||SC_MEETING::SCM|S/PV.9610,ICJ-188-2023-11-16,188,2024-04-19,155,SC_MEETING,S/PV.9610,0,0,0,NO_PRESERVED_MANUAL_REVIEW_EVIDENCE,UNREVIEWED_IS_NOT_CODED_ZERO
ICJ-188-2023-11-16||SC_MEETING::SCM|S/PV.9611,ICJ-188-2023-11-16,188,2024-04-19,155,SC_MEETING,S/PV.9611,0,0,0,NO_PRESERVED_MANUAL_REVIEW_EVIDENCE,UNREVIEWED_IS_NOT_CODED_ZERO
ICJ-188-2023-11-16||SC_MEETING::SCM|S/PV.9612,ICJ-188-2023-11-16,188,2024-04-22,158,SC_MEETING,S/PV.9612,0,0,0,NO_PRESERVED_MANUAL_REVIEW_EVIDENCE,UNREVIEWED_IS_NOT_CODED_ZERO
ICJ-188-2023-11-16||SC_MEETING::SCM|S/PV.9613,ICJ-188-2023-11-16,188,2024-04-22,158,SC_MEETING,S/PV.9613,0,0,0,NO_PRESERVED_MANUAL_REVIEW_EVIDENCE,UNREVIEWED_IS_NOT_CODED_ZERO
ICJ-188-2023-11-16||SC_MEETING::SCM|S/PV.9614,ICJ-188-2023-11-16,188,2024-04-23,159,SC_MEETING,S/PV.9614,0,0,0,NO_PRESERVED_MANUAL_REVIEW_EVIDENCE,UNREVIEWED_IS_NOT_CODED_ZERO
ICJ-188-2023-11-16||SC_MEETING::SCM|S/PV.9614 (Resumption 1),ICJ-188-2023-11-16,188,2024-04-23,159,SC_MEETING,S/PV.9614 (Resumption 1),0,0,0,NO_PRESERVED_MANUAL_REVIEW_EVIDENCE,UNREVIEWED_IS_NOT_CODED_ZERO
ICJ-188-2023-11-16||GA_FORMAL_VOTE::GAV|4045077,ICJ-188-2023-11-16,188,2024-04-24,160,GA_FORMAL_VOTE,A/78/PV.73,0,0,0,NO_PRESERVED_MANUAL_REVIEW_EVIDENCE,UNREVIEWED_IS_NOT_CODED_ZERO
ICJ-188-2023-11-16||GA_FORMAL_VOTE::GAV|4045078,ICJ-188-2023-11-16,188,2024-04-24,160,GA_FORMAL_VOTE,A/78/PV.73,0,0,0,NO_PRESERVED_MANUAL_REVIEW_EVIDENCE,UNREVIEWED_IS_NOT_CODED_ZERO
ICJ-188-2023-11-16||SC_MEETING::SCM|S/PV.9615,ICJ-188-2023-11-16,188,2024-04-24,160,SC_MEETING,S/PV.9615,0,0,0,NO_PRESERVED_MANUAL_REVIEW_EVIDENCE,UNREVIEWED_IS_NOT_CODED_ZERO
ICJ-188-2023-11-16||SC_MEETING::SCM|S/PV.9616,ICJ-188-2023-11-16,188,2024-04-24,160,SC_MEETING,S/PV.9616,0,0,0,NO_PRESERVED_MANUAL_REVIEW_EVIDENCE,UNREVIEWED_IS_NOT_CODED_ZERO
ICJ-188-2023-11-16||SC_MEETING::SCM|S/PV.9617,ICJ-188-2023-11-16,188,2024-04-24,160,SC_MEETING,S/PV.9617,1,0,1,PRESERVED_ORIGINAL_233_HUMAN_REVIEW,REVIEW_EVIDENCE_PRESENT
ICJ-188-2023-11-16||SC_SPECIAL_VETO::SCX|8,ICJ-188-2023-11-16,188,2024-04-24,160,SC_SPECIAL_VETO,S/PV.9616,0,0,0,NO_PRESERVED_MANUAL_REVIEW_EVIDENCE,UNREVIEWED_IS_NOT_CODED_ZERO
ICJ-188-2023-11-16||SC_MEETING::SCM|S/PV.9608 (Resumption 2),ICJ-188-2023-11-16,188,2024-04-25,161,SC_MEETING,S/PV.9608 (Resumption 2),1,0,1,PRESERVED_ORIGINAL_233_HUMAN_REVIEW,REVIEW_EVIDENCE_PRESENT
ICJ-188-2023-11-16||SC_MEETING::SCM|S/PV.9618,ICJ-188-2023-11-16,188,2024-04-25,161,SC_MEETING,S/PV.9618,1,0,1,PRESERVED_ORIGINAL_233_HUMAN_REVIEW,REVIEW_EVIDENCE_PRESENT
ICJ-188-2023-11-16||SC_MEETING::SCM|S/PV.9606 (Resumption 1),ICJ-188-2023-11-16,188,2024-04-26,162,SC_MEETING,S/PV.9606 (Resumption 1),0,0,0,NO_PRESERVED_MANUAL_REVIEW_EVIDENCE,UNREVIEWED_IS_NOT_CODED_ZERO
ICJ-188-2023-11-16||SC_MEETING::SCM|S/PV.9614 (Resumption 2),ICJ-188-2023-11-16,188,2024-04-26,162,SC_MEETING,S/PV.9614 (Resumption 2),0,0,0,NO_PRESERVED_MANUAL_REVIEW_EVIDENCE,UNREVIEWED_IS_NOT_CODED_ZERO
ICJ-188-2023-11-16||SC_MEETING::SCM|S/PV.9619,ICJ-188-2023-11-16,188,2024-04-26,162,SC_MEETING,S/PV.9619,0,0,0,NO_PRESERVED_MANUAL_REVIEW_EVIDENCE,UNREVIEWED_IS_NOT_CODED_ZERO
ICJ-188-2023-11-16||SC_FORMAL_VOTE::SCV|2094,ICJ-188-2023-11-16,188,2024-04-29,165,SC_FORMAL_VOTE,S/PV.9620,0,0,0,NO_PRESERVED_MANUAL_REVIEW_EVIDENCE,UNREVIEWED_IS_NOT_CODED_ZERO
ICJ-188-2023-11-16||SC_MEETING::SCM|S/PV.9620,ICJ-188-2023-11-16,188,2024-04-29,165,SC_MEETING,S/PV.9620,0,0,0,NO_PRESERVED_MANUAL_REVIEW_EVIDENCE,UNREVIEWED_IS_NOT_CODED_ZERO
ICJ-188-2023-11-16||SC_MEETING::SCM|S/PV.9621,ICJ-188-2023-11-16,188,2024-04-30,166,SC_MEETING,S/PV.9621,0,0,0,NO_PRESERVED_MANUAL_REVIEW_EVIDENCE,UNREVIEWED_IS_NOT_CODED_ZERO
ICJ-188-2023-11-16||SC_MEETING::SCM|S/PV.9622,ICJ-188-2023-11-16,188,2024-05-07,173,SC_MEETING,S/PV.9622,0,0,0,NO_PRESERVED_MANUAL_REVIEW_EVIDENCE,UNREVIEWED_IS_NOT_CODED_ZERO
ICJ-188-2023-11-16||GA_FORMAL_VOTE::GAV|4046991,ICJ-188-2023-11-16,188,2024-05-10,176,GA_FORMAL_VOTE,A/ES-10/PV.49,0,0,0,NO_PRESERVED_MANUAL_REVIEW_EVIDENCE,UNREVIEWED_IS_NOT_CODED_ZERO
ICJ-188-2023-11-16||SC_MEETING::SCM|S/PV.9623,ICJ-188-2023-11-16,188,2024-05-13,179,SC_MEETING,S/PV.9623,1,0,1,PRESERVED_ORIGINAL_233_HUMAN_REVIEW,REVIEW_EVIDENCE_PRESENT
ICJ-188-2023-11-16||SC_MEETING::SCM|S/PV.9624,ICJ-188-2023-11-16,188,2024-05-14,180,SC_MEETING,S/PV.9624,0,0,0,NO_PRESERVED_MANUAL_REVIEW_EVIDENCE,UNREVIEWED_IS_NOT_CODED_ZERO
ICJ-188-2023-11-16||SC_MEETING::SCM|S/PV.9625,ICJ-188-2023-11-16,188,2024-05-14,180,SC_MEETING,S/PV.9625,0,0,0,NO_PRESERVED_MANUAL_REVIEW_EVIDENCE,UNREVIEWED_IS_NOT_CODED_ZERO
ICJ-192-2024-01-26||SC_MEETING::SCM|S/PV.9538,ICJ-192-2024-01-26,192,2024-01-29,3,SC_MEETING,S/PV.9538,0,0,0,NO_PRESERVED_MANUAL_REVIEW_EVIDENCE,UNREVIEWED_IS_NOT_CODED_ZERO
ICJ-192-2024-01-26||SC_FORMAL_VOTE::SCV|2084,ICJ-192-2024-01-26,192,2024-01-30,4,SC_FORMAL_VOTE,S/PV.9539,0,0,0,NO_PRESERVED_MANUAL_REVIEW_EVIDENCE,UNREVIEWED_IS_NOT_CODED_ZERO
ICJ-192-2024-01-26||SC_MEETING::SCM|S/PV.9539,ICJ-192-2024-01-26,192,2024-01-30,4,SC_MEETING,S/PV.9539,0,0,0,NO_PRESERVED_MANUAL_REVIEW_EVIDENCE,UNREVIEWED_IS_NOT_CODED_ZERO
ICJ-192-2024-01-26||SC_MEETING::SCM|S/PV.9540,ICJ-192-2024-01-26,192,2024-01-31,5,SC_MEETING,S/PV.9540,1,0,1,PRESERVED_ORIGINAL_233_HUMAN_REVIEW,REVIEW_EVIDENCE_PRESENT
ICJ-192-2024-01-26||SC_MEETING::SCM|S/PV.9541,ICJ-192-2024-01-26,192,2024-02-05,10,SC_MEETING,S/PV.9541,0,0,0,NO_PRESERVED_MANUAL_REVIEW_EVIDENCE,UNREVIEWED_IS_NOT_CODED_ZERO
ICJ-192-2024-01-26||SC_MEETING::SCM|S/PV.9541/Rev.1,ICJ-192-2024-01-26,192,2024-02-05,10,SC_MEETING,S/PV.9541/Rev.1,0,0,0,NO_PRESERVED_MANUAL_REVIEW_EVIDENCE,UNREVIEWED_IS_NOT_CODED_ZERO
ICJ-192-2024-01-26||SC_MEETING::SCM|S/PV.9542,ICJ-192-2024-01-26,192,2024-02-05,10,SC_MEETING,S/PV.9542,0,0,0,NO_PRESERVED_MANUAL_REVIEW_EVIDENCE,UNREVIEWED_IS_NOT_CODED_ZERO
ICJ-192-2024-01-26||SC_MEETING::SCM|S/PV.9543,ICJ-192-2024-01-26,192,2024-02-06,11,SC_MEETING,S/PV.9543,0,0,0,NO_PRESERVED_MANUAL_REVIEW_EVIDENCE,UNREVIEWED_IS_NOT_CODED_ZERO
ICJ-192-2024-01-26||SC_MEETING::SCM|S/PV.9544,ICJ-192-2024-01-26,192,2024-02-06,11,SC_MEETING,S/PV.9544,0,0,0,NO_PRESERVED_MANUAL_REVIEW_EVIDENCE,UNREVIEWED_IS_NOT_CODED_ZERO
ICJ-192-2024-01-26||SC_MEETING::SCM|S/PV.9545,ICJ-192-2024-01-26,192,2024-02-08,13,SC_MEETING,S/PV.9545,0,0,0,NO_PRESERVED_MANUAL_REVIEW_EVIDENCE,UNREVIEWED_IS_NOT_CODED_ZERO
ICJ-192-2024-01-26||SC_MEETING::SCM|S/PV.9546,ICJ-192-2024-01-26,192,2024-02-12,17,SC_MEETING,S/PV.9546,0,0,0,NO_PRESERVED_MANUAL_REVIEW_EVIDENCE,UNREVIEWED_IS_NOT_CODED_ZERO
ICJ-192-2024-01-26||SC_MEETING::SCM|S/PV.9547,ICJ-192-2024-01-26,192,2024-02-13,18,SC_MEETING,S/PV.9547,0,0,0,NO_PRESERVED_MANUAL_REVIEW_EVIDENCE,UNREVIEWED_IS_NOT_CODED_ZERO
ICJ-192-2024-01-26||SC_MEETING::SCM|S/PV.9547 (Resumption 1),ICJ-192-2024-01-26,192,2024-02-13,18,SC_MEETING,S/PV.9547 (Resumption 1),0,0,0,NO_PRESERVED_MANUAL_REVIEW_EVIDENCE,UNREVIEWED_IS_NOT_CODED_ZERO
ICJ-192-2024-01-26||SC_MEETING::SCM|S/PV.9547 (Resumption 2),ICJ-192-2024-01-26,192,2024-02-14,19,SC_MEETING,S/PV.9547 (Resumption 2),0,0,0,NO_PRESERVED_MANUAL_REVIEW_EVIDENCE,UNREVIEWED_IS_NOT_CODED_ZERO
ICJ-192-2024-01-26||SC_MEETING::SCM|S/PV.9548,ICJ-192-2024-01-26,192,2024-02-14,19,SC_MEETING,S/PV.9548,0,0,0,NO_PRESERVED_MANUAL_REVIEW_EVIDENCE,UNREVIEWED_IS_NOT_CODED_ZERO
ICJ-192-2024-01-26||SC_MEETING::SCM|S/PV.9549,ICJ-192-2024-01-26,192,2024-02-15,20,SC_MEETING,S/PV.9549,0,0,0,NO_PRESERVED_MANUAL_REVIEW_EVIDENCE,UNREVIEWED_IS_NOT_CODED_ZERO
ICJ-192-2024-01-26||SC_MEETING::SCM|S/PV.9550,ICJ-192-2024-01-26,192,2024-02-15,20,SC_MEETING,S/PV.9550,0,0,0,NO_PRESERVED_MANUAL_REVIEW_EVIDENCE,UNREVIEWED_IS_NOT_CODED_ZERO
ICJ-192-2024-01-26||SC_MEETING::SCM|S/PV.9551,ICJ-192-2024-01-26,192,2024-02-19,24,SC_MEETING,S/PV.9551,0,0,0,NO_PRESERVED_MANUAL_REVIEW_EVIDENCE,UNREVIEWED_IS_NOT_CODED_ZERO
ICJ-192-2024-01-26||SC_FORMAL_VOTE::SCV|2085,ICJ-192-2024-01-26,192,2024-02-20,25,SC_FORMAL_VOTE,S/PV.9552,1,0,1,PRESERVED_ORIGINAL_233_HUMAN_REVIEW,REVIEW_EVIDENCE_PRESENT
ICJ-192-2024-01-26||SC_MEETING::SCM|S/PV.9552,ICJ-192-2024-01-26,192,2024-02-20,25,SC_MEETING,S/PV.9552,1,0,1,PRESERVED_ORIGINAL_233_HUMAN_REVIEW,REVIEW_EVIDENCE_PRESENT
ICJ-192-2024-01-26||SC_MEETING::SCM|S/PV.9553,ICJ-192-2024-01-26,192,2024-02-20,25,SC_MEETING,S/PV.9553,0,0,0,NO_PRESERVED_MANUAL_REVIEW_EVIDENCE,UNREVIEWED_IS_NOT_CODED_ZERO
ICJ-192-2024-01-26||SC_MEETING::SCM|S/PV.9554,ICJ-192-2024-01-26,192,2024-02-21,26,SC_MEETING,S/PV.9554,0,0,0,NO_PRESERVED_MANUAL_REVIEW_EVIDENCE,UNREVIEWED_IS_NOT_CODED_ZERO
ICJ-192-2024-01-26||SC_MEETING::SCM|S/PV.9555,ICJ-192-2024-01-26,192,2024-02-22,27,SC_MEETING,S/PV.9555,0,0,0,NO_PRESERVED_MANUAL_REVIEW_EVIDENCE,UNREVIEWED_IS_NOT_CODED_ZERO
ICJ-192-2024-01-26||SC_MEETING::SCM|S/PV.9556,ICJ-192-2024-01-26,192,2024-02-22,27,SC_MEETING,S/PV.9556,1,0,1,PRESERVED_ORIGINAL_233_HUMAN_REVIEW,REVIEW_EVIDENCE_PRESENT
ICJ-192-2024-01-26||SC_MEETING::SCM|S/PV.9557,ICJ-192-2024-01-26,192,2024-02-23,28,SC_MEETING,S/PV.9557,0,0,0,NO_PRESERVED_MANUAL_REVIEW_EVIDENCE,UNREVIEWED_IS_NOT_CODED_ZERO
ICJ-192-2024-01-26||SC_MEETING::SCM|S/PV.9558,ICJ-192-2024-01-26,192,2024-02-26,31,SC_MEETING,S/PV.9558,0,0,0,NO_PRESERVED_MANUAL_REVIEW_EVIDENCE,UNREVIEWED_IS_NOT_CODED_ZERO
ICJ-192-2024-01-26||SC_MEETING::SCM|S/PV.9559,ICJ-192-2024-01-26,192,2024-02-27,32,SC_MEETING,S/PV.9559,0,0,0,NO_PRESERVED_MANUAL_REVIEW_EVIDENCE,UNREVIEWED_IS_NOT_CODED_ZERO
ICJ-192-2024-01-26||SC_MEETING::SCM|S/PV.9560,ICJ-192-2024-01-26,192,2024-02-27,32,SC_MEETING,S/PV.9560,0,0,0,NO_PRESERVED_MANUAL_REVIEW_EVIDENCE,UNREVIEWED_IS_NOT_CODED_ZERO
ICJ-192-2024-01-26||SC_MEETING::SCM|S/PV.9561,ICJ-192-2024-01-26,192,2024-03-04,38,SC_MEETING,S/PV.9561,0,0,0,NO_PRESERVED_MANUAL_REVIEW_EVIDENCE,UNREVIEWED_IS_NOT_CODED_ZERO
ICJ-192-2024-01-26||SC_MEETING::SCM|S/PV.9562,ICJ-192-2024-01-26,192,2024-03-04,38,SC_MEETING,S/PV.9562,0,0,0,NO_PRESERVED_MANUAL_REVIEW_EVIDENCE,UNREVIEWED_IS_NOT_CODED_ZERO
ICJ-192-2024-01-26||SC_MEETING::SCM|S/PV.9563,ICJ-192-2024-01-26,192,2024-03-04,38,SC_MEETING,S/PV.9563,0,0,0,NO_PRESERVED_MANUAL_REVIEW_EVIDENCE,UNREVIEWED_IS_NOT_CODED_ZERO
ICJ-192-2024-01-26||SC_MEETING::SCM|S/PV.9564,ICJ-192-2024-01-26,192,2024-03-05,39,SC_MEETING,S/PV.9564,0,0,0,NO_PRESERVED_MANUAL_REVIEW_EVIDENCE,UNREVIEWED_IS_NOT_CODED_ZERO
ICJ-192-2024-01-26||SC_MEETING::SCM|S/PV.9565,ICJ-192-2024-01-26,192,2024-03-06,40,SC_MEETING,S/PV.9565,0,0,0,NO_PRESERVED_MANUAL_REVIEW_EVIDENCE,UNREVIEWED_IS_NOT_CODED_ZERO
ICJ-192-2024-01-26||SC_MEETING::SCM|S/PV.9566,ICJ-192-2024-01-26,192,2024-03-06,40,SC_MEETING,S/PV.9566,0,0,0,NO_PRESERVED_MANUAL_REVIEW_EVIDENCE,UNREVIEWED_IS_NOT_CODED_ZERO
ICJ-192-2024-01-26||SC_MEETING::SCM|S/PV.9567,ICJ-192-2024-01-26,192,2024-03-07,41,SC_MEETING,S/PV.9567,0,0,0,NO_PRESERVED_MANUAL_REVIEW_EVIDENCE,UNREVIEWED_IS_NOT_CODED_ZERO
ICJ-192-2024-01-26||SC_FORMAL_VOTE::SCV|2086,ICJ-192-2024-01-26,192,2024-03-08,42,SC_FORMAL_VOTE,S/PV.9568,0,0,0,NO_PRESERVED_MANUAL_REVIEW_EVIDENCE,UNREVIEWED_IS_NOT_CODED_ZERO
ICJ-192-2024-01-26||SC_FORMAL_VOTE::SCV|2087,ICJ-192-2024-01-26,192,2024-03-08,42,SC_FORMAL_VOTE,S/PV.9569,0,0,0,NO_PRESERVED_MANUAL_REVIEW_EVIDENCE,UNREVIEWED_IS_NOT_CODED_ZERO
ICJ-192-2024-01-26||SC_MEETING::SCM|S/PV.9568,ICJ-192-2024-01-26,192,2024-03-08,42,SC_MEETING,S/PV.9568,0,0,0,NO_PRESERVED_MANUAL_REVIEW_EVIDENCE,UNREVIEWED_IS_NOT_CODED_ZERO
ICJ-192-2024-01-26||SC_MEETING::SCM|S/PV.9569,ICJ-192-2024-01-26,192,2024-03-08,42,SC_MEETING,S/PV.9569,0,0,0,NO_PRESERVED_MANUAL_REVIEW_EVIDENCE,UNREVIEWED_IS_NOT_CODED_ZERO
ICJ-192-2024-01-26||SC_MEETING::SCM|S/PV.9570,ICJ-192-2024-01-26,192,2024-03-08,42,SC_MEETING,S/PV.9570,0,0,0,NO_PRESERVED_MANUAL_REVIEW_EVIDENCE,UNREVIEWED_IS_NOT_CODED_ZERO
ICJ-192-2024-01-26||SC_MEETING::SCM|S/PV.9571,ICJ-192-2024-01-26,192,2024-03-11,45,SC_MEETING,S/PV.9571,0,0,0,NO_PRESERVED_MANUAL_REVIEW_EVIDENCE,UNREVIEWED_IS_NOT_CODED_ZERO
ICJ-192-2024-01-26||SC_MEETING::SCM|S/PV.9572,ICJ-192-2024-01-26,192,2024-03-11,45,SC_MEETING,S/PV.9572,1,0,1,PRESERVED_ORIGINAL_233_HUMAN_REVIEW,REVIEW_EVIDENCE_PRESENT
ICJ-192-2024-01-26||SC_MEETING::SCM|S/PV.9573,ICJ-192-2024-01-26,192,2024-03-12,46,SC_MEETING,S/PV.9573,0,0,0,NO_PRESERVED_MANUAL_REVIEW_EVIDENCE,UNREVIEWED_IS_NOT_CODED_ZERO
ICJ-192-2024-01-26||SC_MEETING::SCM|S/PV.9574,ICJ-192-2024-01-26,192,2024-03-13,47,SC_MEETING,S/PV.9574,0,0,0,NO_PRESERVED_MANUAL_REVIEW_EVIDENCE,UNREVIEWED_IS_NOT_CODED_ZERO
ICJ-192-2024-01-26||SC_MEETING::SCM|S/PV.9574 (Resumption 1),ICJ-192-2024-01-26,192,2024-03-13,47,SC_MEETING,S/PV.9574 (Resumption 1),0,0,0,NO_PRESERVED_MANUAL_REVIEW_EVIDENCE,UNREVIEWED_IS_NOT_CODED_ZERO
ICJ-192-2024-01-26||SC_FORMAL_VOTE::SCV|2088,ICJ-192-2024-01-26,192,2024-03-14,48,SC_FORMAL_VOTE,S/PV.9575,0,0,0,NO_PRESERVED_MANUAL_REVIEW_EVIDENCE,UNREVIEWED_IS_NOT_CODED_ZERO
ICJ-192-2024-01-26||SC_MEETING::SCM|S/PV.9571 (Resumption 1),ICJ-192-2024-01-26,192,2024-03-14,48,SC_MEETING,S/PV.9571 (Resumption 1),0,0,0,NO_PRESERVED_MANUAL_REVIEW_EVIDENCE,UNREVIEWED_IS_NOT_CODED_ZERO
ICJ-192-2024-01-26||SC_MEETING::SCM|S/PV.9575,ICJ-192-2024-01-26,192,2024-03-14,48,SC_MEETING,S/PV.9575,0,0,0,NO_PRESERVED_MANUAL_REVIEW_EVIDENCE,UNREVIEWED_IS_NOT_CODED_ZERO
ICJ-192-2024-01-26||SC_MEETING::SCM|S/PV.9576,ICJ-192-2024-01-26,192,2024-03-14,48,SC_MEETING,S/PV.9576,0,0,0,NO_PRESERVED_MANUAL_REVIEW_EVIDENCE,UNREVIEWED_IS_NOT_CODED_ZERO
ICJ-192-2024-01-26||GA_FORMAL_VOTE::GAV|4040686,ICJ-192-2024-01-26,192,2024-03-15,49,GA_FORMAL_VOTE,A/78/PV.62,0,0,0,NO_PRESERVED_MANUAL_REVIEW_EVIDENCE,UNREVIEWED_IS_NOT_CODED_ZERO
ICJ-192-2024-01-26||SC_FORMAL_VOTE::SCV|2089,ICJ-192-2024-01-26,192,2024-03-15,49,SC_FORMAL_VOTE,S/PV.9577,0,0,0,NO_PRESERVED_MANUAL_REVIEW_EVIDENCE,UNREVIEWED_IS_NOT_CODED_ZERO
ICJ-192-2024-01-26||SC_MEETING::SCM|S/PV.9577,ICJ-192-2024-01-26,192,2024-03-15,49,SC_MEETING,S/PV.9577,0,0,0,NO_PRESERVED_MANUAL_REVIEW_EVIDENCE,UNREVIEWED_IS_NOT_CODED_ZERO
ICJ-192-2024-01-26||SC_MEETING::SCM|S/PV.9578,ICJ-192-2024-01-26,192,2024-03-15,49,SC_MEETING,S/PV.9578,0,0,0,NO_PRESERVED_MANUAL_REVIEW_EVIDENCE,UNREVIEWED_IS_NOT_CODED_ZERO
ICJ-192-2024-01-26||SC_MEETING::SCM|S/PV.9579,ICJ-192-2024-01-26,192,2024-03-18,52,SC_MEETING,S/PV.9579,0,0,0,NO_PRESERVED_MANUAL_REVIEW_EVIDENCE,UNREVIEWED_IS_NOT_CODED_ZERO
ICJ-192-2024-01-26||SC_MEETING::SCM|S/PV.9580,ICJ-192-2024-01-26,192,2024-03-18,52,SC_MEETING,S/PV.9580,0,0,0,NO_PRESERVED_MANUAL_REVIEW_EVIDENCE,UNREVIEWED_IS_NOT_CODED_ZERO
ICJ-192-2024-01-26||SC_MEETING::SCM|S/PV.9574 (Resumption 2),ICJ-192-2024-01-26,192,2024-03-19,53,SC_MEETING,S/PV.9574 (Resumption 2),0,0,0,NO_PRESERVED_MANUAL_REVIEW_EVIDENCE,UNREVIEWED_IS_NOT_CODED_ZERO
ICJ-192-2024-01-26||SC_MEETING::SCM|S/PV.9581,ICJ-192-2024-01-26,192,2024-03-19,53,SC_MEETING,S/PV.9581,0,0,0,NO_PRESERVED_MANUAL_REVIEW_EVIDENCE,UNREVIEWED_IS_NOT_CODED_ZERO
ICJ-192-2024-01-26||SC_MEETING::SCM|S/PV.9582,ICJ-192-2024-01-26,192,2024-03-20,54,SC_MEETING,S/PV.9582,0,0,0,NO_PRESERVED_MANUAL_REVIEW_EVIDENCE,UNREVIEWED_IS_NOT_CODED_ZERO
ICJ-192-2024-01-26||SC_MEETING::SCM|S/PV.9583,ICJ-192-2024-01-26,192,2024-03-21,55,SC_MEETING,S/PV.9583,0,0,0,NO_PRESERVED_MANUAL_REVIEW_EVIDENCE,UNREVIEWED_IS_NOT_CODED_ZERO
ICJ-192-2024-01-26||SC_FORMAL_VOTE::SCV|2090,ICJ-192-2024-01-26,192,2024-03-22,56,SC_FORMAL_VOTE,S/PV.9584,1,0,1,PRESERVED_ORIGINAL_233_HUMAN_REVIEW,REVIEW_EVIDENCE_PRESENT
ICJ-192-2024-01-26||SC_MEETING::SCM|S/PV.9584,ICJ-192-2024-01-26,192,2024-03-22,56,SC_MEETING,S/PV.9584,1,0,1,PRESERVED_ORIGINAL_233_HUMAN_REVIEW,REVIEW_EVIDENCE_PRESENT
ICJ-192-2024-01-26||SC_MEETING::SCM|S/PV.9585,ICJ-192-2024-01-26,192,2024-03-22,56,SC_MEETING,S/PV.9585,0,0,0,NO_PRESERVED_MANUAL_REVIEW_EVIDENCE,UNREVIEWED_IS_NOT_CODED_ZERO
ICJ-192-2024-01-26||SC_FORMAL_VOTE::SCV|2091,ICJ-192-2024-01-26,192,2024-03-25,59,SC_FORMAL_VOTE,S/PV.9586,1,0,1,PRESERVED_ORIGINAL_233_HUMAN_REVIEW,REVIEW_EVIDENCE_PRESENT
ICJ-192-2024-01-26||SC_MEETING::SCM|S/PV.9586,ICJ-192-2024-01-26,192,2024-03-25,59,SC_MEETING,S/PV.9586,1,0,1,PRESERVED_ORIGINAL_233_HUMAN_REVIEW,REVIEW_EVIDENCE_PRESENT
ICJ-192-2024-01-26||SC_MEETING::SCM|S/PV.9587,ICJ-192-2024-01-26,192,2024-03-25,59,SC_MEETING,S/PV.9587,0,0,0,NO_PRESERVED_MANUAL_REVIEW_EVIDENCE,UNREVIEWED_IS_NOT_CODED_ZERO
ICJ-192-2024-01-26||SC_MEETING::SCM|S/PV.9588,ICJ-192-2024-01-26,192,2024-03-26,60,SC_MEETING,S/PV.9588,1,0,1,PRESERVED_ORIGINAL_233_HUMAN_REVIEW,REVIEW_EVIDENCE_PRESENT
ICJ-192-2024-01-26||SC_MEETING::SCM|S/PV.9589,ICJ-192-2024-01-26,192,2024-03-26,60,SC_MEETING,S/PV.9589,0,0,0,NO_PRESERVED_MANUAL_REVIEW_EVIDENCE,UNREVIEWED_IS_NOT_CODED_ZERO
ICJ-192-2024-01-26||SC_MEETING::SCM|S/PV.9590,ICJ-192-2024-01-26,192,2024-03-27,61,SC_MEETING,S/PV.9590,0,0,0,NO_PRESERVED_MANUAL_REVIEW_EVIDENCE,UNREVIEWED_IS_NOT_CODED_ZERO
ICJ-192-2024-01-26||SC_FORMAL_VOTE::SCV|2092,ICJ-192-2024-01-26,192,2024-03-28,62,SC_FORMAL_VOTE,S/PV.9591,0,0,0,NO_PRESERVED_MANUAL_REVIEW_EVIDENCE,UNREVIEWED_IS_NOT_CODED_ZERO
ICJ-192-2024-01-26||SC_MEETING::SCM|S/PV.9591,ICJ-192-2024-01-26,192,2024-03-28,62,SC_MEETING,S/PV.9591,0,0,0,NO_PRESERVED_MANUAL_REVIEW_EVIDENCE,UNREVIEWED_IS_NOT_CODED_ZERO
ICJ-192-2024-01-26||SC_MEETING::SCM|S/PV.9592,ICJ-192-2024-01-26,192,2024-03-28,62,SC_MEETING,S/PV.9592,0,0,0,NO_PRESERVED_MANUAL_REVIEW_EVIDENCE,UNREVIEWED_IS_NOT_CODED_ZERO
ICJ-192-2024-01-26||SC_MEETING::SCM|S/PV.9593,ICJ-192-2024-01-26,192,2024-04-02,67,SC_MEETING,S/PV.9593,0,0,0,NO_PRESERVED_MANUAL_REVIEW_EVIDENCE,UNREVIEWED_IS_NOT_CODED_ZERO
ICJ-192-2024-01-26||SC_MEETING::SCM|S/PV.9594,ICJ-192-2024-01-26,192,2024-04-03,68,SC_MEETING,S/PV.9594,0,0,0,NO_PRESERVED_MANUAL_REVIEW_EVIDENCE,UNREVIEWED_IS_NOT_CODED_ZERO
ICJ-192-2024-01-26||SC_MEETING::SCM|S/PV.9595,ICJ-192-2024-01-26,192,2024-04-04,69,SC_MEETING,S/PV.9595,0,0,0,NO_PRESERVED_MANUAL_REVIEW_EVIDENCE,UNREVIEWED_IS_NOT_CODED_ZERO
ICJ-192-2024-01-26||SC_MEETING::SCM|S/PV.9596,ICJ-192-2024-01-26,192,2024-04-05,70,SC_MEETING,S/PV.9596,1,0,1,PRESERVED_ORIGINAL_233_HUMAN_REVIEW,REVIEW_EVIDENCE_PRESENT
ICJ-192-2024-01-26||SC_MEETING::SCM|S/PV.9597,ICJ-192-2024-01-26,192,2024-04-08,73,SC_MEETING,S/PV.9597,0,0,0,NO_PRESERVED_MANUAL_REVIEW_EVIDENCE,UNREVIEWED_IS_NOT_CODED_ZERO
ICJ-192-2024-01-26||SC_MEETING::SCM|S/PV.9598,ICJ-192-2024-01-26,192,2024-04-09,74,SC_MEETING,S/PV.9598,0,0,0,NO_PRESERVED_MANUAL_REVIEW_EVIDENCE,UNREVIEWED_IS_NOT_CODED_ZERO
ICJ-192-2024-01-26||SC_MEETING::SCM|S/PV.9599,ICJ-192-2024-01-26,192,2024-04-09,74,SC_MEETING,S/PV.9599,0,0,0,NO_PRESERVED_MANUAL_REVIEW_EVIDENCE,UNREVIEWED_IS_NOT_CODED_ZERO
ICJ-192-2024-01-26||SC_MEETING::SCM|S/PV.9600,ICJ-192-2024-01-26,192,2024-04-11,76,SC_MEETING,S/PV.9600,0,0,0,NO_PRESERVED_MANUAL_REVIEW_EVIDENCE,UNREVIEWED_IS_NOT_CODED_ZERO
ICJ-192-2024-01-26||SC_MEETING::SCM|S/PV.9601,ICJ-192-2024-01-26,192,2024-04-12,77,SC_MEETING,S/PV.9601,0,0,0,NO_PRESERVED_MANUAL_REVIEW_EVIDENCE,UNREVIEWED_IS_NOT_CODED_ZERO
ICJ-192-2024-01-26||SC_MEETING::SCM|S/PV.9602,ICJ-192-2024-01-26,192,2024-04-14,79,SC_MEETING,S/PV.9602,0,0,0,NO_PRESERVED_MANUAL_REVIEW_EVIDENCE,UNREVIEWED_IS_NOT_CODED_ZERO
ICJ-192-2024-01-26||SC_MEETING::SCM|S/PV.9603,ICJ-192-2024-01-26,192,2024-04-15,80,SC_MEETING,S/PV.9603,0,0,0,NO_PRESERVED_MANUAL_REVIEW_EVIDENCE,UNREVIEWED_IS_NOT_CODED_ZERO
ICJ-192-2024-01-26||SC_MEETING::SCM|S/PV.9604,ICJ-192-2024-01-26,192,2024-04-15,80,SC_MEETING,S/PV.9604,0,0,0,NO_PRESERVED_MANUAL_REVIEW_EVIDENCE,UNREVIEWED_IS_NOT_CODED_ZERO
ICJ-192-2024-01-26||SC_MEETING::SCM|S/PV.9605,ICJ-192-2024-01-26,192,2024-04-16,81,SC_MEETING,S/PV.9605,0,0,0,NO_PRESERVED_MANUAL_REVIEW_EVIDENCE,UNREVIEWED_IS_NOT_CODED_ZERO
ICJ-192-2024-01-26||SC_MEETING::SCM|S/PV.9606,ICJ-192-2024-01-26,192,2024-04-17,82,SC_MEETING,S/PV.9606,0,0,0,NO_PRESERVED_MANUAL_REVIEW_EVIDENCE,UNREVIEWED_IS_NOT_CODED_ZERO
ICJ-192-2024-01-26||SC_MEETING::SCM|S/PV.9607,ICJ-192-2024-01-26,192,2024-04-17,82,SC_MEETING,S/PV.9607,1,0,1,PRESERVED_ORIGINAL_233_HUMAN_REVIEW,REVIEW_EVIDENCE_PRESENT
ICJ-192-2024-01-26||SC_FORMAL_VOTE::SCV|2093,ICJ-192-2024-01-26,192,2024-04-18,83,SC_FORMAL_VOTE,S/PV.9609,0,0,0,NO_PRESERVED_MANUAL_REVIEW_EVIDENCE,UNREVIEWED_IS_NOT_CODED_ZERO
ICJ-192-2024-01-26||SC_MEETING::SCM|S/PV.9608,ICJ-192-2024-01-26,192,2024-04-18,83,SC_MEETING,S/PV.9608,1,0,1,PRESERVED_ORIGINAL_233_HUMAN_REVIEW,REVIEW_EVIDENCE_PRESENT
ICJ-192-2024-01-26||SC_MEETING::SCM|S/PV.9608 (Resumption 1),ICJ-192-2024-01-26,192,2024-04-18,83,SC_MEETING,S/PV.9608 (Resumption 1),1,0,1,PRESERVED_ORIGINAL_233_HUMAN_REVIEW,REVIEW_EVIDENCE_PRESENT
ICJ-192-2024-01-26||SC_MEETING::SCM|S/PV.9609,ICJ-192-2024-01-26,192,2024-04-18,83,SC_MEETING,S/PV.9609,0,0,0,NO_PRESERVED_MANUAL_REVIEW_EVIDENCE,UNREVIEWED_IS_NOT_CODED_ZERO
ICJ-192-2024-01-26||SC_MEETING::SCM|S/PV.9610,ICJ-192-2024-01-26,192,2024-04-19,84,SC_MEETING,S/PV.9610,0,0,0,NO_PRESERVED_MANUAL_REVIEW_EVIDENCE,UNREVIEWED_IS_NOT_CODED_ZERO
ICJ-192-2024-01-26||SC_MEETING::SCM|S/PV.9611,ICJ-192-2024-01-26,192,2024-04-19,84,SC_MEETING,S/PV.9611,0,0,0,NO_PRESERVED_MANUAL_REVIEW_EVIDENCE,UNREVIEWED_IS_NOT_CODED_ZERO
ICJ-192-2024-01-26||SC_MEETING::SCM|S/PV.9612,ICJ-192-2024-01-26,192,2024-04-22,87,SC_MEETING,S/PV.9612,0,0,0,NO_PRESERVED_MANUAL_REVIEW_EVIDENCE,UNREVIEWED_IS_NOT_CODED_ZERO
ICJ-192-2024-01-26||SC_MEETING::SCM|S/PV.9613,ICJ-192-2024-01-26,192,2024-04-22,87,SC_MEETING,S/PV.9613,0,0,0,NO_PRESERVED_MANUAL_REVIEW_EVIDENCE,UNREVIEWED_IS_NOT_CODED_ZERO
ICJ-192-2024-01-26||SC_MEETING::SCM|S/PV.9614,ICJ-192-2024-01-26,192,2024-04-23,88,SC_MEETING,S/PV.9614,0,0,0,NO_PRESERVED_MANUAL_REVIEW_EVIDENCE,UNREVIEWED_IS_NOT_CODED_ZERO
ICJ-192-2024-01-26||SC_MEETING::SCM|S/PV.9614 (Resumption 1),ICJ-192-2024-01-26,192,2024-04-23,88,SC_MEETING,S/PV.9614 (Resumption 1),0,0,0,NO_PRESERVED_MANUAL_REVIEW_EVIDENCE,UNREVIEWED_IS_NOT_CODED_ZERO
ICJ-192-2024-01-26||GA_FORMAL_VOTE::GAV|4045077,ICJ-192-2024-01-26,192,2024-04-24,89,GA_FORMAL_VOTE,A/78/PV.73,0,0,0,NO_PRESERVED_MANUAL_REVIEW_EVIDENCE,UNREVIEWED_IS_NOT_CODED_ZERO
ICJ-192-2024-01-26||GA_FORMAL_VOTE::GAV|4045078,ICJ-192-2024-01-26,192,2024-04-24,89,GA_FORMAL_VOTE,A/78/PV.73,0,0,0,NO_PRESERVED_MANUAL_REVIEW_EVIDENCE,UNREVIEWED_IS_NOT_CODED_ZERO
ICJ-192-2024-01-26||SC_MEETING::SCM|S/PV.9615,ICJ-192-2024-01-26,192,2024-04-24,89,SC_MEETING,S/PV.9615,0,0,0,NO_PRESERVED_MANUAL_REVIEW_EVIDENCE,UNREVIEWED_IS_NOT_CODED_ZERO
ICJ-192-2024-01-26||SC_MEETING::SCM|S/PV.9616,ICJ-192-2024-01-26,192,2024-04-24,89,SC_MEETING,S/PV.9616,0,0,0,NO_PRESERVED_MANUAL_REVIEW_EVIDENCE,UNREVIEWED_IS_NOT_CODED_ZERO
ICJ-192-2024-01-26||SC_MEETING::SCM|S/PV.9617,ICJ-192-2024-01-26,192,2024-04-24,89,SC_MEETING,S/PV.9617,1,0,1,PRESERVED_ORIGINAL_233_HUMAN_REVIEW,REVIEW_EVIDENCE_PRESENT
ICJ-192-2024-01-26||SC_SPECIAL_VETO::SCX|8,ICJ-192-2024-01-26,192,2024-04-24,89,SC_SPECIAL_VETO,S/PV.9616,0,0,0,NO_PRESERVED_MANUAL_REVIEW_EVIDENCE,UNREVIEWED_IS_NOT_CODED_ZERO
ICJ-192-2024-01-26||SC_MEETING::SCM|S/PV.9608 (Resumption 2),ICJ-192-2024-01-26,192,2024-04-25,90,SC_MEETING,S/PV.9608 (Resumption 2),1,0,1,PRESERVED_ORIGINAL_233_HUMAN_REVIEW,REVIEW_EVIDENCE_PRESENT
ICJ-192-2024-01-26||SC_MEETING::SCM|S/PV.9618,ICJ-192-2024-01-26,192,2024-04-25,90,SC_MEETING,S/PV.9618,0,0,0,NO_PRESERVED_MANUAL_REVIEW_EVIDENCE,UNREVIEWED_IS_NOT_CODED_ZERO
ICJ-192-2024-01-26||SC_MEETING::SCM|S/PV.9606 (Resumption 1),ICJ-192-2024-01-26,192,2024-04-26,91,SC_MEETING,S/PV.9606 (Resumption 1),0,0,0,NO_PRESERVED_MANUAL_REVIEW_EVIDENCE,UNREVIEWED_IS_NOT_CODED_ZERO
ICJ-192-2024-01-26||SC_MEETING::SCM|S/PV.9614 (Resumption 2),ICJ-192-2024-01-26,192,2024-04-26,91,SC_MEETING,S/PV.9614 (Resumption 2),0,0,0,NO_PRESERVED_MANUAL_REVIEW_EVIDENCE,UNREVIEWED_IS_NOT_CODED_ZERO
ICJ-192-2024-01-26||SC_MEETING::SCM|S/PV.9619,ICJ-192-2024-01-26,192,2024-04-26,91,SC_MEETING,S/PV.9619,0,0,0,NO_PRESERVED_MANUAL_REVIEW_EVIDENCE,UNREVIEWED_IS_NOT_CODED_ZERO
ICJ-192-2024-01-26||SC_FORMAL_VOTE::SCV|2094,ICJ-192-2024-01-26,192,2024-04-29,94,SC_FORMAL_VOTE,S/PV.9620,0,0,0,NO_PRESERVED_MANUAL_REVIEW_EVIDENCE,UNREVIEWED_IS_NOT_CODED_ZERO
ICJ-192-2024-01-26||SC_MEETING::SCM|S/PV.9620,ICJ-192-2024-01-26,192,2024-04-29,94,SC_MEETING,S/PV.9620,0,0,0,NO_PRESERVED_MANUAL_REVIEW_EVIDENCE,UNREVIEWED_IS_NOT_CODED_ZERO
ICJ-192-2024-01-26||SC_MEETING::SCM|S/PV.9621,ICJ-192-2024-01-26,192,2024-04-30,95,SC_MEETING,S/PV.9621,0,0,0,NO_PRESERVED_MANUAL_REVIEW_EVIDENCE,UNREVIEWED_IS_NOT_CODED_ZERO
ICJ-192-2024-01-26||SC_MEETING::SCM|S/PV.9622,ICJ-192-2024-01-26,192,2024-05-07,102,SC_MEETING,S/PV.9622,0,0,0,NO_PRESERVED_MANUAL_REVIEW_EVIDENCE,UNREVIEWED_IS_NOT_CODED_ZERO
ICJ-192-2024-01-26||GA_FORMAL_VOTE::GAV|4046991,ICJ-192-2024-01-26,192,2024-05-10,105,GA_FORMAL_VOTE,A/ES-10/PV.49,0,0,0,NO_PRESERVED_MANUAL_REVIEW_EVIDENCE,UNREVIEWED_IS_NOT_CODED_ZERO
ICJ-192-2024-01-26||SC_MEETING::SCM|S/PV.9623,ICJ-192-2024-01-26,192,2024-05-13,108,SC_MEETING,S/PV.9623,0,0,0,NO_PRESERVED_MANUAL_REVIEW_EVIDENCE,UNREVIEWED_IS_NOT_CODED_ZERO
ICJ-192-2024-01-26||SC_MEETING::SCM|S/PV.9624,ICJ-192-2024-01-26,192,2024-05-14,109,SC_MEETING,S/PV.9624,0,0,0,NO_PRESERVED_MANUAL_REVIEW_EVIDENCE,UNREVIEWED_IS_NOT_CODED_ZERO
ICJ-192-2024-01-26||SC_MEETING::SCM|S/PV.9625,ICJ-192-2024-01-26,192,2024-05-14,109,SC_MEETING,S/PV.9625,0,0,0,NO_PRESERVED_MANUAL_REVIEW_EVIDENCE,UNREVIEWED_IS_NOT_CODED_ZERO
ICJ-192-2024-01-26||SC_MEETING::SCM|S/PV.9626,ICJ-192-2024-01-26,192,2024-05-15,110,SC_MEETING,S/PV.9626,0,0,0,NO_PRESERVED_MANUAL_REVIEW_EVIDENCE,UNREVIEWED_IS_NOT_CODED_ZERO
ICJ-192-2024-01-26||SC_MEETING::SCM|S/PV.9627,ICJ-192-2024-01-26,192,2024-05-16,111,SC_MEETING,S/PV.9627,0,0,0,NO_PRESERVED_MANUAL_REVIEW_EVIDENCE,UNREVIEWED_IS_NOT_CODED_ZERO
ICJ-192-2024-01-26||SC_MEETING::SCM|S/PV.9628,ICJ-192-2024-01-26,192,2024-05-16,111,SC_MEETING,S/PV.9628,0,0,0,NO_PRESERVED_MANUAL_REVIEW_EVIDENCE,UNREVIEWED_IS_NOT_CODED_ZERO
ICJ-192-2024-01-26||SC_FORMAL_VOTE::SCV|2095,ICJ-192-2024-01-26,192,2024-05-20,115,SC_FORMAL_VOTE,S/PV.9630,0,0,0,NO_PRESERVED_MANUAL_REVIEW_EVIDENCE,UNREVIEWED_IS_NOT_CODED_ZERO
ICJ-192-2024-01-26||SC_MEETING::SCM|S/PV.9629,ICJ-192-2024-01-26,192,2024-05-20,115,SC_MEETING,S/PV.9629,0,0,0,NO_PRESERVED_MANUAL_REVIEW_EVIDENCE,UNREVIEWED_IS_NOT_CODED_ZERO
ICJ-192-2024-01-26||SC_MEETING::SCM|S/PV.9630,ICJ-192-2024-01-26,192,2024-05-20,115,SC_MEETING,S/PV.9630,0,0,0,NO_PRESERVED_MANUAL_REVIEW_EVIDENCE,UNREVIEWED_IS_NOT_CODED_ZERO
ICJ-192-2024-01-26||SC_MEETING::SCM|S/PV.9631,ICJ-192-2024-01-26,192,2024-05-20,115,SC_MEETING,S/PV.9631,1,0,1,PRESERVED_ORIGINAL_233_HUMAN_REVIEW,REVIEW_EVIDENCE_PRESENT
ICJ-192-2024-01-26||SC_MEETING::SCM|S/PV.9632,ICJ-192-2024-01-26,192,2024-05-21,116,SC_MEETING,S/PV.9632,0,0,0,NO_PRESERVED_MANUAL_REVIEW_EVIDENCE,UNREVIEWED_IS_NOT_CODED_ZERO
ICJ-192-2024-01-26||SC_MEETING::SCM|S/PV.9632 (Resumption 1),ICJ-192-2024-01-26,192,2024-05-21,116,SC_MEETING,S/PV.9632 (Resumption 1),0,0,0,NO_PRESERVED_MANUAL_REVIEW_EVIDENCE,UNREVIEWED_IS_NOT_CODED_ZERO
ICJ-192-2024-01-26||SC_MEETING::SCM|S/PV.9632 (Resumption 2),ICJ-192-2024-01-26,192,2024-05-22,117,SC_MEETING,S/PV.9632 (Resumption 2),0,0,0,NO_PRESERVED_MANUAL_REVIEW_EVIDENCE,UNREVIEWED_IS_NOT_CODED_ZERO
ICJ-192-2024-01-26||GA_FORMAL_VOTE::GAV|4048673,ICJ-192-2024-01-26,192,2024-05-23,118,GA_FORMAL_VOTE,A/78/PV.82,0,0,0,NO_PRESERVED_MANUAL_REVIEW_EVIDENCE,UNREVIEWED_IS_NOT_CODED_ZERO
ICJ-192-2024-01-26||SC_MEETING::SCM|S/PV.9633,ICJ-192-2024-01-26,192,2024-05-23,118,SC_MEETING,S/PV.9633,0,0,0,NO_PRESERVED_MANUAL_REVIEW_EVIDENCE,UNREVIEWED_IS_NOT_CODED_ZERO
ICJ-192-2024-01-26||SC_MEETING::SCM|S/PV.9633 (Resumption 1),ICJ-192-2024-01-26,192,2024-05-23,118,SC_MEETING,S/PV.9633 (Resumption 1),0,0,0,NO_PRESERVED_MANUAL_REVIEW_EVIDENCE,UNREVIEWED_IS_NOT_CODED_ZERO
ICJ-192-2024-01-26||SC_FORMAL_VOTE::SCV|2096,ICJ-192-2024-01-26,192,2024-05-24,119,SC_FORMAL_VOTE,S/PV.9634,0,0,0,NO_PRESERVED_MANUAL_REVIEW_EVIDENCE,UNREVIEWED_IS_NOT_CODED_ZERO
ICJ-192-2024-01-26||SC_MEETING::SCM|S/PV.9634,ICJ-192-2024-01-26,192,2024-05-24,119,SC_MEETING,S/PV.9634,0,0,0,NO_PRESERVED_MANUAL_REVIEW_EVIDENCE,UNREVIEWED_IS_NOT_CODED_ZERO
ICJ-192-2024-01-26||SC_MEETING::SCM|S/PV.9635,ICJ-192-2024-01-26,192,2024-05-24,119,SC_MEETING,S/PV.9635,0,0,0,NO_PRESERVED_MANUAL_REVIEW_EVIDENCE,UNREVIEWED_IS_NOT_CODED_ZERO
ICJ-192-2024-01-26||SC_MEETING::SCM|S/PV.9636,ICJ-192-2024-01-26,192,2024-05-24,119,SC_MEETING,S/PV.9636,0,0,0,NO_PRESERVED_MANUAL_REVIEW_EVIDENCE,UNREVIEWED_IS_NOT_CODED_ZERO
ICJ-192-2024-01-26||SC_MEETING::SCM|S/PV.9637,ICJ-192-2024-01-26,192,2024-05-28,123,SC_MEETING,S/PV.9637,0,0,0,NO_PRESERVED_MANUAL_REVIEW_EVIDENCE,UNREVIEWED_IS_NOT_CODED_ZERO
ICJ-192-2024-01-26||SC_MEETING::SCM|S/PV.9638,ICJ-192-2024-01-26,192,2024-05-29,124,SC_MEETING,S/PV.9638,1,0,1,PRESERVED_ORIGINAL_233_HUMAN_REVIEW,REVIEW_EVIDENCE_PRESENT
ICJ-192-2024-01-26||SC_FORMAL_VOTE::SCV|2097,ICJ-192-2024-01-26,192,2024-05-30,125,SC_FORMAL_VOTE,S/PV.9639,0,0,0,NO_PRESERVED_MANUAL_REVIEW_EVIDENCE,UNREVIEWED_IS_NOT_CODED_ZERO
ICJ-192-2024-01-26||SC_MEETING::SCM|S/PV.9639,ICJ-192-2024-01-26,192,2024-05-30,125,SC_MEETING,S/PV.9639,0,0,0,NO_PRESERVED_MANUAL_REVIEW_EVIDENCE,UNREVIEWED_IS_NOT_CODED_ZERO
ICJ-192-2024-01-26||SC_MEETING::SCM|S/PV.9640,ICJ-192-2024-01-26,192,2024-05-30,125,SC_MEETING,S/PV.9640,0,0,0,NO_PRESERVED_MANUAL_REVIEW_EVIDENCE,UNREVIEWED_IS_NOT_CODED_ZERO
ICJ-192-2024-01-26||SC_MEETING::SCM|S/PV.9641,ICJ-192-2024-01-26,192,2024-05-30,125,SC_MEETING,S/PV.9641,0,0,0,NO_PRESERVED_MANUAL_REVIEW_EVIDENCE,UNREVIEWED_IS_NOT_CODED_ZERO
ICJ-192-2024-01-26||SC_FORMAL_VOTE::SCV|2098,ICJ-192-2024-01-26,192,2024-05-31,126,SC_FORMAL_VOTE,S/PV.9644,0,0,0,NO_PRESERVED_MANUAL_REVIEW_EVIDENCE,UNREVIEWED_IS_NOT_CODED_ZERO
ICJ-192-2024-01-26||SC_FORMAL_VOTE::SCV|2099,ICJ-192-2024-01-26,192,2024-05-31,126,SC_FORMAL_VOTE,S/PV.9642,0,0,0,NO_PRESERVED_MANUAL_REVIEW_EVIDENCE,UNREVIEWED_IS_NOT_CODED_ZERO
ICJ-192-2024-01-26||SC_MEETING::SCM|S/PV.9642,ICJ-192-2024-01-26,192,2024-05-31,126,SC_MEETING,S/PV.9642,0,0,0,NO_PRESERVED_MANUAL_REVIEW_EVIDENCE,UNREVIEWED_IS_NOT_CODED_ZERO
ICJ-192-2024-01-26||SC_MEETING::SCM|S/PV.9643,ICJ-192-2024-01-26,192,2024-05-31,126,SC_MEETING,S/PV.9643,0,0,0,NO_PRESERVED_MANUAL_REVIEW_EVIDENCE,UNREVIEWED_IS_NOT_CODED_ZERO
ICJ-192-2024-01-26||SC_MEETING::SCM|S/PV.9644,ICJ-192-2024-01-26,192,2024-05-31,126,SC_MEETING,S/PV.9644,0,0,0,NO_PRESERVED_MANUAL_REVIEW_EVIDENCE,UNREVIEWED_IS_NOT_CODED_ZERO
ICJ-192-2024-01-26||GA_FORMAL_VOTE::GAV|4050309,ICJ-192-2024-01-26,192,2024-06-04,130,GA_FORMAL_VOTE,A/78/PV.84,0,0,0,NO_PRESERVED_MANUAL_REVIEW_EVIDENCE,UNREVIEWED_IS_NOT_CODED_ZERO
ICJ-192-2024-01-26||SC_MEETING::SCM|S/PV.9645,ICJ-192-2024-01-26,192,2024-06-05,131,SC_MEETING,S/PV.9645,0,0,0,NO_PRESERVED_MANUAL_REVIEW_EVIDENCE,UNREVIEWED_IS_NOT_CODED_ZERO
ICJ-192-2024-01-26||SC_MEETING::SCM|S/PV.9646,ICJ-192-2024-01-26,192,2024-06-06,132,SC_MEETING,S/PV.9646,0,0,0,NO_PRESERVED_MANUAL_REVIEW_EVIDENCE,UNREVIEWED_IS_NOT_CODED_ZERO
ICJ-192-2024-01-26||SC_MEETING::SCM|S/PV.9647,ICJ-192-2024-01-26,192,2024-06-07,133,SC_MEETING,S/PV.9647,0,0,0,NO_PRESERVED_MANUAL_REVIEW_EVIDENCE,UNREVIEWED_IS_NOT_CODED_ZERO
ICJ-192-2024-01-26||SC_FORMAL_VOTE::SCV|2100,ICJ-192-2024-01-26,192,2024-06-10,136,SC_FORMAL_VOTE,S/PV.9649,0,0,0,NO_PRESERVED_MANUAL_REVIEW_EVIDENCE,UNREVIEWED_IS_NOT_CODED_ZERO
ICJ-192-2024-01-26||SC_FORMAL_VOTE::SCV|2101,ICJ-192-2024-01-26,192,2024-06-10,136,SC_FORMAL_VOTE,S/PV.9650,1,0,1,PRESERVED_ORIGINAL_233_HUMAN_REVIEW,REVIEW_EVIDENCE_PRESENT
ICJ-192-2024-01-26||SC_MEETING::SCM|S/PV.9648,ICJ-192-2024-01-26,192,2024-06-10,136,SC_MEETING,S/PV.9648,0,0,0,NO_PRESERVED_MANUAL_REVIEW_EVIDENCE,UNREVIEWED_IS_NOT_CODED_ZERO
ICJ-192-2024-01-26||SC_MEETING::SCM|S/PV.9649,ICJ-192-2024-01-26,192,2024-06-10,136,SC_MEETING,S/PV.9649,0,0,0,NO_PRESERVED_MANUAL_REVIEW_EVIDENCE,UNREVIEWED_IS_NOT_CODED_ZERO
ICJ-192-2024-01-26||SC_MEETING::SCM|S/PV.9650,ICJ-192-2024-01-26,192,2024-06-10,136,SC_MEETING,S/PV.9650,1,0,1,PRESERVED_ORIGINAL_233_HUMAN_REVIEW,REVIEW_EVIDENCE_PRESENT
ICJ-192-2024-01-26||SC_MEETING::SCM|S/PV.9651,ICJ-192-2024-01-26,192,2024-06-11,137,SC_MEETING,S/PV.9651,0,0,0,NO_PRESERVED_MANUAL_REVIEW_EVIDENCE,UNREVIEWED_IS_NOT_CODED_ZERO
ICJ-192-2024-01-26||SC_MEETING::SCM|S/PV.9652,ICJ-192-2024-01-26,192,2024-06-11,137,SC_MEETING,S/PV.9652,0,0,0,NO_PRESERVED_MANUAL_REVIEW_EVIDENCE,UNREVIEWED_IS_NOT_CODED_ZERO
ICJ-192-2024-01-26||SC_MEETING::SCM|S/PV.9653,ICJ-192-2024-01-26,192,2024-06-12,138,SC_MEETING,S/PV.9653,0,0,0,NO_PRESERVED_MANUAL_REVIEW_EVIDENCE,UNREVIEWED_IS_NOT_CODED_ZERO
ICJ-192-2024-01-26||SC_FORMAL_VOTE::SCV|2102,ICJ-192-2024-01-26,192,2024-06-13,139,SC_FORMAL_VOTE,S/PV.9655,0,0,0,NO_PRESERVED_MANUAL_REVIEW_EVIDENCE,UNREVIEWED_IS_NOT_CODED_ZERO
ICJ-192-2024-01-26||SC_MEETING::SCM|S/PV.9654,ICJ-192-2024-01-26,192,2024-06-13,139,SC_MEETING,S/PV.9654,0,0,0,NO_PRESERVED_MANUAL_REVIEW_EVIDENCE,UNREVIEWED_IS_NOT_CODED_ZERO
ICJ-192-2024-01-26||SC_MEETING::SCM|S/PV.9655,ICJ-192-2024-01-26,192,2024-06-13,139,SC_MEETING,S/PV.9655,0,0,0,NO_PRESERVED_MANUAL_REVIEW_EVIDENCE,UNREVIEWED_IS_NOT_CODED_ZERO
ICJ-192-2024-01-26||SC_MEETING::SCM|S/PV.9656,ICJ-192-2024-01-26,192,2024-06-13,139,SC_MEETING,S/PV.9656,0,0,0,NO_PRESERVED_MANUAL_REVIEW_EVIDENCE,UNREVIEWED_IS_NOT_CODED_ZERO
ICJ-192-2024-01-26||SC_MEETING::SCM|S/PV.9657,ICJ-192-2024-01-26,192,2024-06-14,140,SC_MEETING,S/PV.9657,0,0,0,NO_PRESERVED_MANUAL_REVIEW_EVIDENCE,UNREVIEWED_IS_NOT_CODED_ZERO
ICJ-192-2024-01-26||SC_MEETING::SCM|S/PV.9658,ICJ-192-2024-01-26,192,2024-06-14,140,SC_MEETING,S/PV.9658,0,0,0,NO_PRESERVED_MANUAL_REVIEW_EVIDENCE,UNREVIEWED_IS_NOT_CODED_ZERO
ICJ-192-2024-01-26||SC_MEETING::SCM|S/PV.9659,ICJ-192-2024-01-26,192,2024-06-18,144,SC_MEETING,S/PV.9659,0,0,0,NO_PRESERVED_MANUAL_REVIEW_EVIDENCE,UNREVIEWED_IS_NOT_CODED_ZERO
ICJ-192-2024-01-26||SC_MEETING::SCM|S/PV.9660,ICJ-192-2024-01-26,192,2024-06-18,144,SC_MEETING,S/PV.9660,0,0,0,NO_PRESERVED_MANUAL_REVIEW_EVIDENCE,UNREVIEWED_IS_NOT_CODED_ZERO
ICJ-192-2024-01-26||SC_MEETING::SCM|S/PV.9661,ICJ-192-2024-01-26,192,2024-06-19,145,SC_MEETING,S/PV.9661,0,0,0,NO_PRESERVED_MANUAL_REVIEW_EVIDENCE,UNREVIEWED_IS_NOT_CODED_ZERO
ICJ-192-2024-01-26||SC_MEETING::SCM|S/PV.9662,ICJ-192-2024-01-26,192,2024-06-20,146,SC_MEETING,S/PV.9662,0,0,0,NO_PRESERVED_MANUAL_REVIEW_EVIDENCE,UNREVIEWED_IS_NOT_CODED_ZERO
ICJ-192-2024-01-26||SC_MEETING::SCM|S/PV.9662 (Resumption 1),ICJ-192-2024-01-26,192,2024-06-20,146,SC_MEETING,S/PV.9662 (Resumption 1),0,0,0,NO_PRESERVED_MANUAL_REVIEW_EVIDENCE,UNREVIEWED_IS_NOT_CODED_ZERO
ICJ-192-2024-01-26||SC_MEETING::SCM|S/PV.9663,ICJ-192-2024-01-26,192,2024-06-21,147,SC_MEETING,S/PV.9663,0,0,0,NO_PRESERVED_MANUAL_REVIEW_EVIDENCE,UNREVIEWED_IS_NOT_CODED_ZERO
ICJ-192-2024-01-26||SC_MEETING::SCM|S/PV.9664,ICJ-192-2024-01-26,192,2024-06-21,147,SC_MEETING,S/PV.9664,0,0,0,NO_PRESERVED_MANUAL_REVIEW_EVIDENCE,UNREVIEWED_IS_NOT_CODED_ZERO
ICJ-192-2024-01-26||SC_MEETING::SCM|S/PV.9665,ICJ-192-2024-01-26,192,2024-06-24,150,SC_MEETING,S/PV.9665,0,0,0,NO_PRESERVED_MANUAL_REVIEW_EVIDENCE,UNREVIEWED_IS_NOT_CODED_ZERO
ICJ-192-2024-01-26||SC_MEETING::SCM|S/PV.9666,ICJ-192-2024-01-26,192,2024-06-24,150,SC_MEETING,S/PV.9666,0,0,0,NO_PRESERVED_MANUAL_REVIEW_EVIDENCE,UNREVIEWED_IS_NOT_CODED_ZERO
ICJ-192-2024-01-26||SC_MEETING::SCM|S/PV.9667,ICJ-192-2024-01-26,192,2024-06-25,151,SC_MEETING,S/PV.9667,1,0,1,PRESERVED_ORIGINAL_233_HUMAN_REVIEW,REVIEW_EVIDENCE_PRESENT
ICJ-192-2024-01-26||SC_MEETING::SCM|S/PV.9668,ICJ-192-2024-01-26,192,2024-06-25,151,SC_MEETING,S/PV.9668,0,0,0,NO_PRESERVED_MANUAL_REVIEW_EVIDENCE,UNREVIEWED_IS_NOT_CODED_ZERO
ICJ-192-2024-01-26||SC_MEETING::SCM|S/PV.9669,ICJ-192-2024-01-26,192,2024-06-26,152,SC_MEETING,S/PV.9669,0,0,0,NO_PRESERVED_MANUAL_REVIEW_EVIDENCE,UNREVIEWED_IS_NOT_CODED_ZERO
ICJ-192-2024-01-26||SC_MEETING::SCM|S/PV.9669 (Resumption 1),ICJ-192-2024-01-26,192,2024-06-26,152,SC_MEETING,S/PV.9669 (Resumption 1),0,0,0,NO_PRESERVED_MANUAL_REVIEW_EVIDENCE,UNREVIEWED_IS_NOT_CODED_ZERO
ICJ-192-2024-01-26||SC_FORMAL_VOTE::SCV|2103,ICJ-192-2024-01-26,192,2024-06-27,153,SC_FORMAL_VOTE,S/PV.9670,0,0,0,NO_PRESERVED_MANUAL_REVIEW_EVIDENCE,UNREVIEWED_IS_NOT_CODED_ZERO
ICJ-192-2024-01-26||SC_FORMAL_VOTE::SCV|2104,ICJ-192-2024-01-26,192,2024-06-27,153,SC_FORMAL_VOTE,S/PV.9671,0,0,0,NO_PRESERVED_MANUAL_REVIEW_EVIDENCE,UNREVIEWED_IS_NOT_CODED_ZERO
ICJ-192-2024-01-26||SC_FORMAL_VOTE::SCV|2105,ICJ-192-2024-01-26,192,2024-06-27,153,SC_FORMAL_VOTE,S/PV.9672,0,0,0,NO_PRESERVED_MANUAL_REVIEW_EVIDENCE,UNREVIEWED_IS_NOT_CODED_ZERO
ICJ-192-2024-01-26||SC_FORMAL_VOTE::SCV|2106,ICJ-192-2024-01-26,192,2024-06-27,153,SC_FORMAL_VOTE,S/PV.9674,0,0,0,NO_PRESERVED_MANUAL_REVIEW_EVIDENCE,UNREVIEWED_IS_NOT_CODED_ZERO
ICJ-192-2024-01-26||SC_MEETING::SCM|S/PV.9669 (Resumption 2),ICJ-192-2024-01-26,192,2024-06-27,153,SC_MEETING,S/PV.9669 (Resumption 2),0,0,0,NO_PRESERVED_MANUAL_REVIEW_EVIDENCE,UNREVIEWED_IS_NOT_CODED_ZERO
ICJ-192-2024-01-26||SC_MEETING::SCM|S/PV.9670,ICJ-192-2024-01-26,192,2024-06-27,153,SC_MEETING,S/PV.9670,0,0,0,NO_PRESERVED_MANUAL_REVIEW_EVIDENCE,UNREVIEWED_IS_NOT_CODED_ZERO
ICJ-192-2024-01-26||SC_MEETING::SCM|S/PV.9671,ICJ-192-2024-01-26,192,2024-06-27,153,SC_MEETING,S/PV.9671,0,0,0,NO_PRESERVED_MANUAL_REVIEW_EVIDENCE,UNREVIEWED_IS_NOT_CODED_ZERO
ICJ-192-2024-01-26||SC_MEETING::SCM|S/PV.9672,ICJ-192-2024-01-26,192,2024-06-27,153,SC_MEETING,S/PV.9672,0,0,0,NO_PRESERVED_MANUAL_REVIEW_EVIDENCE,UNREVIEWED_IS_NOT_CODED_ZERO
ICJ-192-2024-01-26||SC_MEETING::SCM|S/PV.9673,ICJ-192-2024-01-26,192,2024-06-27,153,SC_MEETING,S/PV.9673,0,0,0,NO_PRESERVED_MANUAL_REVIEW_EVIDENCE,UNREVIEWED_IS_NOT_CODED_ZERO
ICJ-192-2024-01-26||SC_MEETING::SCM|S/PV.9674,ICJ-192-2024-01-26,192,2024-06-27,153,SC_MEETING,S/PV.9674,0,0,0,NO_PRESERVED_MANUAL_REVIEW_EVIDENCE,UNREVIEWED_IS_NOT_CODED_ZERO
ICJ-192-2024-01-26||GA_FORMAL_VOTE::GAV|4053203,ICJ-192-2024-01-26,192,2024-06-28,154,GA_FORMAL_VOTE,A/78/PV.95,0,0,0,NO_PRESERVED_MANUAL_REVIEW_EVIDENCE,UNREVIEWED_IS_NOT_CODED_ZERO
ICJ-192-2024-01-26||SC_FORMAL_VOTE::SCV|2107,ICJ-192-2024-01-26,192,2024-06-28,154,SC_FORMAL_VOTE,S/PV.9677,0,0,0,NO_PRESERVED_MANUAL_REVIEW_EVIDENCE,UNREVIEWED_IS_NOT_CODED_ZERO
ICJ-192-2024-01-26||SC_MEETING::SCM|S/PV.9675,ICJ-192-2024-01-26,192,2024-06-28,154,SC_MEETING,S/PV.9675,0,0,0,NO_PRESERVED_MANUAL_REVIEW_EVIDENCE,UNREVIEWED_IS_NOT_CODED_ZERO
ICJ-192-2024-01-26||SC_MEETING::SCM|S/PV.9676,ICJ-192-2024-01-26,192,2024-06-28,154,SC_MEETING,S/PV.9676,0,0,0,NO_PRESERVED_MANUAL_REVIEW_EVIDENCE,UNREVIEWED_IS_NOT_CODED_ZERO
ICJ-192-2024-01-26||SC_MEETING::SCM|S/PV.9677,ICJ-192-2024-01-26,192,2024-06-28,154,SC_MEETING,S/PV.9677,0,0,0,NO_PRESERVED_MANUAL_REVIEW_EVIDENCE,UNREVIEWED_IS_NOT_CODED_ZERO
ICJ-192-2024-01-26||SC_MEETING::SCM|S/PV.9678,ICJ-192-2024-01-26,192,2024-07-02,158,SC_MEETING,S/PV.9678,1,0,1,PRESERVED_ORIGINAL_233_HUMAN_REVIEW,REVIEW_EVIDENCE_PRESENT
ICJ-192-2024-01-26||SC_MEETING::SCM|S/PV.9679,ICJ-192-2024-01-26,192,2024-07-03,159,SC_MEETING,S/PV.9679,0,0,0,NO_PRESERVED_MANUAL_REVIEW_EVIDENCE,UNREVIEWED_IS_NOT_CODED_ZERO
ICJ-192-2024-01-26||SC_FORMAL_VOTE::SCV|2108,ICJ-192-2024-01-26,192,2024-07-08,164,SC_FORMAL_VOTE,S/PV.9680,0,0,0,NO_PRESERVED_MANUAL_REVIEW_EVIDENCE,UNREVIEWED_IS_NOT_CODED_ZERO
ICJ-192-2024-01-26||SC_MEETING::SCM|S/PV.9680,ICJ-192-2024-01-26,192,2024-07-08,164,SC_MEETING,S/PV.9680,0,0,0,NO_PRESERVED_MANUAL_REVIEW_EVIDENCE,UNREVIEWED_IS_NOT_CODED_ZERO
ICJ-192-2024-01-26||SC_MEETING::SCM|S/PV.9681,ICJ-192-2024-01-26,192,2024-07-08,164,SC_MEETING,S/PV.9681,0,0,0,NO_PRESERVED_MANUAL_REVIEW_EVIDENCE,UNREVIEWED_IS_NOT_CODED_ZERO
ICJ-192-2024-01-26||SC_MEETING::SCM|S/PV.9682,ICJ-192-2024-01-26,192,2024-07-09,165,SC_MEETING,S/PV.9682,0,0,0,NO_PRESERVED_MANUAL_REVIEW_EVIDENCE,UNREVIEWED_IS_NOT_CODED_ZERO
ICJ-192-2024-01-26||GA_FORMAL_VOTE::GAV|4053933,ICJ-192-2024-01-26,192,2024-07-11,167,GA_FORMAL_VOTE,A/78/PV.99,0,0,0,NO_PRESERVED_MANUAL_REVIEW_EVIDENCE,UNREVIEWED_IS_NOT_CODED_ZERO
ICJ-192-2024-01-26||SC_MEETING::SCM|S/PV.9683,ICJ-192-2024-01-26,192,2024-07-11,167,SC_MEETING,S/PV.9683,0,0,0,NO_PRESERVED_MANUAL_REVIEW_EVIDENCE,UNREVIEWED_IS_NOT_CODED_ZERO
ICJ-192-2024-01-26||SC_FORMAL_VOTE::SCV|2109,ICJ-192-2024-01-26,192,2024-07-12,168,SC_FORMAL_VOTE,S/PV.9684,0,0,0,NO_PRESERVED_MANUAL_REVIEW_EVIDENCE,UNREVIEWED_IS_NOT_CODED_ZERO
ICJ-192-2024-01-26||SC_MEETING::SCM|S/PV.9684,ICJ-192-2024-01-26,192,2024-07-12,168,SC_MEETING,S/PV.9684,0,0,0,NO_PRESERVED_MANUAL_REVIEW_EVIDENCE,UNREVIEWED_IS_NOT_CODED_ZERO
ICJ-192-2024-01-26||SC_MEETING::SCM|S/PV.9685,ICJ-192-2024-01-26,192,2024-07-12,168,SC_MEETING,S/PV.9685,0,0,0,NO_PRESERVED_MANUAL_REVIEW_EVIDENCE,UNREVIEWED_IS_NOT_CODED_ZERO
ICJ-192-2024-01-26||SC_MEETING::SCM|S/PV.9686,ICJ-192-2024-01-26,192,2024-07-16,172,SC_MEETING,S/PV.9686,0,0,0,NO_PRESERVED_MANUAL_REVIEW_EVIDENCE,UNREVIEWED_IS_NOT_CODED_ZERO
ICJ-192-2024-01-26||SC_MEETING::SCM|S/PV.9686 (Resumption 1),ICJ-192-2024-01-26,192,2024-07-16,172,SC_MEETING,S/PV.9686 (Resumption 1),0,0,0,NO_PRESERVED_MANUAL_REVIEW_EVIDENCE,UNREVIEWED_IS_NOT_CODED_ZERO
ICJ-192-2024-01-26||SC_MEETING::SCM|S/PV.9687,ICJ-192-2024-01-26,192,2024-07-17,173,SC_MEETING,S/PV.9687,1,0,1,PRESERVED_ORIGINAL_233_HUMAN_REVIEW,REVIEW_EVIDENCE_PRESENT
ICJ-192-2024-01-26||SC_MEETING::SCM|S/PV.9687 (Resumption 1),ICJ-192-2024-01-26,192,2024-07-17,173,SC_MEETING,S/PV.9687 (Resumption 1),1,0,1,PRESERVED_ORIGINAL_233_HUMAN_REVIEW,REVIEW_EVIDENCE_PRESENT
ICJ-192-2024-01-26||SC_FORMAL_VOTE::SCV|2110,ICJ-192-2024-01-26,192,2024-07-19,175,SC_FORMAL_VOTE,S/PV.9689,0,0,0,NO_PRESERVED_MANUAL_REVIEW_EVIDENCE,UNREVIEWED_IS_NOT_CODED_ZERO
ICJ-192-2024-01-26||SC_MEETING::SCM|S/PV.9687 (Resumption 2),ICJ-192-2024-01-26,192,2024-07-19,175,SC_MEETING,S/PV.9687 (Resumption 2),1,0,1,PRESERVED_ORIGINAL_233_HUMAN_REVIEW,REVIEW_EVIDENCE_PRESENT
ICJ-192-2024-01-26||SC_MEETING::SCM|S/PV.9688,ICJ-192-2024-01-26,192,2024-07-19,175,SC_MEETING,S/PV.9688,0,0,0,NO_PRESERVED_MANUAL_REVIEW_EVIDENCE,UNREVIEWED_IS_NOT_CODED_ZERO
ICJ-192-2024-01-26||SC_MEETING::SCM|S/PV.9689,ICJ-192-2024-01-26,192,2024-07-19,175,SC_MEETING,S/PV.9689,0,0,0,NO_PRESERVED_MANUAL_REVIEW_EVIDENCE,UNREVIEWED_IS_NOT_CODED_ZERO
ICJ-192-2024-01-26||SC_MEETING::SCM|S/PV.9690,ICJ-192-2024-01-26,192,2024-07-22,178,SC_MEETING,S/PV.9690,0,0,0,NO_PRESERVED_MANUAL_REVIEW_EVIDENCE,UNREVIEWED_IS_NOT_CODED_ZERO
ICJ-192-2024-01-26||SC_MEETING::SCM|S/PV.9691,ICJ-192-2024-01-26,192,2024-07-22,178,SC_MEETING,S/PV.9691,0,0,0,NO_PRESERVED_MANUAL_REVIEW_EVIDENCE,UNREVIEWED_IS_NOT_CODED_ZERO
ICJ-192-2024-01-26||SC_MEETING::SCM|S/PV.9692,ICJ-192-2024-01-26,192,2024-07-23,179,SC_MEETING,S/PV.9692,0,0,0,NO_PRESERVED_MANUAL_REVIEW_EVIDENCE,UNREVIEWED_IS_NOT_CODED_ZERO
ICJ-192-2024-03-28||SC_FORMAL_VOTE::SCV|2092,ICJ-192-2024-03-28,192,2024-03-28,0,SC_FORMAL_VOTE,S/PV.9591,0,0,0,NO_PRESERVED_MANUAL_REVIEW_EVIDENCE,UNREVIEWED_IS_NOT_CODED_ZERO
ICJ-192-2024-03-28||SC_MEETING::SCM|S/PV.9591,ICJ-192-2024-03-28,192,2024-03-28,0,SC_MEETING,S/PV.9591,0,0,0,NO_PRESERVED_MANUAL_REVIEW_EVIDENCE,UNREVIEWED_IS_NOT_CODED_ZERO
ICJ-192-2024-03-28||SC_MEETING::SCM|S/PV.9592,ICJ-192-2024-03-28,192,2024-03-28,0,SC_MEETING,S/PV.9592,0,0,0,NO_PRESERVED_MANUAL_REVIEW_EVIDENCE,UNREVIEWED_IS_NOT_CODED_ZERO
ICJ-192-2024-03-28||SC_MEETING::SCM|S/PV.9593,ICJ-192-2024-03-28,192,2024-04-02,5,SC_MEETING,S/PV.9593,0,0,0,NO_PRESERVED_MANUAL_REVIEW_EVIDENCE,UNREVIEWED_IS_NOT_CODED_ZERO
ICJ-192-2024-03-28||SC_MEETING::SCM|S/PV.9594,ICJ-192-2024-03-28,192,2024-04-03,6,SC_MEETING,S/PV.9594,0,0,0,NO_PRESERVED_MANUAL_REVIEW_EVIDENCE,UNREVIEWED_IS_NOT_CODED_ZERO
ICJ-192-2024-03-28||SC_MEETING::SCM|S/PV.9595,ICJ-192-2024-03-28,192,2024-04-04,7,SC_MEETING,S/PV.9595,0,0,0,NO_PRESERVED_MANUAL_REVIEW_EVIDENCE,UNREVIEWED_IS_NOT_CODED_ZERO
ICJ-192-2024-03-28||SC_MEETING::SCM|S/PV.9596,ICJ-192-2024-03-28,192,2024-04-05,8,SC_MEETING,S/PV.9596,1,0,1,PRESERVED_ORIGINAL_233_HUMAN_REVIEW,REVIEW_EVIDENCE_PRESENT
ICJ-192-2024-03-28||SC_MEETING::SCM|S/PV.9597,ICJ-192-2024-03-28,192,2024-04-08,11,SC_MEETING,S/PV.9597,0,0,0,NO_PRESERVED_MANUAL_REVIEW_EVIDENCE,UNREVIEWED_IS_NOT_CODED_ZERO
ICJ-192-2024-03-28||SC_MEETING::SCM|S/PV.9598,ICJ-192-2024-03-28,192,2024-04-09,12,SC_MEETING,S/PV.9598,0,0,0,NO_PRESERVED_MANUAL_REVIEW_EVIDENCE,UNREVIEWED_IS_NOT_CODED_ZERO
ICJ-192-2024-03-28||SC_MEETING::SCM|S/PV.9599,ICJ-192-2024-03-28,192,2024-04-09,12,SC_MEETING,S/PV.9599,0,0,0,NO_PRESERVED_MANUAL_REVIEW_EVIDENCE,UNREVIEWED_IS_NOT_CODED_ZERO
ICJ-192-2024-03-28||SC_MEETING::SCM|S/PV.9600,ICJ-192-2024-03-28,192,2024-04-11,14,SC_MEETING,S/PV.9600,0,0,0,NO_PRESERVED_MANUAL_REVIEW_EVIDENCE,UNREVIEWED_IS_NOT_CODED_ZERO
ICJ-192-2024-03-28||SC_MEETING::SCM|S/PV.9601,ICJ-192-2024-03-28,192,2024-04-12,15,SC_MEETING,S/PV.9601,0,0,0,NO_PRESERVED_MANUAL_REVIEW_EVIDENCE,UNREVIEWED_IS_NOT_CODED_ZERO
ICJ-192-2024-03-28||SC_MEETING::SCM|S/PV.9602,ICJ-192-2024-03-28,192,2024-04-14,17,SC_MEETING,S/PV.9602,0,0,0,NO_PRESERVED_MANUAL_REVIEW_EVIDENCE,UNREVIEWED_IS_NOT_CODED_ZERO
ICJ-192-2024-03-28||SC_MEETING::SCM|S/PV.9603,ICJ-192-2024-03-28,192,2024-04-15,18,SC_MEETING,S/PV.9603,0,0,0,NO_PRESERVED_MANUAL_REVIEW_EVIDENCE,UNREVIEWED_IS_NOT_CODED_ZERO
ICJ-192-2024-03-28||SC_MEETING::SCM|S/PV.9604,ICJ-192-2024-03-28,192,2024-04-15,18,SC_MEETING,S/PV.9604,0,0,0,NO_PRESERVED_MANUAL_REVIEW_EVIDENCE,UNREVIEWED_IS_NOT_CODED_ZERO
ICJ-192-2024-03-28||SC_MEETING::SCM|S/PV.9605,ICJ-192-2024-03-28,192,2024-04-16,19,SC_MEETING,S/PV.9605,0,0,0,NO_PRESERVED_MANUAL_REVIEW_EVIDENCE,UNREVIEWED_IS_NOT_CODED_ZERO
ICJ-192-2024-03-28||SC_MEETING::SCM|S/PV.9606,ICJ-192-2024-03-28,192,2024-04-17,20,SC_MEETING,S/PV.9606,0,0,0,NO_PRESERVED_MANUAL_REVIEW_EVIDENCE,UNREVIEWED_IS_NOT_CODED_ZERO
ICJ-192-2024-03-28||SC_MEETING::SCM|S/PV.9607,ICJ-192-2024-03-28,192,2024-04-17,20,SC_MEETING,S/PV.9607,1,0,1,PRESERVED_ORIGINAL_233_HUMAN_REVIEW,REVIEW_EVIDENCE_PRESENT
ICJ-192-2024-03-28||SC_FORMAL_VOTE::SCV|2093,ICJ-192-2024-03-28,192,2024-04-18,21,SC_FORMAL_VOTE,S/PV.9609,0,0,0,NO_PRESERVED_MANUAL_REVIEW_EVIDENCE,UNREVIEWED_IS_NOT_CODED_ZERO
ICJ-192-2024-03-28||SC_MEETING::SCM|S/PV.9608,ICJ-192-2024-03-28,192,2024-04-18,21,SC_MEETING,S/PV.9608,1,0,1,PRESERVED_ORIGINAL_233_HUMAN_REVIEW,REVIEW_EVIDENCE_PRESENT
ICJ-192-2024-03-28||SC_MEETING::SCM|S/PV.9608 (Resumption 1),ICJ-192-2024-03-28,192,2024-04-18,21,SC_MEETING,S/PV.9608 (Resumption 1),1,0,1,PRESERVED_ORIGINAL_233_HUMAN_REVIEW,REVIEW_EVIDENCE_PRESENT
ICJ-192-2024-03-28||SC_MEETING::SCM|S/PV.9609,ICJ-192-2024-03-28,192,2024-04-18,21,SC_MEETING,S/PV.9609,0,0,0,NO_PRESERVED_MANUAL_REVIEW_EVIDENCE,UNREVIEWED_IS_NOT_CODED_ZERO
ICJ-192-2024-03-28||SC_MEETING::SCM|S/PV.9610,ICJ-192-2024-03-28,192,2024-04-19,22,SC_MEETING,S/PV.9610,0,0,0,NO_PRESERVED_MANUAL_REVIEW_EVIDENCE,UNREVIEWED_IS_NOT_CODED_ZERO
ICJ-192-2024-03-28||SC_MEETING::SCM|S/PV.9611,ICJ-192-2024-03-28,192,2024-04-19,22,SC_MEETING,S/PV.9611,0,0,0,NO_PRESERVED_MANUAL_REVIEW_EVIDENCE,UNREVIEWED_IS_NOT_CODED_ZERO
ICJ-192-2024-03-28||SC_MEETING::SCM|S/PV.9612,ICJ-192-2024-03-28,192,2024-04-22,25,SC_MEETING,S/PV.9612,0,0,0,NO_PRESERVED_MANUAL_REVIEW_EVIDENCE,UNREVIEWED_IS_NOT_CODED_ZERO
ICJ-192-2024-03-28||SC_MEETING::SCM|S/PV.9613,ICJ-192-2024-03-28,192,2024-04-22,25,SC_MEETING,S/PV.9613,0,0,0,NO_PRESERVED_MANUAL_REVIEW_EVIDENCE,UNREVIEWED_IS_NOT_CODED_ZERO
ICJ-192-2024-03-28||SC_MEETING::SCM|S/PV.9614,ICJ-192-2024-03-28,192,2024-04-23,26,SC_MEETING,S/PV.9614,0,0,0,NO_PRESERVED_MANUAL_REVIEW_EVIDENCE,UNREVIEWED_IS_NOT_CODED_ZERO
ICJ-192-2024-03-28||SC_MEETING::SCM|S/PV.9614 (Resumption 1),ICJ-192-2024-03-28,192,2024-04-23,26,SC_MEETING,S/PV.9614 (Resumption 1),0,0,0,NO_PRESERVED_MANUAL_REVIEW_EVIDENCE,UNREVIEWED_IS_NOT_CODED_ZERO
ICJ-192-2024-03-28||GA_FORMAL_VOTE::GAV|4045077,ICJ-192-2024-03-28,192,2024-04-24,27,GA_FORMAL_VOTE,A/78/PV.73,0,0,0,NO_PRESERVED_MANUAL_REVIEW_EVIDENCE,UNREVIEWED_IS_NOT_CODED_ZERO
ICJ-192-2024-03-28||GA_FORMAL_VOTE::GAV|4045078,ICJ-192-2024-03-28,192,2024-04-24,27,GA_FORMAL_VOTE,A/78/PV.73,0,0,0,NO_PRESERVED_MANUAL_REVIEW_EVIDENCE,UNREVIEWED_IS_NOT_CODED_ZERO
ICJ-192-2024-03-28||SC_MEETING::SCM|S/PV.9615,ICJ-192-2024-03-28,192,2024-04-24,27,SC_MEETING,S/PV.9615,0,0,0,NO_PRESERVED_MANUAL_REVIEW_EVIDENCE,UNREVIEWED_IS_NOT_CODED_ZERO
ICJ-192-2024-03-28||SC_MEETING::SCM|S/PV.9616,ICJ-192-2024-03-28,192,2024-04-24,27,SC_MEETING,S/PV.9616,0,0,0,NO_PRESERVED_MANUAL_REVIEW_EVIDENCE,UNREVIEWED_IS_NOT_CODED_ZERO
ICJ-192-2024-03-28||SC_MEETING::SCM|S/PV.9617,ICJ-192-2024-03-28,192,2024-04-24,27,SC_MEETING,S/PV.9617,1,0,1,PRESERVED_ORIGINAL_233_HUMAN_REVIEW,REVIEW_EVIDENCE_PRESENT
ICJ-192-2024-03-28||SC_SPECIAL_VETO::SCX|8,ICJ-192-2024-03-28,192,2024-04-24,27,SC_SPECIAL_VETO,S/PV.9616,0,0,0,NO_PRESERVED_MANUAL_REVIEW_EVIDENCE,UNREVIEWED_IS_NOT_CODED_ZERO
ICJ-192-2024-03-28||SC_MEETING::SCM|S/PV.9608 (Resumption 2),ICJ-192-2024-03-28,192,2024-04-25,28,SC_MEETING,S/PV.9608 (Resumption 2),1,0,1,PRESERVED_ORIGINAL_233_HUMAN_REVIEW,REVIEW_EVIDENCE_PRESENT
ICJ-192-2024-03-28||SC_MEETING::SCM|S/PV.9618,ICJ-192-2024-03-28,192,2024-04-25,28,SC_MEETING,S/PV.9618,0,0,0,NO_PRESERVED_MANUAL_REVIEW_EVIDENCE,UNREVIEWED_IS_NOT_CODED_ZERO
ICJ-192-2024-03-28||SC_MEETING::SCM|S/PV.9606 (Resumption 1),ICJ-192-2024-03-28,192,2024-04-26,29,SC_MEETING,S/PV.9606 (Resumption 1),0,0,0,NO_PRESERVED_MANUAL_REVIEW_EVIDENCE,UNREVIEWED_IS_NOT_CODED_ZERO
ICJ-192-2024-03-28||SC_MEETING::SCM|S/PV.9614 (Resumption 2),ICJ-192-2024-03-28,192,2024-04-26,29,SC_MEETING,S/PV.9614 (Resumption 2),0,0,0,NO_PRESERVED_MANUAL_REVIEW_EVIDENCE,UNREVIEWED_IS_NOT_CODED_ZERO
ICJ-192-2024-03-28||SC_MEETING::SCM|S/PV.9619,ICJ-192-2024-03-28,192,2024-04-26,29,SC_MEETING,S/PV.9619,0,0,0,NO_PRESERVED_MANUAL_REVIEW_EVIDENCE,UNREVIEWED_IS_NOT_CODED_ZERO
ICJ-192-2024-03-28||SC_FORMAL_VOTE::SCV|2094,ICJ-192-2024-03-28,192,2024-04-29,32,SC_FORMAL_VOTE,S/PV.9620,0,0,0,NO_PRESERVED_MANUAL_REVIEW_EVIDENCE,UNREVIEWED_IS_NOT_CODED_ZERO
ICJ-192-2024-03-28||SC_MEETING::SCM|S/PV.9620,ICJ-192-2024-03-28,192,2024-04-29,32,SC_MEETING,S/PV.9620,0,0,0,NO_PRESERVED_MANUAL_REVIEW_EVIDENCE,UNREVIEWED_IS_NOT_CODED_ZERO
ICJ-192-2024-03-28||SC_MEETING::SCM|S/PV.9621,ICJ-192-2024-03-28,192,2024-04-30,33,SC_MEETING,S/PV.9621,0,0,0,NO_PRESERVED_MANUAL_REVIEW_EVIDENCE,UNREVIEWED_IS_NOT_CODED_ZERO
ICJ-192-2024-03-28||SC_MEETING::SCM|S/PV.9622,ICJ-192-2024-03-28,192,2024-05-07,40,SC_MEETING,S/PV.9622,0,0,0,NO_PRESERVED_MANUAL_REVIEW_EVIDENCE,UNREVIEWED_IS_NOT_CODED_ZERO
ICJ-192-2024-03-28||GA_FORMAL_VOTE::GAV|4046991,ICJ-192-2024-03-28,192,2024-05-10,43,GA_FORMAL_VOTE,A/ES-10/PV.49,0,0,0,NO_PRESERVED_MANUAL_REVIEW_EVIDENCE,UNREVIEWED_IS_NOT_CODED_ZERO
ICJ-192-2024-03-28||SC_MEETING::SCM|S/PV.9623,ICJ-192-2024-03-28,192,2024-05-13,46,SC_MEETING,S/PV.9623,0,0,0,NO_PRESERVED_MANUAL_REVIEW_EVIDENCE,UNREVIEWED_IS_NOT_CODED_ZERO
ICJ-192-2024-03-28||SC_MEETING::SCM|S/PV.9624,ICJ-192-2024-03-28,192,2024-05-14,47,SC_MEETING,S/PV.9624,0,0,0,NO_PRESERVED_MANUAL_REVIEW_EVIDENCE,UNREVIEWED_IS_NOT_CODED_ZERO
ICJ-192-2024-03-28||SC_MEETING::SCM|S/PV.9625,ICJ-192-2024-03-28,192,2024-05-14,47,SC_MEETING,S/PV.9625,0,0,0,NO_PRESERVED_MANUAL_REVIEW_EVIDENCE,UNREVIEWED_IS_NOT_CODED_ZERO
ICJ-192-2024-03-28||SC_MEETING::SCM|S/PV.9626,ICJ-192-2024-03-28,192,2024-05-15,48,SC_MEETING,S/PV.9626,0,0,0,NO_PRESERVED_MANUAL_REVIEW_EVIDENCE,UNREVIEWED_IS_NOT_CODED_ZERO
ICJ-192-2024-03-28||SC_MEETING::SCM|S/PV.9627,ICJ-192-2024-03-28,192,2024-05-16,49,SC_MEETING,S/PV.9627,0,0,0,NO_PRESERVED_MANUAL_REVIEW_EVIDENCE,UNREVIEWED_IS_NOT_CODED_ZERO
ICJ-192-2024-03-28||SC_MEETING::SCM|S/PV.9628,ICJ-192-2024-03-28,192,2024-05-16,49,SC_MEETING,S/PV.9628,0,0,0,NO_PRESERVED_MANUAL_REVIEW_EVIDENCE,UNREVIEWED_IS_NOT_CODED_ZERO
ICJ-192-2024-03-28||SC_FORMAL_VOTE::SCV|2095,ICJ-192-2024-03-28,192,2024-05-20,53,SC_FORMAL_VOTE,S/PV.9630,0,0,0,NO_PRESERVED_MANUAL_REVIEW_EVIDENCE,UNREVIEWED_IS_NOT_CODED_ZERO
ICJ-192-2024-03-28||SC_MEETING::SCM|S/PV.9629,ICJ-192-2024-03-28,192,2024-05-20,53,SC_MEETING,S/PV.9629,0,0,0,NO_PRESERVED_MANUAL_REVIEW_EVIDENCE,UNREVIEWED_IS_NOT_CODED_ZERO
ICJ-192-2024-03-28||SC_MEETING::SCM|S/PV.9630,ICJ-192-2024-03-28,192,2024-05-20,53,SC_MEETING,S/PV.9630,0,0,0,NO_PRESERVED_MANUAL_REVIEW_EVIDENCE,UNREVIEWED_IS_NOT_CODED_ZERO
ICJ-192-2024-03-28||SC_MEETING::SCM|S/PV.9631,ICJ-192-2024-03-28,192,2024-05-20,53,SC_MEETING,S/PV.9631,1,0,1,PRESERVED_ORIGINAL_233_HUMAN_REVIEW,REVIEW_EVIDENCE_PRESENT
ICJ-192-2024-03-28||SC_MEETING::SCM|S/PV.9632,ICJ-192-2024-03-28,192,2024-05-21,54,SC_MEETING,S/PV.9632,0,0,0,NO_PRESERVED_MANUAL_REVIEW_EVIDENCE,UNREVIEWED_IS_NOT_CODED_ZERO
ICJ-192-2024-03-28||SC_MEETING::SCM|S/PV.9632 (Resumption 1),ICJ-192-2024-03-28,192,2024-05-21,54,SC_MEETING,S/PV.9632 (Resumption 1),0,0,0,NO_PRESERVED_MANUAL_REVIEW_EVIDENCE,UNREVIEWED_IS_NOT_CODED_ZERO
ICJ-192-2024-03-28||SC_MEETING::SCM|S/PV.9632 (Resumption 2),ICJ-192-2024-03-28,192,2024-05-22,55,SC_MEETING,S/PV.9632 (Resumption 2),0,0,0,NO_PRESERVED_MANUAL_REVIEW_EVIDENCE,UNREVIEWED_IS_NOT_CODED_ZERO
ICJ-192-2024-03-28||GA_FORMAL_VOTE::GAV|4048673,ICJ-192-2024-03-28,192,2024-05-23,56,GA_FORMAL_VOTE,A/78/PV.82,0,0,0,NO_PRESERVED_MANUAL_REVIEW_EVIDENCE,UNREVIEWED_IS_NOT_CODED_ZERO
ICJ-192-2024-03-28||SC_MEETING::SCM|S/PV.9633,ICJ-192-2024-03-28,192,2024-05-23,56,SC_MEETING,S/PV.9633,0,0,0,NO_PRESERVED_MANUAL_REVIEW_EVIDENCE,UNREVIEWED_IS_NOT_CODED_ZERO
ICJ-192-2024-03-28||SC_MEETING::SCM|S/PV.9633 (Resumption 1),ICJ-192-2024-03-28,192,2024-05-23,56,SC_MEETING,S/PV.9633 (Resumption 1),0,0,0,NO_PRESERVED_MANUAL_REVIEW_EVIDENCE,UNREVIEWED_IS_NOT_CODED_ZERO
ICJ-192-2024-03-28||SC_FORMAL_VOTE::SCV|2096,ICJ-192-2024-03-28,192,2024-05-24,57,SC_FORMAL_VOTE,S/PV.9634,0,0,0,NO_PRESERVED_MANUAL_REVIEW_EVIDENCE,UNREVIEWED_IS_NOT_CODED_ZERO
ICJ-192-2024-03-28||SC_MEETING::SCM|S/PV.9634,ICJ-192-2024-03-28,192,2024-05-24,57,SC_MEETING,S/PV.9634,0,0,0,NO_PRESERVED_MANUAL_REVIEW_EVIDENCE,UNREVIEWED_IS_NOT_CODED_ZERO
ICJ-192-2024-03-28||SC_MEETING::SCM|S/PV.9635,ICJ-192-2024-03-28,192,2024-05-24,57,SC_MEETING,S/PV.9635,0,0,0,NO_PRESERVED_MANUAL_REVIEW_EVIDENCE,UNREVIEWED_IS_NOT_CODED_ZERO
ICJ-192-2024-03-28||SC_MEETING::SCM|S/PV.9636,ICJ-192-2024-03-28,192,2024-05-24,57,SC_MEETING,S/PV.9636,0,0,0,NO_PRESERVED_MANUAL_REVIEW_EVIDENCE,UNREVIEWED_IS_NOT_CODED_ZERO
ICJ-192-2024-03-28||SC_MEETING::SCM|S/PV.9637,ICJ-192-2024-03-28,192,2024-05-28,61,SC_MEETING,S/PV.9637,0,0,0,NO_PRESERVED_MANUAL_REVIEW_EVIDENCE,UNREVIEWED_IS_NOT_CODED_ZERO
ICJ-192-2024-03-28||SC_MEETING::SCM|S/PV.9638,ICJ-192-2024-03-28,192,2024-05-29,62,SC_MEETING,S/PV.9638,1,0,1,PRESERVED_ORIGINAL_233_HUMAN_REVIEW,REVIEW_EVIDENCE_PRESENT
ICJ-192-2024-03-28||SC_FORMAL_VOTE::SCV|2097,ICJ-192-2024-03-28,192,2024-05-30,63,SC_FORMAL_VOTE,S/PV.9639,0,0,0,NO_PRESERVED_MANUAL_REVIEW_EVIDENCE,UNREVIEWED_IS_NOT_CODED_ZERO
ICJ-192-2024-03-28||SC_MEETING::SCM|S/PV.9639,ICJ-192-2024-03-28,192,2024-05-30,63,SC_MEETING,S/PV.9639,0,0,0,NO_PRESERVED_MANUAL_REVIEW_EVIDENCE,UNREVIEWED_IS_NOT_CODED_ZERO
ICJ-192-2024-03-28||SC_MEETING::SCM|S/PV.9640,ICJ-192-2024-03-28,192,2024-05-30,63,SC_MEETING,S/PV.9640,0,0,0,NO_PRESERVED_MANUAL_REVIEW_EVIDENCE,UNREVIEWED_IS_NOT_CODED_ZERO
ICJ-192-2024-03-28||SC_MEETING::SCM|S/PV.9641,ICJ-192-2024-03-28,192,2024-05-30,63,SC_MEETING,S/PV.9641,0,0,0,NO_PRESERVED_MANUAL_REVIEW_EVIDENCE,UNREVIEWED_IS_NOT_CODED_ZERO
ICJ-192-2024-03-28||SC_FORMAL_VOTE::SCV|2098,ICJ-192-2024-03-28,192,2024-05-31,64,SC_FORMAL_VOTE,S/PV.9644,0,0,0,NO_PRESERVED_MANUAL_REVIEW_EVIDENCE,UNREVIEWED_IS_NOT_CODED_ZERO
ICJ-192-2024-03-28||SC_FORMAL_VOTE::SCV|2099,ICJ-192-2024-03-28,192,2024-05-31,64,SC_FORMAL_VOTE,S/PV.9642,0,0,0,NO_PRESERVED_MANUAL_REVIEW_EVIDENCE,UNREVIEWED_IS_NOT_CODED_ZERO
ICJ-192-2024-03-28||SC_MEETING::SCM|S/PV.9642,ICJ-192-2024-03-28,192,2024-05-31,64,SC_MEETING,S/PV.9642,0,0,0,NO_PRESERVED_MANUAL_REVIEW_EVIDENCE,UNREVIEWED_IS_NOT_CODED_ZERO
ICJ-192-2024-03-28||SC_MEETING::SCM|S/PV.9643,ICJ-192-2024-03-28,192,2024-05-31,64,SC_MEETING,S/PV.9643,0,0,0,NO_PRESERVED_MANUAL_REVIEW_EVIDENCE,UNREVIEWED_IS_NOT_CODED_ZERO
ICJ-192-2024-03-28||SC_MEETING::SCM|S/PV.9644,ICJ-192-2024-03-28,192,2024-05-31,64,SC_MEETING,S/PV.9644,0,0,0,NO_PRESERVED_MANUAL_REVIEW_EVIDENCE,UNREVIEWED_IS_NOT_CODED_ZERO
ICJ-192-2024-03-28||GA_FORMAL_VOTE::GAV|4050309,ICJ-192-2024-03-28,192,2024-06-04,68,GA_FORMAL_VOTE,A/78/PV.84,0,0,0,NO_PRESERVED_MANUAL_REVIEW_EVIDENCE,UNREVIEWED_IS_NOT_CODED_ZERO
ICJ-192-2024-03-28||SC_MEETING::SCM|S/PV.9645,ICJ-192-2024-03-28,192,2024-06-05,69,SC_MEETING,S/PV.9645,0,0,0,NO_PRESERVED_MANUAL_REVIEW_EVIDENCE,UNREVIEWED_IS_NOT_CODED_ZERO
ICJ-192-2024-03-28||SC_MEETING::SCM|S/PV.9646,ICJ-192-2024-03-28,192,2024-06-06,70,SC_MEETING,S/PV.9646,0,0,0,NO_PRESERVED_MANUAL_REVIEW_EVIDENCE,UNREVIEWED_IS_NOT_CODED_ZERO
ICJ-192-2024-03-28||SC_MEETING::SCM|S/PV.9647,ICJ-192-2024-03-28,192,2024-06-07,71,SC_MEETING,S/PV.9647,0,0,0,NO_PRESERVED_MANUAL_REVIEW_EVIDENCE,UNREVIEWED_IS_NOT_CODED_ZERO
ICJ-192-2024-03-28||SC_FORMAL_VOTE::SCV|2100,ICJ-192-2024-03-28,192,2024-06-10,74,SC_FORMAL_VOTE,S/PV.9649,0,0,0,NO_PRESERVED_MANUAL_REVIEW_EVIDENCE,UNREVIEWED_IS_NOT_CODED_ZERO
ICJ-192-2024-03-28||SC_FORMAL_VOTE::SCV|2101,ICJ-192-2024-03-28,192,2024-06-10,74,SC_FORMAL_VOTE,S/PV.9650,1,0,1,PRESERVED_ORIGINAL_233_HUMAN_REVIEW,REVIEW_EVIDENCE_PRESENT
ICJ-192-2024-03-28||SC_MEETING::SCM|S/PV.9648,ICJ-192-2024-03-28,192,2024-06-10,74,SC_MEETING,S/PV.9648,0,0,0,NO_PRESERVED_MANUAL_REVIEW_EVIDENCE,UNREVIEWED_IS_NOT_CODED_ZERO
ICJ-192-2024-03-28||SC_MEETING::SCM|S/PV.9649,ICJ-192-2024-03-28,192,2024-06-10,74,SC_MEETING,S/PV.9649,0,0,0,NO_PRESERVED_MANUAL_REVIEW_EVIDENCE,UNREVIEWED_IS_NOT_CODED_ZERO
ICJ-192-2024-03-28||SC_MEETING::SCM|S/PV.9650,ICJ-192-2024-03-28,192,2024-06-10,74,SC_MEETING,S/PV.9650,1,0,1,PRESERVED_ORIGINAL_233_HUMAN_REVIEW,REVIEW_EVIDENCE_PRESENT
ICJ-192-2024-03-28||SC_MEETING::SCM|S/PV.9651,ICJ-192-2024-03-28,192,2024-06-11,75,SC_MEETING,S/PV.9651,0,0,0,NO_PRESERVED_MANUAL_REVIEW_EVIDENCE,UNREVIEWED_IS_NOT_CODED_ZERO
ICJ-192-2024-03-28||SC_MEETING::SCM|S/PV.9652,ICJ-192-2024-03-28,192,2024-06-11,75,SC_MEETING,S/PV.9652,0,0,0,NO_PRESERVED_MANUAL_REVIEW_EVIDENCE,UNREVIEWED_IS_NOT_CODED_ZERO
ICJ-192-2024-03-28||SC_MEETING::SCM|S/PV.9653,ICJ-192-2024-03-28,192,2024-06-12,76,SC_MEETING,S/PV.9653,0,0,0,NO_PRESERVED_MANUAL_REVIEW_EVIDENCE,UNREVIEWED_IS_NOT_CODED_ZERO
ICJ-192-2024-03-28||SC_FORMAL_VOTE::SCV|2102,ICJ-192-2024-03-28,192,2024-06-13,77,SC_FORMAL_VOTE,S/PV.9655,0,0,0,NO_PRESERVED_MANUAL_REVIEW_EVIDENCE,UNREVIEWED_IS_NOT_CODED_ZERO
ICJ-192-2024-03-28||SC_MEETING::SCM|S/PV.9654,ICJ-192-2024-03-28,192,2024-06-13,77,SC_MEETING,S/PV.9654,0,0,0,NO_PRESERVED_MANUAL_REVIEW_EVIDENCE,UNREVIEWED_IS_NOT_CODED_ZERO
ICJ-192-2024-03-28||SC_MEETING::SCM|S/PV.9655,ICJ-192-2024-03-28,192,2024-06-13,77,SC_MEETING,S/PV.9655,0,0,0,NO_PRESERVED_MANUAL_REVIEW_EVIDENCE,UNREVIEWED_IS_NOT_CODED_ZERO
ICJ-192-2024-03-28||SC_MEETING::SCM|S/PV.9656,ICJ-192-2024-03-28,192,2024-06-13,77,SC_MEETING,S/PV.9656,0,0,0,NO_PRESERVED_MANUAL_REVIEW_EVIDENCE,UNREVIEWED_IS_NOT_CODED_ZERO
ICJ-192-2024-03-28||SC_MEETING::SCM|S/PV.9657,ICJ-192-2024-03-28,192,2024-06-14,78,SC_MEETING,S/PV.9657,0,0,0,NO_PRESERVED_MANUAL_REVIEW_EVIDENCE,UNREVIEWED_IS_NOT_CODED_ZERO
ICJ-192-2024-03-28||SC_MEETING::SCM|S/PV.9658,ICJ-192-2024-03-28,192,2024-06-14,78,SC_MEETING,S/PV.9658,0,0,0,NO_PRESERVED_MANUAL_REVIEW_EVIDENCE,UNREVIEWED_IS_NOT_CODED_ZERO
ICJ-192-2024-03-28||SC_MEETING::SCM|S/PV.9659,ICJ-192-2024-03-28,192,2024-06-18,82,SC_MEETING,S/PV.9659,0,0,0,NO_PRESERVED_MANUAL_REVIEW_EVIDENCE,UNREVIEWED_IS_NOT_CODED_ZERO
ICJ-192-2024-03-28||SC_MEETING::SCM|S/PV.9660,ICJ-192-2024-03-28,192,2024-06-18,82,SC_MEETING,S/PV.9660,0,0,0,NO_PRESERVED_MANUAL_REVIEW_EVIDENCE,UNREVIEWED_IS_NOT_CODED_ZERO
ICJ-192-2024-03-28||SC_MEETING::SCM|S/PV.9661,ICJ-192-2024-03-28,192,2024-06-19,83,SC_MEETING,S/PV.9661,0,0,0,NO_PRESERVED_MANUAL_REVIEW_EVIDENCE,UNREVIEWED_IS_NOT_CODED_ZERO
ICJ-192-2024-03-28||SC_MEETING::SCM|S/PV.9662,ICJ-192-2024-03-28,192,2024-06-20,84,SC_MEETING,S/PV.9662,0,0,0,NO_PRESERVED_MANUAL_REVIEW_EVIDENCE,UNREVIEWED_IS_NOT_CODED_ZERO
ICJ-192-2024-03-28||SC_MEETING::SCM|S/PV.9662 (Resumption 1),ICJ-192-2024-03-28,192,2024-06-20,84,SC_MEETING,S/PV.9662 (Resumption 1),0,0,0,NO_PRESERVED_MANUAL_REVIEW_EVIDENCE,UNREVIEWED_IS_NOT_CODED_ZERO
ICJ-192-2024-03-28||SC_MEETING::SCM|S/PV.9663,ICJ-192-2024-03-28,192,2024-06-21,85,SC_MEETING,S/PV.9663,0,0,0,NO_PRESERVED_MANUAL_REVIEW_EVIDENCE,UNREVIEWED_IS_NOT_CODED_ZERO
ICJ-192-2024-03-28||SC_MEETING::SCM|S/PV.9664,ICJ-192-2024-03-28,192,2024-06-21,85,SC_MEETING,S/PV.9664,0,0,0,NO_PRESERVED_MANUAL_REVIEW_EVIDENCE,UNREVIEWED_IS_NOT_CODED_ZERO
ICJ-192-2024-03-28||SC_MEETING::SCM|S/PV.9665,ICJ-192-2024-03-28,192,2024-06-24,88,SC_MEETING,S/PV.9665,0,0,0,NO_PRESERVED_MANUAL_REVIEW_EVIDENCE,UNREVIEWED_IS_NOT_CODED_ZERO
ICJ-192-2024-03-28||SC_MEETING::SCM|S/PV.9666,ICJ-192-2024-03-28,192,2024-06-24,88,SC_MEETING,S/PV.9666,0,0,0,NO_PRESERVED_MANUAL_REVIEW_EVIDENCE,UNREVIEWED_IS_NOT_CODED_ZERO
ICJ-192-2024-03-28||SC_MEETING::SCM|S/PV.9667,ICJ-192-2024-03-28,192,2024-06-25,89,SC_MEETING,S/PV.9667,1,0,1,PRESERVED_ORIGINAL_233_HUMAN_REVIEW,REVIEW_EVIDENCE_PRESENT
ICJ-192-2024-03-28||SC_MEETING::SCM|S/PV.9668,ICJ-192-2024-03-28,192,2024-06-25,89,SC_MEETING,S/PV.9668,0,0,0,NO_PRESERVED_MANUAL_REVIEW_EVIDENCE,UNREVIEWED_IS_NOT_CODED_ZERO
ICJ-192-2024-03-28||SC_MEETING::SCM|S/PV.9669,ICJ-192-2024-03-28,192,2024-06-26,90,SC_MEETING,S/PV.9669,0,0,0,NO_PRESERVED_MANUAL_REVIEW_EVIDENCE,UNREVIEWED_IS_NOT_CODED_ZERO
ICJ-192-2024-03-28||SC_MEETING::SCM|S/PV.9669 (Resumption 1),ICJ-192-2024-03-28,192,2024-06-26,90,SC_MEETING,S/PV.9669 (Resumption 1),0,0,0,NO_PRESERVED_MANUAL_REVIEW_EVIDENCE,UNREVIEWED_IS_NOT_CODED_ZERO
ICJ-192-2024-03-28||SC_FORMAL_VOTE::SCV|2103,ICJ-192-2024-03-28,192,2024-06-27,91,SC_FORMAL_VOTE,S/PV.9670,0,0,0,NO_PRESERVED_MANUAL_REVIEW_EVIDENCE,UNREVIEWED_IS_NOT_CODED_ZERO
ICJ-192-2024-03-28||SC_FORMAL_VOTE::SCV|2104,ICJ-192-2024-03-28,192,2024-06-27,91,SC_FORMAL_VOTE,S/PV.9671,0,0,0,NO_PRESERVED_MANUAL_REVIEW_EVIDENCE,UNREVIEWED_IS_NOT_CODED_ZERO
ICJ-192-2024-03-28||SC_FORMAL_VOTE::SCV|2105,ICJ-192-2024-03-28,192,2024-06-27,91,SC_FORMAL_VOTE,S/PV.9672,0,0,0,NO_PRESERVED_MANUAL_REVIEW_EVIDENCE,UNREVIEWED_IS_NOT_CODED_ZERO
ICJ-192-2024-03-28||SC_FORMAL_VOTE::SCV|2106,ICJ-192-2024-03-28,192,2024-06-27,91,SC_FORMAL_VOTE,S/PV.9674,0,0,0,NO_PRESERVED_MANUAL_REVIEW_EVIDENCE,UNREVIEWED_IS_NOT_CODED_ZERO
ICJ-192-2024-03-28||SC_MEETING::SCM|S/PV.9669 (Resumption 2),ICJ-192-2024-03-28,192,2024-06-27,91,SC_MEETING,S/PV.9669 (Resumption 2),0,0,0,NO_PRESERVED_MANUAL_REVIEW_EVIDENCE,UNREVIEWED_IS_NOT_CODED_ZERO
ICJ-192-2024-03-28||SC_MEETING::SCM|S/PV.9670,ICJ-192-2024-03-28,192,2024-06-27,91,SC_MEETING,S/PV.9670,0,0,0,NO_PRESERVED_MANUAL_REVIEW_EVIDENCE,UNREVIEWED_IS_NOT_CODED_ZERO
ICJ-192-2024-03-28||SC_MEETING::SCM|S/PV.9671,ICJ-192-2024-03-28,192,2024-06-27,91,SC_MEETING,S/PV.9671,0,0,0,NO_PRESERVED_MANUAL_REVIEW_EVIDENCE,UNREVIEWED_IS_NOT_CODED_ZERO
ICJ-192-2024-03-28||SC_MEETING::SCM|S/PV.9672,ICJ-192-2024-03-28,192,2024-06-27,91,SC_MEETING,S/PV.9672,0,0,0,NO_PRESERVED_MANUAL_REVIEW_EVIDENCE,UNREVIEWED_IS_NOT_CODED_ZERO
ICJ-192-2024-03-28||SC_MEETING::SCM|S/PV.9673,ICJ-192-2024-03-28,192,2024-06-27,91,SC_MEETING,S/PV.9673,0,0,0,NO_PRESERVED_MANUAL_REVIEW_EVIDENCE,UNREVIEWED_IS_NOT_CODED_ZERO
ICJ-192-2024-03-28||SC_MEETING::SCM|S/PV.9674,ICJ-192-2024-03-28,192,2024-06-27,91,SC_MEETING,S/PV.9674,0,0,0,NO_PRESERVED_MANUAL_REVIEW_EVIDENCE,UNREVIEWED_IS_NOT_CODED_ZERO
ICJ-192-2024-03-28||GA_FORMAL_VOTE::GAV|4053203,ICJ-192-2024-03-28,192,2024-06-28,92,GA_FORMAL_VOTE,A/78/PV.95,0,0,0,NO_PRESERVED_MANUAL_REVIEW_EVIDENCE,UNREVIEWED_IS_NOT_CODED_ZERO
ICJ-192-2024-03-28||SC_FORMAL_VOTE::SCV|2107,ICJ-192-2024-03-28,192,2024-06-28,92,SC_FORMAL_VOTE,S/PV.9677,0,0,0,NO_PRESERVED_MANUAL_REVIEW_EVIDENCE,UNREVIEWED_IS_NOT_CODED_ZERO
ICJ-192-2024-03-28||SC_MEETING::SCM|S/PV.9675,ICJ-192-2024-03-28,192,2024-06-28,92,SC_MEETING,S/PV.9675,0,0,0,NO_PRESERVED_MANUAL_REVIEW_EVIDENCE,UNREVIEWED_IS_NOT_CODED_ZERO
ICJ-192-2024-03-28||SC_MEETING::SCM|S/PV.9676,ICJ-192-2024-03-28,192,2024-06-28,92,SC_MEETING,S/PV.9676,0,0,0,NO_PRESERVED_MANUAL_REVIEW_EVIDENCE,UNREVIEWED_IS_NOT_CODED_ZERO
ICJ-192-2024-03-28||SC_MEETING::SCM|S/PV.9677,ICJ-192-2024-03-28,192,2024-06-28,92,SC_MEETING,S/PV.9677,0,0,0,NO_PRESERVED_MANUAL_REVIEW_EVIDENCE,UNREVIEWED_IS_NOT_CODED_ZERO
ICJ-192-2024-03-28||SC_MEETING::SCM|S/PV.9678,ICJ-192-2024-03-28,192,2024-07-02,96,SC_MEETING,S/PV.9678,1,0,1,PRESERVED_ORIGINAL_233_HUMAN_REVIEW,REVIEW_EVIDENCE_PRESENT
ICJ-192-2024-03-28||SC_MEETING::SCM|S/PV.9679,ICJ-192-2024-03-28,192,2024-07-03,97,SC_MEETING,S/PV.9679,0,0,0,NO_PRESERVED_MANUAL_REVIEW_EVIDENCE,UNREVIEWED_IS_NOT_CODED_ZERO
ICJ-192-2024-03-28||SC_FORMAL_VOTE::SCV|2108,ICJ-192-2024-03-28,192,2024-07-08,102,SC_FORMAL_VOTE,S/PV.9680,0,0,0,NO_PRESERVED_MANUAL_REVIEW_EVIDENCE,UNREVIEWED_IS_NOT_CODED_ZERO
ICJ-192-2024-03-28||SC_MEETING::SCM|S/PV.9680,ICJ-192-2024-03-28,192,2024-07-08,102,SC_MEETING,S/PV.9680,0,0,0,NO_PRESERVED_MANUAL_REVIEW_EVIDENCE,UNREVIEWED_IS_NOT_CODED_ZERO
ICJ-192-2024-03-28||SC_MEETING::SCM|S/PV.9681,ICJ-192-2024-03-28,192,2024-07-08,102,SC_MEETING,S/PV.9681,0,0,0,NO_PRESERVED_MANUAL_REVIEW_EVIDENCE,UNREVIEWED_IS_NOT_CODED_ZERO
ICJ-192-2024-03-28||SC_MEETING::SCM|S/PV.9682,ICJ-192-2024-03-28,192,2024-07-09,103,SC_MEETING,S/PV.9682,0,0,0,NO_PRESERVED_MANUAL_REVIEW_EVIDENCE,UNREVIEWED_IS_NOT_CODED_ZERO
ICJ-192-2024-03-28||GA_FORMAL_VOTE::GAV|4053933,ICJ-192-2024-03-28,192,2024-07-11,105,GA_FORMAL_VOTE,A/78/PV.99,0,0,0,NO_PRESERVED_MANUAL_REVIEW_EVIDENCE,UNREVIEWED_IS_NOT_CODED_ZERO
ICJ-192-2024-03-28||SC_MEETING::SCM|S/PV.9683,ICJ-192-2024-03-28,192,2024-07-11,105,SC_MEETING,S/PV.9683,0,0,0,NO_PRESERVED_MANUAL_REVIEW_EVIDENCE,UNREVIEWED_IS_NOT_CODED_ZERO
ICJ-192-2024-03-28||SC_FORMAL_VOTE::SCV|2109,ICJ-192-2024-03-28,192,2024-07-12,106,SC_FORMAL_VOTE,S/PV.9684,0,0,0,NO_PRESERVED_MANUAL_REVIEW_EVIDENCE,UNREVIEWED_IS_NOT_CODED_ZERO
ICJ-192-2024-03-28||SC_MEETING::SCM|S/PV.9684,ICJ-192-2024-03-28,192,2024-07-12,106,SC_MEETING,S/PV.9684,0,0,0,NO_PRESERVED_MANUAL_REVIEW_EVIDENCE,UNREVIEWED_IS_NOT_CODED_ZERO
ICJ-192-2024-03-28||SC_MEETING::SCM|S/PV.9685,ICJ-192-2024-03-28,192,2024-07-12,106,SC_MEETING,S/PV.9685,0,0,0,NO_PRESERVED_MANUAL_REVIEW_EVIDENCE,UNREVIEWED_IS_NOT_CODED_ZERO
ICJ-192-2024-03-28||SC_MEETING::SCM|S/PV.9686,ICJ-192-2024-03-28,192,2024-07-16,110,SC_MEETING,S/PV.9686,0,0,0,NO_PRESERVED_MANUAL_REVIEW_EVIDENCE,UNREVIEWED_IS_NOT_CODED_ZERO
ICJ-192-2024-03-28||SC_MEETING::SCM|S/PV.9686 (Resumption 1),ICJ-192-2024-03-28,192,2024-07-16,110,SC_MEETING,S/PV.9686 (Resumption 1),0,0,0,NO_PRESERVED_MANUAL_REVIEW_EVIDENCE,UNREVIEWED_IS_NOT_CODED_ZERO
ICJ-192-2024-03-28||SC_MEETING::SCM|S/PV.9687,ICJ-192-2024-03-28,192,2024-07-17,111,SC_MEETING,S/PV.9687,1,0,1,PRESERVED_ORIGINAL_233_HUMAN_REVIEW,REVIEW_EVIDENCE_PRESENT
ICJ-192-2024-03-28||SC_MEETING::SCM|S/PV.9687 (Resumption 1),ICJ-192-2024-03-28,192,2024-07-17,111,SC_MEETING,S/PV.9687 (Resumption 1),1,0,1,PRESERVED_ORIGINAL_233_HUMAN_REVIEW,REVIEW_EVIDENCE_PRESENT
ICJ-192-2024-03-28||SC_FORMAL_VOTE::SCV|2110,ICJ-192-2024-03-28,192,2024-07-19,113,SC_FORMAL_VOTE,S/PV.9689,0,0,0,NO_PRESERVED_MANUAL_REVIEW_EVIDENCE,UNREVIEWED_IS_NOT_CODED_ZERO
ICJ-192-2024-03-28||SC_MEETING::SCM|S/PV.9687 (Resumption 2),ICJ-192-2024-03-28,192,2024-07-19,113,SC_MEETING,S/PV.9687 (Resumption 2),1,0,1,PRESERVED_ORIGINAL_233_HUMAN_REVIEW,REVIEW_EVIDENCE_PRESENT
ICJ-192-2024-03-28||SC_MEETING::SCM|S/PV.9688,ICJ-192-2024-03-28,192,2024-07-19,113,SC_MEETING,S/PV.9688,0,0,0,NO_PRESERVED_MANUAL_REVIEW_EVIDENCE,UNREVIEWED_IS_NOT_CODED_ZERO
ICJ-192-2024-03-28||SC_MEETING::SCM|S/PV.9689,ICJ-192-2024-03-28,192,2024-07-19,113,SC_MEETING,S/PV.9689,0,0,0,NO_PRESERVED_MANUAL_REVIEW_EVIDENCE,UNREVIEWED_IS_NOT_CODED_ZERO
ICJ-192-2024-03-28||SC_MEETING::SCM|S/PV.9690,ICJ-192-2024-03-28,192,2024-07-22,116,SC_MEETING,S/PV.9690,0,0,0,NO_PRESERVED_MANUAL_REVIEW_EVIDENCE,UNREVIEWED_IS_NOT_CODED_ZERO
ICJ-192-2024-03-28||SC_MEETING::SCM|S/PV.9691,ICJ-192-2024-03-28,192,2024-07-22,116,SC_MEETING,S/PV.9691,0,0,0,NO_PRESERVED_MANUAL_REVIEW_EVIDENCE,UNREVIEWED_IS_NOT_CODED_ZERO
ICJ-192-2024-03-28||SC_MEETING::SCM|S/PV.9692,ICJ-192-2024-03-28,192,2024-07-23,117,SC_MEETING,S/PV.9692,0,0,0,NO_PRESERVED_MANUAL_REVIEW_EVIDENCE,UNREVIEWED_IS_NOT_CODED_ZERO
ICJ-192-2024-03-28||SC_MEETING::SCM|S/PV.9693,ICJ-192-2024-03-28,192,2024-07-25,119,SC_MEETING,S/PV.9693,0,0,0,NO_PRESERVED_MANUAL_REVIEW_EVIDENCE,UNREVIEWED_IS_NOT_CODED_ZERO
ICJ-192-2024-03-28||SC_MEETING::SCM|S/PV.9694,ICJ-192-2024-03-28,192,2024-07-26,120,SC_MEETING,S/PV.9694,1,0,1,PRESERVED_ORIGINAL_233_HUMAN_REVIEW,REVIEW_EVIDENCE_PRESENT
ICJ-192-2024-03-28||SC_FORMAL_VOTE::SCV|2111,ICJ-192-2024-03-28,192,2024-07-30,124,SC_FORMAL_VOTE,S/PV.9695,0,0,0,NO_PRESERVED_MANUAL_REVIEW_EVIDENCE,UNREVIEWED_IS_NOT_CODED_ZERO
ICJ-192-2024-03-28||SC_MEETING::SCM|S/PV.9695,ICJ-192-2024-03-28,192,2024-07-30,124,SC_MEETING,S/PV.9695,0,0,0,NO_PRESERVED_MANUAL_REVIEW_EVIDENCE,UNREVIEWED_IS_NOT_CODED_ZERO
ICJ-192-2024-03-28||SC_MEETING::SCM|S/PV.9696,ICJ-192-2024-03-28,192,2024-07-31,125,SC_MEETING,S/PV.9696,1,0,1,PRESERVED_ORIGINAL_233_HUMAN_REVIEW,REVIEW_EVIDENCE_PRESENT
ICJ-192-2024-03-28||SC_MEETING::SCM|S/PV.9697,ICJ-192-2024-03-28,192,2024-08-05,130,SC_MEETING,S/PV.9697,0,0,0,NO_PRESERVED_MANUAL_REVIEW_EVIDENCE,UNREVIEWED_IS_NOT_CODED_ZERO
ICJ-192-2024-03-28||SC_FORMAL_VOTE::SCV|2112,ICJ-192-2024-03-28,192,2024-08-06,131,SC_FORMAL_VOTE,S/PV.9699,0,0,0,NO_PRESERVED_MANUAL_REVIEW_EVIDENCE,UNREVIEWED_IS_NOT_CODED_ZERO
ICJ-192-2024-03-28||SC_MEETING::SCM|S/PV.9698,ICJ-192-2024-03-28,192,2024-08-06,131,SC_MEETING,S/PV.9698,0,0,0,NO_PRESERVED_MANUAL_REVIEW_EVIDENCE,UNREVIEWED_IS_NOT_CODED_ZERO
ICJ-192-2024-03-28||SC_MEETING::SCM|S/PV.9699,ICJ-192-2024-03-28,192,2024-08-06,131,SC_MEETING,S/PV.9699,0,0,0,NO_PRESERVED_MANUAL_REVIEW_EVIDENCE,UNREVIEWED_IS_NOT_CODED_ZERO
ICJ-192-2024-03-28||SC_MEETING::SCM|S/PV.9700,ICJ-192-2024-03-28,192,2024-08-07,132,SC_MEETING,S/PV.9700,0,0,0,NO_PRESERVED_MANUAL_REVIEW_EVIDENCE,UNREVIEWED_IS_NOT_CODED_ZERO
ICJ-192-2024-03-28||SC_MEETING::SCM|S/PV.9701,ICJ-192-2024-03-28,192,2024-08-08,133,SC_MEETING,S/PV.9701,0,0,0,NO_PRESERVED_MANUAL_REVIEW_EVIDENCE,UNREVIEWED_IS_NOT_CODED_ZERO
ICJ-192-2024-03-28||SC_FORMAL_VOTE::SCV|2113,ICJ-192-2024-03-28,192,2024-08-12,137,SC_FORMAL_VOTE,S/PV.9703,0,0,0,NO_PRESERVED_MANUAL_REVIEW_EVIDENCE,UNREVIEWED_IS_NOT_CODED_ZERO
ICJ-192-2024-03-28||SC_MEETING::SCM|S/PV.9702,ICJ-192-2024-03-28,192,2024-08-12,137,SC_MEETING,S/PV.9702,0,0,0,NO_PRESERVED_MANUAL_REVIEW_EVIDENCE,UNREVIEWED_IS_NOT_CODED_ZERO
ICJ-192-2024-03-28||SC_MEETING::SCM|S/PV.9702 (Resumption 1),ICJ-192-2024-03-28,192,2024-08-12,137,SC_MEETING,S/PV.9702 (Resumption 1),0,0,0,NO_PRESERVED_MANUAL_REVIEW_EVIDENCE,UNREVIEWED_IS_NOT_CODED_ZERO
ICJ-192-2024-03-28||SC_MEETING::SCM|S/PV.9703,ICJ-192-2024-03-28,192,2024-08-12,137,SC_MEETING,S/PV.9703,0,0,0,NO_PRESERVED_MANUAL_REVIEW_EVIDENCE,UNREVIEWED_IS_NOT_CODED_ZERO
ICJ-192-2024-03-28||SC_MEETING::SCM|S/PV.9704,ICJ-192-2024-03-28,192,2024-08-13,138,SC_MEETING,S/PV.9704,1,0,1,PRESERVED_ORIGINAL_233_HUMAN_REVIEW,REVIEW_EVIDENCE_PRESENT
ICJ-192-2024-03-28||SC_MEETING::SCM|S/PV.9705,ICJ-192-2024-03-28,192,2024-08-14,139,SC_MEETING,S/PV.9705,0,0,0,NO_PRESERVED_MANUAL_REVIEW_EVIDENCE,UNREVIEWED_IS_NOT_CODED_ZERO
ICJ-192-2024-03-28||SC_MEETING::SCM|S/PV.9706,ICJ-192-2024-03-28,192,2024-08-14,139,SC_MEETING,S/PV.9706,0,0,0,NO_PRESERVED_MANUAL_REVIEW_EVIDENCE,UNREVIEWED_IS_NOT_CODED_ZERO
ICJ-192-2024-03-28||SC_FORMAL_VOTE::SCV|2114,ICJ-192-2024-03-28,192,2024-08-15,140,SC_FORMAL_VOTE,S/PV.9708,0,0,0,NO_PRESERVED_MANUAL_REVIEW_EVIDENCE,UNREVIEWED_IS_NOT_CODED_ZERO
ICJ-192-2024-03-28||SC_MEETING::SCM|S/PV.9707,ICJ-192-2024-03-28,192,2024-08-15,140,SC_MEETING,S/PV.9707,0,0,0,NO_PRESERVED_MANUAL_REVIEW_EVIDENCE,UNREVIEWED_IS_NOT_CODED_ZERO
ICJ-192-2024-03-28||SC_MEETING::SCM|S/PV.9708,ICJ-192-2024-03-28,192,2024-08-15,140,SC_MEETING,S/PV.9708,0,0,0,NO_PRESERVED_MANUAL_REVIEW_EVIDENCE,UNREVIEWED_IS_NOT_CODED_ZERO
ICJ-192-2024-03-28||SC_MEETING::SCM|S/PV.9709,ICJ-192-2024-03-28,192,2024-08-20,145,SC_MEETING,S/PV.9709,0,0,0,NO_PRESERVED_MANUAL_REVIEW_EVIDENCE,UNREVIEWED_IS_NOT_CODED_ZERO
ICJ-192-2024-03-28||SC_MEETING::SCM|S/PV.9710,ICJ-192-2024-03-28,192,2024-08-21,146,SC_MEETING,S/PV.9710,0,0,0,NO_PRESERVED_MANUAL_REVIEW_EVIDENCE,UNREVIEWED_IS_NOT_CODED_ZERO
ICJ-192-2024-03-28||SC_MEETING::SCM|S/PV.9710 (Resumption 1),ICJ-192-2024-03-28,192,2024-08-21,146,SC_MEETING,S/PV.9710 (Resumption 1),0,0,0,NO_PRESERVED_MANUAL_REVIEW_EVIDENCE,UNREVIEWED_IS_NOT_CODED_ZERO
ICJ-192-2024-03-28||SC_MEETING::SCM|S/PV.9710 (Resumption 2),ICJ-192-2024-03-28,192,2024-08-22,147,SC_MEETING,S/PV.9710 (Resumption 2),0,0,0,NO_PRESERVED_MANUAL_REVIEW_EVIDENCE,UNREVIEWED_IS_NOT_CODED_ZERO
ICJ-192-2024-03-28||SC_MEETING::SCM|S/PV.9711,ICJ-192-2024-03-28,192,2024-08-22,147,SC_MEETING,S/PV.9711,1,0,1,PRESERVED_ORIGINAL_233_HUMAN_REVIEW,REVIEW_EVIDENCE_PRESENT
ICJ-192-2024-03-28||SC_FORMAL_VOTE::SCV|2115,ICJ-192-2024-03-28,192,2024-08-28,153,SC_FORMAL_VOTE,S/PV.9712,0,0,0,NO_PRESERVED_MANUAL_REVIEW_EVIDENCE,UNREVIEWED_IS_NOT_CODED_ZERO
ICJ-192-2024-03-28||SC_MEETING::SCM|S/PV.9712,ICJ-192-2024-03-28,192,2024-08-28,153,SC_MEETING,S/PV.9712,0,0,0,NO_PRESERVED_MANUAL_REVIEW_EVIDENCE,UNREVIEWED_IS_NOT_CODED_ZERO
ICJ-192-2024-03-28||SC_MEETING::SCM|S/PV.9713,ICJ-192-2024-03-28,192,2024-08-28,153,SC_MEETING,S/PV.9713,0,0,0,NO_PRESERVED_MANUAL_REVIEW_EVIDENCE,UNREVIEWED_IS_NOT_CODED_ZERO
ICJ-192-2024-03-28||SC_MEETING::SCM|S/PV.9714,ICJ-192-2024-03-28,192,2024-08-28,153,SC_MEETING,S/PV.9714,0,0,0,NO_PRESERVED_MANUAL_REVIEW_EVIDENCE,UNREVIEWED_IS_NOT_CODED_ZERO
ICJ-192-2024-03-28||SC_MEETING::SCM|S/PV.9715,ICJ-192-2024-03-28,192,2024-08-29,154,SC_MEETING,S/PV.9715,1,0,1,PRESERVED_ORIGINAL_233_HUMAN_REVIEW,REVIEW_EVIDENCE_PRESENT
ICJ-192-2024-03-28||SC_MEETING::SCM|S/PV.9716,ICJ-192-2024-03-28,192,2024-08-30,155,SC_MEETING,S/PV.9716,0,0,0,NO_PRESERVED_MANUAL_REVIEW_EVIDENCE,UNREVIEWED_IS_NOT_CODED_ZERO
ICJ-192-2024-03-28||SC_MEETING::SCM|S/PV.9717,ICJ-192-2024-03-28,192,2024-09-04,160,SC_MEETING,S/PV.9717,1,0,1,PRESERVED_ORIGINAL_233_HUMAN_REVIEW,REVIEW_EVIDENCE_PRESENT
ICJ-192-2024-03-28||SC_MEETING::SCM|S/PV.9718,ICJ-192-2024-03-28,192,2024-09-05,161,SC_MEETING,S/PV.9718,0,0,0,NO_PRESERVED_MANUAL_REVIEW_EVIDENCE,UNREVIEWED_IS_NOT_CODED_ZERO
ICJ-192-2024-03-28||SC_MEETING::SCM|S/PV.9719,ICJ-192-2024-03-28,192,2024-09-09,165,SC_MEETING,S/PV.9719,0,0,0,NO_PRESERVED_MANUAL_REVIEW_EVIDENCE,UNREVIEWED_IS_NOT_CODED_ZERO
ICJ-192-2024-03-28||SC_MEETING::SCM|S/PV.9719 (Resumption 1),ICJ-192-2024-03-28,192,2024-09-09,165,SC_MEETING,S/PV.9719 (Resumption 1),0,0,0,NO_PRESERVED_MANUAL_REVIEW_EVIDENCE,UNREVIEWED_IS_NOT_CODED_ZERO
ICJ-192-2024-03-28||SC_MEETING::SCM|S/PV.9720,ICJ-192-2024-03-28,192,2024-09-10,166,SC_MEETING,S/PV.9720,0,0,0,NO_PRESERVED_MANUAL_REVIEW_EVIDENCE,UNREVIEWED_IS_NOT_CODED_ZERO
ICJ-192-2024-03-28||SC_FORMAL_VOTE::SCV|2116,ICJ-192-2024-03-28,192,2024-09-11,167,SC_FORMAL_VOTE,S/PV.9721,0,0,0,NO_PRESERVED_MANUAL_REVIEW_EVIDENCE,UNREVIEWED_IS_NOT_CODED_ZERO
ICJ-192-2024-03-28||SC_MEETING::SCM|S/PV.9721,ICJ-192-2024-03-28,192,2024-09-11,167,SC_MEETING,S/PV.9721,0,0,0,NO_PRESERVED_MANUAL_REVIEW_EVIDENCE,UNREVIEWED_IS_NOT_CODED_ZERO
ICJ-192-2024-03-28||SC_MEETING::SCM|S/PV.9722,ICJ-192-2024-03-28,192,2024-09-11,167,SC_MEETING,S/PV.9722,0,0,0,NO_PRESERVED_MANUAL_REVIEW_EVIDENCE,UNREVIEWED_IS_NOT_CODED_ZERO
ICJ-192-2024-03-28||SC_MEETING::SCM|S/PV.9723,ICJ-192-2024-03-28,192,2024-09-12,168,SC_MEETING,S/PV.9723,0,0,0,NO_PRESERVED_MANUAL_REVIEW_EVIDENCE,UNREVIEWED_IS_NOT_CODED_ZERO
ICJ-192-2024-03-28||SC_MEETING::SCM|S/PV.9724,ICJ-192-2024-03-28,192,2024-09-13,169,SC_MEETING,S/PV.9724,0,0,0,NO_PRESERVED_MANUAL_REVIEW_EVIDENCE,UNREVIEWED_IS_NOT_CODED_ZERO
ICJ-192-2024-03-28||SC_MEETING::SCM|S/PV.9725,ICJ-192-2024-03-28,192,2024-09-16,172,SC_MEETING,S/PV.9725,1,0,1,PRESERVED_ORIGINAL_233_HUMAN_REVIEW,REVIEW_EVIDENCE_PRESENT
ICJ-192-2024-03-28||GA_FORMAL_VOTE::GAV|4061432,ICJ-192-2024-03-28,192,2024-09-18,174,GA_FORMAL_VOTE,A/ES-10/PV.55,0,0,0,NO_PRESERVED_MANUAL_REVIEW_EVIDENCE,UNREVIEWED_IS_NOT_CODED_ZERO
ICJ-192-2024-03-28||SC_MEETING::SCM|S/PV.9726,ICJ-192-2024-03-28,192,2024-09-18,174,SC_MEETING,S/PV.9726,0,0,0,NO_PRESERVED_MANUAL_REVIEW_EVIDENCE,UNREVIEWED_IS_NOT_CODED_ZERO
ICJ-192-2024-03-28||SC_MEETING::SCM|S/PV.9727,ICJ-192-2024-03-28,192,2024-09-18,174,SC_MEETING,S/PV.9727,0,0,0,NO_PRESERVED_MANUAL_REVIEW_EVIDENCE,UNREVIEWED_IS_NOT_CODED_ZERO
ICJ-192-2024-03-28||SC_MEETING::SCM|S/PV.9728,ICJ-192-2024-03-28,192,2024-09-19,175,SC_MEETING,S/PV.9728,1,0,1,PRESERVED_ORIGINAL_233_HUMAN_REVIEW,REVIEW_EVIDENCE_PRESENT
ICJ-192-2024-03-28||SC_MEETING::SCM|S/PV.9729,ICJ-192-2024-03-28,192,2024-09-20,176,SC_MEETING,S/PV.9729,0,0,0,NO_PRESERVED_MANUAL_REVIEW_EVIDENCE,UNREVIEWED_IS_NOT_CODED_ZERO
ICJ-192-2024-03-28||SC_MEETING::SCM|S/PV.9730,ICJ-192-2024-03-28,192,2024-09-20,176,SC_MEETING,S/PV.9730,1,0,1,PRESERVED_ORIGINAL_233_HUMAN_REVIEW,REVIEW_EVIDENCE_PRESENT
ICJ-192-2024-03-28||SC_MEETING::SCM|S/PV.9731,ICJ-192-2024-03-28,192,2024-09-24,180,SC_MEETING,S/PV.9731,0,0,0,NO_PRESERVED_MANUAL_REVIEW_EVIDENCE,UNREVIEWED_IS_NOT_CODED_ZERO
ICJ-192-2024-05-24||SC_FORMAL_VOTE::SCV|2096,ICJ-192-2024-05-24,192,2024-05-24,0,SC_FORMAL_VOTE,S/PV.9634,0,0,0,NO_PRESERVED_MANUAL_REVIEW_EVIDENCE,UNREVIEWED_IS_NOT_CODED_ZERO
ICJ-192-2024-05-24||SC_MEETING::SCM|S/PV.9634,ICJ-192-2024-05-24,192,2024-05-24,0,SC_MEETING,S/PV.9634,0,0,0,NO_PRESERVED_MANUAL_REVIEW_EVIDENCE,UNREVIEWED_IS_NOT_CODED_ZERO
ICJ-192-2024-05-24||SC_MEETING::SCM|S/PV.9635,ICJ-192-2024-05-24,192,2024-05-24,0,SC_MEETING,S/PV.9635,0,0,0,NO_PRESERVED_MANUAL_REVIEW_EVIDENCE,UNREVIEWED_IS_NOT_CODED_ZERO
ICJ-192-2024-05-24||SC_MEETING::SCM|S/PV.9636,ICJ-192-2024-05-24,192,2024-05-24,0,SC_MEETING,S/PV.9636,0,0,0,NO_PRESERVED_MANUAL_REVIEW_EVIDENCE,UNREVIEWED_IS_NOT_CODED_ZERO
ICJ-192-2024-05-24||SC_MEETING::SCM|S/PV.9637,ICJ-192-2024-05-24,192,2024-05-28,4,SC_MEETING,S/PV.9637,0,0,0,NO_PRESERVED_MANUAL_REVIEW_EVIDENCE,UNREVIEWED_IS_NOT_CODED_ZERO
ICJ-192-2024-05-24||SC_MEETING::SCM|S/PV.9638,ICJ-192-2024-05-24,192,2024-05-29,5,SC_MEETING,S/PV.9638,1,0,1,PRESERVED_ORIGINAL_233_HUMAN_REVIEW,REVIEW_EVIDENCE_PRESENT
ICJ-192-2024-05-24||SC_FORMAL_VOTE::SCV|2097,ICJ-192-2024-05-24,192,2024-05-30,6,SC_FORMAL_VOTE,S/PV.9639,0,0,0,NO_PRESERVED_MANUAL_REVIEW_EVIDENCE,UNREVIEWED_IS_NOT_CODED_ZERO
ICJ-192-2024-05-24||SC_MEETING::SCM|S/PV.9639,ICJ-192-2024-05-24,192,2024-05-30,6,SC_MEETING,S/PV.9639,0,0,0,NO_PRESERVED_MANUAL_REVIEW_EVIDENCE,UNREVIEWED_IS_NOT_CODED_ZERO
ICJ-192-2024-05-24||SC_MEETING::SCM|S/PV.9640,ICJ-192-2024-05-24,192,2024-05-30,6,SC_MEETING,S/PV.9640,0,0,0,NO_PRESERVED_MANUAL_REVIEW_EVIDENCE,UNREVIEWED_IS_NOT_CODED_ZERO
ICJ-192-2024-05-24||SC_MEETING::SCM|S/PV.9641,ICJ-192-2024-05-24,192,2024-05-30,6,SC_MEETING,S/PV.9641,0,0,0,NO_PRESERVED_MANUAL_REVIEW_EVIDENCE,UNREVIEWED_IS_NOT_CODED_ZERO
ICJ-192-2024-05-24||SC_FORMAL_VOTE::SCV|2098,ICJ-192-2024-05-24,192,2024-05-31,7,SC_FORMAL_VOTE,S/PV.9644,0,0,0,NO_PRESERVED_MANUAL_REVIEW_EVIDENCE,UNREVIEWED_IS_NOT_CODED_ZERO
ICJ-192-2024-05-24||SC_FORMAL_VOTE::SCV|2099,ICJ-192-2024-05-24,192,2024-05-31,7,SC_FORMAL_VOTE,S/PV.9642,0,0,0,NO_PRESERVED_MANUAL_REVIEW_EVIDENCE,UNREVIEWED_IS_NOT_CODED_ZERO
ICJ-192-2024-05-24||SC_MEETING::SCM|S/PV.9642,ICJ-192-2024-05-24,192,2024-05-31,7,SC_MEETING,S/PV.9642,0,0,0,NO_PRESERVED_MANUAL_REVIEW_EVIDENCE,UNREVIEWED_IS_NOT_CODED_ZERO
ICJ-192-2024-05-24||SC_MEETING::SCM|S/PV.9643,ICJ-192-2024-05-24,192,2024-05-31,7,SC_MEETING,S/PV.9643,0,0,0,NO_PRESERVED_MANUAL_REVIEW_EVIDENCE,UNREVIEWED_IS_NOT_CODED_ZERO
ICJ-192-2024-05-24||SC_MEETING::SCM|S/PV.9644,ICJ-192-2024-05-24,192,2024-05-31,7,SC_MEETING,S/PV.9644,0,0,0,NO_PRESERVED_MANUAL_REVIEW_EVIDENCE,UNREVIEWED_IS_NOT_CODED_ZERO
ICJ-192-2024-05-24||GA_FORMAL_VOTE::GAV|4050309,ICJ-192-2024-05-24,192,2024-06-04,11,GA_FORMAL_VOTE,A/78/PV.84,0,0,0,NO_PRESERVED_MANUAL_REVIEW_EVIDENCE,UNREVIEWED_IS_NOT_CODED_ZERO
ICJ-192-2024-05-24||SC_MEETING::SCM|S/PV.9645,ICJ-192-2024-05-24,192,2024-06-05,12,SC_MEETING,S/PV.9645,0,0,0,NO_PRESERVED_MANUAL_REVIEW_EVIDENCE,UNREVIEWED_IS_NOT_CODED_ZERO
ICJ-192-2024-05-24||SC_MEETING::SCM|S/PV.9646,ICJ-192-2024-05-24,192,2024-06-06,13,SC_MEETING,S/PV.9646,0,0,0,NO_PRESERVED_MANUAL_REVIEW_EVIDENCE,UNREVIEWED_IS_NOT_CODED_ZERO
ICJ-192-2024-05-24||SC_MEETING::SCM|S/PV.9647,ICJ-192-2024-05-24,192,2024-06-07,14,SC_MEETING,S/PV.9647,0,0,0,NO_PRESERVED_MANUAL_REVIEW_EVIDENCE,UNREVIEWED_IS_NOT_CODED_ZERO
ICJ-192-2024-05-24||SC_FORMAL_VOTE::SCV|2100,ICJ-192-2024-05-24,192,2024-06-10,17,SC_FORMAL_VOTE,S/PV.9649,0,0,0,NO_PRESERVED_MANUAL_REVIEW_EVIDENCE,UNREVIEWED_IS_NOT_CODED_ZERO
ICJ-192-2024-05-24||SC_FORMAL_VOTE::SCV|2101,ICJ-192-2024-05-24,192,2024-06-10,17,SC_FORMAL_VOTE,S/PV.9650,1,0,1,PRESERVED_ORIGINAL_233_HUMAN_REVIEW,REVIEW_EVIDENCE_PRESENT
ICJ-192-2024-05-24||SC_MEETING::SCM|S/PV.9648,ICJ-192-2024-05-24,192,2024-06-10,17,SC_MEETING,S/PV.9648,0,0,0,NO_PRESERVED_MANUAL_REVIEW_EVIDENCE,UNREVIEWED_IS_NOT_CODED_ZERO
ICJ-192-2024-05-24||SC_MEETING::SCM|S/PV.9649,ICJ-192-2024-05-24,192,2024-06-10,17,SC_MEETING,S/PV.9649,0,0,0,NO_PRESERVED_MANUAL_REVIEW_EVIDENCE,UNREVIEWED_IS_NOT_CODED_ZERO
ICJ-192-2024-05-24||SC_MEETING::SCM|S/PV.9650,ICJ-192-2024-05-24,192,2024-06-10,17,SC_MEETING,S/PV.9650,1,0,1,PRESERVED_ORIGINAL_233_HUMAN_REVIEW,REVIEW_EVIDENCE_PRESENT
ICJ-192-2024-05-24||SC_MEETING::SCM|S/PV.9651,ICJ-192-2024-05-24,192,2024-06-11,18,SC_MEETING,S/PV.9651,0,0,0,NO_PRESERVED_MANUAL_REVIEW_EVIDENCE,UNREVIEWED_IS_NOT_CODED_ZERO
ICJ-192-2024-05-24||SC_MEETING::SCM|S/PV.9652,ICJ-192-2024-05-24,192,2024-06-11,18,SC_MEETING,S/PV.9652,0,0,0,NO_PRESERVED_MANUAL_REVIEW_EVIDENCE,UNREVIEWED_IS_NOT_CODED_ZERO
ICJ-192-2024-05-24||SC_MEETING::SCM|S/PV.9653,ICJ-192-2024-05-24,192,2024-06-12,19,SC_MEETING,S/PV.9653,0,0,0,NO_PRESERVED_MANUAL_REVIEW_EVIDENCE,UNREVIEWED_IS_NOT_CODED_ZERO
ICJ-192-2024-05-24||SC_FORMAL_VOTE::SCV|2102,ICJ-192-2024-05-24,192,2024-06-13,20,SC_FORMAL_VOTE,S/PV.9655,0,0,0,NO_PRESERVED_MANUAL_REVIEW_EVIDENCE,UNREVIEWED_IS_NOT_CODED_ZERO
ICJ-192-2024-05-24||SC_MEETING::SCM|S/PV.9654,ICJ-192-2024-05-24,192,2024-06-13,20,SC_MEETING,S/PV.9654,0,0,0,NO_PRESERVED_MANUAL_REVIEW_EVIDENCE,UNREVIEWED_IS_NOT_CODED_ZERO
ICJ-192-2024-05-24||SC_MEETING::SCM|S/PV.9655,ICJ-192-2024-05-24,192,2024-06-13,20,SC_MEETING,S/PV.9655,0,0,0,NO_PRESERVED_MANUAL_REVIEW_EVIDENCE,UNREVIEWED_IS_NOT_CODED_ZERO
ICJ-192-2024-05-24||SC_MEETING::SCM|S/PV.9656,ICJ-192-2024-05-24,192,2024-06-13,20,SC_MEETING,S/PV.9656,0,0,0,NO_PRESERVED_MANUAL_REVIEW_EVIDENCE,UNREVIEWED_IS_NOT_CODED_ZERO
ICJ-192-2024-05-24||SC_MEETING::SCM|S/PV.9657,ICJ-192-2024-05-24,192,2024-06-14,21,SC_MEETING,S/PV.9657,0,0,0,NO_PRESERVED_MANUAL_REVIEW_EVIDENCE,UNREVIEWED_IS_NOT_CODED_ZERO
ICJ-192-2024-05-24||SC_MEETING::SCM|S/PV.9658,ICJ-192-2024-05-24,192,2024-06-14,21,SC_MEETING,S/PV.9658,0,0,0,NO_PRESERVED_MANUAL_REVIEW_EVIDENCE,UNREVIEWED_IS_NOT_CODED_ZERO
ICJ-192-2024-05-24||SC_MEETING::SCM|S/PV.9659,ICJ-192-2024-05-24,192,2024-06-18,25,SC_MEETING,S/PV.9659,0,0,0,NO_PRESERVED_MANUAL_REVIEW_EVIDENCE,UNREVIEWED_IS_NOT_CODED_ZERO
ICJ-192-2024-05-24||SC_MEETING::SCM|S/PV.9660,ICJ-192-2024-05-24,192,2024-06-18,25,SC_MEETING,S/PV.9660,0,0,0,NO_PRESERVED_MANUAL_REVIEW_EVIDENCE,UNREVIEWED_IS_NOT_CODED_ZERO
ICJ-192-2024-05-24||SC_MEETING::SCM|S/PV.9661,ICJ-192-2024-05-24,192,2024-06-19,26,SC_MEETING,S/PV.9661,0,0,0,NO_PRESERVED_MANUAL_REVIEW_EVIDENCE,UNREVIEWED_IS_NOT_CODED_ZERO
ICJ-192-2024-05-24||SC_MEETING::SCM|S/PV.9662,ICJ-192-2024-05-24,192,2024-06-20,27,SC_MEETING,S/PV.9662,0,0,0,NO_PRESERVED_MANUAL_REVIEW_EVIDENCE,UNREVIEWED_IS_NOT_CODED_ZERO
ICJ-192-2024-05-24||SC_MEETING::SCM|S/PV.9662 (Resumption 1),ICJ-192-2024-05-24,192,2024-06-20,27,SC_MEETING,S/PV.9662 (Resumption 1),0,0,0,NO_PRESERVED_MANUAL_REVIEW_EVIDENCE,UNREVIEWED_IS_NOT_CODED_ZERO
ICJ-192-2024-05-24||SC_MEETING::SCM|S/PV.9663,ICJ-192-2024-05-24,192,2024-06-21,28,SC_MEETING,S/PV.9663,0,0,0,NO_PRESERVED_MANUAL_REVIEW_EVIDENCE,UNREVIEWED_IS_NOT_CODED_ZERO
ICJ-192-2024-05-24||SC_MEETING::SCM|S/PV.9664,ICJ-192-2024-05-24,192,2024-06-21,28,SC_MEETING,S/PV.9664,0,0,0,NO_PRESERVED_MANUAL_REVIEW_EVIDENCE,UNREVIEWED_IS_NOT_CODED_ZERO
ICJ-192-2024-05-24||SC_MEETING::SCM|S/PV.9665,ICJ-192-2024-05-24,192,2024-06-24,31,SC_MEETING,S/PV.9665,0,0,0,NO_PRESERVED_MANUAL_REVIEW_EVIDENCE,UNREVIEWED_IS_NOT_CODED_ZERO
ICJ-192-2024-05-24||SC_MEETING::SCM|S/PV.9666,ICJ-192-2024-05-24,192,2024-06-24,31,SC_MEETING,S/PV.9666,0,0,0,NO_PRESERVED_MANUAL_REVIEW_EVIDENCE,UNREVIEWED_IS_NOT_CODED_ZERO
ICJ-192-2024-05-24||SC_MEETING::SCM|S/PV.9667,ICJ-192-2024-05-24,192,2024-06-25,32,SC_MEETING,S/PV.9667,1,0,1,PRESERVED_ORIGINAL_233_HUMAN_REVIEW,REVIEW_EVIDENCE_PRESENT
ICJ-192-2024-05-24||SC_MEETING::SCM|S/PV.9668,ICJ-192-2024-05-24,192,2024-06-25,32,SC_MEETING,S/PV.9668,0,0,0,NO_PRESERVED_MANUAL_REVIEW_EVIDENCE,UNREVIEWED_IS_NOT_CODED_ZERO
ICJ-192-2024-05-24||SC_MEETING::SCM|S/PV.9669,ICJ-192-2024-05-24,192,2024-06-26,33,SC_MEETING,S/PV.9669,0,0,0,NO_PRESERVED_MANUAL_REVIEW_EVIDENCE,UNREVIEWED_IS_NOT_CODED_ZERO
ICJ-192-2024-05-24||SC_MEETING::SCM|S/PV.9669 (Resumption 1),ICJ-192-2024-05-24,192,2024-06-26,33,SC_MEETING,S/PV.9669 (Resumption 1),0,0,0,NO_PRESERVED_MANUAL_REVIEW_EVIDENCE,UNREVIEWED_IS_NOT_CODED_ZERO
ICJ-192-2024-05-24||SC_FORMAL_VOTE::SCV|2103,ICJ-192-2024-05-24,192,2024-06-27,34,SC_FORMAL_VOTE,S/PV.9670,0,0,0,NO_PRESERVED_MANUAL_REVIEW_EVIDENCE,UNREVIEWED_IS_NOT_CODED_ZERO
ICJ-192-2024-05-24||SC_FORMAL_VOTE::SCV|2104,ICJ-192-2024-05-24,192,2024-06-27,34,SC_FORMAL_VOTE,S/PV.9671,0,0,0,NO_PRESERVED_MANUAL_REVIEW_EVIDENCE,UNREVIEWED_IS_NOT_CODED_ZERO
ICJ-192-2024-05-24||SC_FORMAL_VOTE::SCV|2105,ICJ-192-2024-05-24,192,2024-06-27,34,SC_FORMAL_VOTE,S/PV.9672,0,0,0,NO_PRESERVED_MANUAL_REVIEW_EVIDENCE,UNREVIEWED_IS_NOT_CODED_ZERO
ICJ-192-2024-05-24||SC_FORMAL_VOTE::SCV|2106,ICJ-192-2024-05-24,192,2024-06-27,34,SC_FORMAL_VOTE,S/PV.9674,0,0,0,NO_PRESERVED_MANUAL_REVIEW_EVIDENCE,UNREVIEWED_IS_NOT_CODED_ZERO
ICJ-192-2024-05-24||SC_MEETING::SCM|S/PV.9669 (Resumption 2),ICJ-192-2024-05-24,192,2024-06-27,34,SC_MEETING,S/PV.9669 (Resumption 2),0,0,0,NO_PRESERVED_MANUAL_REVIEW_EVIDENCE,UNREVIEWED_IS_NOT_CODED_ZERO
ICJ-192-2024-05-24||SC_MEETING::SCM|S/PV.9670,ICJ-192-2024-05-24,192,2024-06-27,34,SC_MEETING,S/PV.9670,0,0,0,NO_PRESERVED_MANUAL_REVIEW_EVIDENCE,UNREVIEWED_IS_NOT_CODED_ZERO
ICJ-192-2024-05-24||SC_MEETING::SCM|S/PV.9671,ICJ-192-2024-05-24,192,2024-06-27,34,SC_MEETING,S/PV.9671,0,0,0,NO_PRESERVED_MANUAL_REVIEW_EVIDENCE,UNREVIEWED_IS_NOT_CODED_ZERO
ICJ-192-2024-05-24||SC_MEETING::SCM|S/PV.9672,ICJ-192-2024-05-24,192,2024-06-27,34,SC_MEETING,S/PV.9672,0,0,0,NO_PRESERVED_MANUAL_REVIEW_EVIDENCE,UNREVIEWED_IS_NOT_CODED_ZERO
ICJ-192-2024-05-24||SC_MEETING::SCM|S/PV.9673,ICJ-192-2024-05-24,192,2024-06-27,34,SC_MEETING,S/PV.9673,0,0,0,NO_PRESERVED_MANUAL_REVIEW_EVIDENCE,UNREVIEWED_IS_NOT_CODED_ZERO
ICJ-192-2024-05-24||SC_MEETING::SCM|S/PV.9674,ICJ-192-2024-05-24,192,2024-06-27,34,SC_MEETING,S/PV.9674,0,0,0,NO_PRESERVED_MANUAL_REVIEW_EVIDENCE,UNREVIEWED_IS_NOT_CODED_ZERO
ICJ-192-2024-05-24||GA_FORMAL_VOTE::GAV|4053203,ICJ-192-2024-05-24,192,2024-06-28,35,GA_FORMAL_VOTE,A/78/PV.95,0,0,0,NO_PRESERVED_MANUAL_REVIEW_EVIDENCE,UNREVIEWED_IS_NOT_CODED_ZERO
ICJ-192-2024-05-24||SC_FORMAL_VOTE::SCV|2107,ICJ-192-2024-05-24,192,2024-06-28,35,SC_FORMAL_VOTE,S/PV.9677,0,0,0,NO_PRESERVED_MANUAL_REVIEW_EVIDENCE,UNREVIEWED_IS_NOT_CODED_ZERO
ICJ-192-2024-05-24||SC_MEETING::SCM|S/PV.9675,ICJ-192-2024-05-24,192,2024-06-28,35,SC_MEETING,S/PV.9675,0,0,0,NO_PRESERVED_MANUAL_REVIEW_EVIDENCE,UNREVIEWED_IS_NOT_CODED_ZERO
ICJ-192-2024-05-24||SC_MEETING::SCM|S/PV.9676,ICJ-192-2024-05-24,192,2024-06-28,35,SC_MEETING,S/PV.9676,0,0,0,NO_PRESERVED_MANUAL_REVIEW_EVIDENCE,UNREVIEWED_IS_NOT_CODED_ZERO
ICJ-192-2024-05-24||SC_MEETING::SCM|S/PV.9677,ICJ-192-2024-05-24,192,2024-06-28,35,SC_MEETING,S/PV.9677,0,0,0,NO_PRESERVED_MANUAL_REVIEW_EVIDENCE,UNREVIEWED_IS_NOT_CODED_ZERO
ICJ-192-2024-05-24||SC_MEETING::SCM|S/PV.9678,ICJ-192-2024-05-24,192,2024-07-02,39,SC_MEETING,S/PV.9678,1,0,1,PRESERVED_ORIGINAL_233_HUMAN_REVIEW,REVIEW_EVIDENCE_PRESENT
ICJ-192-2024-05-24||SC_MEETING::SCM|S/PV.9679,ICJ-192-2024-05-24,192,2024-07-03,40,SC_MEETING,S/PV.9679,0,0,0,NO_PRESERVED_MANUAL_REVIEW_EVIDENCE,UNREVIEWED_IS_NOT_CODED_ZERO
ICJ-192-2024-05-24||SC_FORMAL_VOTE::SCV|2108,ICJ-192-2024-05-24,192,2024-07-08,45,SC_FORMAL_VOTE,S/PV.9680,0,0,0,NO_PRESERVED_MANUAL_REVIEW_EVIDENCE,UNREVIEWED_IS_NOT_CODED_ZERO
ICJ-192-2024-05-24||SC_MEETING::SCM|S/PV.9680,ICJ-192-2024-05-24,192,2024-07-08,45,SC_MEETING,S/PV.9680,0,0,0,NO_PRESERVED_MANUAL_REVIEW_EVIDENCE,UNREVIEWED_IS_NOT_CODED_ZERO
ICJ-192-2024-05-24||SC_MEETING::SCM|S/PV.9681,ICJ-192-2024-05-24,192,2024-07-08,45,SC_MEETING,S/PV.9681,0,0,0,NO_PRESERVED_MANUAL_REVIEW_EVIDENCE,UNREVIEWED_IS_NOT_CODED_ZERO
ICJ-192-2024-05-24||SC_MEETING::SCM|S/PV.9682,ICJ-192-2024-05-24,192,2024-07-09,46,SC_MEETING,S/PV.9682,0,0,0,NO_PRESERVED_MANUAL_REVIEW_EVIDENCE,UNREVIEWED_IS_NOT_CODED_ZERO
ICJ-192-2024-05-24||GA_FORMAL_VOTE::GAV|4053933,ICJ-192-2024-05-24,192,2024-07-11,48,GA_FORMAL_VOTE,A/78/PV.99,0,0,0,NO_PRESERVED_MANUAL_REVIEW_EVIDENCE,UNREVIEWED_IS_NOT_CODED_ZERO
ICJ-192-2024-05-24||SC_MEETING::SCM|S/PV.9683,ICJ-192-2024-05-24,192,2024-07-11,48,SC_MEETING,S/PV.9683,0,0,0,NO_PRESERVED_MANUAL_REVIEW_EVIDENCE,UNREVIEWED_IS_NOT_CODED_ZERO
ICJ-192-2024-05-24||SC_FORMAL_VOTE::SCV|2109,ICJ-192-2024-05-24,192,2024-07-12,49,SC_FORMAL_VOTE,S/PV.9684,0,0,0,NO_PRESERVED_MANUAL_REVIEW_EVIDENCE,UNREVIEWED_IS_NOT_CODED_ZERO
ICJ-192-2024-05-24||SC_MEETING::SCM|S/PV.9684,ICJ-192-2024-05-24,192,2024-07-12,49,SC_MEETING,S/PV.9684,0,0,0,NO_PRESERVED_MANUAL_REVIEW_EVIDENCE,UNREVIEWED_IS_NOT_CODED_ZERO
ICJ-192-2024-05-24||SC_MEETING::SCM|S/PV.9685,ICJ-192-2024-05-24,192,2024-07-12,49,SC_MEETING,S/PV.9685,0,0,0,NO_PRESERVED_MANUAL_REVIEW_EVIDENCE,UNREVIEWED_IS_NOT_CODED_ZERO
ICJ-192-2024-05-24||SC_MEETING::SCM|S/PV.9686,ICJ-192-2024-05-24,192,2024-07-16,53,SC_MEETING,S/PV.9686,0,0,0,NO_PRESERVED_MANUAL_REVIEW_EVIDENCE,UNREVIEWED_IS_NOT_CODED_ZERO
ICJ-192-2024-05-24||SC_MEETING::SCM|S/PV.9686 (Resumption 1),ICJ-192-2024-05-24,192,2024-07-16,53,SC_MEETING,S/PV.9686 (Resumption 1),0,0,0,NO_PRESERVED_MANUAL_REVIEW_EVIDENCE,UNREVIEWED_IS_NOT_CODED_ZERO
ICJ-192-2024-05-24||SC_MEETING::SCM|S/PV.9687,ICJ-192-2024-05-24,192,2024-07-17,54,SC_MEETING,S/PV.9687,1,0,1,PRESERVED_ORIGINAL_233_HUMAN_REVIEW,REVIEW_EVIDENCE_PRESENT
ICJ-192-2024-05-24||SC_MEETING::SCM|S/PV.9687 (Resumption 1),ICJ-192-2024-05-24,192,2024-07-17,54,SC_MEETING,S/PV.9687 (Resumption 1),1,0,1,PRESERVED_ORIGINAL_233_HUMAN_REVIEW,REVIEW_EVIDENCE_PRESENT
ICJ-192-2024-05-24||SC_FORMAL_VOTE::SCV|2110,ICJ-192-2024-05-24,192,2024-07-19,56,SC_FORMAL_VOTE,S/PV.9689,0,0,0,NO_PRESERVED_MANUAL_REVIEW_EVIDENCE,UNREVIEWED_IS_NOT_CODED_ZERO
ICJ-192-2024-05-24||SC_MEETING::SCM|S/PV.9687 (Resumption 2),ICJ-192-2024-05-24,192,2024-07-19,56,SC_MEETING,S/PV.9687 (Resumption 2),1,0,1,PRESERVED_ORIGINAL_233_HUMAN_REVIEW,REVIEW_EVIDENCE_PRESENT
ICJ-192-2024-05-24||SC_MEETING::SCM|S/PV.9688,ICJ-192-2024-05-24,192,2024-07-19,56,SC_MEETING,S/PV.9688,0,0,0,NO_PRESERVED_MANUAL_REVIEW_EVIDENCE,UNREVIEWED_IS_NOT_CODED_ZERO
ICJ-192-2024-05-24||SC_MEETING::SCM|S/PV.9689,ICJ-192-2024-05-24,192,2024-07-19,56,SC_MEETING,S/PV.9689,0,0,0,NO_PRESERVED_MANUAL_REVIEW_EVIDENCE,UNREVIEWED_IS_NOT_CODED_ZERO
ICJ-192-2024-05-24||SC_MEETING::SCM|S/PV.9690,ICJ-192-2024-05-24,192,2024-07-22,59,SC_MEETING,S/PV.9690,0,0,0,NO_PRESERVED_MANUAL_REVIEW_EVIDENCE,UNREVIEWED_IS_NOT_CODED_ZERO
ICJ-192-2024-05-24||SC_MEETING::SCM|S/PV.9691,ICJ-192-2024-05-24,192,2024-07-22,59,SC_MEETING,S/PV.9691,0,0,0,NO_PRESERVED_MANUAL_REVIEW_EVIDENCE,UNREVIEWED_IS_NOT_CODED_ZERO
ICJ-192-2024-05-24||SC_MEETING::SCM|S/PV.9692,ICJ-192-2024-05-24,192,2024-07-23,60,SC_MEETING,S/PV.9692,0,0,0,NO_PRESERVED_MANUAL_REVIEW_EVIDENCE,UNREVIEWED_IS_NOT_CODED_ZERO
ICJ-192-2024-05-24||SC_MEETING::SCM|S/PV.9693,ICJ-192-2024-05-24,192,2024-07-25,62,SC_MEETING,S/PV.9693,0,0,0,NO_PRESERVED_MANUAL_REVIEW_EVIDENCE,UNREVIEWED_IS_NOT_CODED_ZERO
ICJ-192-2024-05-24||SC_MEETING::SCM|S/PV.9694,ICJ-192-2024-05-24,192,2024-07-26,63,SC_MEETING,S/PV.9694,1,0,1,PRESERVED_ORIGINAL_233_HUMAN_REVIEW,REVIEW_EVIDENCE_PRESENT
ICJ-192-2024-05-24||SC_FORMAL_VOTE::SCV|2111,ICJ-192-2024-05-24,192,2024-07-30,67,SC_FORMAL_VOTE,S/PV.9695,0,0,0,NO_PRESERVED_MANUAL_REVIEW_EVIDENCE,UNREVIEWED_IS_NOT_CODED_ZERO
ICJ-192-2024-05-24||SC_MEETING::SCM|S/PV.9695,ICJ-192-2024-05-24,192,2024-07-30,67,SC_MEETING,S/PV.9695,0,0,0,NO_PRESERVED_MANUAL_REVIEW_EVIDENCE,UNREVIEWED_IS_NOT_CODED_ZERO
ICJ-192-2024-05-24||SC_MEETING::SCM|S/PV.9696,ICJ-192-2024-05-24,192,2024-07-31,68,SC_MEETING,S/PV.9696,1,0,1,PRESERVED_ORIGINAL_233_HUMAN_REVIEW,REVIEW_EVIDENCE_PRESENT
ICJ-192-2024-05-24||SC_MEETING::SCM|S/PV.9697,ICJ-192-2024-05-24,192,2024-08-05,73,SC_MEETING,S/PV.9697,0,0,0,NO_PRESERVED_MANUAL_REVIEW_EVIDENCE,UNREVIEWED_IS_NOT_CODED_ZERO
ICJ-192-2024-05-24||SC_FORMAL_VOTE::SCV|2112,ICJ-192-2024-05-24,192,2024-08-06,74,SC_FORMAL_VOTE,S/PV.9699,0,0,0,NO_PRESERVED_MANUAL_REVIEW_EVIDENCE,UNREVIEWED_IS_NOT_CODED_ZERO
ICJ-192-2024-05-24||SC_MEETING::SCM|S/PV.9698,ICJ-192-2024-05-24,192,2024-08-06,74,SC_MEETING,S/PV.9698,0,0,0,NO_PRESERVED_MANUAL_REVIEW_EVIDENCE,UNREVIEWED_IS_NOT_CODED_ZERO
ICJ-192-2024-05-24||SC_MEETING::SCM|S/PV.9699,ICJ-192-2024-05-24,192,2024-08-06,74,SC_MEETING,S/PV.9699,0,0,0,NO_PRESERVED_MANUAL_REVIEW_EVIDENCE,UNREVIEWED_IS_NOT_CODED_ZERO
ICJ-192-2024-05-24||SC_MEETING::SCM|S/PV.9700,ICJ-192-2024-05-24,192,2024-08-07,75,SC_MEETING,S/PV.9700,0,0,0,NO_PRESERVED_MANUAL_REVIEW_EVIDENCE,UNREVIEWED_IS_NOT_CODED_ZERO
ICJ-192-2024-05-24||SC_MEETING::SCM|S/PV.9701,ICJ-192-2024-05-24,192,2024-08-08,76,SC_MEETING,S/PV.9701,0,0,0,NO_PRESERVED_MANUAL_REVIEW_EVIDENCE,UNREVIEWED_IS_NOT_CODED_ZERO
ICJ-192-2024-05-24||SC_FORMAL_VOTE::SCV|2113,ICJ-192-2024-05-24,192,2024-08-12,80,SC_FORMAL_VOTE,S/PV.9703,0,0,0,NO_PRESERVED_MANUAL_REVIEW_EVIDENCE,UNREVIEWED_IS_NOT_CODED_ZERO
ICJ-192-2024-05-24||SC_MEETING::SCM|S/PV.9702,ICJ-192-2024-05-24,192,2024-08-12,80,SC_MEETING,S/PV.9702,0,0,0,NO_PRESERVED_MANUAL_REVIEW_EVIDENCE,UNREVIEWED_IS_NOT_CODED_ZERO
ICJ-192-2024-05-24||SC_MEETING::SCM|S/PV.9702 (Resumption 1),ICJ-192-2024-05-24,192,2024-08-12,80,SC_MEETING,S/PV.9702 (Resumption 1),0,0,0,NO_PRESERVED_MANUAL_REVIEW_EVIDENCE,UNREVIEWED_IS_NOT_CODED_ZERO
ICJ-192-2024-05-24||SC_MEETING::SCM|S/PV.9703,ICJ-192-2024-05-24,192,2024-08-12,80,SC_MEETING,S/PV.9703,0,0,0,NO_PRESERVED_MANUAL_REVIEW_EVIDENCE,UNREVIEWED_IS_NOT_CODED_ZERO
ICJ-192-2024-05-24||SC_MEETING::SCM|S/PV.9704,ICJ-192-2024-05-24,192,2024-08-13,81,SC_MEETING,S/PV.9704,1,0,1,PRESERVED_ORIGINAL_233_HUMAN_REVIEW,REVIEW_EVIDENCE_PRESENT
ICJ-192-2024-05-24||SC_MEETING::SCM|S/PV.9705,ICJ-192-2024-05-24,192,2024-08-14,82,SC_MEETING,S/PV.9705,0,0,0,NO_PRESERVED_MANUAL_REVIEW_EVIDENCE,UNREVIEWED_IS_NOT_CODED_ZERO
ICJ-192-2024-05-24||SC_MEETING::SCM|S/PV.9706,ICJ-192-2024-05-24,192,2024-08-14,82,SC_MEETING,S/PV.9706,0,0,0,NO_PRESERVED_MANUAL_REVIEW_EVIDENCE,UNREVIEWED_IS_NOT_CODED_ZERO
ICJ-192-2024-05-24||SC_FORMAL_VOTE::SCV|2114,ICJ-192-2024-05-24,192,2024-08-15,83,SC_FORMAL_VOTE,S/PV.9708,0,0,0,NO_PRESERVED_MANUAL_REVIEW_EVIDENCE,UNREVIEWED_IS_NOT_CODED_ZERO
ICJ-192-2024-05-24||SC_MEETING::SCM|S/PV.9707,ICJ-192-2024-05-24,192,2024-08-15,83,SC_MEETING,S/PV.9707,0,0,0,NO_PRESERVED_MANUAL_REVIEW_EVIDENCE,UNREVIEWED_IS_NOT_CODED_ZERO
ICJ-192-2024-05-24||SC_MEETING::SCM|S/PV.9708,ICJ-192-2024-05-24,192,2024-08-15,83,SC_MEETING,S/PV.9708,0,0,0,NO_PRESERVED_MANUAL_REVIEW_EVIDENCE,UNREVIEWED_IS_NOT_CODED_ZERO
ICJ-192-2024-05-24||SC_MEETING::SCM|S/PV.9709,ICJ-192-2024-05-24,192,2024-08-20,88,SC_MEETING,S/PV.9709,0,0,0,NO_PRESERVED_MANUAL_REVIEW_EVIDENCE,UNREVIEWED_IS_NOT_CODED_ZERO
ICJ-192-2024-05-24||SC_MEETING::SCM|S/PV.9710,ICJ-192-2024-05-24,192,2024-08-21,89,SC_MEETING,S/PV.9710,0,0,0,NO_PRESERVED_MANUAL_REVIEW_EVIDENCE,UNREVIEWED_IS_NOT_CODED_ZERO
ICJ-192-2024-05-24||SC_MEETING::SCM|S/PV.9710 (Resumption 1),ICJ-192-2024-05-24,192,2024-08-21,89,SC_MEETING,S/PV.9710 (Resumption 1),0,0,0,NO_PRESERVED_MANUAL_REVIEW_EVIDENCE,UNREVIEWED_IS_NOT_CODED_ZERO
ICJ-192-2024-05-24||SC_MEETING::SCM|S/PV.9710 (Resumption 2),ICJ-192-2024-05-24,192,2024-08-22,90,SC_MEETING,S/PV.9710 (Resumption 2),0,0,0,NO_PRESERVED_MANUAL_REVIEW_EVIDENCE,UNREVIEWED_IS_NOT_CODED_ZERO
ICJ-192-2024-05-24||SC_MEETING::SCM|S/PV.9711,ICJ-192-2024-05-24,192,2024-08-22,90,SC_MEETING,S/PV.9711,1,0,1,PRESERVED_ORIGINAL_233_HUMAN_REVIEW,REVIEW_EVIDENCE_PRESENT
ICJ-192-2024-05-24||SC_FORMAL_VOTE::SCV|2115,ICJ-192-2024-05-24,192,2024-08-28,96,SC_FORMAL_VOTE,S/PV.9712,0,0,0,NO_PRESERVED_MANUAL_REVIEW_EVIDENCE,UNREVIEWED_IS_NOT_CODED_ZERO
ICJ-192-2024-05-24||SC_MEETING::SCM|S/PV.9712,ICJ-192-2024-05-24,192,2024-08-28,96,SC_MEETING,S/PV.9712,0,0,0,NO_PRESERVED_MANUAL_REVIEW_EVIDENCE,UNREVIEWED_IS_NOT_CODED_ZERO
ICJ-192-2024-05-24||SC_MEETING::SCM|S/PV.9713,ICJ-192-2024-05-24,192,2024-08-28,96,SC_MEETING,S/PV.9713,0,0,0,NO_PRESERVED_MANUAL_REVIEW_EVIDENCE,UNREVIEWED_IS_NOT_CODED_ZERO
ICJ-192-2024-05-24||SC_MEETING::SCM|S/PV.9714,ICJ-192-2024-05-24,192,2024-08-28,96,SC_MEETING,S/PV.9714,0,0,0,NO_PRESERVED_MANUAL_REVIEW_EVIDENCE,UNREVIEWED_IS_NOT_CODED_ZERO
ICJ-192-2024-05-24||SC_MEETING::SCM|S/PV.9715,ICJ-192-2024-05-24,192,2024-08-29,97,SC_MEETING,S/PV.9715,1,0,1,PRESERVED_ORIGINAL_233_HUMAN_REVIEW,REVIEW_EVIDENCE_PRESENT
ICJ-192-2024-05-24||SC_MEETING::SCM|S/PV.9716,ICJ-192-2024-05-24,192,2024-08-30,98,SC_MEETING,S/PV.9716,0,0,0,NO_PRESERVED_MANUAL_REVIEW_EVIDENCE,UNREVIEWED_IS_NOT_CODED_ZERO
ICJ-192-2024-05-24||SC_MEETING::SCM|S/PV.9717,ICJ-192-2024-05-24,192,2024-09-04,103,SC_MEETING,S/PV.9717,1,0,1,PRESERVED_ORIGINAL_233_HUMAN_REVIEW,REVIEW_EVIDENCE_PRESENT
ICJ-192-2024-05-24||SC_MEETING::SCM|S/PV.9718,ICJ-192-2024-05-24,192,2024-09-05,104,SC_MEETING,S/PV.9718,0,0,0,NO_PRESERVED_MANUAL_REVIEW_EVIDENCE,UNREVIEWED_IS_NOT_CODED_ZERO
ICJ-192-2024-05-24||SC_MEETING::SCM|S/PV.9719,ICJ-192-2024-05-24,192,2024-09-09,108,SC_MEETING,S/PV.9719,0,0,0,NO_PRESERVED_MANUAL_REVIEW_EVIDENCE,UNREVIEWED_IS_NOT_CODED_ZERO
ICJ-192-2024-05-24||SC_MEETING::SCM|S/PV.9719 (Resumption 1),ICJ-192-2024-05-24,192,2024-09-09,108,SC_MEETING,S/PV.9719 (Resumption 1),0,0,0,NO_PRESERVED_MANUAL_REVIEW_EVIDENCE,UNREVIEWED_IS_NOT_CODED_ZERO
ICJ-192-2024-05-24||SC_MEETING::SCM|S/PV.9720,ICJ-192-2024-05-24,192,2024-09-10,109,SC_MEETING,S/PV.9720,0,0,0,NO_PRESERVED_MANUAL_REVIEW_EVIDENCE,UNREVIEWED_IS_NOT_CODED_ZERO
ICJ-192-2024-05-24||SC_FORMAL_VOTE::SCV|2116,ICJ-192-2024-05-24,192,2024-09-11,110,SC_FORMAL_VOTE,S/PV.9721,0,0,0,NO_PRESERVED_MANUAL_REVIEW_EVIDENCE,UNREVIEWED_IS_NOT_CODED_ZERO
ICJ-192-2024-05-24||SC_MEETING::SCM|S/PV.9721,ICJ-192-2024-05-24,192,2024-09-11,110,SC_MEETING,S/PV.9721,0,0,0,NO_PRESERVED_MANUAL_REVIEW_EVIDENCE,UNREVIEWED_IS_NOT_CODED_ZERO
ICJ-192-2024-05-24||SC_MEETING::SCM|S/PV.9722,ICJ-192-2024-05-24,192,2024-09-11,110,SC_MEETING,S/PV.9722,0,0,0,NO_PRESERVED_MANUAL_REVIEW_EVIDENCE,UNREVIEWED_IS_NOT_CODED_ZERO
ICJ-192-2024-05-24||SC_MEETING::SCM|S/PV.9723,ICJ-192-2024-05-24,192,2024-09-12,111,SC_MEETING,S/PV.9723,0,0,0,NO_PRESERVED_MANUAL_REVIEW_EVIDENCE,UNREVIEWED_IS_NOT_CODED_ZERO
ICJ-192-2024-05-24||SC_MEETING::SCM|S/PV.9724,ICJ-192-2024-05-24,192,2024-09-13,112,SC_MEETING,S/PV.9724,0,0,0,NO_PRESERVED_MANUAL_REVIEW_EVIDENCE,UNREVIEWED_IS_NOT_CODED_ZERO
ICJ-192-2024-05-24||SC_MEETING::SCM|S/PV.9725,ICJ-192-2024-05-24,192,2024-09-16,115,SC_MEETING,S/PV.9725,1,0,1,PRESERVED_ORIGINAL_233_HUMAN_REVIEW,REVIEW_EVIDENCE_PRESENT
ICJ-192-2024-05-24||GA_FORMAL_VOTE::GAV|4061432,ICJ-192-2024-05-24,192,2024-09-18,117,GA_FORMAL_VOTE,A/ES-10/PV.55,0,0,0,NO_PRESERVED_MANUAL_REVIEW_EVIDENCE,UNREVIEWED_IS_NOT_CODED_ZERO
ICJ-192-2024-05-24||SC_MEETING::SCM|S/PV.9726,ICJ-192-2024-05-24,192,2024-09-18,117,SC_MEETING,S/PV.9726,0,0,0,NO_PRESERVED_MANUAL_REVIEW_EVIDENCE,UNREVIEWED_IS_NOT_CODED_ZERO
ICJ-192-2024-05-24||SC_MEETING::SCM|S/PV.9727,ICJ-192-2024-05-24,192,2024-09-18,117,SC_MEETING,S/PV.9727,0,0,0,NO_PRESERVED_MANUAL_REVIEW_EVIDENCE,UNREVIEWED_IS_NOT_CODED_ZERO
ICJ-192-2024-05-24||SC_MEETING::SCM|S/PV.9728,ICJ-192-2024-05-24,192,2024-09-19,118,SC_MEETING,S/PV.9728,1,0,1,PRESERVED_ORIGINAL_233_HUMAN_REVIEW,REVIEW_EVIDENCE_PRESENT
ICJ-192-2024-05-24||SC_MEETING::SCM|S/PV.9729,ICJ-192-2024-05-24,192,2024-09-20,119,SC_MEETING,S/PV.9729,0,0,0,NO_PRESERVED_MANUAL_REVIEW_EVIDENCE,UNREVIEWED_IS_NOT_CODED_ZERO
ICJ-192-2024-05-24||SC_MEETING::SCM|S/PV.9730,ICJ-192-2024-05-24,192,2024-09-20,119,SC_MEETING,S/PV.9730,1,0,1,PRESERVED_ORIGINAL_233_HUMAN_REVIEW,REVIEW_EVIDENCE_PRESENT
ICJ-192-2024-05-24||SC_MEETING::SCM|S/PV.9731,ICJ-192-2024-05-24,192,2024-09-24,123,SC_MEETING,S/PV.9731,0,0,0,NO_PRESERVED_MANUAL_REVIEW_EVIDENCE,UNREVIEWED_IS_NOT_CODED_ZERO
ICJ-192-2024-05-24||SC_MEETING::SCM|S/PV.9732,ICJ-192-2024-05-24,192,2024-09-25,124,SC_MEETING,S/PV.9732,0,0,0,NO_PRESERVED_MANUAL_REVIEW_EVIDENCE,UNREVIEWED_IS_NOT_CODED_ZERO
ICJ-192-2024-05-24||SC_MEETING::SCM|S/PV.9732 (Resumption 1),ICJ-192-2024-05-24,192,2024-09-25,124,SC_MEETING,S/PV.9732 (Resumption 1),0,0,0,NO_PRESERVED_MANUAL_REVIEW_EVIDENCE,UNREVIEWED_IS_NOT_CODED_ZERO
ICJ-192-2024-05-24||SC_MEETING::SCM|S/PV.9733,ICJ-192-2024-05-24,192,2024-09-25,124,SC_MEETING,S/PV.9733,0,0,0,NO_PRESERVED_MANUAL_REVIEW_EVIDENCE,UNREVIEWED_IS_NOT_CODED_ZERO
ICJ-192-2024-05-24||SC_MEETING::SCM|S/PV.9732 (Resumption 2),ICJ-192-2024-05-24,192,2024-09-26,125,SC_MEETING,S/PV.9732 (Resumption 2),0,0,0,NO_PRESERVED_MANUAL_REVIEW_EVIDENCE,UNREVIEWED_IS_NOT_CODED_ZERO
ICJ-192-2024-05-24||SC_MEETING::SCM|S/PV.9734,ICJ-192-2024-05-24,192,2024-09-27,126,SC_MEETING,S/PV.9734,1,0,1,PRESERVED_ORIGINAL_233_HUMAN_REVIEW,REVIEW_EVIDENCE_PRESENT
ICJ-192-2024-05-24||SC_FORMAL_VOTE::SCV|2117,ICJ-192-2024-05-24,192,2024-09-30,129,SC_FORMAL_VOTE,S/PV.9735,0,0,0,NO_PRESERVED_MANUAL_REVIEW_EVIDENCE,UNREVIEWED_IS_NOT_CODED_ZERO
ICJ-192-2024-05-24||SC_MEETING::SCM|S/PV.9735,ICJ-192-2024-05-24,192,2024-09-30,129,SC_MEETING,S/PV.9735,0,0,0,NO_PRESERVED_MANUAL_REVIEW_EVIDENCE,UNREVIEWED_IS_NOT_CODED_ZERO
ICJ-192-2024-05-24||SC_MEETING::SCM|S/PV.9736,ICJ-192-2024-05-24,192,2024-09-30,129,SC_MEETING,S/PV.9736,0,0,0,NO_PRESERVED_MANUAL_REVIEW_EVIDENCE,UNREVIEWED_IS_NOT_CODED_ZERO
ICJ-192-2024-05-24||SC_MEETING::SCM|S/PV.9737,ICJ-192-2024-05-24,192,2024-09-30,129,SC_MEETING,S/PV.9737,0,0,0,NO_PRESERVED_MANUAL_REVIEW_EVIDENCE,UNREVIEWED_IS_NOT_CODED_ZERO
ICJ-192-2024-05-24||SC_MEETING::SCM|S/PV.9738,ICJ-192-2024-05-24,192,2024-10-02,131,SC_MEETING,S/PV.9738,0,0,0,NO_PRESERVED_MANUAL_REVIEW_EVIDENCE,UNREVIEWED_IS_NOT_CODED_ZERO
ICJ-192-2024-05-24||SC_MEETING::SCM|S/PV.9739,ICJ-192-2024-05-24,192,2024-10-02,131,SC_MEETING,S/PV.9739,0,0,0,NO_PRESERVED_MANUAL_REVIEW_EVIDENCE,UNREVIEWED_IS_NOT_CODED_ZERO
ICJ-192-2024-05-24||SC_MEETING::SCM|S/PV.9740,ICJ-192-2024-05-24,192,2024-10-03,132,SC_MEETING,S/PV.9740,0,0,0,NO_PRESERVED_MANUAL_REVIEW_EVIDENCE,UNREVIEWED_IS_NOT_CODED_ZERO
ICJ-192-2024-05-24||SC_MEETING::SCM|S/PV.9741,ICJ-192-2024-05-24,192,2024-10-04,133,SC_MEETING,S/PV.9741,0,0,0,NO_PRESERVED_MANUAL_REVIEW_EVIDENCE,UNREVIEWED_IS_NOT_CODED_ZERO
ICJ-192-2024-05-24||SC_MEETING::SCM|S/PV.9742,ICJ-192-2024-05-24,192,2024-10-08,137,SC_MEETING,S/PV.9742,0,0,0,NO_PRESERVED_MANUAL_REVIEW_EVIDENCE,UNREVIEWED_IS_NOT_CODED_ZERO
ICJ-192-2024-05-24||SC_MEETING::SCM|S/PV.9743,ICJ-192-2024-05-24,192,2024-10-09,138,SC_MEETING,S/PV.9743,0,0,0,NO_PRESERVED_MANUAL_REVIEW_EVIDENCE,UNREVIEWED_IS_NOT_CODED_ZERO
ICJ-192-2024-05-24||SC_MEETING::SCM|S/PV.9744,ICJ-192-2024-05-24,192,2024-10-09,138,SC_MEETING,S/PV.9744,1,0,1,PRESERVED_ORIGINAL_233_HUMAN_REVIEW,REVIEW_EVIDENCE_PRESENT
ICJ-192-2024-05-24||SC_MEETING::SCM|S/PV.9745,ICJ-192-2024-05-24,192,2024-10-10,139,SC_MEETING,S/PV.9745,0,0,0,NO_PRESERVED_MANUAL_REVIEW_EVIDENCE,UNREVIEWED_IS_NOT_CODED_ZERO
ICJ-192-2024-05-24||SC_MEETING::SCM|S/PV.9746,ICJ-192-2024-05-24,192,2024-10-10,139,SC_MEETING,S/PV.9746,0,0,0,NO_PRESERVED_MANUAL_REVIEW_EVIDENCE,UNREVIEWED_IS_NOT_CODED_ZERO
ICJ-192-2024-05-24||SC_MEETING::SCM|S/PV.9747,ICJ-192-2024-05-24,192,2024-10-11,140,SC_MEETING,S/PV.9747,0,0,0,NO_PRESERVED_MANUAL_REVIEW_EVIDENCE,UNREVIEWED_IS_NOT_CODED_ZERO
ICJ-192-2024-05-24||SC_MEETING::SCM|S/PV.9748,ICJ-192-2024-05-24,192,2024-10-15,144,SC_MEETING,S/PV.9748,0,0,0,NO_PRESERVED_MANUAL_REVIEW_EVIDENCE,UNREVIEWED_IS_NOT_CODED_ZERO
ICJ-192-2024-05-24||SC_MEETING::SCM|S/PV.9749,ICJ-192-2024-05-24,192,2024-10-15,144,SC_MEETING,S/PV.9749,0,0,0,NO_PRESERVED_MANUAL_REVIEW_EVIDENCE,UNREVIEWED_IS_NOT_CODED_ZERO
ICJ-192-2024-05-24||SC_MEETING::SCM|S/PV.9750,ICJ-192-2024-05-24,192,2024-10-16,145,SC_MEETING,S/PV.9750,1,0,1,PRESERVED_ORIGINAL_233_HUMAN_REVIEW,REVIEW_EVIDENCE_PRESENT
ICJ-192-2024-05-24||SC_MEETING::SCM|S/PV.9751,ICJ-192-2024-05-24,192,2024-10-16,145,SC_MEETING,S/PV.9751,0,0,0,NO_PRESERVED_MANUAL_REVIEW_EVIDENCE,UNREVIEWED_IS_NOT_CODED_ZERO
ICJ-192-2024-05-24||SC_FORMAL_VOTE::SCV|2118,ICJ-192-2024-05-24,192,2024-10-18,147,SC_FORMAL_VOTE,S/PV.9752,0,0,0,NO_PRESERVED_MANUAL_REVIEW_EVIDENCE,UNREVIEWED_IS_NOT_CODED_ZERO
ICJ-192-2024-05-24||SC_MEETING::SCM|S/PV.9752,ICJ-192-2024-05-24,192,2024-10-18,147,SC_MEETING,S/PV.9752,0,0,0,NO_PRESERVED_MANUAL_REVIEW_EVIDENCE,UNREVIEWED_IS_NOT_CODED_ZERO
ICJ-192-2024-05-24||SC_MEETING::SCM|S/PV.9753,ICJ-192-2024-05-24,192,2024-10-21,150,SC_MEETING,S/PV.9753,0,0,0,NO_PRESERVED_MANUAL_REVIEW_EVIDENCE,UNREVIEWED_IS_NOT_CODED_ZERO
ICJ-192-2024-05-24||SC_MEETING::SCM|S/PV.9754,ICJ-192-2024-05-24,192,2024-10-21,150,SC_MEETING,S/PV.9754,0,0,0,NO_PRESERVED_MANUAL_REVIEW_EVIDENCE,UNREVIEWED_IS_NOT_CODED_ZERO
ICJ-192-2024-05-24||SC_MEETING::SCM|S/PV.9755,ICJ-192-2024-05-24,192,2024-10-21,150,SC_MEETING,S/PV.9755,0,0,0,NO_PRESERVED_MANUAL_REVIEW_EVIDENCE,UNREVIEWED_IS_NOT_CODED_ZERO
ICJ-192-2024-05-24||SC_MEETING::SCM|S/PV.9756,ICJ-192-2024-05-24,192,2024-10-22,151,SC_MEETING,S/PV.9756,0,1,1,PUBLISHED_RECALL_REVIEW_REPORTED_CANDIDATE_ID_RECONSTRUCTED,REVIEW_EVIDENCE_PRESENT
ICJ-192-2024-05-24||SC_MEETING::SCM|S/PV.9757,ICJ-192-2024-05-24,192,2024-10-22,151,SC_MEETING,S/PV.9757,0,0,0,NO_PRESERVED_MANUAL_REVIEW_EVIDENCE,UNREVIEWED_IS_NOT_CODED_ZERO
ICJ-192-2024-05-24||SC_MEETING::SCM|S/PV.9758,ICJ-192-2024-05-24,192,2024-10-23,152,SC_MEETING,S/PV.9758,0,0,0,NO_PRESERVED_MANUAL_REVIEW_EVIDENCE,UNREVIEWED_IS_NOT_CODED_ZERO
ICJ-192-2024-05-24||SC_MEETING::SCM|S/PV.9759,ICJ-192-2024-05-24,192,2024-10-23,152,SC_MEETING,S/PV.9759,0,0,0,NO_PRESERVED_MANUAL_REVIEW_EVIDENCE,UNREVIEWED_IS_NOT_CODED_ZERO
ICJ-192-2024-05-24||SC_MEETING::SCM|S/PV.9760,ICJ-192-2024-05-24,192,2024-10-24,153,SC_MEETING,S/PV.9760,0,0,0,NO_PRESERVED_MANUAL_REVIEW_EVIDENCE,UNREVIEWED_IS_NOT_CODED_ZERO
ICJ-192-2024-05-24||SC_MEETING::SCM|S/PV.9760 (Resumption 1),ICJ-192-2024-05-24,192,2024-10-24,153,SC_MEETING,S/PV.9760 (Resumption 1),0,0,0,NO_PRESERVED_MANUAL_REVIEW_EVIDENCE,UNREVIEWED_IS_NOT_CODED_ZERO
ICJ-192-2024-05-24||SC_MEETING::SCM|S/PV.9760 (Resumption 2),ICJ-192-2024-05-24,192,2024-10-25,154,SC_MEETING,S/PV.9760 (Resumption 2),0,0,0,NO_PRESERVED_MANUAL_REVIEW_EVIDENCE,UNREVIEWED_IS_NOT_CODED_ZERO
ICJ-192-2024-05-24||SC_MEETING::SCM|S/PV.9761,ICJ-192-2024-05-24,192,2024-10-28,157,SC_MEETING,S/PV.9761,0,0,0,NO_PRESERVED_MANUAL_REVIEW_EVIDENCE,UNREVIEWED_IS_NOT_CODED_ZERO
ICJ-192-2024-05-24||SC_MEETING::SCM|S/PV.9762,ICJ-192-2024-05-24,192,2024-10-28,157,SC_MEETING,S/PV.9762,0,0,0,NO_PRESERVED_MANUAL_REVIEW_EVIDENCE,UNREVIEWED_IS_NOT_CODED_ZERO
ICJ-192-2024-05-24||GA_FORMAL_VOTE::GAV|4064867,ICJ-192-2024-05-24,192,2024-10-29,158,GA_FORMAL_VOTE,A/79/PV.29,0,0,0,NO_PRESERVED_MANUAL_REVIEW_EVIDENCE,UNREVIEWED_IS_NOT_CODED_ZERO
ICJ-192-2024-05-24||SC_MEETING::SCM|S/PV.9763,ICJ-192-2024-05-24,192,2024-10-29,158,SC_MEETING,S/PV.9763,1,0,1,PRESERVED_ORIGINAL_233_HUMAN_REVIEW,REVIEW_EVIDENCE_PRESENT
ICJ-192-2024-05-24||SC_MEETING::SCM|S/PV.9763 (Resumption 1),ICJ-192-2024-05-24,192,2024-10-29,158,SC_MEETING,S/PV.9763 (Resumption 1),1,0,1,PRESERVED_ORIGINAL_233_HUMAN_REVIEW,REVIEW_EVIDENCE_PRESENT
ICJ-192-2024-05-24||GA_FORMAL_VOTE::GAV|4064910,ICJ-192-2024-05-24,192,2024-10-30,159,GA_FORMAL_VOTE,A/79/PV.30,0,0,0,NO_PRESERVED_MANUAL_REVIEW_EVIDENCE,UNREVIEWED_IS_NOT_CODED_ZERO
ICJ-192-2024-05-24||SC_FORMAL_VOTE::SCV|2119,ICJ-192-2024-05-24,192,2024-10-30,159,SC_FORMAL_VOTE,S/PV.9764,0,0,0,NO_PRESERVED_MANUAL_REVIEW_EVIDENCE,UNREVIEWED_IS_NOT_CODED_ZERO
ICJ-192-2024-05-24||SC_FORMAL_VOTE::SCV|2120,ICJ-192-2024-05-24,192,2024-10-30,159,SC_FORMAL_VOTE,S/PV.9766,0,0,0,NO_PRESERVED_MANUAL_REVIEW_EVIDENCE,UNREVIEWED_IS_NOT_CODED_ZERO
ICJ-192-2024-05-24||SC_MEETING::SCM|S/PV.9763 (Resumption 2),ICJ-192-2024-05-24,192,2024-10-30,159,SC_MEETING,S/PV.9763 (Resumption 2),1,0,1,PRESERVED_ORIGINAL_233_HUMAN_REVIEW,REVIEW_EVIDENCE_PRESENT
ICJ-192-2024-05-24||SC_MEETING::SCM|S/PV.9764,ICJ-192-2024-05-24,192,2024-10-30,159,SC_MEETING,S/PV.9764,0,0,0,NO_PRESERVED_MANUAL_REVIEW_EVIDENCE,UNREVIEWED_IS_NOT_CODED_ZERO
ICJ-192-2024-05-24||SC_MEETING::SCM|S/PV.9765,ICJ-192-2024-05-24,192,2024-10-30,159,SC_MEETING,S/PV.9765,0,0,0,NO_PRESERVED_MANUAL_REVIEW_EVIDENCE,UNREVIEWED_IS_NOT_CODED_ZERO
ICJ-192-2024-05-24||SC_MEETING::SCM|S/PV.9766,ICJ-192-2024-05-24,192,2024-10-30,159,SC_MEETING,S/PV.9766,0,0,0,NO_PRESERVED_MANUAL_REVIEW_EVIDENCE,UNREVIEWED_IS_NOT_CODED_ZERO
ICJ-192-2024-05-24||SC_MEETING::SCM|S/PV.9767,ICJ-192-2024-05-24,192,2024-10-30,159,SC_MEETING,S/PV.9767,0,0,0,NO_PRESERVED_MANUAL_REVIEW_EVIDENCE,UNREVIEWED_IS_NOT_CODED_ZERO
ICJ-192-2024-05-24||SC_FORMAL_VOTE::SCV|2121,ICJ-192-2024-05-24,192,2024-10-31,160,SC_FORMAL_VOTE,S/PV.9770,0,0,0,NO_PRESERVED_MANUAL_REVIEW_EVIDENCE,UNREVIEWED_IS_NOT_CODED_ZERO
ICJ-192-2024-05-24||SC_FORMAL_VOTE::SCV|2122,ICJ-192-2024-05-24,192,2024-10-31,160,SC_FORMAL_VOTE,S/PV.9771,0,0,0,NO_PRESERVED_MANUAL_REVIEW_EVIDENCE,UNREVIEWED_IS_NOT_CODED_ZERO
ICJ-192-2024-05-24||SC_MEETING::SCM|S/PV.9768,ICJ-192-2024-05-24,192,2024-10-31,160,SC_MEETING,S/PV.9768,0,0,0,NO_PRESERVED_MANUAL_REVIEW_EVIDENCE,UNREVIEWED_IS_NOT_CODED_ZERO
ICJ-192-2024-05-24||SC_MEETING::SCM|S/PV.9769,ICJ-192-2024-05-24,192,2024-10-31,160,SC_MEETING,S/PV.9769,0,0,0,NO_PRESERVED_MANUAL_REVIEW_EVIDENCE,UNREVIEWED_IS_NOT_CODED_ZERO
ICJ-192-2024-05-24||SC_MEETING::SCM|S/PV.9770,ICJ-192-2024-05-24,192,2024-10-31,160,SC_MEETING,S/PV.9770,0,0,0,NO_PRESERVED_MANUAL_REVIEW_EVIDENCE,UNREVIEWED_IS_NOT_CODED_ZERO
ICJ-192-2024-05-24||SC_MEETING::SCM|S/PV.9771,ICJ-192-2024-05-24,192,2024-10-31,160,SC_MEETING,S/PV.9771,0,0,0,NO_PRESERVED_MANUAL_REVIEW_EVIDENCE,UNREVIEWED_IS_NOT_CODED_ZERO
ICJ-192-2024-05-24||SC_MEETING::SCM|S/PV.9772,ICJ-192-2024-05-24,192,2024-10-31,160,SC_MEETING,S/PV.9772,0,0,0,NO_PRESERVED_MANUAL_REVIEW_EVIDENCE,UNREVIEWED_IS_NOT_CODED_ZERO
ICJ-192-2024-05-24||SC_FORMAL_VOTE::SCV|2123,ICJ-192-2024-05-24,192,2024-11-01,161,SC_FORMAL_VOTE,S/PV.9774,0,0,0,NO_PRESERVED_MANUAL_REVIEW_EVIDENCE,UNREVIEWED_IS_NOT_CODED_ZERO
ICJ-192-2024-05-24||SC_MEETING::SCM|S/PV.9773,ICJ-192-2024-05-24,192,2024-11-01,161,SC_MEETING,S/PV.9773,0,0,0,NO_PRESERVED_MANUAL_REVIEW_EVIDENCE,UNREVIEWED_IS_NOT_CODED_ZERO
ICJ-192-2024-05-24||SC_MEETING::SCM|S/PV.9774,ICJ-192-2024-05-24,192,2024-11-01,161,SC_MEETING,S/PV.9774,0,0,0,NO_PRESERVED_MANUAL_REVIEW_EVIDENCE,UNREVIEWED_IS_NOT_CODED_ZERO
ICJ-192-2024-05-24||SC_MEETING::SCM|S/PV.9775,ICJ-192-2024-05-24,192,2024-11-04,164,SC_MEETING,S/PV.9775,0,0,0,NO_PRESERVED_MANUAL_REVIEW_EVIDENCE,UNREVIEWED_IS_NOT_CODED_ZERO
ICJ-192-2024-05-24||SC_MEETING::SCM|S/PV.9776,ICJ-192-2024-05-24,192,2024-11-05,165,SC_MEETING,S/PV.9776,0,0,0,NO_PRESERVED_MANUAL_REVIEW_EVIDENCE,UNREVIEWED_IS_NOT_CODED_ZERO
ICJ-192-2024-05-24||SC_MEETING::SCM|S/PV.9777,ICJ-192-2024-05-24,192,2024-11-05,165,SC_MEETING,S/PV.9777,0,0,0,NO_PRESERVED_MANUAL_REVIEW_EVIDENCE,UNREVIEWED_IS_NOT_CODED_ZERO
ICJ-192-2024-05-24||SC_MEETING::SCM|S/PV.9778,ICJ-192-2024-05-24,192,2024-11-07,167,SC_MEETING,S/PV.9778,0,0,0,NO_PRESERVED_MANUAL_REVIEW_EVIDENCE,UNREVIEWED_IS_NOT_CODED_ZERO
ICJ-192-2024-05-24||SC_MEETING::SCM|S/PV.9779,ICJ-192-2024-05-24,192,2024-11-08,168,SC_MEETING,S/PV.9779,0,0,0,NO_PRESERVED_MANUAL_REVIEW_EVIDENCE,UNREVIEWED_IS_NOT_CODED_ZERO
ICJ-192-2024-05-24||SC_MEETING::SCM|S/PV.9780,ICJ-192-2024-05-24,192,2024-11-12,172,SC_MEETING,S/PV.9780,0,0,0,NO_PRESERVED_MANUAL_REVIEW_EVIDENCE,UNREVIEWED_IS_NOT_CODED_ZERO
ICJ-192-2024-05-24||SC_MEETING::SCM|S/PV.9781,ICJ-192-2024-05-24,192,2024-11-12,172,SC_MEETING,S/PV.9781,0,0,0,NO_PRESERVED_MANUAL_REVIEW_EVIDENCE,UNREVIEWED_IS_NOT_CODED_ZERO
ICJ-192-2024-05-24||SC_FORMAL_VOTE::SCV|2124,ICJ-192-2024-05-24,192,2024-11-13,173,SC_FORMAL_VOTE,S/PV.9782,0,0,0,NO_PRESERVED_MANUAL_REVIEW_EVIDENCE,UNREVIEWED_IS_NOT_CODED_ZERO
ICJ-192-2024-05-24||SC_MEETING::SCM|S/PV.9782,ICJ-192-2024-05-24,192,2024-11-13,173,SC_MEETING,S/PV.9782,0,0,0,NO_PRESERVED_MANUAL_REVIEW_EVIDENCE,UNREVIEWED_IS_NOT_CODED_ZERO
ICJ-192-2024-05-24||SC_FORMAL_VOTE::SCV|2125,ICJ-192-2024-05-24,192,2024-11-14,174,SC_FORMAL_VOTE,S/PV.9783,0,0,0,NO_PRESERVED_MANUAL_REVIEW_EVIDENCE,UNREVIEWED_IS_NOT_CODED_ZERO
ICJ-192-2024-05-24||SC_FORMAL_VOTE::SCV|2126,ICJ-192-2024-05-24,192,2024-11-14,174,SC_FORMAL_VOTE,S/PV.9785,0,0,0,NO_PRESERVED_MANUAL_REVIEW_EVIDENCE,UNREVIEWED_IS_NOT_CODED_ZERO
ICJ-192-2024-05-24||SC_MEETING::SCM|S/PV.9783,ICJ-192-2024-05-24,192,2024-11-14,174,SC_MEETING,S/PV.9783,0,0,0,NO_PRESERVED_MANUAL_REVIEW_EVIDENCE,UNREVIEWED_IS_NOT_CODED_ZERO
ICJ-192-2024-05-24||SC_MEETING::SCM|S/PV.9784,ICJ-192-2024-05-24,192,2024-11-14,174,SC_MEETING,S/PV.9784,0,0,0,NO_PRESERVED_MANUAL_REVIEW_EVIDENCE,UNREVIEWED_IS_NOT_CODED_ZERO
ICJ-192-2024-05-24||SC_MEETING::SCM|S/PV.9785,ICJ-192-2024-05-24,192,2024-11-14,174,SC_MEETING,S/PV.9785,0,0,0,NO_PRESERVED_MANUAL_REVIEW_EVIDENCE,UNREVIEWED_IS_NOT_CODED_ZERO
ICJ-192-2024-05-24||GA_FORMAL_VOTE::GAV|4066401,ICJ-192-2024-05-24,192,2024-11-18,178,GA_FORMAL_VOTE,A/79/PV.39,0,0,0,NO_PRESERVED_MANUAL_REVIEW_EVIDENCE,UNREVIEWED_IS_NOT_CODED_ZERO
ICJ-192-2024-05-24||SC_FORMAL_VOTE::SCV|2127,ICJ-192-2024-05-24,192,2024-11-18,178,SC_FORMAL_VOTE,S/PV.9786,0,0,0,NO_PRESERVED_MANUAL_REVIEW_EVIDENCE,UNREVIEWED_IS_NOT_CODED_ZERO
ICJ-192-2024-05-24||SC_MEETING::SCM|S/PV.9786,ICJ-192-2024-05-24,192,2024-11-18,178,SC_MEETING,S/PV.9786,0,0,0,NO_PRESERVED_MANUAL_REVIEW_EVIDENCE,UNREVIEWED_IS_NOT_CODED_ZERO
ICJ-192-2024-05-24||SC_MEETING::SCM|S/PV.9787,ICJ-192-2024-05-24,192,2024-11-18,178,SC_MEETING,S/PV.9787,0,0,0,NO_PRESERVED_MANUAL_REVIEW_EVIDENCE,UNREVIEWED_IS_NOT_CODED_ZERO
ICJ-192-2024-05-24||SC_MEETING::SCM|S/PV.9788,ICJ-192-2024-05-24,192,2024-11-18,178,SC_MEETING,S/PV.9788,0,0,0,NO_PRESERVED_MANUAL_REVIEW_EVIDENCE,UNREVIEWED_IS_NOT_CODED_ZERO
ICJ-192-2024-05-24||SC_MEETING::SCM|S/PV.9787 (Resumption 1),ICJ-192-2024-05-24,192,2024-11-19,179,SC_MEETING,S/PV.9787 (Resumption 1),0,0,0,NO_PRESERVED_MANUAL_REVIEW_EVIDENCE,UNREVIEWED_IS_NOT_CODED_ZERO
ICJ-192-2024-05-24||SC_MEETING::SCM|S/PV.9789,ICJ-192-2024-05-24,192,2024-11-19,179,SC_MEETING,S/PV.9789,0,0,0,NO_PRESERVED_MANUAL_REVIEW_EVIDENCE,UNREVIEWED_IS_NOT_CODED_ZERO
ICJ-192-2024-05-24||SC_FORMAL_VOTE::SCV|2128,ICJ-192-2024-05-24,192,2024-11-20,180,SC_FORMAL_VOTE,S/PV.9790,1,0,1,PRESERVED_ORIGINAL_233_HUMAN_REVIEW,REVIEW_EVIDENCE_PRESENT
ICJ-192-2024-05-24||SC_MEETING::SCM|S/PV.9790,ICJ-192-2024-05-24,192,2024-11-20,180,SC_MEETING,S/PV.9790,1,0,1,PRESERVED_ORIGINAL_233_HUMAN_REVIEW,REVIEW_EVIDENCE_PRESENT
ICJ-192-2024-05-24||SC_MEETING::SCM|S/PV.9791,ICJ-192-2024-05-24,192,2024-11-20,180,SC_MEETING,S/PV.9791,0,0,0,NO_PRESERVED_MANUAL_REVIEW_EVIDENCE,UNREVIEWED_IS_NOT_CODED_ZERO
ICJ-192-2024-05-24||SC_MEETING::SCM|S/PV.9792,ICJ-192-2024-05-24,192,2024-11-20,180,SC_MEETING,S/PV.9792,0,0,0,NO_PRESERVED_MANUAL_REVIEW_EVIDENCE,UNREVIEWED_IS_NOT_CODED_ZERO
